<?xml version="1.0" encoding="utf-8"?>
<content xml:space="preserve">

	<!-- main window stuff -->
	<item id="productTitle">.NET Framework Developer's Guide</item>

	<!-- body -->

	<!-- section titles -->
	<item id="title_inThisSection">In This Section</item>
	<item id="title_buildInstructions">Compiling the Code</item>
	<item id="title_nextSteps">Next Steps</item>
	<item id="title_requirements">Requirements</item>
	<item id="title_relatedSections">Related Sections</item>
	<item id="title_relatedTopics">Vedi anche</item>
	<item id="title_syntax">Syntax</item>
	<item id="title_parameters">Parameters</item>
	<item id="title_returnValue">Return Value</item>
  <item id="title_attributesAndElements">Attributes and Elements</item>
	<item id="title_attributes">Attributes</item>
	<item id="title_childElement">Child Elements</item>
	<item id="title_parentElement">Parent Elements</item>
	<item id="title_elementInformation">Element Information</item>
  <item id="title_textValue">Text Value</item>
  <item id="title_dotNetFrameworkEquivalent">.NET Framework Equivalent</item>
  <item id="title_prerequisites">Prerequisites</item>
  <item id="title_robustProgramming">Robust Programming</item>
	<item id="title_securitySection">Security</item>
	<item id="title_externalResources">External Resources</item>
	<item id="title_demonstrates">Demonstrates</item>
  <item id="title_appliesTo">Applies To</item>
	<item id="title_conclusion">Conclusion</item>
  <item id="title_background">Background</item>
	<item id="title_whatsNew">Novità</item>
  <item id="title_reference">Documentazione</item>
  <item id="title_errorMessage">Messaggio di errore</item>
  <item id="title_example">Esempio</item>

  <!-- autoOutline boilerplate -->
  <item id="boilerplate_autoOutlineTopLevelIntro">Questa pagina contiene le seguenti sezioni:</item>
	<item id="boilerplate_autoOutlineSubsectionIntro">Questa sezione contiene le seguenti sottosezioni:</item>

  <!-- resolve the autoOutline token -->
  <item id="autoOutline">
    <autoOutline/>
  </item>

  <!-- Copyright notice. {0} = Copyright text, {1} = Year(s), {2} = Holder(s) -->
  <item id="boilerplate_copyrightNotice"><p>{0} &#169;{1}{2}. All rights reserved.</p></item>

  <!-- Glossary related entries -->
  <item id="text_relatedEntries">See Also:</item>

	<!-- Legacy content -->

	<!-- values for MSHelp:Attr Name="TopicType" -->
  <item id="meta_mshelp_topicType_developerConceptualDocument">kbArticle</item>
  <item id="meta_mshelp_topicType_developerErrorMessageDocument">kbRef</item>
  <item id="meta_mshelp_topicType_developerGlossaryDocument">kbRef</item>
  <item id="meta_mshelp_topicType_developerHowToDocument">kbHowTo</item>
  <item id="meta_mshelp_topicType_developerOrientationDocument">kbOrient</item>
  <item id="meta_mshelp_topicType_developerReferenceWithSyntaxDocument">kbSyntax</item>
  <item id="meta_mshelp_topicType_developerReferenceWithoutSyntaxDocument">kbRef</item>
  <item id="meta_mshelp_topicType_developerSampleDocument">kbSampleProd</item>
  <item id="meta_mshelp_topicType_developerSDKTechnologyOverviewArchitectureDocument">kbArticle</item>
  <item id="meta_mshelp_topicType_developerSDKTechnologyOverviewCodeDirectoryDocument">kbOrient</item>
  <item id="meta_mshelp_topicType_developerSDKTechnologyOverviewOrientationDocument">kbOrient</item>
  <item id="meta_mshelp_topicType_developerSDKTechnologyOverviewScenariosDocument">kbHowTo</item>
  <item id="meta_mshelp_topicType_developerSDKTechnologyOverviewTechnologySummaryDocument">kbRef</item>
  <item id="meta_mshelp_topicType_developerTroubleshootingDocument">kbHowTo</item>
  <item id="meta_mshelp_topicType_developerUIReferenceDocument">kbRef</item>
  <item id="meta_mshelp_topicType_developerWalkthroughDocument">kbHowTo</item>
  <item id="meta_mshelp_topicType_developerWhitePaperDocument">kbArticle</item>
  <item id="meta_mshelp_topicType_developerXmlReference">kbSyntax</item>
  <item id="meta_mshelp_topicType_ManagedReference">apiref</item>

</content>
