﻿<?xml version="1.0" encoding="utf-8"?>
<content xml:space="preserve">

    <!-- Section titles -->
    <item id="title_inThisSection">此节中</item>
    <item id="title_buildInstructions">编译代码</item>
    <item id="title_nextSteps">下一步</item>
    <item id="title_requirements">要求</item>
    <item id="title_relatedSections">相关内容</item>
    <item id="title_relatedTopics">参见</item>
    <item id="title_syntax">语法</item>
    <item id="title_parameters">参数</item>
    <item id="title_returnValue">返回值</item>
    <item id="title_attributesAndElements">特性和元素</item>
    <item id="title_attributes">特性</item>
    <item id="title_childElement">子元素</item>
    <item id="title_parentElement">父元素</item>
    <item id="title_elementInformation">元素信息</item>
    <item id="title_textValue">文本值</item>
    <item id="title_dotNetFrameworkEquivalent">.NET 框架等价项</item>
    <item id="title_prerequisites">必备条件</item>
    <item id="title_robustProgramming">鲁棒编程</item>
    <item id="title_securitySection">安全性</item>
    <item id="title_externalResources">外部资源</item>
    <item id="title_demonstrates">演示</item>
    <item id="title_appliesTo">应用到</item>
    <item id="title_conclusion">结论</item>
    <item id="title_background">背景资料</item>
    <item id="title_whatsNew">新特性</item>
    <item id="title_reference">参考</item>
    <item id="title_errorMessage">错误消息</item>
    <item id="title_example">示例</item>

    <!-- AutoOutline boilerplate -->
    <item id="boilerplate_autoOutlineTopLevelIntro">本页包含以下内容：</item>
    <item id="boilerplate_autoOutlineSubsectionIntro">本节包含以下子节内容：</item>

    <!-- Resolve the autoOutline token -->
    <item id="autoOutline">
        <autoOutline />
    </item>

    <!-- Copyright notice. {0} = Copyright text, {1} = Year(s), {2} = Holder(s) -->
    <item id="boilerplate_copyrightNotice">
        <p>{0} &#169;{1}{2}。保留所有权力</p>
    </item>

    <!-- Glossary related entries -->
    <item id="text_relatedEntries">参见：</item>

</content>
