<SchemaCatalog xmlns="http://schemas.microsoft.com/xsd/catalog">
  <!-- Schemas for MAML -->

  <!-- Update Visual Studio's root catalog.xml file by adding
       <Catalog href="%SHFBROOT%Schemas/Authoring/catalog.xml"/>.
       A sample of Visual Studio's root catalog.xml path is
       C:\Program Files (x86)\Microsoft Visual Studio 10.0\Xml\Schemas\catalog.xml -->

  <Schema href="base.xsd"
          targetNamespace="http://ddue.schemas.microsoft.com/authoring/2003/5"/>
  <Schema href="baseConditional.xsd"
          targetNamespace="http://ddue.schemas.microsoft.com/authoring/2003/5"/>
  <Schema href="block.xsd"
          targetNamespace="http://ddue.schemas.microsoft.com/authoring/2003/5"/>
  <Schema href="blockCommon.xsd"
          targetNamespace="http://ddue.schemas.microsoft.com/authoring/2003/5"/>
  <Schema href="blockSoftware.xsd"
          targetNamespace="http://ddue.schemas.microsoft.com/authoring/2003/5"/>
  <Schema href="conditionSet.xsd"
          targetNamespace="http://ddue.schemas.microsoft.com/authoring/2003/5"/>
  <Schema href="developer.xsd"
          targetNamespace="http://ddue.schemas.microsoft.com/authoring/2003/5"/>
  <Schema href="developerReference.xsd"
          targetNamespace="http://ddue.schemas.microsoft.com/authoring/2003/5"/>
  <Schema href="developerStructure.xsd"
          targetNamespace="http://ddue.schemas.microsoft.com/authoring/2003/5"/>
  <Schema href="glossary.xsd"
          targetNamespace="http://ddue.schemas.microsoft.com/authoring/2003/5"/>
  <Schema href="hierarchy.xsd"
          targetNamespace="http://ddue.schemas.microsoft.com/authoring/2003/5"/>
  <Schema href="inline.xsd"
          targetNamespace="http://ddue.schemas.microsoft.com/authoring/2003/5"/>
  <Schema href="inlineCommon.xsd"
          targetNamespace="http://ddue.schemas.microsoft.com/authoring/2003/5"/>
  <Schema href="inlineLinking.xsd"
          targetNamespace="http://ddue.schemas.microsoft.com/authoring/2003/5"/>
  <Schema href="inlineSoftware.xsd"
          targetNamespace="http://ddue.schemas.microsoft.com/authoring/2003/5"/>
  <Schema href="inlineUi.xsd"
          targetNamespace="http://ddue.schemas.microsoft.com/authoring/2003/5"/>
  <Schema href="structure.xsd"
          targetNamespace="http://ddue.schemas.microsoft.com/authoring/2003/5"/>
  <Schema href="structureList.xsd"
          targetNamespace="http://ddue.schemas.microsoft.com/authoring/2003/5"/>
  <Schema href="structureMedia.xsd"
          targetNamespace="http://ddue.schemas.microsoft.com/authoring/2003/5"/>
  <Schema href="structureProcedure.xsd"
          targetNamespace="http://ddue.schemas.microsoft.com/authoring/2003/5"/>
  <Schema href="structureTable.xsd"
          targetNamespace="http://ddue.schemas.microsoft.com/authoring/2003/5"/>
</SchemaCatalog>
