﻿<?xml version="1.0" encoding="utf-8"?>
<content xml:space="preserve"
				 xmlns:MSHelp="http://msdn.microsoft.com/mshelp">
<!-- Translations provided by Sergey Zhurikhin -->

	<!-- paths -->
	<item id="iconPath">../icons/{0}</item>
	<item id="stylePath">../styles/{0}</item>
	<item id="scriptPath">../scripts/{0}</item>

	<!-- locale -->
	<item id="locale">ru-RU</item>
	<item id="brandingLocaleCss">branding-ru-RU.css</item>

	<item id="meta_help20_desktopTechnologyAttribute">kbNetFramewk</item>
	<item id="meta_help20_netcfTechnologyAttribute">kbNetCompactFramewk</item>
	<item id="meta_help20_netcfDocSetAttribute">NetCompactFramework</item>
  <item id="meta_help20_xnaTechnologyAttribute">kbXNA</item>
	<item id="meta_help20_xnaDocSetAttribute">XNA</item>

  <!-- header and footer -->
	<item id="header"><span class="introStyle"></span></item>
	<item id="footer_text"></item>
	<item id="websiteAdContent" />

  <!-- freshness date -->
  <item id="boilerplate_UpdateTitle"><span class="introStyle">Обновлено: {0}</span></item>
  <!-- if the TransformComponent of the BuildAssembler config file has the argument:
             argument key="changeHistoryOptions" value="showDefaultFreshnessDate"
       the "text_defaultFreshnessDate" item is used as the default freshness date for topics that don't have a Change History table. -->
  <item id="text_defaultFreshnessDate"/>

  <!-- topic title -->
  <item id="boilerplate_pageTitle">{0}</item>

	<!-- alert titles -->
	<item id="alert_title_tip">Подсказка</item>
	<item id="alert_title_caution">Внимание</item>
	<item id="alert_title_security">Примечание по безопасности</item>
	<item id="alert_title_note">Примечание</item>
	<item id="alert_title_important">Важно</item>
	<item id="alert_title_visualBasic">Примечание для Visual Basic</item>
	<item id="alert_title_visualC#">Примечание для C#</item>
	<item id="alert_title_visualC++">Примечание для C++</item>
	<item id="alert_title_visualJ#">Примечание для J#</item>
	<item id="text_NotesForImplementers">Примечания для реализующих объектов</item>
	<item id="text_NotesForCallers">Примечания для вызывающих объектов</item>
	<item id="text_NotesForInheritors">Примечания для наследников</item>

	<!-- alert alt text -->
	<item id="alert_altText_tip">Подсказка</item>
	<item id="alert_altText_caution">Внимание</item>
	<item id="alert_altText_security">Примечание по безопасности</item>
	<item id="alert_altText_note">Примечание</item>
	<item id="alert_altText_important">Важно</item>
	<item id="alert_altText_visualBasic">Примечание для Visual Basic</item>
	<item id="alert_altText_visualC#">Примечание для C#</item>
	 <item id="alert_altText_visualC++">Примечание для C++</item>
	<item id="alert_altText_visualJ#">Примечание для J#</item>

  <!-- section titles -->
  <item id="title_remarks">Заметки</item>
  <item id="title_changeHistory">История изменений</item>
  <item id="title_events">События</item>
  <item id="title_exceptions">Исключения</item>
  <item id="title_contracts">Контракты</item>
  <item id="title_setter">Set</item>
  <item id="title_getter">Get</item>
  <item id="title_seeAlso_tasks">Задачи</item>
  <item id="title_seeAlso_reference">Ссылки</item>
  <item id="title_seeAlso_concepts">Основные понятия</item>
  <item id="title_seeAlso_otherResources">Другие ресурсы</item>
  <item id="title_revisionHistory">История редакций</item>
  
	<!-- dynamic Link Information -->
	<item id="meta_mshelp_KTable"><MSHelp:ktable keywords='{0}' locHeader='Location' topicHeader = 'Topic'
		disambiguator='table' indexMoniker='!DefaultDynamicLinkIndex' /></item>

	<item id="inline_dynamicLink_prefixText">Для получения дополнительной информации см. </item>
	<item id="inline_dynamicLink_postfixText">.</item>
	<item id="inline_dynamicLink_separatorText"> и </item>
  
	<!-- Development language and code snippet titles for languages without a syntax generator -->
	<item id="devlang_batch">Batch Script</item>
	<item id="devlang_HTML">HTML</item>
	<item id="devlang_PShell">PowerShell</item>
	<item id="devlang_Python">Python</item>
	<item id="devlang_SQL">SQL</item>
	<item id="devlang_VBScript">Visual Basic Script</item>
	<item id="devlang_VisualBasicAndCSharp">VB и C#</item>
	<item id="devlang_XML">XML</item>

	<item id="noCodeExample"><p>В настоящее время язык не поддерживается либо пример кода отсутствует.</p></item>

	<!-- Development language metadata values for languages without a syntax generator -->
	<item id="metaLang_batch">Batch Script</item>
	<item id="metaLang_HTML">HTML</item>
	<item id="metaLang_PShell">PowerShell</item>
	<item id="metaLang_Python">Python</item>
	<item id="metaLang_SQL">SQL</item>
	<item id="metaLang_VBScript">VBScript</item>
	<item id="metaLang_VisualBasicAndCSharp">VB and C#</item>
	<item id="metaLang_XML">XML</item>

  <!-- language keywords -->
  <item id="devlang_nullKeyword"><span class="keyword">null</span> (<span class="keyword">Nothing</span> в Visual Basic)</item>
  <item id="devlang_staticKeyword"><span class="keyword">static</span> (<span class="keyword">Shared</span> в Visual Basic)</item>
  <item id="devlang_virtualKeyword"><span class="keyword">virtual</span> (<span class="keyword">Overridable</span> в Visual Basic)</item>
  <item id="devlang_trueKeyword"><span class="keyword">true</span> (<span class="keyword">True</span> в Visual Basic)</item>
  <item id="devlang_falseKeyword"><span class="keyword">false</span> (<span class="keyword">False</span> в Visual Basic)</item>
  <item id="devlang_abstractKeyword"><span class="keyword">abstract</span> (<span class="keyword">MustInherit</span> в Visual Basic)</item>
  <item id="devlang_sealedKeyword"><span class="keyword">sealed</span> (<span class="keyword">NotInheritable</span> в Visual Basic)</item>
  <item id="devlang_asyncKeyword"><span class="keyword">async</span> (<span class="keyword">Async</span> в Visual Basic)</item>
  <item id="devlang_awaitKeyword"><span class="keyword">await</span> (<span class="keyword">Await</span> в Visual Basic)</item>
  <item id="devlang_asyncAwaitKeyword"><span class="keyword">async</span>/<span class="keyword">await</span> (<span class="keyword">Async</span>/<span class="keyword">Await</span> в Visual Basic)</item>
  
  <!-- transforms insert K Index Technology qualifiers based on a conceptual topic's //metadata/attribute[@name='DocSet'] value />-->
	<!-- If you add new docset values, the item/@id must = "meta_kIndexTechTag_" + the lower-case DocSet name. -->
  <item id="meta_kIndexTermWithTechQualifier">{0}<include item="meta_kIndexTechTag_{1}" />{2}</item>
	<item id="meta_kIndexTechTag_avalon"> [WPF]</item>
	<item id="meta_kIndexTechTag_wpf"> [WPF]</item>
	<item id="meta_kIndexTechTag_wcf"> [Windows Communication Foundation]</item>
	<item id="meta_kIndexTechTag_windowsforms"> [Windows Forms]</item>

  <item id="top">В начало страницы</item>

  <!-- Copyright -->	
	<item id="copyright_info"><include item="copyright_text"/></item>
	<item id="copyright_link"></item>
	<item id="copyright_text">&#169; Корпорация Майкрософт (Microsoft Corporation), 2005 г. Все права защищены.</item> 

  <!-- Bibliography -->
  <item id="bibliographyTitle">Библиография</item>

	<!-- Legacy shared content -->
	<item id="copyrightText"><include item="copyright_text"/></item>
	<item id="copyCode">Копировать</item>
  
</content>
