[
  {
    "Id": "20548",
    "Title": "MRefBuilder changes in the January 2008 release",
    "LatestDate": "2008-01-16T03:33:30.343-08:00"
  },
  {
    "Id": "20557",
    "Title": "CTP, License and Source Code",
    "LatestDate": "2008-01-17T08:29:04.177-08:00"
  },
  {
    "Id": "20580",
    "Title": "Sandcastle MSDN Page Needs Fixing",
    "LatestDate": "2008-01-16T21:00:45.48-08:00"
  },
  {
    "Id": "20605",
    "Title": "Reflection Schema Separate Download?",
    "LatestDate": "2008-01-16T20:59:40.087-08:00"
  },
  {
    "Id": "20630",
    "Title": "Feedback line in the footer",
    "LatestDate": "2008-01-17T11:48:14.61-08:00"
  },
  {
    "Id": "20651",
    "Title": "Future plans and Visual Studio",
    "LatestDate": "2008-01-18T15:25:32.053-08:00"
  },
  {
    "Id": "20718",
    "Title": "Can't view summary of methods/fields/classes ",
    "LatestDate": "2008-01-19T10:47:31.663-08:00"
  },
  {
    "Id": "20869",
    "Title": "Sandcastle Help File Builder 1.6.0.4 Now Available",
    "LatestDate": "2008-01-23T16:27:23.96-08:00"
  },
  {
    "Id": "21030",
    "Title": "Sandcastle document multiple assemblies with dependencies located at 2 different places",
    "LatestDate": "2008-02-05T14:14:42.303-08:00"
  },
  {
    "Id": "21243",
    "Title": "Obsolete classes/methods do not display the \"This API is obsolete..\" text in the detail view.",
    "LatestDate": "2009-11-19T06:54:57-08:00"
  },
  {
    "Id": "21249",
    "Title": "Conceptual: Address attribute",
    "LatestDate": "2008-01-29T20:23:27.97-08:00"
  },
  {
    "Id": "21384",
    "Title": "Warning on .topic file",
    "LatestDate": "2008-02-01T10:42:03.237-08:00"
  },
  {
    "Id": "21474",
    "Title": "need help",
    "LatestDate": "2008-02-04T10:02:29.67-08:00"
  },
  {
    "Id": "21560",
    "Title": "Downloading Source Code",
    "LatestDate": "2008-02-05T11:16:48.27-08:00"
  },
  {
    "Id": "21592",
    "Title": "Documenting with Embedded XML",
    "LatestDate": "2008-03-07T01:36:21.08-08:00"
  },
  {
    "Id": "21594",
    "Title": "Unformatted Text Tag",
    "LatestDate": "2008-02-05T21:45:58.563-08:00"
  },
  {
    "Id": "21645",
    "Title": "XML comments not appearing in CHM file",
    "LatestDate": "2008-02-11T08:29:53.297-08:00"
  },
  {
    "Id": "21678",
    "Title": "Quick Sniffcheck - Can I use Sandcastle?",
    "LatestDate": "2008-02-07T00:39:43.527-08:00"
  },
  {
    "Id": "21756",
    "Title": "Conceptual thanks!",
    "LatestDate": "2008-03-05T17:15:41.143-08:00"
  },
  {
    "Id": "21834",
    "Title": "DocProject 1.10.0 Release Candidate",
    "LatestDate": "2008-02-09T06:11:02.32-08:00"
  },
  {
    "Id": "21840",
    "Title": "Conceptual: IntelliSense Support",
    "LatestDate": "2008-02-10T00:50:51.843-08:00"
  },
  {
    "Id": "21925",
    "Title": "inline seealso tag not working",
    "LatestDate": "2008-02-12T12:16:45.327-08:00"
  },
  {
    "Id": "22007",
    "Title": "Sandcastle Build Component Templates 1.1",
    "LatestDate": "2008-02-12T14:04:02.183-08:00"
  },
  {
    "Id": "22028",
    "Title": "vb.net code examples",
    "LatestDate": "2008-02-13T08:49:02.42-08:00"
  },
  {
    "Id": "22049",
    "Title": "Error HXC3031: keywords for KTable exceeds 4,096 bytes.",
    "LatestDate": "2008-02-19T08:02:43.553-08:00"
  },
  {
    "Id": "22152",
    "Title": "Linking to 3rd party online docs",
    "LatestDate": "2008-02-19T06:47:33.81-08:00"
  },
  {
    "Id": "22187",
    "Title": "Mrefbuilder Pathing problem (found workaround but need explanation!)",
    "LatestDate": "2008-02-14T18:32:15.133-08:00"
  },
  {
    "Id": "22334",
    "Title": "How does the Note tag and the types work in SandCastle?",
    "LatestDate": "2008-02-17T21:59:28.433-08:00"
  },
  {
    "Id": "22336",
    "Title": "\"Cloning\" Comments",
    "LatestDate": "2008-02-20T10:51:43.443-08:00"
  },
  {
    "Id": "22348",
    "Title": "Linking to Overloads",
    "LatestDate": "2008-02-25T18:27:06.36-08:00"
  },
  {
    "Id": "22466",
    "Title": "Multiple Assemblies, Single Help.",
    "LatestDate": "2008-02-19T12:40:10.407-08:00"
  },
  {
    "Id": "22530",
    "Title": "Can someone help a newb?",
    "LatestDate": "2008-02-22T06:51:05.617-08:00"
  },
  {
    "Id": "22668",
    "Title": "When will unmanged C++ documentation be supported?",
    "LatestDate": "2009-05-21T21:26:51.44-07:00"
  },
  {
    "Id": "22677",
    "Title": "How do I create HTML documentation?",
    "LatestDate": "2008-02-22T13:58:56.153-08:00"
  },
  {
    "Id": "22873",
    "Title": "<inheritdoc /> support?",
    "LatestDate": "2008-03-01T12:15:27.877-08:00"
  },
  {
    "Id": "22910",
    "Title": "Linking to Constructors",
    "LatestDate": "2008-02-27T19:24:54.603-08:00"
  },
  {
    "Id": "22930",
    "Title": "DocProject 1.10.1 Release Candidate Is Now Available",
    "LatestDate": "2008-02-27T01:04:57.723-08:00"
  },
  {
    "Id": "22961",
    "Title": "seealso tags within an overloads tag",
    "LatestDate": "2008-02-28T11:43:45.713-08:00"
  },
  {
    "Id": "23021",
    "Title": "How do I add the XMLNS for XAML row ?",
    "LatestDate": "2010-10-15T11:56:24.503-07:00"
  },
  {
    "Id": "23181",
    "Title": "How to add images to documentation",
    "LatestDate": "2008-03-02T19:25:25.31-08:00"
  },
  {
    "Id": "23202",
    "Title": "Creating MSDN urls for external types",
    "LatestDate": "2008-03-03T08:24:19.31-08:00"
  },
  {
    "Id": "23223",
    "Title": "Links in Visual Basic",
    "LatestDate": "2008-05-29T12:09:35.053-07:00"
  },
  {
    "Id": "23266",
    "Title": "ResolveExternalLinksComponent Beta 2 Is Now Available",
    "LatestDate": "2008-03-03T09:54:04.613-08:00"
  },
  {
    "Id": "23303",
    "Title": "<include> with a #region from sample code?",
    "LatestDate": "2008-03-04T13:48:42.143-08:00"
  },
  {
    "Id": "23306",
    "Title": "SHFB 1.6.0.5 Beta Available With <inhertdoc /> Support",
    "LatestDate": "2008-03-03T23:48:24.25-08:00"
  },
  {
    "Id": "23623",
    "Title": "Source code and support for Anonymous Namespaces",
    "LatestDate": "2008-03-08T17:23:13.65-08:00"
  },
  {
    "Id": "23819",
    "Title": "AjaxControlToolkit not resolved?",
    "LatestDate": "2008-03-11T17:53:05.573-07:00"
  },
  {
    "Id": "24169",
    "Title": "SHFB 1.6.0.6 Beta Available",
    "LatestDate": "2008-03-17T09:38:17.627-07:00"
  },
  {
    "Id": "24364",
    "Title": "DxRoot prob with msbuild",
    "LatestDate": "2009-04-30T12:45:24.26-07:00"
  },
  {
    "Id": "24379",
    "Title": "Sandcastle going RTW?",
    "LatestDate": "2008-03-19T23:41:30.243-07:00"
  },
  {
    "Id": "24503",
    "Title": "Search conditions",
    "LatestDate": "2008-03-22T18:18:39.467-07:00"
  },
  {
    "Id": "24534",
    "Title": "MAML, MAML, MAML, MAML",
    "LatestDate": "2008-03-24T13:34:28.913-07:00"
  },
  {
    "Id": "24583",
    "Title": "Command line tools as MSBuild Tasks?",
    "LatestDate": "2008-03-24T16:42:59.847-07:00"
  },
  {
    "Id": "24617",
    "Title": "Triple (!) Parens with January 2008 Sandcastle",
    "LatestDate": "2008-03-26T15:33:33.393-07:00"
  },
  {
    "Id": "25111",
    "Title": "How does the 'address' attribute work ",
    "LatestDate": "2008-04-02T12:40:45.913-07:00"
  },
  {
    "Id": "25145",
    "Title": "codeEntityReference and generics",
    "LatestDate": "2008-04-04T13:47:12.643-07:00"
  },
  {
    "Id": "25319",
    "Title": "Uninstall old version",
    "LatestDate": "2011-10-06T06:25:03.767-07:00"
  },
  {
    "Id": "25760",
    "Title": "MRefBuilder: Stack Overflow",
    "LatestDate": "2008-04-16T12:47:06.253-07:00"
  },
  {
    "Id": "25959",
    "Title": "codeExample code display",
    "LatestDate": "2008-07-17T23:39:23.093-07:00"
  },
  {
    "Id": "26020",
    "Title": "Conceptual: VS 2008 XML Editor IntelliSense is Broken",
    "LatestDate": "2008-05-29T03:09:44.41-07:00"
  },
  {
    "Id": "26112",
    "Title": "Set Technology and Language on generated Help file",
    "LatestDate": "2008-04-18T01:17:55.537-07:00"
  },
  {
    "Id": "26248",
    "Title": "DocToMaml 1.0 Beta",
    "LatestDate": "2008-04-19T15:07:15.233-07:00"
  },
  {
    "Id": "26347",
    "Title": "Documentation references/bibliography with Sandcastle",
    "LatestDate": "2008-04-27T05:37:12.41-07:00"
  },
  {
    "Id": "26366",
    "Title": "Extra constructors index entry in VS2005 style",
    "LatestDate": "2008-04-22T07:33:03.563-07:00"
  },
  {
    "Id": "26431",
    "Title": "Conceptual Topics: File Format - input required!",
    "LatestDate": "2008-04-23T17:46:57.347-07:00"
  },
  {
    "Id": "26614",
    "Title": "XML Document for C++",
    "LatestDate": "2008-04-25T14:40:29.077-07:00"
  },
  {
    "Id": "26714",
    "Title": "Sandcastle for F#",
    "LatestDate": "2008-04-29T22:59:26.83-07:00"
  },
  {
    "Id": "26779",
    "Title": "Getting Started",
    "LatestDate": "2008-04-29T04:42:13.547-07:00"
  },
  {
    "Id": "26981",
    "Title": "about changing the default settings in the drop-down filter that appears in auto-generated topics",
    "LatestDate": "2008-05-05T01:57:24.193-07:00"
  },
  {
    "Id": "27109",
    "Title": "Exclude from TOC?",
    "LatestDate": "2008-05-04T23:31:12.923-07:00"
  },
  {
    "Id": "27223",
    "Title": "ETA on next release?",
    "LatestDate": "2008-05-20T22:32:10.12-07:00"
  },
  {
    "Id": "27347",
    "Title": "Auto generated summary  urgent help required",
    "LatestDate": "2008-05-08T08:14:04.457-07:00"
  },
  {
    "Id": "27366",
    "Title": "Insert the feedback recipient and change default name of Compiles files in hhp ",
    "LatestDate": "2008-05-09T08:27:41.53-07:00"
  },
  {
    "Id": "27479",
    "Title": "Bug generating Events docs with VB.Net",
    "LatestDate": "2008-05-10T19:03:46.993-07:00"
  },
  {
    "Id": "27749",
    "Title": "Sandcastle Community",
    "LatestDate": "2008-05-21T00:38:48.377-07:00"
  },
  {
    "Id": "27808",
    "Title": "Sandcastle & Windows.Mobile",
    "LatestDate": "2008-05-15T12:46:12.587-07:00"
  },
  {
    "Id": "27943",
    "Title": "How do I use Sandcastle?",
    "LatestDate": "2008-05-18T14:01:52.153-07:00"
  },
  {
    "Id": "28147",
    "Title": "support external links",
    "LatestDate": "2008-05-27T07:35:43.3-07:00"
  },
  {
    "Id": "28173",
    "Title": "Where to find Sandcastle source code?",
    "LatestDate": "2008-05-22T12:33:55.86-07:00"
  },
  {
    "Id": "28333",
    "Title": "Announcing: Sandcastle Assist",
    "LatestDate": "2008-05-23T23:09:03.75-07:00"
  },
  {
    "Id": "28426",
    "Title": "Sandcastle with no assembly",
    "LatestDate": "2008-05-26T16:20:38.537-07:00"
  },
  {
    "Id": "28692",
    "Title": "Sandcastle May 2008 Release",
    "LatestDate": "2010-01-15T01:15:12.663-08:00"
  },
  {
    "Id": "28705",
    "Title": "Sandcastle sources",
    "LatestDate": "2008-06-02T01:12:50.38-07:00"
  },
  {
    "Id": "28727",
    "Title": "How can I create a help file for a web service project?",
    "LatestDate": "2008-05-30T09:21:40.167-07:00"
  },
  {
    "Id": "28881",
    "Title": "No XML comment output when using interior_ptr",
    "LatestDate": "2008-06-02T13:03:43.71-07:00"
  },
  {
    "Id": "28926",
    "Title": "Sandcastle Help File Builder 1.7.0.0. Now Available",
    "LatestDate": "2008-06-04T01:19:27.807-07:00"
  },
  {
    "Id": "28990",
    "Title": "overloads on abstract class never worked for me",
    "LatestDate": "2008-06-03T18:37:32.73-07:00"
  },
  {
    "Id": "29066",
    "Title": "Announcing the Sandcastle Styles Project on CodePlex",
    "LatestDate": "2008-06-04T12:58:45.9-07:00"
  },
  {
    "Id": "29085",
    "Title": "Sandcastle 'open source'?",
    "LatestDate": "2010-02-15T01:13:32.097-08:00"
  },
  {
    "Id": "30727",
    "Title": "Sandcastle Language Filter does not stick when navigating to another page",
    "LatestDate": "2008-07-02T12:10:40.44-07:00"
  },
  {
    "Id": "30736",
    "Title": "How does MS build docs for .NET Framework?",
    "LatestDate": "2008-07-14T09:29:01.887-07:00"
  },
  {
    "Id": "30969",
    "Title": "Documenting XSLT files",
    "LatestDate": "2008-07-06T21:17:01.917-07:00"
  },
  {
    "Id": "31177",
    "Title": "Sandcastle for .PDFs?",
    "LatestDate": "2008-07-14T16:42:51.617-07:00"
  },
  {
    "Id": "31254",
    "Title": "T-SQL code ",
    "LatestDate": "2009-07-02T07:09:01.92-07:00"
  },
  {
    "Id": "31905",
    "Title": "change footer ",
    "LatestDate": "2008-07-21T22:30:03.63-07:00"
  },
  {
    "Id": "32096",
    "Title": "OT: Looking for Spell checker",
    "LatestDate": "2008-07-29T02:44:56.153-07:00"
  },
  {
    "Id": "32267",
    "Title": "Why is sandcastle so slow?",
    "LatestDate": "2008-07-25T16:57:19.053-07:00"
  },
  {
    "Id": "32282",
    "Title": "Linking from reference to MAML and vice versa",
    "LatestDate": "2008-08-11T11:28:06.95-07:00"
  },
  {
    "Id": "32301",
    "Title": "Sandcastle input flexibility",
    "LatestDate": "2008-08-05T09:52:02.847-07:00"
  },
  {
    "Id": "32513",
    "Title": "Linking to local vs. online MSDN topics?  ",
    "LatestDate": "2008-08-01T11:19:28.48-07:00"
  },
  {
    "Id": "32663",
    "Title": "Unresolved assembly reference: System",
    "LatestDate": "2008-07-31T12:59:53.407-07:00"
  },
  {
    "Id": "33002",
    "Title": "Tips: Introducing CloneComponent",
    "LatestDate": "2008-08-06T08:47:23.663-07:00"
  },
  {
    "Id": "33249",
    "Title": "HOWTO: Is there a way to include documentation for private methods?",
    "LatestDate": "2008-08-10T11:56:02.733-07:00"
  },
  {
    "Id": "33570",
    "Title": "HHC.exe Unexpectedly crashes",
    "LatestDate": "2008-08-15T12:13:10.927-07:00"
  },
  {
    "Id": "33698",
    "Title": "How to make forward reference cref in C++/CLI",
    "LatestDate": "2008-08-21T12:43:17.61-07:00"
  },
  {
    "Id": "33764",
    "Title": "What license are the Sandcastle styles etc under?",
    "LatestDate": "2008-08-18T16:07:24.68-07:00"
  },
  {
    "Id": "33833",
    "Title": "Modifications to Presentation Styles",
    "LatestDate": "2008-08-20T08:41:08.407-07:00"
  },
  {
    "Id": "33948",
    "Title": "How to link to specifc point within <remarks>?",
    "LatestDate": "2008-08-21T16:36:21.74-07:00"
  },
  {
    "Id": "34007",
    "Title": "Documenting Dispose() and Dispose(bool) in C++/CLI",
    "LatestDate": "2008-08-21T12:55:56.447-07:00"
  },
  {
    "Id": "34144",
    "Title": "Need to attach a document to help file",
    "LatestDate": "2008-08-25T15:16:29.353-07:00"
  },
  {
    "Id": "34392",
    "Title": "reflection.org file missing classes",
    "LatestDate": "2008-08-27T13:24:21.71-07:00"
  },
  {
    "Id": "34488",
    "Title": "Questions about <procedure> and <content>",
    "LatestDate": "2008-08-28T12:42:34.797-07:00"
  },
  {
    "Id": "34595",
    "Title": "documentation for scproj file....",
    "LatestDate": "2008-08-30T15:58:07.417-07:00"
  },
  {
    "Id": "34654",
    "Title": "Does SC support C++/CLI?",
    "LatestDate": "2008-09-01T03:13:10.403-07:00"
  },
  {
    "Id": "34912",
    "Title": "BuildAssembler output",
    "LatestDate": "2008-09-04T09:39:04.103-07:00"
  },
  {
    "Id": "35373",
    "Title": "Conceptual Content Designer window empty",
    "LatestDate": "2008-09-11T08:19:37.247-07:00"
  },
  {
    "Id": "35464",
    "Title": "Position of Collapse All / Language Filter",
    "LatestDate": "2008-09-12T18:27:45.75-07:00"
  },
  {
    "Id": "35486",
    "Title": "Need Help making Custom Tags for sandcastle",
    "LatestDate": "2008-09-12T22:10:51.64-07:00"
  },
  {
    "Id": "35568",
    "Title": "autoOutline works on one platform but not another",
    "LatestDate": "2008-09-17T12:57:24.64-07:00"
  },
  {
    "Id": "36222",
    "Title": "ampersands parsed in code block",
    "LatestDate": "2008-09-22T17:54:48.103-07:00"
  },
  {
    "Id": "36323",
    "Title": "Work Item #1014 Solution (Unable to resolve reference)",
    "LatestDate": "2008-09-23T19:28:51.917-07:00"
  },
  {
    "Id": "36491",
    "Title": "Commenting Generated Code",
    "LatestDate": "2010-02-26T13:06:48.56-08:00"
  },
  {
    "Id": "36920",
    "Title": "How to ignore code with GeneratedCodeAttribute",
    "LatestDate": "2008-10-02T18:46:11.027-07:00"
  },
  {
    "Id": "37418",
    "Title": "OutOfMemory Exception When Building",
    "LatestDate": "2008-10-09T15:38:12.81-07:00"
  },
  {
    "Id": "37644",
    "Title": "Help 2.0 Registration Tool",
    "LatestDate": "2008-10-27T17:17:43.493-07:00"
  },
  {
    "Id": "37844",
    "Title": "Sandcastle with App_code",
    "LatestDate": "2008-10-16T00:15:35.43-07:00"
  },
  {
    "Id": "37898",
    "Title": "How to edit TOC?",
    "LatestDate": "2008-10-16T13:06:54.17-07:00"
  },
  {
    "Id": "37985",
    "Title": "Tip: DocTools for Conceptual Contents",
    "LatestDate": "2009-04-08T18:00:53.82-07:00"
  },
  {
    "Id": "38112",
    "Title": "Sandcastle Help File Builder v1.8.0.0 (Alpha) Now Available",
    "LatestDate": "2008-10-20T19:39:14.837-07:00"
  },
  {
    "Id": "38518",
    "Title": "MAML Guide Update and HTML to MAML Converter Available",
    "LatestDate": "2008-10-25T17:02:09.733-07:00"
  },
  {
    "Id": "38606",
    "Title": "ProductionTools Source Code???",
    "LatestDate": "2008-10-27T16:33:18.31-07:00"
  },
  {
    "Id": "38694",
    "Title": "Purpose of default memberfilter values",
    "LatestDate": "2008-10-30T08:00:26.81-07:00"
  },
  {
    "Id": "38706",
    "Title": "OutofMemory Exception",
    "LatestDate": "2008-10-29T06:11:14.55-07:00"
  },
  {
    "Id": "38768",
    "Title": "How do I scale back the verbosity of the output",
    "LatestDate": "2008-10-29T08:11:39.197-07:00"
  },
  {
    "Id": "38907",
    "Title": "Solution for Work Item #2967: MrefBuilder /internal+ crashes",
    "LatestDate": "2008-10-30T18:52:37.83-07:00"
  },
  {
    "Id": "39054",
    "Title": "Sandcastle Styles Patch Rev 2 Now Available",
    "LatestDate": "2008-11-02T19:06:29.69-08:00"
  },
  {
    "Id": "39140",
    "Title": "Problem with Dispose() and C++/CLI",
    "LatestDate": "2008-11-04T10:07:27.133-08:00"
  },
  {
    "Id": "39427",
    "Title": "Need an old build",
    "LatestDate": "2008-11-07T07:05:47.9-08:00"
  },
  {
    "Id": "39837",
    "Title": "First build that supports .NET Framework 3.5",
    "LatestDate": "2008-11-13T03:11:32.697-08:00"
  },
  {
    "Id": "41411",
    "Title": "Question about issue between Sandcastle and Code analysis",
    "LatestDate": "2008-12-04T17:56:18.163-08:00"
  },
  {
    "Id": "41532",
    "Title": "regarding showing a field/property as required/optional",
    "LatestDate": "2008-12-04T14:18:16.577-08:00"
  },
  {
    "Id": "41835",
    "Title": "Sandcastle Helpers CTP Available",
    "LatestDate": "2008-12-08T20:35:21.563-08:00"
  },
  {
    "Id": "41981",
    "Title": "Documenting Web Services",
    "LatestDate": "2008-12-10T10:57:28.59-08:00"
  },
  {
    "Id": "42814",
    "Title": "XML Reference from XSD",
    "LatestDate": "2009-08-05T10:22:37.01-07:00"
  },
  {
    "Id": "42880",
    "Title": "how to use my type in param?",
    "LatestDate": "2008-12-23T00:09:53.037-08:00"
  },
  {
    "Id": "42913",
    "Title": "Enterprise Library links",
    "LatestDate": "2008-12-23T11:51:18.377-08:00"
  },
  {
    "Id": "43024",
    "Title": "How to show only C# ?",
    "LatestDate": "2008-12-26T13:00:29.473-08:00"
  },
  {
    "Id": "43192",
    "Title": "How to create link to overloads summary page?",
    "LatestDate": "2008-12-30T09:39:23.833-08:00"
  },
  {
    "Id": "43838",
    "Title": "Cannot build help files.. AddOverloads.xsl missing",
    "LatestDate": "2009-01-09T22:52:57.637-08:00"
  },
  {
    "Id": "44209",
    "Title": "Adding another .css without changing Sandcastle files",
    "LatestDate": "2009-01-14T15:31:29.75-08:00"
  },
  {
    "Id": "44279",
    "Title": "\"Code:\" dropdown box to select which languages to show",
    "LatestDate": "2009-01-15T08:33:33.83-08:00"
  },
  {
    "Id": "44283",
    "Title": "Sandcastle Update",
    "LatestDate": "2009-01-15T06:17:58.21-08:00"
  },
  {
    "Id": "44412",
    "Title": "What does \"Missing shared conten item. Tag:'include'\" mean?",
    "LatestDate": "2009-01-16T12:40:21.577-08:00"
  },
  {
    "Id": "44413",
    "Title": "Sandcastle Spell Checking?",
    "LatestDate": "2009-01-18T22:21:39.607-08:00"
  },
  {
    "Id": "44716",
    "Title": "Identifying API changes with Sandcastle?",
    "LatestDate": "2009-01-22T00:36:04.79-08:00"
  },
  {
    "Id": "44718",
    "Title": "BuildAssembler Fatal Execution Engine Error",
    "LatestDate": "2009-01-21T04:06:35.11-08:00"
  },
  {
    "Id": "44790",
    "Title": "Strange hover bug in FF 3",
    "LatestDate": "2009-01-22T04:10:46.337-08:00"
  },
  {
    "Id": "44840",
    "Title": "Problem with \"enum\" parameters",
    "LatestDate": "2009-01-23T13:43:49.18-08:00"
  },
  {
    "Id": "44913",
    "Title": "Auto referencing external documentation",
    "LatestDate": "2009-01-22T12:31:14.507-08:00"
  },
  {
    "Id": "45292",
    "Title": "Need simple approach for Silverlight project",
    "LatestDate": "2009-01-26T13:51:45.34-08:00"
  },
  {
    "Id": "45401",
    "Title": "How do I exclude certain namespaces from being created as part of the CHM?",
    "LatestDate": "2009-01-27T11:21:51.6-08:00"
  },
  {
    "Id": "45402",
    "Title": "How do I add another CHM to incorporate with the CHM that Sandcastle creates?",
    "LatestDate": "2009-01-28T03:21:12.157-08:00"
  },
  {
    "Id": "45523",
    "Title": "chm file doesn't include all the namespaces and xml comments",
    "LatestDate": "2009-01-28T12:44:47.723-08:00"
  },
  {
    "Id": "45760",
    "Title": "Unknown reference link target for things in my project",
    "LatestDate": "2009-01-31T04:12:31.607-08:00"
  },
  {
    "Id": "46185",
    "Title": "Subsections",
    "LatestDate": "2009-02-04T10:21:46.39-08:00"
  },
  {
    "Id": "46206",
    "Title": "Now Available: Sandcastle Workshop - Planning ",
    "LatestDate": "2009-02-04T06:45:39.73-08:00"
  },
  {
    "Id": "46384",
    "Title": "Sandcastle Help File Builder 1.8.0.1 (Beta) Now Available",
    "LatestDate": "2009-02-05T19:33:17.503-08:00"
  },
  {
    "Id": "47348",
    "Title": "NamespaceDoc from NDoc",
    "LatestDate": "2009-02-17T05:46:35.927-08:00"
  },
  {
    "Id": "47349",
    "Title": "NamespaceDoc from NDoc",
    "LatestDate": "2009-02-19T00:34:31.51-08:00"
  },
  {
    "Id": "47529",
    "Title": "Need to ignore filtered classes as reference",
    "LatestDate": "2009-02-18T19:07:23.113-08:00"
  },
  {
    "Id": "47566",
    "Title": "Embedding images in Documentation",
    "LatestDate": "2009-02-19T23:41:05.207-08:00"
  },
  {
    "Id": "47872",
    "Title": "Is there a list of work to be done to complete the Prototype Style?",
    "LatestDate": "2009-02-19T08:16:04.963-08:00"
  },
  {
    "Id": "47953",
    "Title": "v1.8.0.1 \"Send Feedback\" Link doesn't work",
    "LatestDate": "2009-02-20T20:30:03.803-08:00"
  },
  {
    "Id": "49020",
    "Title": "How to use a custom text in codeEntityReference",
    "LatestDate": "2009-03-03T07:34:53.967-08:00"
  },
  {
    "Id": "49331",
    "Title": "Is it possible to get a Logo next to a page title?",
    "LatestDate": "2009-03-06T13:44:50.65-08:00"
  },
  {
    "Id": "49332",
    "Title": "Where are the intermediate files?",
    "LatestDate": "2009-03-06T13:52:19.253-08:00"
  },
  {
    "Id": "49747",
    "Title": "collect things more than just by namespace?",
    "LatestDate": "2009-03-10T10:53:22.987-07:00"
  },
  {
    "Id": "49748",
    "Title": "add nodes to the CHM that don't correspond with an API",
    "LatestDate": "2009-03-10T10:34:45.427-07:00"
  },
  {
    "Id": "49899",
    "Title": "MRefBuilder failed to load types from assembly with netmodule dependencies",
    "LatestDate": "2009-03-12T12:47:19.64-07:00"
  },
  {
    "Id": "51244",
    "Title": "Default width of TOC pane in CHM",
    "LatestDate": "2009-03-25T12:53:43.863-07:00"
  },
  {
    "Id": "52181",
    "Title": "What has happened to the Home Page Wiki?",
    "LatestDate": "2009-04-03T05:43:51.85-07:00"
  },
  {
    "Id": "52399",
    "Title": "hyperlinking to chm of dependent library",
    "LatestDate": "2009-04-06T07:34:32.847-07:00"
  },
  {
    "Id": "52675",
    "Title": "Extension method documentation",
    "LatestDate": "2009-05-11T10:54:57.873-07:00"
  },
  {
    "Id": "52779",
    "Title": "Providing complete examples",
    "LatestDate": "2009-04-10T13:33:18.463-07:00"
  },
  {
    "Id": "52796",
    "Title": "MrefBuilder throwing Object reference not set error",
    "LatestDate": "2009-04-15T06:59:55.813-07:00"
  },
  {
    "Id": "52799",
    "Title": "Missing summary in documentation",
    "LatestDate": "2009-04-09T12:39:04.91-07:00"
  },
  {
    "Id": "52934",
    "Title": "newbie Sandcastle questions ...",
    "LatestDate": "2009-04-10T22:51:44.51-07:00"
  },
  {
    "Id": "52945",
    "Title": "not sure whether to use Sandcastle, NDoc, or both",
    "LatestDate": "2009-05-12T04:46:36.91-07:00"
  },
  {
    "Id": "52952",
    "Title": "does vs2008 sdk 1.1 still install outdated Sandcastle version?",
    "LatestDate": "2009-04-10T19:34:33.483-07:00"
  },
  {
    "Id": "53384",
    "Title": "Custom Item",
    "LatestDate": "2016-10-05T02:01:03.173-07:00"
  },
  {
    "Id": "55262",
    "Title": "How do I Document Fault Contracts?",
    "LatestDate": "2009-05-04T13:06:01.943-07:00"
  },
  {
    "Id": "56332",
    "Title": "Sandcastle performance",
    "LatestDate": "2009-05-14T11:54:00.243-07:00"
  },
  {
    "Id": "57611",
    "Title": "Issue regarding the file path length",
    "LatestDate": "2009-05-27T12:18:31.68-07:00"
  },
  {
    "Id": "58046",
    "Title": "Sandcastle Help File Builder 1.8.0.2 (Beta) Now Available",
    "LatestDate": "2009-05-31T22:13:05.99-07:00"
  },
  {
    "Id": "60060",
    "Title": "Platforms and Versions",
    "LatestDate": "2009-06-19T10:21:18.507-07:00"
  },
  {
    "Id": "60739",
    "Title": "Links to local MSDN",
    "LatestDate": "2009-06-29T14:29:43.213-07:00"
  },
  {
    "Id": "62797",
    "Title": "Populating and Linking to Attached Property Topics",
    "LatestDate": "2009-07-21T10:20:54.237-07:00"
  },
  {
    "Id": "63493",
    "Title": "Sandcastle causes PC to go beyond normal operating temperature ",
    "LatestDate": "2009-07-26T18:52:04.067-07:00"
  },
  {
    "Id": "63748",
    "Title": "CTP or Ms-PL?",
    "LatestDate": "2009-07-29T00:52:57.593-07:00"
  },
  {
    "Id": "64499",
    "Title": "CreateVSToc.xsl Customization",
    "LatestDate": "2009-12-09T21:38:26.103-08:00"
  },
  {
    "Id": "64996",
    "Title": "Did Sandcastle (2.4.10522.00) full support XAML SYNTAX?",
    "LatestDate": "2009-08-12T00:05:49.873-07:00"
  },
  {
    "Id": "65480",
    "Title": "Tool to track xml documentation changes",
    "LatestDate": "2009-08-13T15:25:00.51-07:00"
  },
  {
    "Id": "66106",
    "Title": "Error when building Example Project",
    "LatestDate": "2009-08-24T11:55:44.567-07:00"
  },
  {
    "Id": "66877",
    "Title": "Can sandcastle generate XAML dependency Property Information section?",
    "LatestDate": "2011-04-05T14:32:18.203-07:00"
  },
  {
    "Id": "67163",
    "Title": "Sandcastle",
    "LatestDate": "2009-08-27T12:24:45.437-07:00"
  },
  {
    "Id": "67209",
    "Title": "MAML Editor and Visual Studio Support",
    "LatestDate": "2009-08-27T11:53:23.457-07:00"
  },
  {
    "Id": "67414",
    "Title": "WCF Web Services and REST API Documentation.",
    "LatestDate": "2013-04-17T12:31:14.403-07:00"
  },
  {
    "Id": "67656",
    "Title": "Support for referencing embedded resources in Sandcastle generated chm files",
    "LatestDate": "2009-09-01T19:09:48.04-07:00"
  },
  {
    "Id": "69152",
    "Title": "CHMBuilder inserts BOM",
    "LatestDate": "2009-09-22T09:27:03.143-07:00"
  },
  {
    "Id": "69170",
    "Title": "Using CSS Style Sheet with HTML pages",
    "LatestDate": "2009-09-29T21:27:14.517-07:00"
  },
  {
    "Id": "69302",
    "Title": "once installed, how do I use it? ",
    "LatestDate": "2009-09-17T14:49:24.523-07:00"
  },
  {
    "Id": "70373",
    "Title": "MRefBuilder and .NET 4.0 Assemblies",
    "LatestDate": "2010-05-24T01:41:58.8-07:00"
  },
  {
    "Id": "70805",
    "Title": "Generating XmlDocId using Mono.Cecil",
    "LatestDate": "2009-10-02T03:26:20.53-07:00"
  },
  {
    "Id": "70820",
    "Title": "Support for <summary cref=\"...\"/>",
    "LatestDate": "2009-10-06T01:12:02.467-07:00"
  },
  {
    "Id": "71133",
    "Title": "the color of the links in .chm file",
    "LatestDate": "2009-10-07T02:03:24.253-07:00"
  },
  {
    "Id": "71221",
    "Title": "how to create Index in the .chm help file?",
    "LatestDate": "2009-10-07T08:13:51.773-07:00"
  },
  {
    "Id": "72729",
    "Title": "The New Help 3",
    "LatestDate": "2009-11-04T07:33:27.47-08:00"
  },
  {
    "Id": "73120",
    "Title": "How to create help in website format using SandCastle?",
    "LatestDate": "2009-10-26T09:22:14.79-07:00"
  },
  {
    "Id": "76216",
    "Title": "Managed C++ methods do not appear in output",
    "LatestDate": "2009-12-03T12:44:39.49-08:00"
  },
  {
    "Id": "76232",
    "Title": "Newbie question about adding a custom collapsible section.",
    "LatestDate": "2009-11-30T06:54:31.217-08:00"
  },
  {
    "Id": "76593",
    "Title": "Silverlight MSDN links",
    "LatestDate": "2010-03-02T19:50:52.037-08:00"
  },
  {
    "Id": "77045",
    "Title": "Warning when build Sandcastle project",
    "LatestDate": "2009-12-08T08:23:09.13-08:00"
  },
  {
    "Id": "77108",
    "Title": "Sandcastle for documentation of web site projects",
    "LatestDate": "2009-12-04T09:38:54.143-08:00"
  },
  {
    "Id": "77125",
    "Title": "SandCastle for VS2010/Fx4.0 Beta 2",
    "LatestDate": "2009-12-04T12:21:25.07-08:00"
  },
  {
    "Id": "78064",
    "Title": "Document assemblies that start with..",
    "LatestDate": "2009-12-14T08:19:48.197-08:00"
  },
  {
    "Id": "78542",
    "Title": "MS Help Viewer (Help3) 1.0",
    "LatestDate": "2009-12-18T09:12:32.65-08:00"
  },
  {
    "Id": "79496",
    "Title": "XML Documentation creation tool",
    "LatestDate": "2010-01-01T09:40:38.967-08:00"
  },
  {
    "Id": "79510",
    "Title": "The New SnippetComponent",
    "LatestDate": "2010-01-01T13:37:05.827-08:00"
  },
  {
    "Id": "79647",
    "Title": "Sandcastle Styles Patch Rev 3 Now Available",
    "LatestDate": "2011-01-19T15:20:37.443-08:00"
  },
  {
    "Id": "79649",
    "Title": "Sandcastle Help File Builder 1.8.0.3 Release Now Available",
    "LatestDate": "2010-01-03T23:23:53.237-08:00"
  },
  {
    "Id": "80255",
    "Title": "XML Comments not appearing in the documentation.",
    "LatestDate": "2010-01-09T03:27:38.31-08:00"
  },
  {
    "Id": "80448",
    "Title": "Greek letters in documentation?",
    "LatestDate": "2010-01-12T03:57:38.01-08:00"
  },
  {
    "Id": "81420",
    "Title": "Works in .NET 4.0 beta2 (!)",
    "LatestDate": "2010-02-13T05:33:13.8-08:00"
  },
  {
    "Id": "81687",
    "Title": "Using MAML in API Documentation",
    "LatestDate": "2010-01-22T08:23:10.93-08:00"
  },
  {
    "Id": "82423",
    "Title": "Privtae Methods doesnt appear in Documentation.",
    "LatestDate": "2010-01-29T07:58:36.023-08:00"
  },
  {
    "Id": "82503",
    "Title": "New Info on Next Sandcastle Release",
    "LatestDate": "2010-01-29T18:18:31.103-08:00"
  },
  {
    "Id": "204032",
    "Title": "new methods/demark erase methods ...",
    "LatestDate": "2010-03-11T20:12:28.897-08:00"
  },
  {
    "Id": "204695",
    "Title": "Sandcastle - getting started",
    "LatestDate": "2010-03-12T07:53:07.11-08:00"
  },
  {
    "Id": "204698",
    "Title": "Commented remarks in separate lines using Sandcastle help file builder",
    "LatestDate": "2010-03-12T10:33:35.107-08:00"
  },
  {
    "Id": "208490",
    "Title": "MRefBuilder invalid character",
    "LatestDate": "2010-04-08T06:56:27.8-07:00"
  },
  {
    "Id": "209003",
    "Title": "Error BE0043 for Silverlight class library documentation help file generation",
    "LatestDate": "2011-09-28T12:28:45.737-07:00"
  },
  {
    "Id": "209271",
    "Title": "How to build MSDN 2010 liked document with the Sandcastle?",
    "LatestDate": "2010-08-30T09:23:25.253-07:00"
  },
  {
    "Id": "209272",
    "Title": "How to document the overloaded functions into ONLY ONE row with the sandcastle?",
    "LatestDate": "2010-04-13T22:38:22.14-07:00"
  },
  {
    "Id": "209712",
    "Title": "Preparing to Fork Sandcastle",
    "LatestDate": "2010-06-28T18:04:44.387-07:00"
  },
  {
    "Id": "209994",
    "Title": "xml comments for event?",
    "LatestDate": "2010-04-21T08:01:27.657-07:00"
  },
  {
    "Id": "210975",
    "Title": "Entity Framework links not being resolved",
    "LatestDate": "2010-04-29T12:22:44.953-07:00"
  },
  {
    "Id": "212443",
    "Title": "Extra brackets added to the method parameter description",
    "LatestDate": "2010-05-17T09:26:00.26-07:00"
  },
  {
    "Id": "212543",
    "Title": ".NET 4 support?",
    "LatestDate": "2010-05-16T23:36:39.51-07:00"
  },
  {
    "Id": "213854",
    "Title": "Sandcastle Version Supporting VS 2010, .NET 4 and Microsoft Help Viewer",
    "LatestDate": "2010-06-02T08:24:29.477-07:00"
  },
  {
    "Id": "214070",
    "Title": "Unknown reference link target 'T:'. ",
    "LatestDate": "2010-05-28T14:26:27.89-07:00"
  },
  {
    "Id": "215993",
    "Title": "Extra space showing in TOC for overloaded methods",
    "LatestDate": "2010-06-14T12:26:57.53-07:00"
  },
  {
    "Id": "216093",
    "Title": "exclude Assembly and Syntax from the help file",
    "LatestDate": "2010-06-15T08:07:14.447-07:00"
  },
  {
    "Id": "216296",
    "Title": "Sandcastle issues BHT0001 Warning message",
    "LatestDate": "2012-03-06T08:00:55.777-08:00"
  },
  {
    "Id": "217373",
    "Title": "Transform for HTML Toc?",
    "LatestDate": "2010-06-28T06:05:32.503-07:00"
  },
  {
    "Id": "217410",
    "Title": "On the Sandcastle-June 2010 Release",
    "LatestDate": "2010-06-26T01:00:10.153-07:00"
  },
  {
    "Id": "217674",
    "Title": "References of Methods",
    "LatestDate": "2010-06-29T01:22:20.133-07:00"
  },
  {
    "Id": "217726",
    "Title": "Missing Members",
    "LatestDate": "2010-06-29T08:51:32.02-07:00"
  },
  {
    "Id": "217953",
    "Title": "Sandcastle Styles June 2010 (2.6.10621.1) Patch - Rev 1",
    "LatestDate": "2010-06-30T19:56:56.927-07:00"
  },
  {
    "Id": "218152",
    "Title": "Latest build web.sitemap empty",
    "LatestDate": "2010-07-02T07:59:05.923-07:00"
  },
  {
    "Id": "218207",
    "Title": "Sandcastle-June 2010 Release: Source and Binary",
    "LatestDate": "2010-07-20T08:40:00.59-07:00"
  },
  {
    "Id": "218540",
    "Title": "Sandcastle Help File Builder v1.9.1.0 Release Now Available",
    "LatestDate": "2010-07-06T21:06:42.377-07:00"
  },
  {
    "Id": "218541",
    "Title": "Sandcastle Standalone Build Components and Tools v1.9.1.0 Now Available",
    "LatestDate": "2010-07-06T21:10:08.613-07:00"
  },
  {
    "Id": "219357",
    "Title": "Help",
    "LatestDate": "2010-07-14T05:54:00.673-07:00"
  },
  {
    "Id": "220527",
    "Title": "Build performance with Sandcastle June 2010",
    "LatestDate": "2010-07-22T08:28:17.637-07:00"
  },
  {
    "Id": "220739",
    "Title": "Custom CHM index file (hhk) for VS2005 style",
    "LatestDate": "2010-07-27T03:20:23.07-07:00"
  },
  {
    "Id": "223101",
    "Title": "using SandCastle in VS2010",
    "LatestDate": "2010-08-10T12:35:50.087-07:00"
  },
  {
    "Id": "223390",
    "Title": "Trouble generating docs for enums in VS 2010 project",
    "LatestDate": "2013-08-19T09:56:37.097-07:00"
  },
  {
    "Id": "223438",
    "Title": "Info: Microsoft Help Viewer 1.0 SDK",
    "LatestDate": "2010-08-12T21:29:58.907-07:00"
  },
  {
    "Id": "224783",
    "Title": "<summary> tags not showing in output docs.",
    "LatestDate": "2010-08-25T14:30:50.41-07:00"
  },
  {
    "Id": "225601",
    "Title": "How to user Sandcastle in Chinese   ",
    "LatestDate": "2010-09-01T12:52:12.833-07:00"
  },
  {
    "Id": "226201",
    "Title": "mixing conceptual and reference guide help",
    "LatestDate": "2010-09-16T07:42:59.363-07:00"
  },
  {
    "Id": "226556",
    "Title": "Building CHM documentation with Version 2.6.1062.1",
    "LatestDate": "2010-09-09T05:09:43.423-07:00"
  },
  {
    "Id": "227096",
    "Title": "IntelliSense Support in Visual Studio 2010",
    "LatestDate": "2010-09-15T17:43:02.673-07:00"
  },
  {
    "Id": "227529",
    "Title": "Missing parameter in TOC",
    "LatestDate": "2010-09-16T15:02:58.693-07:00"
  },
  {
    "Id": "227860",
    "Title": "How to make Entity Framework comments show in Sandcastle?",
    "LatestDate": "2010-09-22T14:13:53.397-07:00"
  },
  {
    "Id": "228413",
    "Title": "How to modify build_sandcastle.bat to build from multiple assemblies",
    "LatestDate": "2010-09-23T21:59:39.643-07:00"
  },
  {
    "Id": "228983",
    "Title": "Generate CHM without source code?",
    "LatestDate": "2010-11-27T13:54:48.997-08:00"
  },
  {
    "Id": "230756",
    "Title": "Tutorials",
    "LatestDate": "2010-11-03T12:03:15.143-07:00"
  },
  {
    "Id": "233339",
    "Title": "How to use??",
    "LatestDate": "2010-11-03T12:01:50.087-07:00"
  },
  {
    "Id": "233364",
    "Title": "Link missing in blockCommon.xsd in blockCommonGroup",
    "LatestDate": "2010-11-03T11:51:19.503-07:00"
  },
  {
    "Id": "233853",
    "Title": "Syntax Filter with No Specific Syntax",
    "LatestDate": "2010-11-09T09:08:16.957-08:00"
  },
  {
    "Id": "233896",
    "Title": "Various questions regarding working with sandcastle",
    "LatestDate": "2011-01-21T05:02:20.357-08:00"
  },
  {
    "Id": "234220",
    "Title": "Installing SandCastle - Where to start?",
    "LatestDate": "2010-12-05T07:20:55.723-08:00"
  },
  {
    "Id": "234291",
    "Title": "HTML output flickers in Chrome",
    "LatestDate": "2011-03-14T10:43:56.927-07:00"
  },
  {
    "Id": "235595",
    "Title": "C++/CLI interface class documentation ?",
    "LatestDate": "2010-11-23T01:52:03.58-08:00"
  },
  {
    "Id": "235832",
    "Title": "Problem with generics",
    "LatestDate": "2011-01-17T13:06:26.907-08:00"
  },
  {
    "Id": "237725",
    "Title": "Presentation Style",
    "LatestDate": "2010-12-09T05:11:02.93-08:00"
  },
  {
    "Id": "239118",
    "Title": "namespace heirarchy",
    "LatestDate": "2013-01-18T12:21:28.42-08:00"
  },
  {
    "Id": "240106",
    "Title": "Grouping of Overloads not Working",
    "LatestDate": "2010-12-31T14:46:18.17-08:00"
  },
  {
    "Id": "240278",
    "Title": "Help Page Drop-down Menus",
    "LatestDate": "2011-01-04T12:28:26.8-08:00"
  },
  {
    "Id": "241899",
    "Title": "Custom start page",
    "LatestDate": "2011-01-15T23:11:22.66-08:00"
  },
  {
    "Id": "244566",
    "Title": "Linking to a Zip file",
    "LatestDate": "2011-02-04T08:15:16.573-08:00"
  },
  {
    "Id": "244835",
    "Title": "C++ example",
    "LatestDate": "2011-02-06T10:18:49.03-08:00"
  },
  {
    "Id": "245928",
    "Title": "xml comments for controls on a form",
    "LatestDate": "2011-02-14T09:17:56.91-08:00"
  },
  {
    "Id": "246074",
    "Title": "How to make navigation buttons",
    "LatestDate": "2011-02-15T12:44:02.103-08:00"
  },
  {
    "Id": "246998",
    "Title": "Sandcastle Guided Installation",
    "LatestDate": "2014-05-20T08:18:43.037-07:00"
  },
  {
    "Id": "247872",
    "Title": "Referencing other assemblies documentation",
    "LatestDate": "2011-02-28T15:28:27.553-08:00"
  },
  {
    "Id": "247879",
    "Title": "Discoverability of base class static methods",
    "LatestDate": "2011-03-01T04:31:07.26-08:00"
  },
  {
    "Id": "247920",
    "Title": "Project Status?",
    "LatestDate": "2011-03-03T08:30:47.39-08:00"
  },
  {
    "Id": "247952",
    "Title": "Sandcastle Help File Builder v1.9.2.0 Release Now Available",
    "LatestDate": "2011-02-28T22:42:26.193-08:00"
  },
  {
    "Id": "247964",
    "Title": "Can Sandcastle handle Chinese?",
    "LatestDate": "2011-03-01T12:32:39.04-08:00"
  },
  {
    "Id": "248670",
    "Title": "Sandcastle Help File Builder v1.9.3.0 Release Now Available ",
    "LatestDate": "2011-03-06T22:18:33.433-08:00"
  },
  {
    "Id": "250221",
    "Title": "Only show document for properties/functions with data contract attribute ",
    "LatestDate": "2011-03-18T12:37:24.21-07:00"
  },
  {
    "Id": "250804",
    "Title": "The New Microsoft Help Viewer 1.1",
    "LatestDate": "2011-06-21T05:36:15.497-07:00"
  },
  {
    "Id": "251079",
    "Title": "How to embed images?",
    "LatestDate": "2011-03-24T12:39:54.47-07:00"
  },
  {
    "Id": "252553",
    "Title": "Documenting inherited polymorphic method",
    "LatestDate": "2011-04-05T15:11:18.777-07:00"
  },
  {
    "Id": "253611",
    "Title": "Automatically dealing with overloads",
    "LatestDate": "2011-04-14T15:46:11.313-07:00"
  },
  {
    "Id": "255848",
    "Title": "Sandcastle Help File Builder v1.9.3.1 (Alpha) Now Available",
    "LatestDate": "2011-04-30T19:04:01.497-07:00"
  },
  {
    "Id": "256149",
    "Title": "msbuild ignoring command line options for output paths",
    "LatestDate": "2011-05-03T09:12:44.187-07:00"
  },
  {
    "Id": "256904",
    "Title": "Error BE0043 - MREFBUILDER : error : Unresolved assembly reference",
    "LatestDate": "2012-01-05T01:29:27.66-08:00"
  },
  {
    "Id": "257690",
    "Title": "SHFB: Error BE0043: Unexpected error detected in last build step.  See output above for details",
    "LatestDate": "2011-05-16T08:02:37.687-07:00"
  },
  {
    "Id": "258388",
    "Title": "MS Rolling Adverts in the MSDN Library?",
    "LatestDate": "2011-05-20T06:43:25.817-07:00"
  },
  {
    "Id": "260879",
    "Title": "Problem with Installation of Sandcastel Version 2.6.1062.1",
    "LatestDate": "2011-06-10T02:47:08.23-07:00"
  },
  {
    "Id": "261057",
    "Title": "single-spaced lists",
    "LatestDate": "2011-06-13T11:41:50.023-07:00"
  },
  {
    "Id": "261386",
    "Title": "Sandcastle is still failing on generic types parameters",
    "LatestDate": "2011-06-15T12:10:05.943-07:00"
  },
  {
    "Id": "262115",
    "Title": "Next Release?",
    "LatestDate": "2011-06-20T23:26:11.663-07:00"
  },
  {
    "Id": "263758",
    "Title": "How to use <value> to disply in help file the text:  Property Value instead of Field Value",
    "LatestDate": "2011-07-03T22:58:33.077-07:00"
  },
  {
    "Id": "263917",
    "Title": "I select in the help file only the language of C#: Code: C #. How to make this setting does not change when to select on the link in the text?",
    "LatestDate": "2011-07-05T02:29:44.98-07:00"
  },
  {
    "Id": "265696",
    "Title": "SHFB: Error BE0065: BUILD FAILED: Exception of type 'System.OutOfMemoryException' was thrown.",
    "LatestDate": "2011-07-19T13:04:26.353-07:00"
  },
  {
    "Id": "266171",
    "Title": "How to not document the inherited framework members?",
    "LatestDate": "2011-07-22T02:44:16.907-07:00"
  },
  {
    "Id": "266177",
    "Title": "How to hide xml-comments from being published into Help",
    "LatestDate": "2011-07-22T03:47:25.283-07:00"
  },
  {
    "Id": "267493",
    "Title": "Unit Test Project",
    "LatestDate": "2011-08-03T07:27:56.753-07:00"
  },
  {
    "Id": "268713",
    "Title": "Support for Portable Class Libraries?",
    "LatestDate": "2011-08-22T06:22:41.627-07:00"
  },
  {
    "Id": "270710",
    "Title": "Sandcastle Help File Builder v1.9.3.2 (Alpha) Now Available",
    "LatestDate": "2011-09-01T17:06:52.577-07:00"
  },
  {
    "Id": "271588",
    "Title": "Documenting extension methods",
    "LatestDate": "2011-09-06T01:35:26.203-07:00"
  },
  {
    "Id": "271664",
    "Title": "Can't get SFHB integrated into VS2010",
    "LatestDate": "2011-09-06T12:26:02.39-07:00"
  },
  {
    "Id": "271829",
    "Title": "fail to generate helps for C++/CLI generic arguments",
    "LatestDate": "2011-09-07T20:44:16.51-07:00"
  },
  {
    "Id": "271943",
    "Title": "Use Sandcastle XML Transforms for Visual Studio Help",
    "LatestDate": "2011-09-08T13:30:24.177-07:00"
  },
  {
    "Id": "273613",
    "Title": "Switch Off Language Filter in Conceptual Content",
    "LatestDate": "2011-09-26T04:01:13.343-07:00"
  },
  {
    "Id": "277991",
    "Title": "Using .NET 4.5 on Win8",
    "LatestDate": "2011-11-03T21:26:22.213-07:00"
  },
  {
    "Id": "279040",
    "Title": "Can I remove VB and C++ syntax blocks?",
    "LatestDate": "2011-11-10T19:18:24.23-08:00"
  },
  {
    "Id": "279180",
    "Title": "Badly formatted code blocks",
    "LatestDate": "2011-11-11T18:13:24.19-08:00"
  },
  {
    "Id": "279248",
    "Title": "How to add platform icons to generated help",
    "LatestDate": "2012-02-05T21:32:47.203-08:00"
  },
  {
    "Id": "280503",
    "Title": "Custom Sandcastle htmlBody Transform Stylesheet",
    "LatestDate": "2011-12-12T09:45:39.083-08:00"
  },
  {
    "Id": "280858",
    "Title": "How to integrate documentation produced by SandCastle within Visual Studio F1 ?",
    "LatestDate": "2011-12-08T05:14:52.86-08:00"
  },
  {
    "Id": "283577",
    "Title": "Global option for inheritdoc ?",
    "LatestDate": "2011-12-20T07:39:05.7-08:00"
  },
  {
    "Id": "284226",
    "Title": "How to remove internal interfaces from class help page?",
    "LatestDate": "2014-05-23T10:31:20.493-07:00"
  },
  {
    "Id": "284883",
    "Title": "Sandcastle Help File Builder v1.9.3.3 (Beta 1) Now Available",
    "LatestDate": "2012-01-03T15:10:13.57-08:00"
  },
  {
    "Id": "285245",
    "Title": "Member Type and Visibility Grouping",
    "LatestDate": "2012-01-06T12:35:59.22-08:00"
  },
  {
    "Id": "285446",
    "Title": "How to group assemblies in Table of Content?",
    "LatestDate": "2012-01-09T12:26:02.007-08:00"
  },
  {
    "Id": "285487",
    "Title": "Sandcastle-to-Flare integration: scrolling issue",
    "LatestDate": "2012-01-10T10:18:35.113-08:00"
  },
  {
    "Id": "286168",
    "Title": "Sandcastle project status",
    "LatestDate": "2012-01-18T08:23:10.387-08:00"
  },
  {
    "Id": "286428",
    "Title": "Remove scripts from the topic header",
    "LatestDate": "2012-01-18T12:26:45.41-08:00"
  },
  {
    "Id": "286900",
    "Title": "how to handle documentation sources in different locations in release and debug",
    "LatestDate": "2012-01-22T17:32:36.327-08:00"
  },
  {
    "Id": "287961",
    "Title": "Sandcastle Help File Builder v1.9.3.4 (Beta 2) Now Available",
    "LatestDate": "2012-01-30T17:06:16.88-08:00"
  },
  {
    "Id": "288079",
    "Title": "Project Status Update #1",
    "LatestDate": "2013-01-03T16:03:58.357-08:00"
  },
  {
    "Id": "291157",
    "Title": "Sandcastle in TeamCity with additional content only fails",
    "LatestDate": "2012-02-03T08:00:57.143-08:00"
  },
  {
    "Id": "292818",
    "Title": "User Defined Tags",
    "LatestDate": "2012-02-04T18:29:07.457-08:00"
  },
  {
    "Id": "297422",
    "Title": "Attribute testing on a member does not work",
    "LatestDate": "2012-02-08T02:47:30.23-08:00"
  },
  {
    "Id": "346751",
    "Title": "Controlling where namespaces appear in table of contents",
    "LatestDate": "2012-02-29T19:10:37.503-08:00"
  },
  {
    "Id": "347612",
    "Title": "Silverlight 5 with WCF RIA Services ",
    "LatestDate": "2012-03-07T00:29:23.437-08:00"
  },
  {
    "Id": "347789",
    "Title": "SandcastleGui.exe",
    "LatestDate": "2012-03-08T08:24:58.367-08:00"
  },
  {
    "Id": "348902",
    "Title": "Chm error after download from share",
    "LatestDate": "2012-06-21T12:34:14.59-07:00"
  },
  {
    "Id": "351999",
    "Title": "sandcastle building error \"System.OutOfMemory\"",
    "LatestDate": "2012-04-13T12:48:56.363-07:00"
  },
  {
    "Id": "352390",
    "Title": "Sandcastle April 2012 v2.7.0.0 Now Available",
    "LatestDate": "2012-04-29T12:30:08.043-07:00"
  },
  {
    "Id": "352391",
    "Title": "Sandcastle Help File Builder v1.9.4.0 Now Available",
    "LatestDate": "2012-04-15T21:54:08.897-07:00"
  },
  {
    "Id": "352867",
    "Title": "Distributing my documentation?",
    "LatestDate": "2012-04-19T15:44:02.593-07:00"
  },
  {
    "Id": "353544",
    "Title": "SendCastle Documentation Compaq Framework",
    "LatestDate": "2012-04-25T08:11:03.763-07:00"
  },
  {
    "Id": "353761",
    "Title": "Can generated documentation be viewed on a Mac?",
    "LatestDate": "2012-04-27T03:53:15.207-07:00"
  },
  {
    "Id": "353848",
    "Title": "Generate documentation after build",
    "LatestDate": "2012-04-28T11:39:31.443-07:00"
  },
  {
    "Id": "355058",
    "Title": "Some topics get created but some do not",
    "LatestDate": "2012-05-09T05:43:46.807-07:00"
  },
  {
    "Id": "355909",
    "Title": "NamespaceDoc.cs file builds classes but not namespace in documentation",
    "LatestDate": "2012-05-15T16:46:15.013-07:00"
  },
  {
    "Id": "356062",
    "Title": "F1 Visual Studio integration problem",
    "LatestDate": "2012-10-18T07:55:26.533-07:00"
  },
  {
    "Id": "356135",
    "Title": "Help topics integrated into VisualStudio11 are not opening",
    "LatestDate": "2012-05-17T08:20:53.343-07:00"
  },
  {
    "Id": "357029",
    "Title": "Alternative format and presentation styles",
    "LatestDate": "2012-05-31T20:26:33.18-07:00"
  },
  {
    "Id": "357585",
    "Title": "Unregnized element.",
    "LatestDate": "2012-05-29T17:52:48.343-07:00"
  },
  {
    "Id": "357896",
    "Title": "Are there different versions of Sandcastle for different .NET?",
    "LatestDate": "2012-06-04T12:10:06.153-07:00"
  },
  {
    "Id": "358883",
    "Title": "Ran Sandcastle; now what?",
    "LatestDate": "2012-06-08T12:20:52.937-07:00"
  },
  {
    "Id": "358977",
    "Title": "Locating missing documentation",
    "LatestDate": "2012-06-09T07:11:29.907-07:00"
  },
  {
    "Id": "359263",
    "Title": "Preview code with 1.9.4.0",
    "LatestDate": "2012-06-28T11:47:40.447-07:00"
  },
  {
    "Id": "359430",
    "Title": "Link to specific section of .aml file from xml documentation",
    "LatestDate": "2012-06-14T08:06:01.863-07:00"
  },
  {
    "Id": "359722",
    "Title": "Sandcastle Vs 2010 styles: How can I change the default language tab?",
    "LatestDate": "2012-10-03T19:05:07.127-07:00"
  },
  {
    "Id": "359745",
    "Title": "WCF REST Api Documentation",
    "LatestDate": "2012-06-15T05:10:38.833-07:00"
  },
  {
    "Id": "360108",
    "Title": "Attributes on types and members are missing.",
    "LatestDate": "2012-06-21T12:25:22.167-07:00"
  },
  {
    "Id": "361160",
    "Title": "Default arguments to methods not indicated",
    "LatestDate": "2012-06-27T12:30:30.643-07:00"
  },
  {
    "Id": "361269",
    "Title": "Documenting WebSite edit (global) name",
    "LatestDate": "2012-06-29T12:09:21.07-07:00"
  },
  {
    "Id": "373521",
    "Title": "Automation in WebSite Projects",
    "LatestDate": "2012-07-19T23:57:52.933-07:00"
  },
  {
    "Id": "388872",
    "Title": "Documentation for a struct parameterless constructor",
    "LatestDate": "2012-07-26T13:12:37.08-07:00"
  },
  {
    "Id": "391591",
    "Title": "Project Status Update #2",
    "LatestDate": "2012-10-08T07:58:10.62-07:00"
  },
  {
    "Id": "394212",
    "Title": "Documentation of configuration files",
    "LatestDate": "2012-09-03T10:26:17.383-07:00"
  },
  {
    "Id": "394226",
    "Title": "Remarks section on Overloads page",
    "LatestDate": "2012-09-04T07:04:35.023-07:00"
  },
  {
    "Id": "394497",
    "Title": "Using Tokens in Conceptual Content Topics",
    "LatestDate": "2012-09-06T02:40:08.25-07:00"
  },
  {
    "Id": "397911",
    "Title": "What to store in source control?",
    "LatestDate": "2012-10-04T05:15:18.607-07:00"
  },
  {
    "Id": "398496",
    "Title": "PLEASE READ: Final Project Status Update",
    "LatestDate": "2012-10-08T23:57:50.147-07:00"
  },
  {
    "Id": "399115",
    "Title": "Silent Installation.",
    "LatestDate": "2012-10-12T12:42:58.943-07:00"
  },
  {
    "Id": "402537",
    "Title": "Including Word document into CHM files...",
    "LatestDate": "2012-11-14T08:57:46.583-08:00"
  },
  {
    "Id": "403350",
    "Title": "token limitations",
    "LatestDate": "2012-11-15T08:11:46.18-08:00"
  },
  {
    "Id": "404018",
    "Title": "Silverlight 5 - Unresovled assembly reference",
    "LatestDate": "2012-11-20T17:40:36.163-08:00"
  },
  {
    "Id": "407129",
    "Title": "Help for Some Style Issues about SandCastle",
    "LatestDate": "2012-12-18T19:45:37.113-08:00"
  },
  {
    "Id": "428657",
    "Title": "Is there a way to prevent private getter / setter being documented?",
    "LatestDate": "2013-01-06T11:57:46.947-08:00"
  },
  {
    "Id": "428764",
    "Title": "How to display all members in the class topic ?",
    "LatestDate": "2013-01-08T00:13:52.76-08:00"
  },
  {
    "Id": "429318",
    "Title": "Oracle DLL",
    "LatestDate": "2013-01-12T12:42:40.083-08:00"
  },
  {
    "Id": "436756",
    "Title": "Document to use SandCastle",
    "LatestDate": "2013-03-15T06:09:14.083-07:00"
  },
  {
    "Id": "438209",
    "Title": "Link API Members from Conceptual",
    "LatestDate": "2014-03-14T12:27:35.203-07:00"
  },
  {
    "Id": "438367",
    "Title": "codeEntityReference - Change target online MSDN .Net Framework version",
    "LatestDate": "2013-03-28T12:34:35.927-07:00"
  },
  {
    "Id": "440923",
    "Title": "Custom Presentation Style with custom header layout",
    "LatestDate": "2013-04-22T14:10:40.3-07:00"
  },
  {
    "Id": "441312",
    "Title": "generate doc. from website",
    "LatestDate": "2013-04-23T12:12:08.557-07:00"
  },
  {
    "Id": "443935",
    "Title": "Missing shared content item",
    "LatestDate": "2013-05-23T08:34:28.887-07:00"
  },
  {
    "Id": "446145",
    "Title": "Unable to create code documentation for winrt component?",
    "LatestDate": "2013-10-28T17:22:44.817-07:00"
  },
  {
    "Id": "446332",
    "Title": "Code attribute to disable inclusion in help file",
    "LatestDate": "2013-06-07T22:55:11.753-07:00"
  },
  {
    "Id": "446771",
    "Title": "Can I hide \"Missing <summary> documentation\" warnings",
    "LatestDate": "2013-06-12T03:52:52.48-07:00"
  },
  {
    "Id": "453048",
    "Title": "Class Summary also appearing on all public Struct Members help pages",
    "LatestDate": "2013-08-15T04:41:32.697-07:00"
  },
  {
    "Id": "461030",
    "Title": "Strange indentation on firstline of code block,",
    "LatestDate": "2013-10-04T08:03:15.663-07:00"
  },
  {
    "Id": "474271",
    "Title": "Code example c# / vb.net question",
    "LatestDate": "2013-12-16T09:42:56.607-08:00"
  },
  {
    "Id": "479387",
    "Title": "Trim an assembly's build version number",
    "LatestDate": "2014-01-11T18:44:33.18-08:00"
  },
  {
    "Id": "520520",
    "Title": "Remove or Limit Index Entries",
    "LatestDate": "2014-01-27T08:30:19.967-08:00"
  },
  {
    "Id": "531680",
    "Title": "asp classic",
    "LatestDate": "2014-02-13T12:39:35.9-08:00"
  },
  {
    "Id": "535590",
    "Title": "Display build time in documentation",
    "LatestDate": "2014-02-27T04:25:32.62-08:00"
  },
  {
    "Id": "541668",
    "Title": "Build SHFB from source code - problems with reflection data.",
    "LatestDate": "2014-04-08T21:00:15.453-07:00"
  },
  {
    "Id": "541937",
    "Title": "What is the Presentation Style Used in the Sandcastle Help Documentation",
    "LatestDate": "2014-04-12T11:27:40.833-07:00"
  },
  {
    "Id": "542074",
    "Title": "How to add XML code snippets to conceptual topics",
    "LatestDate": "2014-04-12T11:31:30.48-07:00"
  },
  {
    "Id": "544546",
    "Title": "Warning \"MSDN URL not found for target\"",
    "LatestDate": "2014-05-07T12:17:20.75-07:00"
  },
  {
    "Id": "546686",
    "Title": "Class reference documentation tree structure support",
    "LatestDate": "2014-05-29T12:33:11.917-07:00"
  },
  {
    "Id": "548765",
    "Title": "Adding Image to a header",
    "LatestDate": "2014-06-16T08:36:12.06-07:00"
  },
  {
    "Id": "550318",
    "Title": "Documentation of inherited members from external library",
    "LatestDate": "2014-07-03T04:19:53.583-07:00"
  },
  {
    "Id": "550552",
    "Title": "How to include a copyright symbol in the Copyright notice text field?",
    "LatestDate": "2014-07-03T15:21:06.88-07:00"
  },
  {
    "Id": "551957",
    "Title": "Inserting code examples on custom page in tabs",
    "LatestDate": "2014-07-29T04:59:55.62-07:00"
  },
  {
    "Id": "552448",
    "Title": "How to determine the GUID of the root namespace container page?",
    "LatestDate": "2014-07-24T14:56:07.347-07:00"
  },
  {
    "Id": "552739",
    "Title": "Error caused by a query string parameter in the externalLink's linkUri property",
    "LatestDate": "2014-07-23T21:05:31.09-07:00"
  },
  {
    "Id": "567797",
    "Title": "Specific Class for \"Namespace Group\" Documentation",
    "LatestDate": "2014-09-18T12:17:47.13-07:00"
  },
  {
    "Id": "572301",
    "Title": "Can I Use Sandcastle for Objective-C code documentation generation?",
    "LatestDate": "2014-11-19T12:21:13.787-08:00"
  },
  {
    "Id": "572331",
    "Title": "Always show parameters of memberfunctions",
    "LatestDate": "2014-11-20T02:26:19.853-08:00"
  },
  {
    "Id": "575529",
    "Title": "Run-time error when building a help project",
    "LatestDate": "2014-12-16T13:41:38.743-08:00"
  },
  {
    "Id": "640466",
    "Title": "Section Ordering",
    "LatestDate": "2015-06-26T12:05:44.107-07:00"
  },
  {
    "Id": "642667",
    "Title": "Generated website does not work",
    "LatestDate": "2015-09-06T11:14:56.16-07:00"
  },
  {
    "Id": "646926",
    "Title": "Extract comments which are inside the function",
    "LatestDate": "2015-11-03T12:28:24.213-08:00"
  },
  {
    "Id": "660159",
    "Title": "How to use in the TOC a descriptive title instead of the namespace",
    "LatestDate": "2016-12-15T06:00:21.763-08:00"
  }
]