[
  {
    "Id": "79140",
    "ThreadId": "23623",
    "Html": "\r\nI have two questions,<br /><br />1. Where is the source code in codeplex? The project repository is emtpy.<br /><br />2. In our managed C++ assembly we have anonymous namespaces which when compiled result in Sandcastle blowing up. It complains that the namespace contains invalid characters. I wanted to grab the code and see if I can patch it locally to make it work hence my original question regarding the location of the source code.<br /><br />Wojtek<br />",
    "PostedDate": "2008-03-08T09:23:17.383-08:00",
    "UserRole": null,
    "MarkedAsAnswerDate": null
  },
  {
    "Id": "79155",
    "ThreadId": "23623",
    "Html": "\r\nHi Wojtek, <br /><br />The source code has not been released.  You should add the bug to the <i>Issue Tracker</i>.<br /><br />(I assume the error is a result of executing <i>MRefBuilder.exe</i>, correct?)<br /><br />- Dave<br />",
    "PostedDate": "2008-03-08T11:41:12.55-08:00",
    "UserRole": null,
    "MarkedAsAnswerDate": null
  },
  {
    "Id": "79193",
    "ThreadId": "23623",
    "Html": "\r\nDave,<br /><br />I can't recall where exactly but I will paste in th exact error on monday when I run it at work. I'll add the bug then as well.<br /><br />Thanks<br />Wojtek<br />",
    "PostedDate": "2008-03-08T17:23:13.65-08:00",
    "UserRole": null,
    "MarkedAsAnswerDate": null
  }
]