[
  {
    "Id": "462880",
    "ThreadId": "218207",
    "Html": "<p>Hello All,</p>\r\n<p>The sources under the source control does not match the released binary! Am I missing something?</p>\r\n<p>Best regards,<br>Paul.&nbsp;</p>",
    "PostedDate": "2010-07-02T15:50:17.65-07:00",
    "UserRole": null,
    "MarkedAsAnswerDate": null
  },
  {
    "Id": "462882",
    "ThreadId": "218207",
    "Html": "\r\n<div>\r\n<p><span style=\"font-size:11.0pt;font-family:'Calibri','sans-serif';color:#1F497D\">They should definitely match and if they don’t we will correct it asap.  I will check with the person who generated the MSI and posted the source code. I may\r\n not get an answer for you until Monday since he comes to work Sunday evening (he is in Beijing).    </span></p>\r\n<p><span style=\"font-size:11.0pt;font-family:'Calibri','sans-serif';color:#1F497D\"> </span></p>\r\n<div>\r\n<div style=\"border:none;border-top:solid #B5C4DF 1.0pt;padding:3.0pt 0in 0in 0in\">\r\n<p><b><span style=\"font-size:10.0pt;font-family:'Tahoma','sans-serif'\">From:</span></b><span style=\"font-size:10.0pt;font-family:'Tahoma','sans-serif'\"> SelormeyPaul [mailto:notifications@codeplex.com]\r\n<br>\r\n<b>Sent:</b> Friday, July 02, 2010 3:50 PM<br>\r\n<b>To:</b> Darren Parker<br>\r\n<b>Subject:</b> Sandcastle-June 2010 Release: Source and Binary [Sandcastle:218207]</span></p>\r\n</div>\r\n</div>\r\n<p> </p>\r\n<p><span style=\"font-size:9.0pt;font-family:'Verdana','sans-serif'\">From: SelormeyPaul</span></p>\r\n<div style=\"margin-bottom:24.0pt\" id=ThreadNotificationPostBody>\r\n<p><span style=\"font-size:9.0pt;font-family:'Verdana','sans-serif'\">Hello All,</span></p>\r\n<p><span style=\"font-size:9.0pt;font-family:'Verdana','sans-serif'\">The sources under the source control does not match the released binary! Am I missing something?</span></p>\r\n<p><span style=\"font-size:9.0pt;font-family:'Verdana','sans-serif'\">Best regards,<br>\r\nPaul. </span></p>\r\n</div>\r\n<div style=\"border:none;border-top:solid #CCCCCC 1.0pt;padding:0in 0in 0in 0in\" id=ThreadNotificationFooter>\r\n<p><span style=\"font-size:9.0pt;font-family:'Verdana','sans-serif';color:gray\">Read the\r\n<a href=\"http://sandcastle.codeplex.com/Thread/View.aspx?ThreadId=218207&ANCHOR#Post462880\">\r\nfull discussion online</a>.</span></p>\r\n<p><span style=\"font-size:9.0pt;font-family:'Verdana','sans-serif';color:gray\">To add a post to this discussion, reply to this email (<a href=\"mailto:Sandcastle@discussions.codeplex.com?subject=[Sandcastle:218207]\">Sandcastle@discussions.codeplex.com</a>)</span></p>\r\n<p><span style=\"font-size:9.0pt;font-family:'Verdana','sans-serif';color:gray\">To start a new discussion for this project, email\r\n<a href=\"mailto:Sandcastle@discussions.codeplex.com\">Sandcastle@discussions.codeplex.com</a></span></p>\r\n<p><span style=\"font-size:9.0pt;font-family:'Verdana','sans-serif';color:gray\">You are receiving this email because you subscribed to this discussion on CodePlex. You can\r\n<a href=\"https://sandcastle.codeplex.com/subscriptions/thread/project/edit\">unsubscribe or change your settings</a> on codePlex.com.</span></p>\r\n<p><span style=\"font-size:9.0pt;font-family:'Verdana','sans-serif';color:gray\">Please note: Images and attachments will be removed from emails. Any posts to this discussion will also be available online at codeplex.com</span></p>\r\n</div>\r\n</div>\r\n",
    "PostedDate": "2010-07-02T15:56:51.807-07:00",
    "UserRole": null,
    "MarkedAsAnswerDate": null
  },
  {
    "Id": "462893",
    "ThreadId": "218207",
    "Html": "<p>Hello Darren,</p>\r\n<p>Thanks for the quick response. I was getting a mix result with my tools and decided to find out what is really doing on.</p>\r\n<p>A quick check is the implementation of the IDisposable in the source (BuildComponent)</p>\r\n<p><a href=\"http://sandcastle.codeplex.com/SourceControl/changeset/view/54478#397126\">http://sandcastle.codeplex.com/SourceControl/changeset/view/54478#397126</a></p>\r\n<p><a href=\"http://sandcastle.codeplex.com/SourceControl/changeset/view/54478#397126\"></a>compared with a Reflector view of the binary version in&nbsp;BuildAssemblerLibrary.dll. Can someone else confirm this?</p>\r\n<p>Best regards,<br>Paul.&nbsp;</p>",
    "PostedDate": "2010-07-02T16:10:03.133-07:00",
    "UserRole": null,
    "MarkedAsAnswerDate": null
  },
  {
    "Id": "462924",
    "ThreadId": "218207",
    "Html": "<p>Yes, I noticed that too.&nbsp; The IDisposable pattern changed in the July 2009 release and was what you see in the source code for the current June 2010 release.&nbsp; However, the latest release's binaries&nbsp;uses the same pattern as the May 2008 and prior releases (only a Dispose() method, no Dispose(true) method).&nbsp; In fact, if you compare the code from the latest release in the .\\Development\\Source folder to the code extracted from the Snapshots\\SandcastleSource.zip file, there are several differences.&nbsp; However, the code in the .\\Development folder appears to be the most recent and is a close match to the binaries as far as I can tell with no missing functionality.&nbsp; The version number in the snapshot&nbsp;copy is for the prior release too so it probably doesn't belong there.</p>\r\n<p>Eric</p>\r\n<p>&nbsp;</p>",
    "PostedDate": "2010-07-02T19:08:04.02-07:00",
    "UserRole": null,
    "MarkedAsAnswerDate": null
  },
  {
    "Id": "462978",
    "ThreadId": "218207",
    "Html": "<p><strong>Eric</strong>: &gt;&gt;...<span style=\"color:#30332d\"><em>and is a close match to the binaries as far as I can tell with no missing functionality</em>.&nbsp;</span></p>\r\n<p><span style=\"color:#30332d\">By its label, &quot;<em>Associated with Release: Sandcastle-June 2010 Release (Version 2.6.1062.1).</em>&quot;, <br>this should be the <strong>same</strong> as the released version, not close.</span></p>\r\n<p><strong>Eric</strong>: &gt;&gt;<span style=\"color:#30332d\">&nbsp;<em>The version number in the snapshot&nbsp;copy is for the prior release too so it probably doesn't belong there</em>.</span></p>\r\n<p><span style=\"color:#30332d\">The snapshot was the first dump/release of the Sandcastle sources - it has never changed.</span></p>\r\n<p><span style=\"color:#30332d\">Best regards,<br>Paul.&nbsp;</span></p>",
    "PostedDate": "2010-07-02T23:54:45.857-07:00",
    "UserRole": null,
    "MarkedAsAnswerDate": null
  },
  {
    "Id": "465193",
    "ThreadId": "218207",
    "Html": "<p>Hello Darren,</p>\r\n<p>It is Friday (here in Japan), what is your position on this issue?</p>\r\n<p>Best regards,<br>Paul.&nbsp;</p>",
    "PostedDate": "2010-07-08T20:36:57.033-07:00",
    "UserRole": null,
    "MarkedAsAnswerDate": null
  },
  {
    "Id": "466755",
    "ThreadId": "218207",
    "Html": "Darren, do you have any news about this problem?",
    "PostedDate": "2010-07-13T05:29:36.207-07:00",
    "UserRole": null,
    "MarkedAsAnswerDate": null
  },
  {
    "Id": "466822",
    "ThreadId": "218207",
    "Html": "<p>Hey,</p>\r\n<p>Sandcastle was managed by a few different teams here&nbsp;over the last few years.&nbsp; It looks like for some reason, a few changes&nbsp;were made directly in the Codeplex version of the source.&nbsp;&nbsp;Unfortunately, the&nbsp;changes never ended up getting made in our&nbsp;internal source.&nbsp;&nbsp;They&nbsp;appear to have been&nbsp;made to fix some FxCop warnings:</p>\r\n<p><span style=\"color:#1f497d\">Warning&nbsp;&nbsp;&nbsp;&nbsp;&nbsp;&nbsp;&nbsp;&nbsp;&nbsp;&nbsp;&nbsp;&nbsp;&nbsp;&nbsp; 27&nbsp;&nbsp;&nbsp;&nbsp;&nbsp;&nbsp;&nbsp;&nbsp;&nbsp;&nbsp; CA1816 : Microsoft.Usage : Change 'BuildComponent.Dispose()' to call 'GC.SuppressFinalize(object)'. This will prevent unnecessary finalization of the object once it has been disposed and it has fallen out of scope.&nbsp;&nbsp;&nbsp;&nbsp;&nbsp;&nbsp;&nbsp;&nbsp; \\Source\\BuildAssembler\\BuildAssemblerLibrary\\BuildComponent.cs&nbsp;&nbsp;&nbsp;&nbsp; 24&nbsp;&nbsp;&nbsp;&nbsp;&nbsp;&nbsp;&nbsp;&nbsp;&nbsp;&nbsp;&nbsp;&nbsp;&nbsp;&nbsp;&nbsp; BuildAssemblerLibrary</span></p>\r\n<p><span style=\"color:#1f497d\">&nbsp;</span><span style=\"color:#1f497d\">Warning&nbsp;&nbsp;&nbsp;&nbsp;&nbsp;&nbsp;&nbsp;&nbsp;&nbsp;&nbsp;&nbsp;&nbsp;&nbsp;&nbsp; 28&nbsp;&nbsp;&nbsp;&nbsp;&nbsp;&nbsp;&nbsp;&nbsp;&nbsp;&nbsp; CA1063 : Microsoft.Design : Modify 'BuildComponent.Dispose()' so that it calls Dispose(true), then calls GC.SuppressFinalize on the current object instance ('this' or 'Me' in Visual Basic), and then returns.&nbsp;&nbsp;&nbsp;&nbsp;&nbsp;&nbsp;&nbsp;&nbsp;&nbsp;&nbsp;&nbsp;&nbsp;&nbsp;&nbsp;&nbsp; \\Trunk\\Source\\BuildAssembler\\BuildAssemblerLibrary\\BuildComponent.cs&nbsp;&nbsp;&nbsp;&nbsp;&nbsp;&nbsp;&nbsp; 24&nbsp;&nbsp;&nbsp;&nbsp;&nbsp;&nbsp;&nbsp;&nbsp;&nbsp;&nbsp; BuildAssemblerLibrary</span></p>\r\n<p>I have asked our team to pick up these changes and get them into&nbsp;our main branch.&nbsp; We will then&nbsp;regenerate a setup package and release it&nbsp;so that&nbsp;everything is 100 % in sync.</p>\r\n<p>Darren</p>",
    "PostedDate": "2010-07-13T07:12:04.117-07:00",
    "UserRole": null,
    "MarkedAsAnswerDate": null
  },
  {
    "Id": "466930",
    "ThreadId": "218207",
    "Html": "Hi Darren et al;\r\n\r\nPerhaps a Public Beta might not have been such a bad idea after all??\r\n\r\nRegards\r\n\r\nDave",
    "PostedDate": "2010-07-13T11:32:50.97-07:00",
    "UserRole": null,
    "MarkedAsAnswerDate": null
  },
  {
    "Id": "469728",
    "ThreadId": "218207",
    "Html": "HI Darren,\r\n\r\nI was working with Sandcastle 2.6.10621.1 and SHFB 1.9.1.0 and there are more differences between source code and assemblies installed by released MSI package.\r\n\r\nWhen you build Sandcastle from source code you will have MRefBuilder.exe that is referencing Reflection.dll - with most of the API. This is not true for the MRefBuilder installed with the released package - it contains all the API from the Reflection.dll in itself. There are also two other programs bundled in the MSI: SegregateByAssembly.exe and SegregateByNamespace.exe and their source code is not included in the June release. And there are possibly even more differences.\r\n\r\nWill this be addressed and *when* ? Should we wait a week? A month? Or another year for next release?\r\n\r\nPS: I'm just wondering how is it even possible to release completely different source code and programs? (Microsoft is not making a release for the first time and this is not yours first open source project.)\r\n\r\nBTW: Codeplex is no longer replacing newlines in comments with HTML brs... Well, one must put br tag on its own...",
    "PostedDate": "2010-07-20T08:00:46.52-07:00",
    "UserRole": null,
    "MarkedAsAnswerDate": null
  },
  {
    "Id": "469752",
    "ThreadId": "218207",
    "Html": "<p><strong>izak</strong>: &gt;&gt;<em>PS: I'm just wondering how is it even possible to release completely different source code and programs?</em></p>\r\n<p>Darren is new to the Sandcastle Team, and now trying to put a team in place so lets give him time.</p>\r\n<p>The Help Teams (plural) at MS are very political. With the formation of the Help 3 Team, we all thought things were going to get better, but we are back to the same point.</p>\r\n<p>On the current problem, my guess is that ComponentOne, which was contracted to move the Sandcastle to the MHV platform, started with the older released version of the Sandcastle, and the version in the Codeplex source control is the synchronized source. The release manager mistakenly released the version from ComponentOne as Sandcastle 2.6.10621.1</p>\r\n<p>Best regards, <br>Paul</p>",
    "PostedDate": "2010-07-20T08:40:00.59-07:00",
    "UserRole": null,
    "MarkedAsAnswerDate": null
  }
]