[
  {
    "Id": "178085",
    "ThreadId": "52952",
    "Html": "<a href=\"http://msdn.microsoft.com/en-us/library/bb707561.aspx\">http://msdn.microsoft.com/en-us/library/bb707561.aspx</a>`<div><span style=\"font-family:verdana;font-size:11px;line-height:15px\"><div>Visual Studio SDK</div><div style=\"color:rgb(0, 0, 0);font-family:arial, helvetica, sans-serif;font-size:190%;font-style:normal;font-variant:normal;font-weight:bold;line-height:normal;margin-top:0px;margin-right:0px;margin-bottom:10px;margin-left:0px\">Help Tools ~~ <span style=\"font-style:italic\">Community Content</span><br></div></span></div><div>Dave Sexton (a.k.a. davedev) wrote, in part:<br></div><div><span style=\"font-family:verdana;font-size:12px\">&quot;The Visual Studio SDK (both 2005 and <span style=\"font-weight:bold\">2008</span>) install <span style=\"font-weight:bold;font-style:italic\">outdated </span>Community Technology Preview (CTP) versions of Sandcastle.&quot;<br></span><br>??? is this still the case with <span style=\"font-family:verdana;font-size:21px\">Visual Studio 2008 SDK 1.1 ????</span><br><a href=\"http://www.microsoft.com/downloads/details.aspx?FamilyId=59EC6EC3-4273-48A3-BA25-DC925A45584D&displaylang=en\">http://www.microsoft.com/downloads/details.aspx?FamilyId=59EC6EC3-4273-48A3-BA25-DC925A45584D&amp;displaylang=en</a><br><br>Thank you.</div><div><br></div><div>Regards ~~ Gerry (Lowry)</div>",
    "PostedDate": "2009-04-10T17:26:53.32-07:00",
    "UserRole": null,
    "MarkedAsAnswerDate": null
  },
  {
    "Id": "178100",
    "ThreadId": "52952",
    "Html": "Yes, it does.  You can either reinstall the latest release of Sandcastle available from this project or just edit the environment variables to delete any user copy of DXROOT and point the system copy of DXROOT at the latest release in C:\\Program Files\\Sandcastle.<br>\r\n<br>\r\nEric<br>\r\n",
    "PostedDate": "2009-04-10T19:34:33.483-07:00",
    "UserRole": null,
    "MarkedAsAnswerDate": null
  }
]