[
  {
    "Id": "478722",
    "ThreadId": "223101",
    "Html": "Hi, I am trying to use the latest stable release of SandCastle in VS2010. I have a 'Website' created in .Net 3.5 with C#. I am trying to build the &lt;system.codedom&gt;section in the web.config file as directed in the tutorial located here. But however even after the installation, I couldn't find the file 'EWSoftware.CodeDom.dll' anywhere and hence receiving some errors while compiling. Can anyone help me out? Where do I find the 'EWSoftware.CodeDom.dll'. my web.config file \r\n\r\n\r\n&lt;system.codedom&gt;  &lt;compilers&gt;  &lt;compiler language=&quot;c#;cs;csharp&quot; extension=&quot;.cs&quot; warningLevel=&quot;4&quot; compilerOptions=&quot;/docpath:C:\\Publish\\Docs&quot; type=&quot;EWSoftware.CodeDom.CSharpCodeProviderWithDocs,EWSoftware.CodeDom, Version=1.1.0.0, Culture=neutral, PublicKeyToken=d633d7d5b41cbb65,Microsoft.CSharp.CSharpCodeProvider, System, Version=2.0.0.0, Culture=neutral, PublicKeyToken=b77a5c561934e089&quot;&gt;  &lt;providerOption name=&quot;CompilerVersion&quot; value=&quot;v3.5&quot;/&gt;  &lt;providerOption name=&quot;WarnAsError&quot; value=&quot;false&quot;/&gt;  &lt;/compiler&gt;  &lt;/compilers&gt;  &lt;/system.codedom&gt; The error I am getting -- The given assembly name or codebase was invalid. (Exception from HRESULT: 0x80131047) \r\n\r\n\r\n\r\n\r\n\r\n\r\n\r\nThanks in advance. Som",
    "PostedDate": "2010-08-10T11:14:33.62-07:00",
    "UserRole": null,
    "MarkedAsAnswerDate": null
  },
  {
    "Id": "478767",
    "ThreadId": "223101",
    "Html": "<p>You can get the custom web code providers from the <a title=\"Web Code Providers\" href=\"http://sandcastlestyles.codeplex.com/releases/view/22689\">Sandcastle Styles</a> project.&nbsp; You'll need to install the assembly in the GAC or put it in your website's .\\bin folder so that it can be found.&nbsp; See the help file that accompanies the assembly for details.</p>\r\n<p>Eric</p>\r\n<p>&nbsp;</p>",
    "PostedDate": "2010-08-10T12:35:50.087-07:00",
    "UserRole": null,
    "MarkedAsAnswerDate": null
  }
]