[
  {
    "Id": "272736",
    "ThreadId": "79647",
    "Html": "<p>Revision&nbsp;3 of the Sandcastle Styles patch is now available from <a href=\"http://www.codeplex.com/SandcastleStyles/Release/ProjectReleases.aspx?ReleaseId=18784\">http://www.codeplex.com/SandcastleStyles/Release/ProjectReleases.aspx</a>.&nbsp; It contains various patches and feature enhancements for the Sandcastle May 2008 Release (Version 2.4.10520). See FixList.txt in the ZIP file for a list of the patches applied and links to the related Sandcastle project work items.</p>\r\n<p>This change set includes all updates from the Sandcastle July 2009 source code release with the Sandcastle Styles patches applied to it. In addition it in includes the following updates and fixes:</p>\r\n<ul>\r\n<li>Fixed a bug in the July 2009 source code release that caused missing enum member descriptions in the VS2005 style. </li>\r\n<li>Added a value column to enum member tables to show the numeric member value. </li>\r\n<li>Added some missing resource items to the Hana and Prototype styles. </li>\r\n<li>Added support for the &quot;definition&quot; list type on &quot;list&quot; XML comment elements. </li>\r\n<li>Added support for XML comment term element in bullet and number list styles </li>\r\n<li>Added support for the &quot;start&quot; attribute on &quot;list&quot; XML comment and MAML elements that use the number/ordered style to allow the definition of the starting number for the list instance. </li>\r\n<li>Added an MRefBuilder.exe.config file to allow MRefBuilder to parse .NET 4.0 assemblies (current as of the VS 2010 Beta 2 release). </li>\r\n<li>Add changes to support code contract elements in the VS2005 style. Updated FixList.txt to remove the four fixed items and add references for the new bug fixes and changes.</li>\r\n</ul>\r\n<p><br>This file set can be used to overwrite the corresponding Sandcastle May 2008 release files with or without a prior Sandcastle Styles patches applied to them and can be used in conjunction with the May 2008 Sandcastle executables. The only thing you cannot do is produce F# syntax sections since the May 2008 release does not contain the needed syntax declaration component. If you need to produce F# syntax sections a copy of the syntax generator component that does work with the May 2008 Sandcastle release can be found in the <a href=\"http://SHFB.CodePlex.com/Release/ProjectReleases.aspx\">Standalone Build Components (v1.8.0.3 or later)</a> download available from the Sandcastle Help File Builder project.</p>",
    "PostedDate": "2010-01-03T22:43:17.433-08:00",
    "UserRole": null,
    "MarkedAsAnswerDate": null
  },
  {
    "Id": "273153",
    "ThreadId": "79647",
    "Html": "<p>I just issued a refresh of the Rev 3 patch that includes an additional fix that was missed.&nbsp; The VS2005 main_sandcastle.xsl transform was missing a variable declaration needed by the version builder elements.&nbsp; If you downloaded the version released on 01/03/2010, just redownload the latest update and reapply it to obtain the extra fix.</p>\r\n<p>Eric</p>\r\n<p>&nbsp;</p>",
    "PostedDate": "2010-01-04T19:58:21.383-08:00",
    "UserRole": null,
    "MarkedAsAnswerDate": null
  },
  {
    "Id": "551244",
    "ThreadId": "79647",
    "Html": "\r\n<p>Hello, Eric -</p>\r\n<p>I'm having problems documenting some generics using Sandcastle June 2010 release, so I'm trying to roll back to the May 2008 release. Could you recreate the old styles patch release?</p>\r\n<p>Thanks,<br>\r\n&nbsp;&nbsp;&nbsp;&nbsp;&nbsp;&nbsp; -Steve</p>\r\n",
    "PostedDate": "2011-01-18T06:46:28.58-08:00",
    "UserRole": null,
    "MarkedAsAnswerDate": null
  },
  {
    "Id": "551257",
    "ThreadId": "79647",
    "Html": "\r\n<p>Hello Steve,</p>\r\n<p>It is now public, please report on any difference in the generic problem.</p>\r\n<p>Best regards,<br>\r\nPaul.&nbsp;</p>\r\n",
    "PostedDate": "2011-01-18T07:04:05.04-08:00",
    "UserRole": null,
    "MarkedAsAnswerDate": null
  },
  {
    "Id": "552022",
    "ThreadId": "79647",
    "Html": "\r\n<p>Hello Paul -</p>\r\n<p>Well, there is&nbsp;a difference, but it's not what I was hoping for.</p>\r\n<p>With the simple example:</p>\r\n<p>/// &lt;summary&gt;A generic&nbsp;interface.&lt;/summary&gt;<br>\r\npublic interface ITest&lt;T&gt;<br>\r\n{<br>\r\n&nbsp;&nbsp;/// &lt;summary&gt;A method.&lt;/summary&gt;<br>\r\n&nbsp; /// &lt;param name=&quot;param&quot;&gt;A&nbsp;parameter that is&nbsp;of a generic type.&lt;/param&gt;<br>\r\n&nbsp; void Test(Func&lt;int&gt; param);<br>\r\n}</p>\r\n<p>The output from the old MRefBuilder skips over the Test method completely, leaving just an empty interface&nbsp;(!). The output from the new MRefBuilder spits out &quot;M:ClassLibrary1.ITest`1.Test(System.Func`1)&quot;, which I believe is incorrect.</p>\r\n<p>VS outputs this doc id in the xml doc file: &quot;M:ClassLibrary1.ITest`1.Test(System.Func{System.Int32})&quot;, which I believe is correct.</p>\r\n<p>[note: the strings above were written from memory, but I'm almost sure they're right].</p>\r\n<p>I'm actually suspecting a bug in the CCI library used by MRefBuilder; the doc id output seems to be using the (open) generic type instead of the constructed type for method parameters in generic interfaces. After I get a decent repro going, I'll submit it\r\n as a bug (to CCI or Sandcastle, as appropriate).</p>\r\n<p>&nbsp;&nbsp;&nbsp;&nbsp;&nbsp;&nbsp; -Steve</p>\r\n",
    "PostedDate": "2011-01-19T09:49:00.337-08:00",
    "UserRole": null,
    "MarkedAsAnswerDate": null
  },
  {
    "Id": "552128",
    "ThreadId": "79647",
    "Html": "\r\n<p>Be aware that the May 2008 release doesn't parse .NET 4.0 assemblies correctly.&nbsp; In classes with methods containing generics, it does tend to incorrectly remove all member from the class.&nbsp; That was fixed in the June 2010 release but a side-effect\r\n is that you see the new bug where it doesn't always generate the correct member IDs for those with generic parameters and you end up with a mismatch between the IDs in the reflection info file and the XML comments.</p>\r\n<p>Eric</p>\r\n<p>&nbsp;</p>\r\n",
    "PostedDate": "2011-01-19T12:15:57.22-08:00",
    "UserRole": null,
    "MarkedAsAnswerDate": null
  },
  {
    "Id": "552177",
    "ThreadId": "79647",
    "Html": "\r\n<p>Eric -</p>\r\n<p>Is this already a known issue for the June 2010 release? I've looked over&nbsp;MRefBuilder's source and I believe the fault lies with CCI, but it's not possible to say for sure. I tried to use CCI a couple years ago but gave up due to lack of documentation\r\n (and API churn).</p>\r\n<p>I'm thinking I'll just file an issue for the Sandcastle project, and they can distill it into a CCI issue if they want to. Unless this is already a known issue.</p>\r\n<p>&nbsp;&nbsp;&nbsp;&nbsp;&nbsp;&nbsp; -Steve</p>\r\n",
    "PostedDate": "2011-01-19T13:29:23.433-08:00",
    "UserRole": null,
    "MarkedAsAnswerDate": null
  },
  {
    "Id": "552229",
    "ThreadId": "79647",
    "Html": "\r\n<p>I don't think it has been reported, not here anyway.&nbsp; I'd go ahead and create a workitem with any examples you have.&nbsp; If it's a duplicate, they can close it out later.</p>\r\n<p>Eric</p>\r\n<p>&nbsp;</p>\r\n",
    "PostedDate": "2011-01-19T15:20:37.443-08:00",
    "UserRole": null,
    "MarkedAsAnswerDate": null
  }
]