[
  {
    "Id": "108286",
    "ThreadId": "32663",
    "Html": "I have a .NET 3.5 project and when I try to build the documentation I receive the following error:<br>\r\n<br>\r\nError: Unresolved assembly reference: System (System, Version=3.5.0.0, Culture=neutral, PublicKeyToken=969db8053d3322ac, Retargetable=Yes) required by...<br>\r\n<br>\r\nSwitching the FrameworkVersion to&nbsp;2.0.50727 (in SandCastle Help File Builder) did not make&nbsp;a difference.<br>\r\nTo my knowledge, the .NET 3.5 framework did not contain an updated System.dll, any ideas where it's getting the idea that it's 3.5.0.0?\r\n",
    "PostedDate": "2008-07-31T09:49:04.937-07:00",
    "UserRole": null,
    "MarkedAsAnswerDate": null
  },
  {
    "Id": "108315",
    "ThreadId": "32663",
    "Html": "<p>You should be able to check the references in the Visual Studio project to see where it's pulling the assemblies from.</p>\r\n<p>Eric</p>\r\n<p>&nbsp;</p>\r\n",
    "PostedDate": "2008-07-31T11:56:59.513-07:00",
    "UserRole": null,
    "MarkedAsAnswerDate": null
  },
  {
    "Id": "108326",
    "ThreadId": "32663",
    "Html": "Ok, got it.&nbsp; I looked at the reference in VS and it showed Version 3.5.0.0 and Runtime Version v2.0.50727.<br>\r\n<br>\r\nIt turns out that the project it was complaining about was using the compact framework.&nbsp; I hadn't been in there in a while and completely forgot it was .NET CF.<br>\r\n<br>\r\nLong story short, I added the .NET 3.5 WindowsCE references and it was OK.\r\n",
    "PostedDate": "2008-07-31T12:59:53.407-07:00",
    "UserRole": null,
    "MarkedAsAnswerDate": null
  }
]