[
  {
    "Id": "923512",
    "ThreadId": "398496",
    "Html": "\r\n<p>I was contacted by Darren Parker on Friday.&nbsp; He had been trying for a couple of weeks to finalize the transfer of the project to me.&nbsp; However, things have not worked out as planned.&nbsp; Microsoft Legal had reservations about turning over this\r\n project site to the community.&nbsp; While it may have been possible to try and work through those issues and do so, it would most likely have resulted in a long, drawn out process with no guarantee of the outcome we wanted.&nbsp; Both Darren and&nbsp;I agreed\r\n that this was not worth the effort given that the Ms-PL license under which Sandcastle is published gives us, the community, the right to fork a new version and continue development by that means.</p>\r\n<p>Forking&nbsp;a version was always an option, one that I was not keen to do while this site remained active though neglected.&nbsp; Pursuing the option to take ownership of the site was the better choice at that time.&nbsp; However, since that is no longer\r\n possible and there will be a definite statement of discontinued support for this project site, I am now agreeable to continuing development on a forked version.&nbsp; As such, that is what will happen.</p>\r\n<p>Darren is in the process of drawing up a statement that will be posted here on the home page of the Sandcastle project officially declaring the end of Microsoft's development and support of the project at this site.&nbsp; It will recommend going to the Sandcastle\r\n Help File Builder project site here on CodePlex for all future updates and releases of the Sandcastle tools.</p>\r\n<p>While I could create a new project to host the Sandcastle tools or reuse the existing Sandcastle Styles site, I have decided in the interest of simplicity to just make the Sandcastle tools code base a sub-project of the Sandcastle Help File Builder project.&nbsp;\r\n It will remain separate from SHFB but will be distributed from there.&nbsp; As it will retain the ability to be used in a standalone fashion, this will allow those that wish to use the Sandcastle tools with their own tools and scripts the ability to do so\r\n while benefitting from future fixes and new features.</p>\r\n<p>Effective immediately, please post all Sandcastle tools related questions and work items on the Sandcastle Help File Builder project site (<a href=\"http://shfb.codeplex.com/\">http://SHFB.CodePlex.com</a>).&nbsp; The update that was supposed to have been\r\n made here has been published there (Sandcastle 2.7.1.0 and SHFB 1.9.5.0).&nbsp; Source code for the Sandcastle tools has been merged into the SHFB source code tree.&nbsp; The content of the Sandcastle Styles site has been merged with the SHFB project and I\r\n will eventually shut it down as it has served its purpose and is no longer required.</p>\r\n<p>For a list of future enhancements and features planned for Sandcastle and the Sandcastle Help File Builder, see the\r\n<a title=\"Future Enhancements\" href=\"http://shfb.codeplex.com/wikipage?title=Future%20Enhancements%20and%20Features\" target=\"_blank\">\r\nFuture Enhancements and Features</a> page at the SHFB project site.</p>\r\n<p>Thank you for your support.</p>\r\n<p>Eric</p>\r\n<p>Project Status Update Thread #1: <a href=\"http://sandcastle.codeplex.com/discussions/288079\">\r\nhttp://sandcastle.codeplex.com/discussions/288079</a><br>\r\nProject Status Update Thread #2: <a href=\"http://sandcastle.codeplex.com/discussions/391591\">\r\nhttp://sandcastle.codeplex.com/discussions/391591</a></p>\r\n",
    "PostedDate": "2012-10-08T09:30:22.523-07:00",
    "UserRole": null,
    "MarkedAsAnswerDate": null
  },
  {
    "Id": "923519",
    "ThreadId": "398496",
    "Html": "\r\n<div>\r\n<p><span style=\"font-family:\">Thank God!</span></p>\r\n<p><span style=\"font-family:\"></span></p>\r\n<p><span style=\"font-family:\">Nice work, Eric.</span></p>\r\n<p><span style=\"font-family:\"></span></p>\r\n<p><span style=\"font-family:\">Thanks for everything.</span></p>\r\n<p><span style=\"font-family:\"></span></p>\r\n<p><span style=\"font-family:\">Scott</span></p>\r\n<p><span style=\"font-family:\"></span></p>\r\n<div>\r\n<div style=\"border:none; border-top:solid #B5C4DF 1.0pt; padding:3.0pt 0in 0in 0in\">\r\n<p><b><span style=\"font-size:10.0pt; font-family:\">From:</span></b><span style=\"font-size:10.0pt; font-family:\"> EWoodruff [email removed]\r\n<br>\r\n<b>Sent:</b> Monday, October 08, 2012 12:30 PM<br>\r\n<b>To:</b> Scott Nickel<br>\r\n<b>Subject:</b> PLEASE READ: Final Project Status Update [Sandcastle:398496]</span></p>\r\n</div>\r\n</div>\r\n<p></p>\r\n<p><span style=\"font-size:9.0pt; font-family:\">From: EWoodruff</span></p>\r\n<div id=\"ThreadNotificationPostBody\" style=\"margin-bottom:24.0pt\">\r\n<p><span style=\"font-size:9.0pt; font-family:\">I was contacted by Darren Parker on Friday. He had been trying for a couple of weeks to finalize the transfer of the project to me. However, things have not worked out as planned. Microsoft Legal had reservations\r\n about turning over this project site to the community. While it may have been possible to try and work through those issues and do so, it would most likely have resulted in a long, drawn out process with no guarantee of the outcome we wanted. Both Darren and\r\n I agreed that this was not worth the effort given that the Ms-PL license under which Sandcastle is published gives us, the community, the right to fork a new version and continue development by that means.</span></p>\r\n<p><span style=\"font-size:9.0pt; font-family:\">Forking a version was always an option, one that I was not keen to do while this site remained active though neglected. Pursuing the option to take ownership of the site was the better choice at that time. However,\r\n since that is no longer possible and there will be a definite statement of discontinued support for this project site, I am now agreeable to continuing development on a forked version. As such, that is what will happen.</span></p>\r\n<p><span style=\"font-size:9.0pt; font-family:\">Darren is in the process of drawing up a statement that will be posted here on the home page of the Sandcastle project officially declaring the end of Microsoft's development and support of the project at this\r\n site. It will recommend going to the Sandcastle Help File Builder project site here on CodePlex for all future updates and releases of the Sandcastle tools.</span></p>\r\n<p><span style=\"font-size:9.0pt; font-family:\">While I could create a new project to host the Sandcastle tools or reuse the existing Sandcastle Styles site, I have decided in the interest of simplicity to just make the Sandcastle tools code base a sub-project\r\n of the Sandcastle Help File Builder project. It will remain separate from SHFB but will be distributed from there. As it will retain the ability to be used in a standalone fashion, this will allow those that wish to use the Sandcastle tools with their own\r\n tools and scripts the ability to do so while benefitting from future fixes and new features.</span></p>\r\n<p><span style=\"font-size:9.0pt; font-family:\">Effective immediately, please post all Sandcastle tools related questions and work items on the Sandcastle Help File Builder project site (<a href=\"http://shfb.codeplex.com/\">http://SHFB.CodePlex.com</a>). I will\r\n be releasing the update there that was supposed to have been made here later on today (Sandcastle 2.7.1.0 and SHFB 1.9.5.0). Source code for the Sandcastle tools will be made available on the new release's download page temporarily until I can get it properly\r\n merged into source control. The content of the Sandcastle Styles site will also be merged with the SHFB project and I will eventually shut it down as it has served its purpose and is no longer required. Within a couple of weeks, I'll post a road map detailing\r\n my future plans with regard to updates and new features for the Sandcastle tools.</span></p>\r\n<p><span style=\"font-size:9.0pt; font-family:\">Thank you for your support.</span></p>\r\n<p><span style=\"font-size:9.0pt; font-family:\">Eric</span></p>\r\n<p><span style=\"font-size:9.0pt; font-family:\">Project Status Update Thread #1: <a href=\"http://sandcastle.codeplex.com/discussions/288079\">\r\nhttp://sandcastle.codeplex.com/discussions/288079</a><br>\r\nProject Status Update Thread #2: <a href=\"http://sandcastle.codeplex.com/discussions/391591\">\r\nhttp://sandcastle.codeplex.com/discussions/391591</a></span></p>\r\n</div>\r\n</div>\r\n",
    "PostedDate": "2012-10-08T09:42:15.173-07:00",
    "UserRole": null,
    "MarkedAsAnswerDate": null
  },
  {
    "Id": "923820",
    "ThreadId": "398496",
    "Html": "<p>Nice! Finally : )</p>",
    "PostedDate": "2012-10-08T23:57:50.147-07:00",
    "UserRole": null,
    "MarkedAsAnswerDate": null
  }
]