[
  {
    "Id": "467018",
    "ThreadId": "219357",
    "Html": "<p>All I want to do is to get started with sandcastle. I have traveled the links such as overview, architecture etc and all I get is white space.&nbsp; I Know this is supposed to be a great product but I cannot get started.</p>",
    "PostedDate": "2010-07-13T16:40:41.967-07:00",
    "UserRole": null,
    "MarkedAsAnswerDate": null
  },
  {
    "Id": "467046",
    "ThreadId": "219357",
    "Html": "<p>Try one of the community tools for it such as the <a title=SHFB href=\"http://SHFB.CodePlex.com\">Sandcastle Help File Builder</a> (standalone GUI and MSBuild-based projects for command line builds) or <a title=DocProject href=\"http://DocProject.CodePlex.com\">DocProject</a> (Visual Studio add-in).&nbsp; Both hide the details of using the Sandcastle command line tools by themselves and provide additional features.&nbsp; If, for some reason, you are not allowed to use third party tools like that, you can find most of the information necessary to run Sandcastle's tools by themselves at the <a title=\"Sandcastle blog\" href=\"http://blogs.msdn.com/b/sandcastle/\">Sandcastle blog</a>.&nbsp; It takes some digging but the information is there, mostly in the earliest posts.&nbsp; There are also some example scripts and a very basic front end GUI in the C:\\Program Files\\Sandcastle\\Examples folder.</p>\r\n<p>Eric</p>\r\n<p>&nbsp;</p>",
    "PostedDate": "2010-07-13T19:00:04.567-07:00",
    "UserRole": null,
    "MarkedAsAnswerDate": null
  },
  {
    "Id": "467240",
    "ThreadId": "219357",
    "Html": "<p>Hi,</p>\r\n<p>There's some additional documentation on Sandcastle here that may be of use:</p>\r\n<p><a href=\"http://sandcastlestyles.codeplex.com/wikipage?title=Overview&referringTitle=Home\">http://sandcastlestyles.codeplex.com/wikipage?title=Overview</a><br><a href=\"http://sandcastlestyles.codeplex.com/wikipage?title=Architecture&referringTitle=Home\">http://sandcastlestyles.codeplex.com/wikipage?title=Architecture</a></p>\r\n<p>- Dave</p>",
    "PostedDate": "2010-07-14T05:54:00.673-07:00",
    "UserRole": null,
    "MarkedAsAnswerDate": null
  }
]