[
  {
    "Id": "890889",
    "ThreadId": "388872",
    "Html": "\r\n<p>As you cannot define a&nbsp;parameterless constructor for a struct in C# (so no XML documentation is generated), is there any other way to generate documentation for it?</p>\r\n<p>Thanks.</p>\r\n",
    "PostedDate": "2012-07-24T22:01:57.48-07:00",
    "UserRole": null,
    "MarkedAsAnswerDate": null
  },
  {
    "Id": "891937",
    "ThreadId": "388872",
    "Html": "<p>Since a structure cannot have a parameterless constructor, one will never appear in the help file for it thus defining comments for one would be pointless.&nbsp; You can have parameterized constructors and they work as usual with regard to comments.</p>\r\n<p>Eric</p>\r\n<p>&nbsp;</p>",
    "PostedDate": "2012-07-26T12:56:20.137-07:00",
    "UserRole": null,
    "MarkedAsAnswerDate": null
  },
  {
    "Id": "891939",
    "ThreadId": "388872",
    "Html": "<p>Thanks for the response.</p>\r\n<p>A struct has an implicit parameterless constructor. In my case this initialises&nbsp;the struct to a certain \"state\", and I have parameterized constructors that initialise it to different states. The documentation for the parameterized constructors is generated correctly, but the documentation for the implicit parameterless constructor isn't immediately obvious if I put it somewhere else (as the user is currently focusing on the constructor documentation).</p>\r\n<p>You could argue that I should convert the struct to a class, but there are specific (and boring) reasons why its currently a struct. I was hoping there would be some way to magically insert this \"additional\" constructor documentation.</p>\r\n<p>Thanks.</p>",
    "PostedDate": "2012-07-26T13:12:37.08-07:00",
    "UserRole": null,
    "MarkedAsAnswerDate": null
  }
]