[
  {
    "Id": "179668",
    "ThreadId": "53384",
    "Html": "Hi all,<br>\r\n<br>\r\nI'm starting to use this fantastic tool.<br>\r\nI would like to create a custom item in generated documentation.<br>\r\n<br>\r\nfor example in my code, I have : <br>\r\n/// &lt;SpecialItem&gt;<br>\r\n/// This is a custom tag.<br>\r\n/// &lt;/SpecialItem&gt;<br>\r\npublic int toto = 0;<br>\r\n<br>\r\nand in the generated documentation, I would like to have another item named SpecialItem like field, methods or Properties<br>\r\n<br>\r\nIs it possible ?<br>\r\nmany thanks in advance for your help<br>\r\n<br>\r\n<br>\r\n<br>\r\n<br>\r\n<br>\r\n",
    "PostedDate": "2009-04-15T08:53:45.99-07:00",
    "UserRole": null,
    "MarkedAsAnswerDate": null
  },
  {
    "Id": "179780",
    "ThreadId": "53384",
    "Html": "You can modify the Sandcastle transformations to add support for custom tags.  See this blog post for details: <a href=\"http://blogs.msdn.com/sandcastle/archive/2006/11/22/supporting-custom-tags-in-sandcastle.aspx\">http://blogs.msdn.com/sandcastle/archive/2006/11/22/supporting-custom-tags-in-sandcastle.aspx</a><br>\r\n<br>\r\nEric<br>\r\n",
    "PostedDate": "2009-04-15T12:41:30.373-07:00",
    "UserRole": null,
    "MarkedAsAnswerDate": null
  },
  {
    "Id": "179962",
    "ThreadId": "53384",
    "Html": "Thanks for your help.<br>\r\nI have already seen this article and I tested it.<br>\r\nBut, I'd like to create a new category like field or methods or Properties.<br>\r\nIs it possible ?<br>\r\n",
    "PostedDate": "2009-04-15T23:22:11.423-07:00",
    "UserRole": null,
    "MarkedAsAnswerDate": null
  },
  {
    "Id": "180135",
    "ThreadId": "53384",
    "Html": "Hi, <br>\r\n<br>\r\nYes it's possible, but how may depend upon the presentation style that you're using.  For example, if you're using <strong>vs2005</strong> then you'll want to wrap the content in a call to the <strong>section </strong>template, as in the following example.<br>\r\n<br>\r\n      &lt;xsl:call-template name=&quot;<strong>section</strong>&quot;&gt;<br>\r\n        &lt;xsl:with-param name=&quot;<strong>toggleSwitch</strong>&quot; select=&quot;<em>'my_custom_switch'</em>&quot; /&gt;<br>\r\n        &lt;xsl:with-param name=&quot;<strong>title</strong>&quot;&gt;<br>\r\n            <em>&lt;include item=&quot;my_content_item_Title&quot;/&gt;<br>\r\n        </em>&lt;/xsl:with-param&gt;<br>\r\n        &lt;xsl:with-param name=&quot;<strong>content</strong>&quot;&gt;<br>\r\n          <em>&lt;xsl:call-template name=&quot;my_content&quot;/&gt;<br>\r\n</em>        &lt;/xsl:with-param&gt;<br>\r\n      &lt;/xsl:call-template&gt;<br>\r\n<br>\r\nThis example also uses a content item named, <strong>my_content_item_Title </strong>to retrieve the section's title.  You can add this item to the <em>Content\\shared_content.xml </em>file in the <strong>vs2005 </strong>presentation style.<br>\r\n<br>\r\n- Dave\r\n",
    "PostedDate": "2009-04-16T06:08:59.983-07:00",
    "UserRole": null,
    "MarkedAsAnswerDate": null
  },
  {
    "Id": "180146",
    "ThreadId": "53384",
    "Html": "Hi, <br>\r\n<br>\r\nI forgot to mention that you'll probably want to call your custom template from somewhere within the <strong>body </strong>template, located near the top of the <em>main_sandcastle.xsl </em>file.  You can either use a named template or simply match your custom tag.  For working examples see <em>&lt;xsl:call-template name=&quot;permissions&quot; /&gt;</em> and <em>&lt;xsl:apply-templates select=&quot;/document/comments/remarks&quot; /&gt;</em>.  Where you place your call will determine where your section appears relative to the other sections.<br>\r\n<br>\r\nIf you'd like to add a hyperlink in the header that toggles your section, open the <em>htmlBody.xsl</em> file and find the <strong>headerRowLinks </strong>template.  Here you can include a toggle link using the name of the <strong>toggleSwitch </strong>that you've chosen.  For example:<br>\r\n<br>\r\n    &lt;xsl:if test=&quot;<em>/document/comments/my_custom_tag</em>&quot;&gt;<br>\r\n      &lt;xsl:if test=&quot;$hasTypeLink or $hasMembersLink&quot;&gt;<br>\r\n        &lt;include item=&quot;nsrLinkSeparator&quot;/&gt;<br>\r\n      &lt;/xsl:if&gt;<br>\r\n      &lt;a href=&quot;#<em>my_custom_switch</em>&quot; onclick=&quot;OpenSection(<em>my_custom_switch</em>)&quot;&gt;<br>\r\n        &lt;include item=&quot;<em>my_content_item_Title</em>&quot;/&gt;<br>\r\n      &lt;/a&gt;<br>\r\n      &lt;xsl:text&gt;&amp;#xa0;&lt;/xsl:text&gt;<br>\r\n    &lt;/xsl:if&gt;<br>\r\n<br>\r\nWhere you place your call will determine where your link appears relative to the other links.  See <em>&lt;xsl:if test=&quot;$exampleSection&quot;&gt;</em> for a working example.<br>\r\n<br>\r\n- Dave \r\n",
    "PostedDate": "2009-04-16T06:28:07.807-07:00",
    "UserRole": null,
    "MarkedAsAnswerDate": null
  },
  {
    "Id": "180187",
    "ThreadId": "53384",
    "Html": "Thank you very much for your help but I'm a big newbie in this technology.<br>\r\n<br>\r\nI suppose that I have to add Section template in main_sandcastle.xsl file.<br>\r\nIf I see other template the section begins with &lt;xsl:template match=&quot;summary&quot;&gt; for example.<br>\r\nAnd in your reponse, there isn't this tag.<br>\r\nWhat must I put ?<br>\r\nCould you explain the meaning of different items like : <em>my_custom_switch</em>, <em>my_content_item_Title</em>,<em>my_content</em> ?<br>\r\n<br>\r\nmany thanks again for your help.<br>\r\nMaxime<br>\r\n<br>\r\n",
    "PostedDate": "2009-04-16T08:22:03.943-07:00",
    "UserRole": null,
    "MarkedAsAnswerDate": null
  },
  {
    "Id": "180210",
    "ThreadId": "53384",
    "Html": "Hi Maxime, <br>\r\n<br>\r\nAssuming that you arleady have something like the following:<br>\r\n<br>\r\n<code>&lt;xsl:template match=&quot;my_custom_tag&quot;&gt;<br>\r\n    &lt;p&gt;&lt;xsl:value-of select=&quot;.&quot; /&gt;&lt;/p&gt;<br>\r\n&lt;/xsl:template&gt;<br>\r\n</code><br>\r\nFirst, you may want to move the content to a named template as follows: <br>\r\n<br>\r\n<code>&lt;xsl:template match=&quot;my_custom_tag&quot;&gt;<br>\r\n    TODO<br>\r\n&lt;/xsl:template&gt;<br>\r\n&lt;xsl:template name=&quot;my_content&quot;&gt;<br>\r\n    &lt;p&gt;&lt;xsl:value-of select=&quot;.&quot; /&gt;&lt;/p&gt;<br>\r\n&lt;/xsl:template&gt;<br>\r\n</code><br>\r\nAnd then you can follow my example above for wrapping the content in a section: <br>\r\n<br>\r\n<code>&lt;xsl:template match=&quot;my_custom_tag&quot;&gt;<br>\r\n    &lt;xsl:call-template name=&quot;section&quot;&gt;<br>\r\n        &lt;xsl:with-param name=&quot;toggleSwitch&quot; select=&quot;'my_custom_switch'&quot; /&gt;<br>\r\n        &lt;xsl:with-param name=&quot;title&quot;&gt;<br>\r\n            &lt;include item=&quot;my_content_item_Title&quot;/&gt;<br>\r\n        &lt;/xsl:with-param&gt;<br>\r\n        &lt;xsl:with-param name=&quot;content&quot;&gt;<br>\r\n            &lt;xsl:call-template name=&quot;my_content&quot;/&gt;<br>\r\n        &lt;/xsl:with-param&gt;<br>\r\n    &lt;/xsl:call-template&gt;<br>\r\n&lt;/xsl:template&gt;<br>\r\n&lt;xsl:template name=&quot;my_content&quot;&gt;<br>\r\n    &lt;p&gt;&lt;xsl:value-of select=&quot;.&quot; /&gt;&lt;/p&gt;<br>\r\n&lt;/xsl:template&gt;<br>\r\n</code><br>\r\n<strong>Note:</strong> I didn't actually test this markup so there may be typos or other issues.<br>\r\n<br>\r\nThe switch is used as the name for the HTML object that toggles (collapses/expands) your section via a link in the header, if you choose to add one.  The value should be unique among all other switch names in the current document.<br>\r\n<br>\r\nThe title specifies the text that is displayed in the header of your section; e.g., Members, Properties, Example.  You can hard-code the value or you can follow Sandcastle's paradigm and put the text in a shared content file; e.g., shared_content.xml.  (Think, the DRY principal and/or localization.)<br>\r\n<br>\r\nYour content is the content inside the section.  You can add it in-place or call another template instead, as I've done in this example.<br>\r\n<br>\r\n- Dave \r\n",
    "PostedDate": "2009-04-16T10:02:00.44-07:00",
    "UserRole": null,
    "MarkedAsAnswerDate": null
  },
  {
    "Id": "180464",
    "ThreadId": "53384",
    "Html": "Hi,<br>\r\n<br>\r\nSo I've done what I said : <br>\r\n<br>\r\nin c# source I put : <br>\r\n&nbsp;&nbsp;&nbsp;&nbsp;&nbsp;&nbsp;&nbsp; /// &lt;customTag&gt;<br>\r\n&nbsp;&nbsp;&nbsp;&nbsp;&nbsp;&nbsp;&nbsp; /// This is a custom tag.<br>\r\n&nbsp;&nbsp;&nbsp;&nbsp;&nbsp;&nbsp;&nbsp; /// &lt;/customTag&gt;<br>\r\n&nbsp;&nbsp;&nbsp;&nbsp;&nbsp;&nbsp;&nbsp; public int toto = 0;<br>\r\n<br>\r\nin main_sancastle.xsl file I put : <br>\r\n&lt;xsl:template match=&quot;customTag&quot;&gt;<br>\r\n&nbsp;&nbsp;&nbsp; &lt;xsl:call-template name=&quot;section&quot;&gt;<br>\r\n&nbsp;&nbsp;&nbsp;&nbsp;&nbsp;&nbsp;&nbsp; &lt;xsl:with-param name=&quot;toggleSwitch&quot; select=&quot;'my_custom_switch'&quot; /&gt;<br>\r\n&nbsp;&nbsp;&nbsp;&nbsp;&nbsp;&nbsp;&nbsp; &lt;xsl:with-param name=&quot;title&quot;&gt;<br>\r\n&nbsp;&nbsp;&nbsp;&nbsp;&nbsp;&nbsp;&nbsp;&nbsp;&nbsp;&nbsp;&nbsp; &lt;include item=&quot;my_content_item_Title&quot;/&gt;<br>\r\n&nbsp;&nbsp;&nbsp;&nbsp;&nbsp;&nbsp;&nbsp; &lt;/xsl:with-param&gt;<br>\r\n&nbsp;&nbsp;&nbsp;&nbsp;&nbsp;&nbsp;&nbsp; &lt;xsl:with-param name=&quot;content&quot;&gt;<br>\r\n&nbsp;&nbsp;&nbsp;&nbsp;&nbsp;&nbsp;&nbsp;&nbsp;&nbsp;&nbsp;&nbsp; &lt;xsl:call-template name=&quot;my_content&quot;/&gt;<br>\r\n&nbsp;&nbsp;&nbsp;&nbsp;&nbsp;&nbsp;&nbsp; &lt;/xsl:with-param&gt;<br>\r\n&nbsp;&nbsp;&nbsp; &lt;/xsl:call-template&gt;<br>\r\n&lt;/xsl:template&gt;<br>\r\n<br>\r\n&lt;xsl:template name=&quot;my_content&quot;&gt;<br>\r\n&nbsp;&nbsp;&nbsp; &lt;p&gt;&lt;xsl:value-of select=&quot;.&quot; /&gt;&lt;/p&gt;<br>\r\n&lt;/xsl:template&gt;<br>\r\n<br>\r\nBut in generated chm file, toto is already in fields section although I'd like to have toto in customTag section.<br>\r\nI think it's not possible to modify that because Members, Constructor, Fields, Methods, Properties depends on the language.<br>\r\nWhat is your opinion ?<br>\r\n<br>\r\n<br>\r\n<br>\r\n<br>\r\n<img alt=\"\"><img alt=\"\">\r\n",
    "PostedDate": "2009-04-16T23:56:59.897-07:00",
    "UserRole": null,
    "MarkedAsAnswerDate": null
  },
  {
    "Id": "180572",
    "ThreadId": "53384",
    "Html": "Hi Maxime, <br>\r\n<br>\r\nDid you modify the <strong>body </strong>template like I suggested?<br>\r\n<br>\r\nYou need to add something like <em>&lt;xsl:apply-templates select=&quot;/document/comments/customTag&quot; /&gt; </em>to the body template wherever you want your section to appear relative to the predefined sections.<br>\r\n<br>\r\nDid you add <strong>my_content_item_Title </strong>to the <em>shared_content.xml </em>file like I suggested?<br>\r\n<br>\r\nYou need to add this item so that a title appears.<br>\r\n<br>\r\n- Dave \r\n",
    "PostedDate": "2009-04-17T06:12:20.963-07:00",
    "UserRole": null,
    "MarkedAsAnswerDate": null
  },
  {
    "Id": "181182",
    "ThreadId": "53384",
    "Html": "Hi Dave,<br>\r\n<br>\r\nI've done what you said.<br>\r\n<br>\r\nI obtain this screenshot http://rapidshare.com/files/223505110/Sandcastle.jpg.html<br>\r\n<br>\r\nThe problem is that &quot;toto&quot; is in &quot;MacroAfficheImage Fields&quot; although I'd like to have toto in new section name &quot;CustomTag&quot;<br>\r\n<br>\r\nIs it possible ?<br>\r\n<br>\r\nMaxime<br>\r\n<br>\r\n<br>\r\n<br>\r\n<br>\r\n",
    "PostedDate": "2009-04-20T01:40:16.857-07:00",
    "UserRole": null,
    "MarkedAsAnswerDate": null
  },
  {
    "Id": "181231",
    "ThreadId": "53384",
    "Html": "Hi Maxime, <br>\r\n<br>\r\nThe image shows what I expected.  So if that's not what you wanted, then are you asking how to add a new node to the table of contents (TOC) instead?<br>\r\n<br>\r\n- Dave\r\n",
    "PostedDate": "2009-04-20T04:14:25.987-07:00",
    "UserRole": null,
    "MarkedAsAnswerDate": null
  },
  {
    "Id": "181616",
    "ThreadId": "53384",
    "Html": "yes exactly. I'd like to have a new content named &quot;MacroAfficheImage Custom&quot; like &quot;MacroAfficheImage Fields&quot; where there is &quot;toto Custom&quot;<br>\r\n<br>\r\nRegards,<br>\r\nMaxime<br>\r\n<br>\r\n",
    "PostedDate": "2009-04-20T23:37:04.22-07:00",
    "UserRole": null,
    "MarkedAsAnswerDate": null
  },
  {
    "Id": "1485323",
    "ThreadId": "53384",
    "Html": "Hi Dave,\r<br />\n<br />\nI have a query regarding adding a custom tag to sandcastle documentation.  I am trying to add a custom tag to my c# class method.\r<br />\n<br />\nIn order to get that in the sandcastle documentation, I followed the following steps:\r<br />\n<br />\n1) Added a tag in main_sandcastle.xsl:\r<br />\n<br />\n  &lt;xsl:apply-templates select=&quot;/document/comments/CUSTOM_TAG&quot;/&gt;\r<br />\n<br />\n2) Added template in main_sandcastle.xsl for it :\r<br />\n<br />\n&lt;xsl:template match=&quot;CUSTOM_TAG&quot;&gt;<br />\n<pre><code>    &lt;xsl:call-template name=&quot;section&quot;&gt;\n        &lt;xsl:with-param name=&quot;title&quot;&gt;\n            &lt;include item=&quot;CUSTOM_TAG_Title&quot; /&gt;\n        &lt;/xsl:with-param&gt;\n        &lt;xsl:with-param name=&quot;content&quot;&gt;\n            &lt;xsl:apply-templates /&gt;\n        &lt;/xsl:with-param&gt;\n    &lt;/xsl:call-template&gt;\n&lt;/xsl:template&gt;</code></pre>\n\n3) Added the title tag in shared_content.xml :\r<br />\n<br />\n&lt;item id=&quot;CUSTOM_TAG_Title&quot;&gt;CUSTOM_TAG&lt;/item&gt;\r<br />\n<br />\nBut still I couldn't get the custom tag in the documentation.\r<br />\nAll the above changes are done in installation directory VS2005 folder and I generated the documentation.\r<br />\n<br />\nDid I miss something or is there any other step to be followed in order to obtain the custom tag?\r<br />\nKindly help.<br />\n",
    "PostedDate": "2016-10-05T02:01:03.173-07:00",
    "UserRole": null,
    "MarkedAsAnswerDate": null
  }
]