[
  {
    "Id": "573725",
    "ThreadId": "247964",
    "Html": "<p>In my project, some class names are Chinese, xml commnets are Chinese.&nbsp;</p>\n<p>When I use&nbsp;Sandcastle, in one machine, it says unable to open chm\\XXX.hhp. In another machine, it says converting&nbsp;unsupported&nbsp;high-order&nbsp;characters&nbsp;to 7-bit ASCII&nbsp;equivalents.</p>\n<p>For Chinese readers:</p>\n<p>我的项目中有些类名是中文，XML注释当然也是中文了。用Sandcastle的时候，一台电脑上说unable to open chm\\XXX.hhp，换到另一台电脑上试，它又说&nbsp;converting&nbsp;unsupported&nbsp;high-order&nbsp;characters&nbsp;to 7-bit ASCII&nbsp;equivalents。</p>\n<p>我怀疑是不是&nbsp;Sandcastle不能很好地支持中文啊？快疯掉了。</p>",
    "PostedDate": "2011-03-01T02:08:43.137-08:00",
    "UserRole": null,
    "MarkedAsAnswerDate": null
  },
  {
    "Id": "574056",
    "ThreadId": "247964",
    "Html": "<p>The Help 1 compiler is not Unicode-aware and has problems with several languages such as Chinese.&nbsp; There are some tools available that can help.&nbsp; If you're using the Sandcastle tools by themselves, I'm not sure of everthing that needs to be done.&nbsp; If you are using the Sandcastle Help File Builder, you can set the project's Language property to the language you need (i.e. Chinese) and add the DBCS Fix for CHM Builds plug-in to the project's PlugInConfigurations property.&nbsp; Configure the plug-in by specifying the path to the SBAppLocale.exe utility and save the changes.&nbsp; When you build your help project, the plug-in will make the necessary changes to the topics and the call to the help compiler to build them correctly.&nbsp; See the <a title=\"DBCS Fix\" href=\"http://www.ewoodruff.us/shfbdocs/Index.aspx?topic=html/31696f39-8f4e-4c4d-ab08-41a40793df03.htm\" target=\"_blank\">plug-in's help topic</a> for more information and a link to the SBAppLocale.exe utility.&nbsp; Someone with more experience with help file&nbsp;localization may be able to give you more information if there any remaining issues.</p>\r\n<p>Eric</p>\r\n<p>&nbsp;</p>",
    "PostedDate": "2011-03-01T12:32:39.04-08:00",
    "UserRole": null,
    "MarkedAsAnswerDate": null
  }
]