[
  {
    "Id": "77856",
    "ThreadId": "23266",
    "Html": "\r\nHi everyone, <br /><br />The second release of <a href=\"https://www.codeplex.com/Release/ProjectReleases.aspx?ProjectName=DocProject&amp;ReleaseId=11102\" class=\"externalLink\">ResolveExternalLinksComponent<span class=\"externalLinkIcon\" style=\"font-family:Consolas, Courier New, Courier, Monospace;\"></span></a> is now available for download.<br /><br />This release contains a few bug fixes and some new features: <br /><br /><ol><li>The DocProject 1.10.1 RC shipped with this component built-in, so a separate download is not required.  It is automatically added to the Help 1.x and Help 2.x build component <i>reference</i> stacks of newly created <i>DocProjects</i> and <i>DocSites</i>.</li><li>Support has been added for <span class=\"codeInline\" style=\"font-family:Consolas, Courier New, Courier, Monospace;\">&lt;seealso xref=\"\"/&gt;</span> and <span class=\"codeInline\" style=\"font-family:Consolas, Courier New, Courier, Monospace;\">&lt;seealso vref=\"\"/&gt;</span>.  Note that <i>target</i> is not supported though since Sandcastle ignores it.</li><li>IDs are now compared using an ordinal, case-insensitive string comparer.</li><li>The component now handles invalid mappings itself instead of relying on another component later in the stack; e.g., If <span class=\"codeInline\" style=\"font-family:Consolas, Courier New, Courier, Monospace;\">&lt;see xref=\"id1\"/&gt;</span> doesn't correspond with any of the defined mappings, then the component will output, <span class=\"codeInline\" style=\"font-family:Consolas, Courier New, Courier, Monospace;\">&lt;span class=\"nolink\"&gt;id1&lt;/span&gt;</span> in its place.  If inner XML is present then it will be used instead of the ID.</li><li>The editor can now edit component-level attributes; e.g., <span class=\"codeInline\" style=\"font-family:Consolas, Courier New, Courier, Monospace;\">base</span> and <span class=\"codeInline\" style=\"font-family:Consolas, Courier New, Courier, Monospace;\">target</span>.</li><li><span class=\"codeInline\" style=\"font-family:Consolas, Courier New, Courier, Monospace;\">UrlMappingProvider</span> implementations can provide a custom UI, which is embedded into the component's editor.</li><li>A new mapping provider, <span class=\"codeInline\" style=\"font-family:Consolas, Courier New, Courier, Monospace;\">DatabaseUrlMappingProvider</span> allows you to specify ID values for <span class=\"codeInline\" style=\"font-family:Consolas, Courier New, Courier, Monospace;\">xref</span> and <span class=\"codeInline\" style=\"font-family:Consolas, Courier New, Courier, Monospace;\">vref</span> that correspond to mappings in a database.</li><ol><li>Works with any of the built-in Framework data providers as well as plug-ins; e.g., ODBC, OLE-DB, SQL Server and Oracle.</li><li>Supports an explicit command timeout.</li><li>Supports parameterized textual queries and stored procedures.</li><ol><li>You can specify hard-coded values for parameters.</li><li>Alternatively, a named variable <i>source</i> may be specified, the value of which is taken from an attribute on the parent <span class=\"codeInline\" style=\"font-family:Consolas, Courier New, Courier, Monospace;\">&lt;mappings&gt;</span> element.  The supported values are <span class=\"codeInline\" style=\"font-family:Consolas, Courier New, Courier, Monospace;\">BaseUrl</span>, <span class=\"codeInline\" style=\"font-family:Consolas, Courier New, Courier, Monospace;\">File</span>, <span class=\"codeInline\" style=\"font-family:Consolas, Courier New, Courier, Monospace;\">Target</span>, <span class=\"codeInline\" style=\"font-family:Consolas, Courier New, Courier, Monospace;\">TopicId</span> and <span class=\"codeInline\" style=\"font-family:Consolas, Courier New, Courier, Monospace;\">Value</span>.</li></ol></ol></ol><br />- Dave<br />",
    "PostedDate": "2008-03-03T09:54:04.613-08:00",
    "UserRole": null,
    "MarkedAsAnswerDate": null
  }
]