[
  {
    "Id": "151903",
    "ThreadId": "45523",
    "Html": "I have a visual studio 2005 project. I have included xml tags for all the classes in the project and tried to use Sandcastle and sandcastle builder to generate the chm file. Where as I see the comments inlcuded in the xml file that gets generated. However, some of the namespaces are not getting included in the chm or html files that get generated when using the sandcastle helpfile builder. I included the class tags as below:<br>\r\nI am surprised some of the namespaces are getting included and some not in the chm file generated. Is there something I am missing?<br>\r\n<br>\r\nfor example the below xml tags doesn't show up in the .chm file that is generated. neither the name space nor the class information showup. Can some one help me understand what I am doing wrong?<br>\r\n<br>\r\n<br>\r\nnamespace DbLists<br>\r\n{<br>\r\n&nbsp;&nbsp;&nbsp; /// &lt;summary&gt;<br>\r\n&nbsp;&nbsp;&nbsp; /// Class used for defining the Database fields<br>\r\n&nbsp;&nbsp;&nbsp; /// &lt;/summary&gt;<br>\r\n&nbsp;&nbsp;&nbsp; class FieldDef<br>\r\n&nbsp;&nbsp;&nbsp; {<br>\r\n&nbsp;&nbsp;&nbsp;&nbsp;&nbsp;&nbsp;&nbsp; private string name;<br>\r\n&nbsp;&nbsp;&nbsp;&nbsp;&nbsp;&nbsp;&nbsp; private bool collected;<br>\r\n<br>\r\n&nbsp;&nbsp;&nbsp;&nbsp;&nbsp;&nbsp;&nbsp; /// &lt;remarks&gt;<br>\r\n&nbsp;&nbsp;&nbsp;&nbsp;&nbsp;&nbsp;&nbsp; /// Constructor for FieldDef with out parameters<br>\r\n&nbsp;&nbsp;&nbsp;&nbsp;&nbsp;&nbsp;&nbsp; /// &lt;/remarks&gt;<br>\r\n&nbsp;&nbsp;&nbsp;&nbsp;&nbsp;&nbsp;&nbsp; public FieldDef(string name) : this(name,false)<br>\r\n&nbsp;&nbsp;&nbsp;&nbsp;&nbsp;&nbsp;&nbsp; {<br>\r\n&nbsp;&nbsp;&nbsp;&nbsp;&nbsp;&nbsp;&nbsp; }<br>\r\n&nbsp;&nbsp; }<br>\r\n}<br>\r\n",
    "PostedDate": "2009-01-28T12:04:41.527-08:00",
    "UserRole": null,
    "MarkedAsAnswerDate": null
  },
  {
    "Id": "151917",
    "ThreadId": "45523",
    "Html": "By default, only public and protected items are included in the documentation.  If it's appropriate, you need to declare the missing items as public or protected.  If they are really meant to be private or internal, you'll need to set the SHFB project's <strong>DocumentInternals</strong> and/or <strong>DocumentPrivates</strong> properties to true (equivalent to the /internal+ MRefBuilder command line option).  Be aware that if you do document privates, it will pull in a lot more stuff but you can use the <strong>ApiFilter</strong> project property to remove the things you don't want to see.<br>\r\n<br>\r\n<br>\r\nBy the way, the &lt;remarks&gt; element on your example class's constructor should really be a &lt;summary&gt; element.<br>\r\n<br>\r\nEric<br>\r\n",
    "PostedDate": "2009-01-28T12:44:47.723-08:00",
    "UserRole": null,
    "MarkedAsAnswerDate": null
  }
]