[
  {
    "Id": "542554",
    "ThreadId": "240106",
    "Html": "\r\n<p>I&rsquo;m new to Sandcastle and SHFB in particular (using latest June 2010 version with the Rev 1 Patch).&nbsp; So far I like SHFB a lot but have encountered a problem/misunderstanding.</p>\r\n<p>&nbsp;</p>\r\n<p>I have a C# class with some overloaded methods, for example as follows.</p>\r\n<p>&nbsp;</p>\r\n<p>public Quantity NewQuantity ()</p>\r\n<p>&hellip;</p>\r\n<p>public Quantity NewQuantity (double value)</p>\r\n<p>&hellip;</p>\r\n<p>public Quantity NewQuantity (string expression)</p>\r\n<p>&hellip;</p>\r\n<p>&nbsp;</p>\r\n<p>When I examine the compiled help file (Help 1 or 2) Class&gt;Members page, all the overloaded methods are listed as follows.</p>\r\n<p>&nbsp;</p>\r\n<p>NewQuantity ()&nbsp;&nbsp;&nbsp;&nbsp;&nbsp;&nbsp;&nbsp;&nbsp;&nbsp;&nbsp;&nbsp; &nbsp;&nbsp;&nbsp;&nbsp;&nbsp;&nbsp;&nbsp;&nbsp;&nbsp;&nbsp;&nbsp; Summary text</p>\r\n<p>NewQuantity (double)&nbsp;&nbsp;&nbsp;&nbsp;&nbsp;&nbsp;&nbsp;&nbsp;&nbsp;&nbsp;&nbsp; Summary text</p>\r\n<p>NewQuantity (string)&nbsp; &nbsp;&nbsp;&nbsp;&nbsp;&nbsp;&nbsp;&nbsp;&nbsp;&nbsp;&nbsp;&nbsp; Summary text</p>\r\n<p>&nbsp;</p>\r\n<p>As I understood it, Sandcastle should automatically group overloaded members onto a separate topic page that is linked from a single &ldquo;NewQuantity&rdquo; entry in the list on the main Members page.&nbsp; That&rsquo;s the way I&rsquo;ve always seen it\r\n done in the .NET Framework documentation.&nbsp; Have I misunderstood?</p>\r\n<p>&nbsp;</p>\r\n<p>At first I thought I had to do something with the &lt;overloads&gt; tag but then realised this is for specifying the common documentation that goes onto the separate overloads page.&nbsp; Since I&rsquo;m not getting a separate page, &lt;overloads&gt; is\r\n not having any effect.</p>\r\n<p>&nbsp;</p>\r\n<p>What am I doing wrong?</p>\r\n",
    "PostedDate": "2010-12-31T09:49:39.88-08:00",
    "UserRole": null,
    "MarkedAsAnswerDate": null
  },
  {
    "Id": "542578",
    "ThreadId": "240106",
    "Html": "\r\n<p>As far as I can tell, this was a change that occurred in the latest release of Sandcastle.&nbsp; It shows a single entry for the overloads in the TOC and clicking on the TOC entry brings up the overloads page.&nbsp; However, on the member list pages they\r\n are all listed individually.&nbsp; This appears to be the case in some of the MSDN documentation now too (see\r\n<a title=\"System.String methods\" href=\"http://msdn.microsoft.com/en-us/library/system.string_methods.aspx\">\r\nSystem.String Methods</a> for example).&nbsp; It isn't that way in all cases so perhaps the stuff that still shows it the old way hasn't been updated yet.</p>\r\n<p>Eric</p>\r\n<p>&nbsp;</p>\r\n",
    "PostedDate": "2010-12-31T13:42:09.107-08:00",
    "UserRole": null,
    "MarkedAsAnswerDate": null
  },
  {
    "Id": "542584",
    "ThreadId": "240106",
    "Html": "\r\n<p>Thanks for the prompt reply, Eric.&nbsp; So it seems we must live with this new way.&nbsp; Pity because I find it more cluttered than &ldquo;old&rdquo; way.</p>\r\n",
    "PostedDate": "2010-12-31T14:46:18.17-08:00",
    "UserRole": null,
    "MarkedAsAnswerDate": null
  }
]