[
  {
    "Id": "1305965",
    "ThreadId": "567797",
    "Html": "The NamespaceDoc class can be used to document namespace.\r<br />\n<br />\nIs a GroupDoc class exist also to ducment the Namespace Group.\r<br />\n<br />\nFor example on your documentation \r<br />\n<a href=\"http://www.ewoodruff.us/shfbdocs/html/9a06c4f0-dbc7-8ca1-1349-34464d3d34f5.htm\" rel=\"nofollow\">http://www.ewoodruff.us/shfbdocs/html/9a06c4f0-dbc7-8ca1-1349-34464d3d34f5.htm</a>\r<br />\nSandcastleBuilder.Components is a group and also a namespace.\r<br />\n<br />\n&quot;This namespace contains BuildAssembler related namespaces.&quot; is the comment for the group\r<br />\n&quot;This namespace contains custom build components used by the Sandcastle BuildAssembler tool. The components are used to add additional features to the help topics such as a code colorization, alternate framework data caching implementations, etc.&quot; is the comment for the namespace.<br />\n",
    "PostedDate": "2014-09-18T08:15:57.42-07:00",
    "UserRole": null,
    "MarkedAsAnswerDate": null
  },
  {
    "Id": "1306069",
    "ThreadId": "567797",
    "Html": "There isn't support for a group doc class but it makes sense to add it.  I've created a work item for it:  <a href=\"https://shfb.codeplex.com/workitem/35555\" rel=\"nofollow\">https://shfb.codeplex.com/workitem/35555</a>\r<br />\n<br />\nPlease note that this project site has been discontinued and may not be monitored as frequently. For future questions or issues concerning Sandcastle or SHFB, post them over on the <a href=\"http://SHFB.CodePlex.com\" rel=\"nofollow\">Sandcastle Help File Builder</a> project's discussion page. Thanks. \r<br />\n<br />\nEric<br />\n",
    "PostedDate": "2014-09-18T12:17:47.13-07:00",
    "UserRole": null,
    "MarkedAsAnswerDate": null
  }
]