[
  {
    "Id": "94010",
    "ThreadId": "28173",
    "Html": "Hi,<br>\r\n<br>\r\nI would like to submit a patch as well as investigate BuildAssembler crash. Anybody knows what happened to Sandcastle sources? SVN trunk is empty. <br>\r\n<br>\r\nRegards,<br>\r\nAndy<br>\r\n",
    "PostedDate": "2008-05-21T12:31:51.683-07:00",
    "UserRole": null,
    "MarkedAsAnswerDate": null
  },
  {
    "Id": "94036",
    "ThreadId": "28173",
    "Html": "<span style=\"font-family:tahoma\">The source code for Sandcastle hasn't been released.  If you have a bug report, you can create a work item on the <strong>Issue Tracker</strong> tab at the top of the page.  Before you do that, you might want to post the details of your crash here.  It's possible one or more of us here have seen it already and may have a workaround.  For example, there's a well-known crash in BuildAssembler when using the root namespace container option.  A patch to one of the transformation files fixes it and is available at <a href=\"http://www.codeplex.com/SHFB\">http://www.codeplex.com/SHFB</a> (Presentation Style Patch).<br>\r\n<br>\r\nEric<br>\r\n</span>\r\n",
    "PostedDate": "2008-05-21T15:03:08.41-07:00",
    "UserRole": null,
    "MarkedAsAnswerDate": null
  },
  {
    "Id": "94195",
    "ThreadId": "28173",
    "Html": "Thanks Eric,<br>\r\n<br>\r\nPlease take a look at ManagedReflectionWriter.GetVisibility() method.&nbsp; In general it is incorrect to assume that any member that didn't fall into { public | family | assembly } categories must be a private member.&nbsp; Please take a look at System.Reflection.MethodAttributes enum. As result MRefBuilder.exe crashes on any assembly generated by IKVM.<br>\r\n<br>\r\nRegards, <br>\r\nAndy<br>\r\n<div style=\"border-style:dotted none;border-color:rgb(170, 170, 170) -moz-use-text-color;border-width:0.1em medium;margin:1em 0em 2.5em 3em;padding:0.2em;font-style:italic\"><br>\r\nEWoodruff wrote:<br>\r\n<span style=\"font-family:tahoma\">The source code for Sandcastle hasn't been released.&nbsp; If you have a bug report, you can create a work item on the <strong>Issue Tracker</strong> tab at the top of the page.&nbsp; Before you do that, you might want to post the details of your crash here.&nbsp; It's possible one or more of us here have seen it already and may have a workaround.&nbsp; For example, there's a well-known crash in BuildAssembler when using the root namespace container option.&nbsp; A patch to one of the transformation files fixes it and is available at <a href=\"http://www.codeplex.com/SHFB\">http://www.codeplex.com/SHFB</a> (Presentation Style Patch).<br>\r\n<br>\r\nEric<br>\r\n</span>\r\n<br>\r\n<br>\r\n</div>\r\n<br>\r\n",
    "PostedDate": "2008-05-22T08:45:12.367-07:00",
    "UserRole": null,
    "MarkedAsAnswerDate": null
  },
  {
    "Id": "94219",
    "ThreadId": "28173",
    "Html": "<br>\r\n<br>\r\nRegarding the failure:<br>\r\n<br>\r\nBuildAssembler fails with the following exception:<br>\r\n<br>\r\n<span style=\"font-size:10px;font-family:courier new\">Warn: SharedContentComponent: Missing shared content item. Tag:'include'; Id:'topictitle'.<br>\r\nWarn: SharedContentComponent: Missing shared content item. Tag:'include'; Id:'topictitle'.<br>\r\n<br>\r\nUnhandled Exception: System.InvalidOperationException: Operation is not valid due to the current position of the navigator.<br>\r\n&nbsp;&nbsp; at System.Xml.DocumentXPathNavigator.InsertAfter()<br>\r\n&nbsp;&nbsp; at Microsoft.Ddue.Tools.SharedContentComponent.ResolveContent(XmlDocument document, XPathNavigator start)<br>\r\n&nbsp;&nbsp; at Microsoft.Ddue.Tools.SharedContentComponent.ResolveContent(XmlDocument document, XPathNavigator start)<br>\r\n&nbsp;&nbsp; at Microsoft.Ddue.Tools.SharedContentComponent.ResolveContent(XmlDocument document)<br>\r\n&nbsp;&nbsp; at Microsoft.Ddue.Tools.SharedContentComponent.Apply(XmlDocument document, String key)<br>\r\n&nbsp;&nbsp; at Microsoft.Ddue.Tools.BuildAssembler.Apply(IEnumerable`1 topics)<br>\r\n&nbsp;&nbsp; at Microsoft.Ddue.Tools.BuildAssembler.Apply(String manifestFile)<br>\r\n&nbsp;&nbsp; at Microsoft.Ddue.Tools.BuildAssemblerConsole.Main(String[] args)</span><br>\r\n<br>\r\n<div style=\"border-style:dotted none;border-color:rgb(170, 170, 170) -moz-use-text-color;border-width:0.1em medium;margin:1em 0em 2.5em 3em;padding:0.2em;font-style:italic\"><br>\r\nEWoodruff wrote:<br>\r\n<span style=\"font-family:tahoma\">The source code for Sandcastle hasn't been released.&nbsp; If you have a bug report, you can create a work item on the <strong>Issue Tracker</strong> tab at the top of the page.&nbsp; Before you do that, you might want to post the details of your crash here.&nbsp; It's possible one or more of us here have seen it already and may have a workaround.&nbsp; For example, there's a well-known crash in BuildAssembler when using the root namespace container option.&nbsp; A patch to one of the transformation files fixes it and is available at <a href=\"http://www.codeplex.com/SHFB\">http://www.codeplex.com/SHFB</a> (Presentation Style Patch).<br>\r\n<br>\r\nEric<br>\r\n</span>\r\n<br>\r\n<br>\r\n</div>\r\n<br>\r\n",
    "PostedDate": "2008-05-22T10:51:58.413-07:00",
    "UserRole": null,
    "MarkedAsAnswerDate": null
  },
  {
    "Id": "94234",
    "ThreadId": "28173",
    "Html": "<span style=\"font-family:tahoma\">The failure you are seeing is caused by the root namespace container issue (<a href=\"http://www.codeplex.com/Sandcastle/WorkItem/View.aspx?WorkItemId=918\">http://www.codeplex.com/Sandcastle/WorkItem/View.aspx?WorkItemId=918</a>).  Download the noted patch from the SHFB project site and extract into your Sandcastle installation folder and it will fix that issue.<br>\r\n<br>\r\nThe other issue regarding ManagedReflectionWriter is in MRefBuilder.exe.  You'll need to open a work item for that one.<br>\r\n<br>\r\nEric<br>\r\n</span>\r\n",
    "PostedDate": "2008-05-22T12:33:55.86-07:00",
    "UserRole": null,
    "MarkedAsAnswerDate": null
  }
]