[
  {
    "Id": "637363",
    "ThreadId": "263917",
    "Html": "<p>Hello All</p>\n<p>For example.</p>\n<p><br /> &nbsp; &nbsp; &nbsp; The user has selected in view help topics only the language of C# (<strong>Code: C #</strong>) and if it selects a different item in the table of&nbsp; contents, then will select all languages ​​(<strong>Code: All</strong>). This is inconvenient for the user. How can I fix  this problem?</p>\n<p>Elena.</p>",
    "PostedDate": "2011-07-05T02:17:38.243-07:00",
    "UserRole": null,
    "MarkedAsAnswerDate": null
  },
  {
    "Id": "637367",
    "ThreadId": "263917",
    "Html": "<p>Hello Elena,</p>\n<p>See this link for sticky language filter</p>\n<p><a href=\"http://sandcastlestyles.codeplex.com/workitem/5362\">http://sandcastlestyles.codeplex.com/workitem/5362</a></p>\n<p>Download the updated file&nbsp;<strong>script_manifold-updated.js</strong> and rename it&nbsp;<strong>script_manifold.js.</strong>&nbsp;Use this to<br />replace/override the original file in the style directory (preferably during the build process).&nbsp;</p>\n<p><strong>NOTE</strong>: This solution only works for the VS2005 style and for the CHM build, so you will have to find a<br /> way of managing this in your build environment. &nbsp;For instance, if you use it in the SHFB web build, the<br /> output will not work in all browsers since the solution is IE specific and will not work on all browsers. <br /> CHM is viewed with&nbsp;IE only, so there is not problem.</p>\n<p>Best regards,<br /> Paul.&nbsp;</p>",
    "PostedDate": "2011-07-05T02:29:44.98-07:00",
    "UserRole": null,
    "MarkedAsAnswerDate": null
  }
]