[
  {
    "Id": "261910",
    "ThreadId": "76593",
    "Html": "<p>We're using Sandcastle (with SHFB) to generate our API doc for Silverlight. Since there is no Help2 version for the SL3 classes, we chose to reference the online MSDN topics instead. However, these links to point to the .NET 3.5 instead of the Silverlight API doc.</p>\r\n<p>In the generated HTML, I can see that the MSDN links look like</p>\r\n<p>\r\n<div style=\"color:Black;background-color:White\">\r\n<pre><span style=\"color:Blue\">&lt;</span><span style=\"color:#A31515\">a</span> <span style=\"color:Red\">href</span><span style=\"color:Blue\">=</span><span style=\"color:Blue\">&quot;http://msdn2.microsoft.com/en-us/library/ms133020&quot;</span> <span style=\"color:Red\">target</span><span style=\"color:Blue\">=</span><span style=\"color:Blue\">&quot;_blank&quot;</span><span style=\"color:Blue\">&gt;</span>INotifyPropertyChanged<span style=\"color:Blue\">&lt;/</span><span style=\"color:#A31515\">a</span><span style=\"color:Blue\">&gt;</span>\r\n</pre>\r\n</div>\r\n</p>\r\n<p>which gets redirected to</p>\r\n<p>\r\n<pre>http://msdn.microsoft.com/en-us/library/system.componentmodel.inotifypropertychanged.aspx</pre>\r\n</p>\r\n<p>while we'd like to have a link to</p>\r\n<p>\r\n<pre>http://msdn.microsoft.com/en-us/library/system.componentmodel.inotifypropertychanged(VS.95).aspx</pre>\r\n</p>\r\n<p>Is this possible somehow? (different Framework version configuration or something?)</p>\r\n<p>Regards</p>\r\n<p>JM</p>",
    "PostedDate": "2009-11-30T07:31:47.46-08:00",
    "UserRole": null,
    "MarkedAsAnswerDate": null
  },
  {
    "Id": "262011",
    "ThreadId": "76593",
    "Html": "<p>The links to the online content are produced by the MSDN web service.&nbsp; As far as I know there is no way to control which framework the resulting target links point to.&nbsp; If there is a way to tell the web service a preference, it would need to be exposed by modifying the existing Sandcastle ResolveReferenceLinksComponent2 build component.&nbsp; Currently, it only accepts an option to specify the locale.</p>\r\n<p>Eric</p>\r\n<p>&nbsp;</p>",
    "PostedDate": "2009-11-30T12:54:33.457-08:00",
    "UserRole": null,
    "MarkedAsAnswerDate": null
  },
  {
    "Id": "413234",
    "ThreadId": "76593",
    "Html": "<p>Where is the ResolveReferenceLinksComponent2 component? - I'd like to try to make it resolve to Silverlight SDK references.</p>\r\n<p>Thanks,</p>\r\n<p>Michael</p>",
    "PostedDate": "2010-03-02T08:20:10.997-08:00",
    "UserRole": null,
    "MarkedAsAnswerDate": null
  },
  {
    "Id": "413249",
    "ThreadId": "76593",
    "Html": "<p>You can download the source code for Sandcastle from this project site.&nbsp; You'll find the code for it in there if you want to try to modify it.&nbsp; You'll need the 21990 release if you want it to work with the current Sandcastle executables (May 2008 release).</p>\r\n<p>Eric</p>\r\n<p>&nbsp;</p>",
    "PostedDate": "2010-03-02T08:47:03.513-08:00",
    "UserRole": null,
    "MarkedAsAnswerDate": null
  },
  {
    "Id": "413282",
    "ThreadId": "76593",
    "Html": "<ol>\r\n<li>I downloaded the latest source code</li>\r\n<li>I made the necessary changes to MsdnResolver.cs and ResolveReferenceLinksComponent2</li>\r\n<li>I rebuilt the dlls and exes</li>\r\n<li>I copied the dlls and exes to C:\\Program Files (x86)\\Sandcastle\\ProductionTools</li>\r\n</ol>\r\n<p>Now I get this error when I build:</p>\r\n<pre>-------------------------------\r\nGenerating API filter for MRefBuilder...\r\n    Last step completed in 00:00:00.0340\r\n-------------------------------\r\nGenerating reflection information...\r\n[C:\\Windows\\Microsoft.NET\\Framework64\\v3.5\\MSBuild.exe]\r\nGenerateRefInfo:\r\n  MrefBuilder (v2.5.10626.0)\r\n  Copyright c Microsoft 2006\r\nMREFBUILDER : error : The type 'Microsoft.Ddue.Tools.Reflection.AssemblyResolver' was not found in the component assembly 'C:\\Program Files (x86)\\Sandcastle\\ProductionTools\\MRefBuilder.exe'.\r\n    Last step completed in 00:00:00.8959\r\n-------------------------------\r\n\r\nSHFB: Error BE0043: Unexpected error detected in last build step.  See output above for details.\r\n\r\n</pre>\r\n<p>Any suggestions?</p>",
    "PostedDate": "2010-03-02T10:16:19.203-08:00",
    "UserRole": null,
    "MarkedAsAnswerDate": null
  },
  {
    "Id": "413485",
    "ThreadId": "76593",
    "Html": "<p>You should probably just try replacing the assembly containing ResolveReferenceLinksComponent2 rather than all of the assemblies and executables.&nbsp; A safer approach would be to create a custom component by cloning the code for just that component in a separate assembly and set it up as custom build component in SHFB that replaces the standard component (see Creating a <a title=\"custom component\" href=\"http://www.ewoodruff.us/shfbdocs/Index.aspx?topic=html/e6d18448-2459-46f1-bbdc-a7db415f2bda.htm\">Component Configuration File</a>).&nbsp; You can model the configuration for it after the CachedResolveReferenceLinksComponent that's supplied with SHFB since it acts as a replacement much like this one would.</p>\r\n<p>Eric</p>\r\n<p>&nbsp;</p>",
    "PostedDate": "2010-03-02T19:50:52.037-08:00",
    "UserRole": null,
    "MarkedAsAnswerDate": null
  }
]