[
  {
    "Id": "826102",
    "ThreadId": "352867",
    "Html": "\r\n<p>Hello, I have 2 very simple questions:</p>\r\n<p>1) How do I enable my documentation to function with intellisense...is there a file that has to be included in my class library project?</p>\r\n<p>2) How do I distribute my documentation? Do I just provide the &quot;Documentation.chm&quot; file or are other files needed as well?</p>\r\n<p>Thanks in advance.</p>\r\n<p>-L</p>\r\n",
    "PostedDate": "2012-04-19T10:43:40.023-07:00",
    "UserRole": null,
    "MarkedAsAnswerDate": null
  },
  {
    "Id": "826148",
    "ThreadId": "352867",
    "Html": "<p>IntelliSense is handled by the XML comments file.&nbsp; As long as you deploy your XML comments file to the same location as your assembly, Visual Studio will find it can use it when you add the assembly as a reference to a project.&nbsp; See the Build property page in your assembly project's property pages.&nbsp; There is an XML Documentation checkbox that needs to be checked for the build to produce the comments file.&nbsp; Be sure you check it in both the Debug and Release configurations.</p>\r\n<p>How you distribute the file depends on how you want it accessed.&nbsp; A CHM file is fine for standalone access where you can create a shortcut to it perhaps.&nbsp; If you want your help integrated into Visual Studio,&nbsp; you need to build it as a Help 2 file (VS2005 and VS2008) or as an MS Help Viewer file (VS2010 and VS2011).&nbsp; There are additional steps required to actually perform the integration of your content into the Visual Studio help collections.&nbsp; If you are using the <a title=\"SHFB\" href=\"http://SHFB.CodePlex.com\" target=\"_blank\">Sandcastle Help File Builder</a>, see the sub-topics under the MS Help 2 and MS Help Viewer Category Properties in the table of contents in the SHFB help file.&nbsp; They cover integrating the help files into the collection and removing them using the scripts files produced as part of the build.</p>\r\n<p>Eric</p>\r\n<p>&nbsp;</p>",
    "PostedDate": "2012-04-19T12:24:36.437-07:00",
    "UserRole": null,
    "MarkedAsAnswerDate": null
  },
  {
    "Id": "826183",
    "ThreadId": "352867",
    "Html": "<p>Thanks for the quick and helpful reply Eric, but there's a problem:</p>\r\n<p>I'm experimenting with implementing download functionality on my website (which is running locally on the hard disk at the moment). I send my Documentation.chm file to a compressed folder (it barely undergoes any compression though) and then try to download, unzip to a new folder&nbsp;and view this file. The download works, I unzip the file into a new folder as \"Documentation.chm\". It's the same size as the original. &nbsp;If I double-click the file I can see the content headings on the left but I'm unable to view any content when I click on it. The content pane just says \"Navigation to the webpage was cancelled\". Any idea what might be going on here? Thanks very much in advance.</p>\r\n<p>-L</p>",
    "PostedDate": "2012-04-19T13:39:02.613-07:00",
    "UserRole": null,
    "MarkedAsAnswerDate": null
  },
  {
    "Id": "826231",
    "ThreadId": "352867",
    "Html": "<p>Okay, it seems that this is security behavior by design. I bypass it by right-clicking on the downloaded file, select Properties and click Unblock.</p>",
    "PostedDate": "2012-04-19T15:44:02.593-07:00",
    "UserRole": null,
    "MarkedAsAnswerDate": null
  }
]