[
  {
    "Id": "248384",
    "ThreadId": "72729",
    "Html": "<p>Hello All,<br>Anyone used the new&nbsp;Help 3 we have been waiting for? What is your impression?<br>My impression - Oh! my God, MS finally did JavaDoc!</p>\r\n<p>I love it though,...no no no,&nbsp;not that I am going to use it, but it will stop and end&nbsp;those <br>&quot;I want to integrate my help into VS.NET help&quot; developers, and keep it lean.</p>\r\n<p>Interesting they did not WPFied this one.</p>\r\n<p>Non-resizable left-pane? sounds like new design pattern from MS labs, just a step back on<br>my large workplace&nbsp;monitors. <br>Hmmm,&nbsp;I rightly rejected my boss's offer of 26 inches monitor. Now, I know why? :)</p>\r\n<p>A little humble appeal to the Sandcastle Team, please&nbsp;make the styles/transforms for the new <br>Help 3 view as <strong>VS2010</strong>, so that the current <strong>VS2005</strong> will stay, since there is a&nbsp;huge difference.</p>\r\n<p>Best regards,<br>Paul.</p>",
    "PostedDate": "2009-10-21T20:08:22.297-07:00",
    "UserRole": null,
    "MarkedAsAnswerDate": null
  },
  {
    "Id": "249975",
    "ThreadId": "72729",
    "Html": "<p>Hi Paul,</p>\r\n<p>We're just now in the process of testing out the conversion process from 2.x to 1.0 (lol - they're really going to mess people up) to be able to use our help in VS2010. I just posted a discussion on the SHFB site since we're encountering an error with &lt;nobr&gt; tags coming from the VS2005 style that are not valid in XHTML. Have you seen this or run across this? I'm hoping that there is a way to tweak a stylesheet while we wait for the VS2010 style from the Sandcastle Team.</p>\r\n<p>Katy</p>",
    "PostedDate": "2009-10-26T17:01:45.96-07:00",
    "UserRole": null,
    "MarkedAsAnswerDate": null
  },
  {
    "Id": "250218",
    "ThreadId": "72729",
    "Html": "<p>Hello Katy,<br>The nonstandard &lt;nobr&gt; tag is used in many places in the Sandcastle, but all are in the</p>\r\n<p><strong>Presentation\\vs2005\\transforms\\htmlBody.xsl</strong></p>\r\n<p>so you can modify this file. Help 1.x does not require XHTML so if you are not creating webhelp,<br>do not need to worry about it.<br>The following page gives more information on the &lt;nobr&gt; tag, so you might find something useful there...<br><a href=\"http://www.cs.tut.fi/~jkorpela/html/nobr.html\">http://www.cs.tut.fi/~jkorpela/html/nobr.html</a></p>\r\n<p>If the aim is to migrate to Help 3.x, then you will have to be XHTML compliant. However, if you are not<br>using customized style/transform then most likely the next Sandcastle will handle it automatically.</p>\r\n<p>Best regards,<br>Paul.</p>",
    "PostedDate": "2009-10-27T08:49:02.16-07:00",
    "UserRole": null,
    "MarkedAsAnswerDate": null
  },
  {
    "Id": "250220",
    "ThreadId": "72729",
    "Html": "<p>Thanks Paul,</p>\r\n<p>Yes, sorry I was unclear - we are in fact moving to Help 3.x (which unfortunately MS seems to be now calling MS Help Viewer 1.0 (?)). Thank you for pointing me to the htmlBody.xsl, that was exactly the file I was looking for. Hopefully, though, the next release of Sandcastle will be out soon with XHTML-compliant styles.</p>\r\n<p>Thanks much!</p>\r\n<p>Katy</p>",
    "PostedDate": "2009-10-27T08:58:24.847-07:00",
    "UserRole": null,
    "MarkedAsAnswerDate": null
  },
  {
    "Id": "250257",
    "ThreadId": "72729",
    "Html": "<p>&gt;&gt;<strong>Katy</strong>: Yes, sorry I was unclear - we are in fact moving to Help 3.x<br>It is&nbsp;the new confusion we&nbsp;may &nbsp;have to sort out many times in this forum.&nbsp;<br>Well, I make life easy for myself, the version is 3, so <strong>it is</strong> MS&nbsp;Help 3.x, its viever is called<br>Microsoft Help Viewer,&nbsp;similar&nbsp;to&nbsp;the Help 2.x viewer called Microsoft Document Explorer.</p>\r\n<p>There is no viewer anyway (at least not in this current release), it is just a&nbsp;lite web&nbsp;server (likely&nbsp;ASP.NET),<br>so that the search, and those runat=&quot;server&quot; marked tags like the MrefMemberlistFilter, CodeSnippet<br>to work locally.</p>\r\n<p>Best regards,<br>Paul.</p>",
    "PostedDate": "2009-10-27T10:15:31.867-07:00",
    "UserRole": null,
    "MarkedAsAnswerDate": null
  },
  {
    "Id": "253297",
    "ThreadId": "72729",
    "Html": "<p>Katy,</p>\r\n<p>You might check out the following site by Help MVP Rob Chandler.&nbsp;&nbsp;<a href=\"http://mshcmigrate.helpmvp.com/\">http://mshcmigrate.helpmvp.com/</a>&nbsp; He's made a tool available that takes Help2 content into MS Help Viewer 1.0 content.&nbsp; He also has a section listing issues that he and I have encountered in trying to integrate content into MS Help Viewer 1.0.&nbsp; <a href=\"http://mshcmigrate.helpmvp.com/faq/beta2\">http://mshcmigrate.helpmvp.com/faq/beta2</a></p>\r\n<p>--Geoff</p>\r\n<p>&nbsp;</p>",
    "PostedDate": "2009-11-04T07:33:27.47-08:00",
    "UserRole": null,
    "MarkedAsAnswerDate": null
  }
]