[
  {
    "Id": "606447",
    "ThreadId": "256149",
    "Html": "<p>OK, this one is driving me bonkers. I have written a batch file to invoke the msbuild tool to build my documentation. Here is the command line that it issues:</p>\n<pre>C:\\Windows\\Microsoft.NET\\Framework\\v4.0.30319\\msbuild  /property:WorkingPath=D:\\home\\svn\\vx\\help\\Working\\2011.05.03.9.50.28\\;OutputPath=D:\\home\\svn\\vx\\help\\output\\chm\\;HelpFileFormat=HtmlHelp1;CustomBeforeSHFBTargets=D:\\home\\svn\\vx\\help\\ponly.proj vx_all.shfbproj</pre>\n<p>The tool uses <strong>d:\\home\\svn\\vx\\help\\Help\\Working\\</strong>&nbsp;for the working directory, and it writes the output file to&nbsp;&nbsp;<strong>d:\\home\\svn\\vx\\help\\Help\\</strong>. This is despite the fact that the command line specifies&nbsp;<strong>d:\\home\\svn\\vx\\help\\Working\\2011.05.03.9.50.28\\</strong>&nbsp;for  WorkingPath and&nbsp;<strong>d:\\home\\svn\\vx\\help\\output\\chm\\</strong>&nbsp;for OutputPath. The project file itself specifies a completely different path which is also not being used. It behaves the same regardless of whether or not I supply the plugin override project  file.</p>\n<p>I'm sure I'm doing something obviously wrong, but for the life of me I can't figure out what. I tried enclosing the paths in quotes, but then the tool used the output path specified in the project file.</p>\n<p>Thanks!</p>\n<p>Ed</p>\n<p>Edit: For added good humor, it also ignores the <strong>HelpFileFormat</strong>&nbsp;property when set from the command line. Same project file, same values works fine when set through the SHFB GUI.&nbsp;</p>\n<pre>\n\n</pre>",
    "PostedDate": "2011-05-03T07:06:06.31-07:00",
    "UserRole": null,
    "MarkedAsAnswerDate": null
  },
  {
    "Id": "606495",
    "ThreadId": "256149",
    "Html": "<p>Uninstall SHFB and then&nbsp;download and install the v1.9.3.0 refresh for it&nbsp;published on 03/26.&nbsp; It fixes that issue.</p>\r\n<p>Eric</p>\r\n<p>&nbsp;</p>",
    "PostedDate": "2011-05-03T08:23:27.757-07:00",
    "UserRole": null,
    "MarkedAsAnswerDate": null
  },
  {
    "Id": "606528",
    "ThreadId": "256149",
    "Html": "<p>Thanks!</p>\r\n<p>(I had installed 1.9.3.0 on 3/25, believe it or not.)</p>",
    "PostedDate": "2011-05-03T09:12:44.187-07:00",
    "UserRole": null,
    "MarkedAsAnswerDate": null
  }
]