[
  {
    "Id": "117964",
    "ThreadId": "35486",
    "Html": "Hi<br>\r\n<br>\r\nI been following this tutorial <a href=\"http://blogs.msdn.com/sandcastle/archive/2006/11/22/supporting-custom-tags-in-sandcastle.aspx\">Custom Tags</a> and been able to do what they did in the tutorial to work.<br>\r\n<br>\r\nHowever the tutorial only goes into tags that don't have any attributes in them. I want to make some tags that have attributes in them but I can't figure out how.<br>\r\n<br>\r\nSo I want to make this tag:<br>\r\n<br>\r\n&lt;authors id=&quot;123&quot; email=&quot;32@hotmail.com&quot;&gt;chobo2&lt;/authors&gt;<br>\r\n<br>\r\nHow could I make this. <br>\r\n<br>\r\nI know there are prebuild tags like the parm tag that has attributes but I can't seem to get that result.<br>\r\n",
    "PostedDate": "2008-09-11T14:52:03.513-07:00",
    "UserRole": null,
    "MarkedAsAnswerDate": null
  },
  {
    "Id": "117975",
    "ThreadId": "35486",
    "Html": "&gt;&gt;<strong>chobo2</strong>: <em>I know there are prebuild tags like the parm tag that has attributes but I can't seem to get that result</em>.<br>\r\nThe tutorial assumes you have a working knowledge of the XSL, which you will need if you want to transform your<br>\r\ncustom tags to an HTML output.<br>\r\n<br>\r\nThe tutorial is not restricted to tags without attributes, so please read a little bit on XSL, it is easy and simple to understand.<br>\r\nIf, however, the above is the&nbsp;only custom tag you want to use, then show how you want it formatted and we could help you.<br>\r\n<br>\r\nBest regards,<br>\r\nPaul.<br>\r\n",
    "PostedDate": "2008-09-11T15:10:14.81-07:00",
    "UserRole": null,
    "MarkedAsAnswerDate": null
  },
  {
    "Id": "117978",
    "ThreadId": "35486",
    "Html": "It's been a while since I used xsl and I really don't have time(this is just a nice to have and not required for my current project).<br>\r\n<br>\r\nIf you could make this quickly that would be great it also would give me a model to make other ones if I needed too.<br>\r\n<br>\r\nI was just thinking off<br>\r\n<br>\r\n///&lt;summary&gt;stuff here &lt;/summary&gt;<br>\r\n///&lt;remarks&gt;<br>\r\n/// &lt;author id=&quot;123&quot; email=&quot;32@hotmail.com&quot;&gt;chobo2&lt;/author&gt;<br>\r\n///&lt;/remakrs&gt;<br>\r\n<br>\r\nSo that would be what I would be placing it. Other then that in teh document it would be cool that the people would know they are looking at an Author of the code. Id is the student number and email.<br>\r\n",
    "PostedDate": "2008-09-11T15:21:43.493-07:00",
    "UserRole": null,
    "MarkedAsAnswerDate": null
  },
  {
    "Id": "117979",
    "ThreadId": "35486",
    "Html": "&gt;&gt;<strong>chobo2</strong>: <em>So that would be what I would be placing it</em>.<br>\r\nHow do you want this to be formatted or how do you want this to appear in the output?<br>\r\n<br>\r\nBest regards,<br>\r\nPaul.\r\n",
    "PostedDate": "2008-09-11T15:27:30.77-07:00",
    "UserRole": null,
    "MarkedAsAnswerDate": null
  },
  {
    "Id": "117995",
    "ThreadId": "35486",
    "Html": "Hi,&nbsp;<br>\r\n<br>\r\nUse the XPath attribute (@) syntax.<br>\r\n<pre>&lt;xsl:template match=&quot;author&quot;&gt;\r\n\r\n  ID: &lt;font size=&quot;3&quot;&gt;\r\n    &nbsp; &lt;xsl:value-of select=&quot;@id&quot;/&gt;&lt;/font&gt;\r\n\r\n  Email: &lt;font size=&quot;3&quot;&gt;\r\n    &nbsp; &lt;xsl:value-of select=&quot;@email&quot;/&gt;&lt;/font&gt;\r\n\r\n&lt;/xsl:template&gt;</pre>\r\n- Dave\r\n",
    "PostedDate": "2008-09-11T16:31:27.313-07:00",
    "UserRole": null,
    "MarkedAsAnswerDate": null
  },
  {
    "Id": "118028",
    "ThreadId": "35486",
    "Html": "&quot;How do you want this to be formatted or how do you want this to appear in the output?<br>\r\n<br>\r\nBest regards,<br>\r\nPaul.&quot;<br>\r\n<br>\r\nSomething how davedev has it.<br>\r\n<br>\r\nOutput would be like <br>\r\n<br>\r\nAuthor: chobo2<br>\r\nID: 105195915<br>\r\nemail: 2415@hotmail.com<br>\r\n<br>\r\nI tried to implement what davedev did but I am not sure if I did something wrong I stuck it main_sandcastle.xsl(prototype one) I was not really sure where to put it so I just stuck it near the other ones(like return). <br>\r\n<br>\r\nI then tried to use SandCastle Help file builder to build it but I don't see any either the ID or Email tags.<br>\r\n",
    "PostedDate": "2008-09-11T22:47:48.073-07:00",
    "UserRole": null,
    "MarkedAsAnswerDate": null
  },
  {
    "Id": "118033",
    "ThreadId": "35486",
    "Html": "Hi, <br>\r\n<br>\r\nYou just need to place the <strong>xsl:template</strong> element as a child of the <strong>xsl:stylesheet </strong>element in <strong>main_sandcastle.xsl</strong>.&nbsp; As you pointed out, next to the template that matches <em>return, </em>or any other XML documentation&nbsp;element, should be fine.<br>\r\n<br>\r\nA basic template for what you want might look like this:&nbsp;<br>\r\n<br>\r\n&lt;xsl:template match=&quot;author&quot;&gt;<br>\r\n<br>\r\n&nbsp; Author:&nbsp;&lt;xsl:value-of select=&quot;.&quot;/&gt;<br>\r\n&nbsp; &lt;br/&gt;<br>\r\n&nbsp; ID:&nbsp;&lt;xsl:value-of select=&quot;@id&quot;/&gt;<br>\r\n&nbsp; &lt;br/&gt;<br>\r\n&nbsp; Email:&nbsp;&lt;xsl:value-of select=&quot;@email&quot;/&gt;<br>\r\n<br>\r\n&lt;/xsl:template&gt;<br>\r\n<br>\r\nMake sure that you're adding it to the appropriate presentation style.&nbsp; I'm not sure, but there may be something else that you need to do to get it working in SHFB.&nbsp; In plain old Sandcastle though, simply adding the template should be enough.<br>\r\n<br>\r\n- Dave\r\n",
    "PostedDate": "2008-09-11T23:15:19.153-07:00",
    "UserRole": null,
    "MarkedAsAnswerDate": null
  },
  {
    "Id": "118146",
    "ThreadId": "35486",
    "Html": "SHFB doesn't override the transformations so as long as it's in the right place, it will work.<br>\r\n<br>\r\nEric<br>\r\n",
    "PostedDate": "2008-09-12T07:59:02.287-07:00",
    "UserRole": null,
    "MarkedAsAnswerDate": null
  },
  {
    "Id": "118276",
    "ThreadId": "35486",
    "Html": "Thanks all this worked great. It also gives me a great base to work off. Anything similar and I should be able to make it. SandCastle is so cool in this way and when I have more time I am going to learn some more xslt so I can make more tags.<br>\r\n<br>\r\nOr hopefully someone will have made a tool that add's custom comments to sandcastle.<br>\r\n<br>\r\nOne more thing.<br>\r\n<br>\r\nHow would I make a if statement so that if there is more then one author tag it would put a break after first set of information is done?<br>\r\n",
    "PostedDate": "2008-09-12T20:11:18.517-07:00",
    "UserRole": null,
    "MarkedAsAnswerDate": null
  },
  {
    "Id": "118287",
    "ThreadId": "35486",
    "Html": "<p>Hi, </p>\r\n<p>Try something like this: </p>\r\n<pre>&lt;!-- existing template stuff here --&gt;\r\n\r\n<pre class=code><span style=\"color:#0000ff\">&lt;</span><span style=\"color:#2b91af\">xsl:if</span><span style=\"color:#0000ff\"> </span><span style=\"color:#ff0000\">test</span><span style=\"color:#0000ff\">=</span>&quot;<span style=\"color:#0000ff\">generate-id(.) != generate-id(..//author[last()])</span>&quot;<span style=\"color:#0000ff\">&gt;<br>&nbsp;&nbsp;&nbsp;&nbsp;&lt;</span><span style=\"color:#a31515\">br</span><span style=\"color:#0000ff\">/&gt;&lt;</span><span style=\"color:#a31515\">br</span><span style=\"color:#0000ff\">/&gt;<br>&lt;/</span><span style=\"color:#2b91af\">xsl:if</span><span style=\"color:#0000ff\">&gt;</span></pre>\r\n</pre>\r\n<p>This can produce results such as:&nbsp;<br>\r\n<br>\r\n&nbsp;&nbsp;Billy&lt;br /&gt;&lt;br /&gt;<br>\r\n&nbsp; Pam&lt;br /&gt;&lt;br /&gt;<br>\r\n&nbsp; Roger&lt;br /&gt;&lt;br /&gt;<br>\r\n&nbsp; Joe&nbsp;<br>\r\n<br>\r\n- Dave</p>\r\n",
    "PostedDate": "2008-09-12T22:10:51.64-07:00",
    "UserRole": null,
    "MarkedAsAnswerDate": null
  }
]