[
  {
    "Id": "722370",
    "ThreadId": "285446",
    "Html": "\r\n<p><span style=\"font-size:11pt\">How to group assemblies in Table of Content (i.e. Business Logic Layer, User<br>\r\nInterface...) of different Visual Studio solutions? </span></p>\r\n<p>&nbsp;</p>\r\n<p><span style=\"font-size:11pt\">Prakash Subramanian<br>\r\n</span></p>\r\n",
    "PostedDate": "2012-01-09T04:00:36.747-08:00",
    "UserRole": null,
    "MarkedAsAnswerDate": null
  },
  {
    "Id": "722717",
    "ThreadId": "285446",
    "Html": "<p>There isn't a way to do that with Sandcastle by default.&nbsp; However, if you are using the <a title=\"SHFB\" href=\"http://SHFB.CodePlex.com\" target=\"_blank\">Sandcastle Help File Builder</a>, you might be able to write a plug-in for it that would let you reorganize the TOC to suit your needs.&nbsp; If you're generating Help 2 or MS Help Viewer output another option might be to build each project individually with each containing a content layout file with a topic that acts as a parent for the API content in each one.&nbsp; Once merged into the Help 2 or MS Help Viewer collection you'd get a similar result.</p>\r\n<p>Eric</p>\r\n<p>&nbsp;</p>",
    "PostedDate": "2012-01-09T12:26:02.007-08:00",
    "UserRole": null,
    "MarkedAsAnswerDate": null
  }
]