[
  {
    "Id": "1144881",
    "ThreadId": "479387",
    "Html": "I'm doing API documentation. Sandcastle's assembly reflection is a little more detailed than I want. the Assembly reference display looks like:\r<br />\n<br />\nVersion: 2.0.5115.30869\r<br />\n<br />\nI'd like to trim it down to just:\r<br />\n<br />\nVersion: 2.0\r<br />\n<br />\nWhere would I look to configure that?\r<br />\n<br />\nThanks!\r<br />\n<br />\nKen<br />\n",
    "PostedDate": "2014-01-02T21:38:07.29-08:00",
    "UserRole": null,
    "MarkedAsAnswerDate": null
  },
  {
    "Id": "1145186",
    "ThreadId": "479387",
    "Html": "You'll need to modify the XSL transformation file utilities_reference.xsl to do that.  Find the template &quot;assemblyNameAndModule&quot; (it may vary depending on which presentation style you use) and change the last parameter to this:<br />\n<div style=\"color:Black;background-color:White;\"><pre>\r\n<span style=\"color:Blue;\">&lt;</span><span style=\"color:#A31515;\">parameter</span><span style=\"color:Blue;\">&gt;</span>\n    <span style=\"color:Blue;\">&lt;</span><span style=\"color:#A31515;\">xsl</span><span style=\"color:Blue;\">:</span><span style=\"color:#A31515;\">variable</span> <span style=\"color:Red;\">name</span><span style=\"color:Blue;\">=</span><span style=\"color:Black;\">&quot;</span><span style=\"color:Blue;\">versionParts</span><span style=\"color:Black;\">&quot;</span><span style=\"color:Blue;\">&gt;</span>\n        <span style=\"color:Blue;\">&lt;</span><span style=\"color:#A31515;\">xsl</span><span style=\"color:Blue;\">:</span><span style=\"color:#A31515;\">call-template</span> <span style=\"color:Red;\">name</span><span style=\"color:Blue;\">=</span><span style=\"color:Black;\">&quot;</span><span style=\"color:Blue;\">tokenize</span><span style=\"color:Black;\">&quot;</span><span style=\"color:Blue;\">&gt;</span>\n            <span style=\"color:Blue;\">&lt;</span><span style=\"color:#A31515;\">xsl</span><span style=\"color:Blue;\">:</span><span style=\"color:#A31515;\">with-param</span> <span style=\"color:Red;\">name</span><span style=\"color:Blue;\">=</span><span style=\"color:Black;\">&quot;</span><span style=\"color:Blue;\">string</span><span style=\"color:Black;\">&quot;</span> <span style=\"color:Red;\">select</span><span style=\"color:Blue;\">=</span><span style=\"color:Black;\">&quot;</span><span style=\"color:Blue;\">$library/assemblydata/@version</span><span style=\"color:Black;\">&quot;</span> <span style=\"color:Blue;\">/&gt;</span>\n        <span style=\"color:Blue;\">&lt;/</span><span style=\"color:#A31515;\">xsl</span><span style=\"color:Blue;\">:</span><span style=\"color:#A31515;\">call-template</span><span style=\"color:Blue;\">&gt;</span>\n    <span style=\"color:Blue;\">&lt;/</span><span style=\"color:#A31515;\">xsl</span><span style=\"color:Blue;\">:</span><span style=\"color:#A31515;\">variable</span><span style=\"color:Blue;\">&gt;</span>\n    <span style=\"color:Blue;\">&lt;</span><span style=\"color:#A31515;\">xsl</span><span style=\"color:Blue;\">:</span><span style=\"color:#A31515;\">variable</span> <span style=\"color:Red;\">name</span><span style=\"color:Blue;\">=</span><span style=\"color:Black;\">&quot;</span><span style=\"color:Blue;\">versionNodes</span><span style=\"color:Black;\">&quot;</span> <span style=\"color:Red;\">select</span><span style=\"color:Blue;\">=</span><span style=\"color:Black;\">&quot;</span><span style=\"color:Blue;\">msxsl:node-set($versionParts)</span><span style=\"color:Black;\">&quot;</span> <span style=\"color:Blue;\">/&gt;</span>\n    <span style=\"color:Blue;\">&lt;</span><span style=\"color:#A31515;\">xsl</span><span style=\"color:Blue;\">:</span><span style=\"color:#A31515;\">value-of</span> <span style=\"color:Red;\">select</span><span style=\"color:Blue;\">=</span><span style=\"color:Black;\">&quot;</span><span style=\"color:Blue;\">concat($versionNodes/token[1], &#39;.&#39;, $versionNodes/token[2])</span><span style=\"color:Black;\">&quot;</span> <span style=\"color:Blue;\">/&gt;</span>\n<span style=\"color:Blue;\">&lt;/</span><span style=\"color:#A31515;\">parameter</span><span style=\"color:Blue;\">&gt;</span>\r\n</pre></div>Also add the following template to the file:<br />\n<div style=\"color:Black;background-color:White;\"><pre>\r\n<span style=\"color:Blue;\">&lt;</span><span style=\"color:#A31515;\">xsl</span><span style=\"color:Blue;\">:</span><span style=\"color:#A31515;\">template</span> <span style=\"color:Red;\">name</span><span style=\"color:Blue;\">=</span><span style=\"color:Black;\">&quot;</span><span style=\"color:Blue;\">tokenize</span><span style=\"color:Black;\">&quot;</span><span style=\"color:Blue;\">&gt;</span>\n    <span style=\"color:Blue;\">&lt;</span><span style=\"color:#A31515;\">xsl</span><span style=\"color:Blue;\">:</span><span style=\"color:#A31515;\">param</span> <span style=\"color:Red;\">name</span><span style=\"color:Blue;\">=</span><span style=\"color:Black;\">&quot;</span><span style=\"color:Blue;\">string</span><span style=\"color:Black;\">&quot;</span><span style=\"color:Blue;\">/&gt;</span>\n    <span style=\"color:Blue;\">&lt;</span><span style=\"color:#A31515;\">xsl</span><span style=\"color:Blue;\">:</span><span style=\"color:#A31515;\">param</span> <span style=\"color:Red;\">name</span><span style=\"color:Blue;\">=</span><span style=\"color:Black;\">&quot;</span><span style=\"color:Blue;\">separator</span><span style=\"color:Black;\">&quot;</span> <span style=\"color:Red;\">select</span><span style=\"color:Blue;\">=</span><span style=\"color:Black;\">&quot;</span><span style=\"color:Blue;\">&#39;.&#39;</span><span style=\"color:Black;\">&quot;</span><span style=\"color:Blue;\">/&gt;</span>\n\n    <span style=\"color:Blue;\">&lt;</span><span style=\"color:#A31515;\">xsl</span><span style=\"color:Blue;\">:</span><span style=\"color:#A31515;\">choose</span><span style=\"color:Blue;\">&gt;</span>\n        <span style=\"color:Blue;\">&lt;</span><span style=\"color:#A31515;\">xsl</span><span style=\"color:Blue;\">:</span><span style=\"color:#A31515;\">when</span> <span style=\"color:Red;\">test</span><span style=\"color:Blue;\">=</span><span style=\"color:Black;\">&quot;</span><span style=\"color:Blue;\">contains($string, $separator)</span><span style=\"color:Black;\">&quot;</span><span style=\"color:Blue;\">&gt;</span>\n            <span style=\"color:Blue;\">&lt;</span><span style=\"color:#A31515;\">token</span><span style=\"color:Blue;\">&gt;</span><span style=\"color:Blue;\">&lt;</span><span style=\"color:#A31515;\">xsl</span><span style=\"color:Blue;\">:</span><span style=\"color:#A31515;\">value-of</span> <span style=\"color:Red;\">select</span><span style=\"color:Blue;\">=</span><span style=\"color:Black;\">&quot;</span><span style=\"color:Blue;\">substring-before($string, $separator)</span><span style=\"color:Black;\">&quot;</span><span style=\"color:Blue;\">/&gt;</span><span style=\"color:Blue;\">&lt;/</span><span style=\"color:#A31515;\">token</span><span style=\"color:Blue;\">&gt;</span>\n            <span style=\"color:Blue;\">&lt;</span><span style=\"color:#A31515;\">xsl</span><span style=\"color:Blue;\">:</span><span style=\"color:#A31515;\">call-template</span> <span style=\"color:Red;\">name</span><span style=\"color:Blue;\">=</span><span style=\"color:Black;\">&quot;</span><span style=\"color:Blue;\">tokenize</span><span style=\"color:Black;\">&quot;</span><span style=\"color:Blue;\">&gt;</span>\n                <span style=\"color:Blue;\">&lt;</span><span style=\"color:#A31515;\">xsl</span><span style=\"color:Blue;\">:</span><span style=\"color:#A31515;\">with-param</span> <span style=\"color:Red;\">name</span><span style=\"color:Blue;\">=</span><span style=\"color:Black;\">&quot;</span><span style=\"color:Blue;\">string</span><span style=\"color:Black;\">&quot;</span> <span style=\"color:Red;\">select</span><span style=\"color:Blue;\">=</span><span style=\"color:Black;\">&quot;</span><span style=\"color:Blue;\">substring-after($string, $separator)</span><span style=\"color:Black;\">&quot;</span><span style=\"color:Blue;\">/&gt;</span>\n            <span style=\"color:Blue;\">&lt;/</span><span style=\"color:#A31515;\">xsl</span><span style=\"color:Blue;\">:</span><span style=\"color:#A31515;\">call-template</span><span style=\"color:Blue;\">&gt;</span>\n        <span style=\"color:Blue;\">&lt;/</span><span style=\"color:#A31515;\">xsl</span><span style=\"color:Blue;\">:</span><span style=\"color:#A31515;\">when</span><span style=\"color:Blue;\">&gt;</span>\n        <span style=\"color:Blue;\">&lt;</span><span style=\"color:#A31515;\">xsl</span><span style=\"color:Blue;\">:</span><span style=\"color:#A31515;\">otherwise</span><span style=\"color:Blue;\">&gt;</span>\n            <span style=\"color:Blue;\">&lt;</span><span style=\"color:#A31515;\">token</span><span style=\"color:Blue;\">&gt;</span><span style=\"color:Blue;\">&lt;</span><span style=\"color:#A31515;\">xsl</span><span style=\"color:Blue;\">:</span><span style=\"color:#A31515;\">value-of</span> <span style=\"color:Red;\">select</span><span style=\"color:Blue;\">=</span><span style=\"color:Black;\">&quot;</span><span style=\"color:Blue;\">$string</span><span style=\"color:Black;\">&quot;</span><span style=\"color:Blue;\">/&gt;</span><span style=\"color:Blue;\">&lt;/</span><span style=\"color:#A31515;\">token</span><span style=\"color:Blue;\">&gt;</span>\n        <span style=\"color:Blue;\">&lt;/</span><span style=\"color:#A31515;\">xsl</span><span style=\"color:Blue;\">:</span><span style=\"color:#A31515;\">otherwise</span><span style=\"color:Blue;\">&gt;</span>\n    <span style=\"color:Blue;\">&lt;/</span><span style=\"color:#A31515;\">xsl</span><span style=\"color:Blue;\">:</span><span style=\"color:#A31515;\">choose</span><span style=\"color:Blue;\">&gt;</span>\n<span style=\"color:Blue;\">&lt;/</span><span style=\"color:#A31515;\">xsl</span><span style=\"color:Blue;\">:</span><span style=\"color:#A31515;\">template</span><span style=\"color:Blue;\">&gt;</span>\r\n</pre></div>I can add a new XSL transform parameter to customize the number of parts shown and expose it on the Transform Args property page for a future version.\r<br />\n<br />\nPlease note that this project has been discontinued and may not be monitored as frequently. For future questions or issues concerning Sandcastle or SHFB, post them over on the <a href=\"http://SHFB.CodePlex.com\" rel=\"nofollow\">Sandcastle Help File Builder</a> project's discussion page. Thanks. \r<br />\n<br />\nEric<br />\n",
    "PostedDate": "2014-01-03T10:26:47.413-08:00",
    "UserRole": null,
    "MarkedAsAnswerDate": null
  },
  {
    "Id": "1146837",
    "ThreadId": "479387",
    "Html": "Thanks Eric!\r<br />\n<br />\nYou really are generous with your time and a great community guy.\r<br />\n<br />\nKen<br />\n",
    "PostedDate": "2014-01-03T21:31:25.57-08:00",
    "UserRole": null,
    "MarkedAsAnswerDate": null
  },
  {
    "Id": "1155897",
    "ThreadId": "479387",
    "Html": "Just to let you know, I've made the change as described.  In the next release, a new parameter is exposed in the Transform Args property category call maxVersionParts.  It can be set to 2, 3, or 4 to show just that many parts.  If set to any other value or left blank, it shows the entire version number including the assembly file version if present which appears in parentheses after the assembly version number which was the prior behavior.\r<br />\n<br />\nEric<br />\n",
    "PostedDate": "2014-01-11T18:44:33.18-08:00",
    "UserRole": null,
    "MarkedAsAnswerDate": "2014-01-21T17:04:54.343-08:00"
  }
]