[
  {
    "Id": "81732",
    "ThreadId": "24364",
    "Html": "\r\nI'm setting up an MSBuild proj file and all was running great. I moved it to another machine and it failed. Apparently the DxRoot variable was being picked up from my local system variables and not being set in the msbuild proj file as I thought. Actions taken:<br /><br />- Moved it back to my machine and tested, ran fine.<br />- Deleted my local DxRoot system variable and added the following to my initial property group:<br />        &lt;DxRoot&gt;C:\\sd\\Webstore\\public\\ext\\sandcastle\\v2.4\\x86&lt;/DxRoot&gt;<br /><i>This is the same path that was in my local system variable when everything ran fine.</i><br />- The other Sandcastle dirs are specified as before I made no changes here:<br />        &lt;ProductionTools&gt;$(DxRoot)\\ProductionTools&lt;/ProductionTools&gt;<br />        &lt;ProductionTransforms&gt;$(DxRoot)\\ProductionTransforms&lt;/ProductionTransforms&gt;<br />        &lt;Presentation&gt;$(DxRoot)\\Presentation\\$(PresentationStyle)&lt;/Presentation&gt;<br />- With the change above the following exec croaks:<br />        &lt;Exec Command='\"$(ProductionTools)\\MRefBuilder.exe\" \"$(OutputAssembly)\" /out:\"$(OutputDir)\\reflection_base.xml\"' /&gt;<br />- With this error:<br />        Build FAILED.<br />        C:\\sd\\Webstore\\private\\src\\MSBuild\\wst<i>doc</i>build.proj(86,5): error MSB3073: The<br />        command \"\"C:\\sd\\Webstore\\public\\ext\\sandcastle\\v2.4\\x86\\ProductionTools\\MRefBuilder.exe\" <br />        \"C:\\sd\\Webstore\\private\\src\\MSBuild\\..\\..\\..\\private\\src\\managed\\WstClient\\objd\\i386\\wstclient.dll\" /out:\"Output\\reflection_base.xml\"\" <br />        exited with code 1.<br /><br />The whole thing is based on the generic build.proj that comes with Sandcastle. The original DxRoot property from the generic was:<br />        &lt;DxRoot Condition=\"'$(DxRoot)' == ''\"&gt;C:\\Program Files\\Sandcastle&lt;/DxRoot&gt;<br />I just took out the condition because I <i>always</i> want the DxRoot to be set (or reset) from my proj file. I didn't change any of the other refs to DxRoot from the generic build file.<br /><br />What am I missing?<br /><br />Thx,<br />Keith<br />",
    "PostedDate": "2008-03-19T14:50:57.11-07:00",
    "UserRole": null,
    "MarkedAsAnswerDate": null
  },
  {
    "Id": "81744",
    "ThreadId": "24364",
    "Html": "\r\nHi Keith, <br /><br />Other files may depend on DXROOT being an environment variable, such as build assembler configuration files and possibly XSL transformations.  Make sure that you update all references if you don't want to use DXROOT as an environment variable.<br /><br />I'm not sure why MRefBuilder is failing though.  I don't think it depends upon DXROOT being an environment variable.  What happens if you run the failing command by itself on the command-line?  Does MRefBuilder provide any additional information about the error that's occurring?<br /><br />- Dave<br />",
    "PostedDate": "2008-03-19T16:06:48.66-07:00",
    "UserRole": null,
    "MarkedAsAnswerDate": null
  },
  {
    "Id": "81746",
    "ThreadId": "24364",
    "Html": "\r\nA return code of 1 from MRefBuilder means it had a problem of some sort such as it couldn't find it's configuration file, the command line options weren't correct, it couldn't find the assemblies, etc.  It usually writes something to the console to say exactly what it had a problem with.  Assuming the build output is logged to a file or the console window, you should find the problem description in there.  If not, you might try setting DXROOT to the given path and running MRefBuilder from a command prompt to see if you can get it to tell you what it doesn't like that way.<br /><br />Eric<br />",
    "PostedDate": "2008-03-19T16:10:48.733-07:00",
    "UserRole": null,
    "MarkedAsAnswerDate": null
  },
  {
    "Id": "81751",
    "ThreadId": "24364",
    "Html": "\r\nOK, here's a little more info from the console output. I'm going now to try a command line execution. What seems weird about the paths below is the %DxRoot% in the paths bolded below. Why isn't that resolved?<br /><br />Target ReflectionData:<br />    \"C:\\sd\\Webstore\\public\\ext\\sandcastle\\v2.4\\x86\\ProductionTools\\MRefBuilder.exe\" \"C:\\sd\\Webstore\\private\\src\\MSBuild\\..\\..\\..\\private\\src\\managed\\WstClient\\objd\\i386\\wstclient.dll\" /out:\"Output\\reflection_base.xml\"<br /><br />MrefBuilder (v2.4.10111.0)<br />Copyright c Microsoft 2006<br /><br />Error: A file access error occured while attempting to load the component assembly <b>'C:\\sd\\Webstore\\public\\ext\\sandcastle\\v2.4\\x86\\ProductionTools\\%DXROOT%\\ProductionTools\\MRefBuilder.exe'</b>. The error message is: Could not load file or assembly <b>'file:///C:\\sd\\Webstore\\public\\ext\\sandcastle\\v2.4\\x86\\ProductionTools\\%DXROOT%\\ProductionTools\\MRefBuilder.exe'</b> or one of its dependencies. The system cannot find the file specified.<br /><br />C:\\sd\\Webstore\\private\\src\\MSBuild\\wst<i>doc</i>build.proj(86,5): error MSB3073: The command \"\"C:\\sd\\Webstore\\public\\ext\\sandcastle\\v2.4\\x86\\ProductionTools\\MRefBuilder.exe\" <br />\"C:\\sd\\Webstore\\private\\src\\MSBuild\\..\\..\\..\\private\\src\\managed\\WstClient\\objd\\i386\\wstclient.dll\" /out:\"Output\\reflection_base.xml\"\" exited with code 1.<br /><br />Done building target \"ReflectionData\" in project \"wst<i>doc</i>build.proj\" -- FAILED.<br />",
    "PostedDate": "2008-03-19T16:47:20.713-07:00",
    "UserRole": null,
    "MarkedAsAnswerDate": null
  },
  {
    "Id": "81769",
    "ThreadId": "24364",
    "Html": "\r\nOK - I haven't totally got a handle on this, but it looks like some of the Sandcastle components rely on DXRoot implicitly (meaning in such a way that a path can't be fed in externally). So, I've figured out a pathetically in-elegant workaround to set DXRoot, and it will have to do.<br /><br />Anand, if you happen to review this, any comment?<br /><br />Thanks to all as usual.<br />Keith<br />",
    "PostedDate": "2008-03-19T19:03:23.667-07:00",
    "UserRole": null,
    "MarkedAsAnswerDate": null
  },
  {
    "Id": "81772",
    "ThreadId": "24364",
    "Html": "\r\nIf a /config option isn't specified, MRefBuilder will load the MRefBuilder.config found in the same location as the executable.  The default configuration has a reference to the MRefBuilder.exe for the &lt;resolver&gt; element.  It could be that for some reason the environment variable in its path isn't getting resolved correctly.  You could probably fix it by making a copy, hard coding the path, and using /config to reference your customized copy of the config file.<br /><br />You may have a similar problem with sandcastle.config as it references the build component assemblies the same way.  Again, hard-coding the paths would probably work around the issue.<br /><br />Eric<br />",
    "PostedDate": "2008-03-19T19:24:17.847-07:00",
    "UserRole": null,
    "MarkedAsAnswerDate": null
  },
  {
    "Id": "81777",
    "ThreadId": "24364",
    "Html": "\r\nYeah - I thought about trying that - I'm trying to keep as much vanilla as possible, but I might go there soon.<br /><br />Thanks Mr. E.<br /><br />Keith<br />",
    "PostedDate": "2008-03-19T20:27:05.76-07:00",
    "UserRole": null,
    "MarkedAsAnswerDate": null
  },
  {
    "Id": "177989",
    "ThreadId": "24364",
    "Html": "hi all,<br>\r\n<br>\r\ni'm getting this error<br>\r\n<br>\r\n&nbsp;&nbsp;&nbsp;&nbsp;&nbsp;&nbsp;&nbsp;&nbsp;&nbsp;&nbsp;&nbsp;&nbsp;&nbsp;&nbsp;&nbsp; Warn: SharedContentComponent: Missing shared content item. Tag:'<br>\r\ninclude'; Id:'topictitle'.<br>\r\n&nbsp;&nbsp;&nbsp;&nbsp;&nbsp;&nbsp;&nbsp;&nbsp;&nbsp;&nbsp;&nbsp;&nbsp;&nbsp;&nbsp;&nbsp; Warn: SharedContentComponent: Missing shared content item. Tag:'<br>\r\ninclude'; Id:'topictitle'.<br>\r\n&nbsp;&nbsp;&nbsp;&nbsp;&nbsp;&nbsp;&nbsp;&nbsp;&nbsp;&nbsp;&nbsp;&nbsp;&nbsp;&nbsp;&nbsp; Error: SharedContentComponent: Error replacing item.<br>\r\n&nbsp;&nbsp;&nbsp;&nbsp;&nbsp;&nbsp;&nbsp;&nbsp;&nbsp;&nbsp;&nbsp;&nbsp;&nbsp;&nbsp;&nbsp; C:\\dev\\www\\buildfiles\\Commonbuild.xml(306,9): error MSB3073: The<br>\r\n&nbsp;command &quot;&quot;C:\\Program Files\\Sandcastle\\ProductionTools\\BuildAssembler.exe&quot; /conf<br>\r\nig:&quot;C:\\Program Files\\Sandcastle\\Presentation\\vs2005\\configuration\\sandcastle.con<br>\r\nfig&quot; &quot;C:\\dev\\www\\common\\manifest.xml&quot;&quot; exited with code 1.<br>\r\n<br>\r\n<br>\r\nplease help.<br>\r\n<br>\r\nThanks,<br>\r\nChris<br>\r\n",
    "PostedDate": "2009-04-10T10:15:25.077-07:00",
    "UserRole": null,
    "MarkedAsAnswerDate": null
  },
  {
    "Id": "178099",
    "ThreadId": "24364",
    "Html": "Are you using the latest release of Sandcastle (the May 2008 release)?  Have you applied the Sandcastle Styles patch (http://SandcastleStyles.CodePlex.com)?<br>\r\n<br>\r\nEric<br>\r\n",
    "PostedDate": "2009-04-10T19:30:56.59-07:00",
    "UserRole": null,
    "MarkedAsAnswerDate": null
  },
  {
    "Id": "179862",
    "ThreadId": "24364",
    "Html": "Thanks for quick reply Eric.<br>\r\nYes I am.&nbsp; but this is not the case if i use prototype.&nbsp; however, for some reason this is not producing any htm or html file<br>\r\n<br>\r\n&lt;Target Name=&quot;Html&quot;<br>\r\n&nbsp;&nbsp;&nbsp;&nbsp;&nbsp;&nbsp;&nbsp;&nbsp;&nbsp;&nbsp;&nbsp; Inputs=&quot;$(OutputDir)\\manifest.xml;$(OutputDir)\\reflection.xml;$(Comments)&quot;<br>\r\n&nbsp;&nbsp;&nbsp;&nbsp;&nbsp;&nbsp;&nbsp;&nbsp;&nbsp;&nbsp;&nbsp; Outputs=&quot;$(DocumentationDir)\\html\\*.htm&quot;<br>\r\n&nbsp;&nbsp;&nbsp;&nbsp;&nbsp;&nbsp;&nbsp;&nbsp;&nbsp;&nbsp;&nbsp; DependsOnTargets=&quot;Manifest&quot;&gt;<br>\r\n&nbsp;&nbsp;&nbsp;&nbsp;&nbsp;&nbsp;&nbsp; &lt;Exec Command='&quot;$(ProductionTools)\\BuildAssembler.exe&quot; /config:&quot;$(Presentation)\\configuration\\sandcastle.config&quot; &quot;$(OutputDir)\\manifest.xml&quot;' /&gt;<br>\r\n&nbsp;&nbsp;&nbsp; &lt;/Target&gt;<br>\r\n&nbsp;&nbsp;&nbsp;&nbsp;&nbsp;&nbsp;&nbsp;&nbsp;&nbsp;&nbsp;&nbsp; <br>\r\ni'm getting this kind of error<br>\r\n<br>\r\n&nbsp;&nbsp;&nbsp;&nbsp;&nbsp;&nbsp;&nbsp;&nbsp;&nbsp;&nbsp;&nbsp;&nbsp;&nbsp;&nbsp;&nbsp; HHC5013: Error: URL reference in the TOC cannot be resolved: &quot;ht<br>\r\nml\\49ceebc5-ad7e-a066-7f1a-d4d836f845d9.htm&quot;.<br>\r\n<br>\r\ni even search my entire drive for 49ceebc5-ad7e-a066-7f1a-d4d836f845d9.htm and seems that it wasn't generated at all.<br>\r\n<br>\r\nPlease help.&nbsp; Thanks<br>\r\n&nbsp;<br>\r\n<br>\r\n<br>\r\n",
    "PostedDate": "2009-04-15T16:17:07.457-07:00",
    "UserRole": null,
    "MarkedAsAnswerDate": null
  },
  {
    "Id": "179903",
    "ThreadId": "24364",
    "Html": "The HHC5013 error is from the help compiler so it's failing at some point prior to that if there is no HTML output to process.  Did it create the manifest.xml file for BuildAssembler?  You might check it to be sure it contains something.  Are you getting any errors from BuildAssembler besides the one noted above that indicates that it fails prior to producing any output?  Is something else failing prior to BuildAssembler running?  You might try one of the community projects such as the Sandcastle Help File Builder (<a href=\"http://SHFB.CodePlex.com\">http://SHFB.CodePlex.com</a>) or DocProject (<a href=\"http://DocProject.CodePlex.com\">http://DocProject.CodePlex.com</a>) to see if you can produce a help file.  They will also produce a log which may help you track down any issues in the build.<br>\r\n<br>\r\nEric<br>\r\n",
    "PostedDate": "2009-04-15T19:15:34.887-07:00",
    "UserRole": null,
    "MarkedAsAnswerDate": null
  },
  {
    "Id": "179929",
    "ThreadId": "24364",
    "Html": "Ok i'll try those and yes, it did create manifest.xml and there is content in it.<br><br><div>On Wed, Apr 15, 2009 at 7:15 PM, EWoodruff <span dir=ltr>&lt;<a href=\"mailto:notifications@codeplex.com\">notifications@codeplex.com</a>&gt;</span> wrote:<br>\r\n<blockquote style=\"margin:0pt 0pt 0pt 0.8ex;padding-left:1ex\">   <div> <p>From: EWoodruff</p> <div>The HHC5013 error is from the help compiler so it's failing at some point prior to that if there is no HTML output to process.  Did it create the manifest.xml file for BuildAssembler?  You might check it to be sure it contains something.  Are you getting any errors from BuildAssembler besides the one noted above that indicates that it fails prior to producing any output?  Is something else failing prior to BuildAssembler running?  You might try one of the community projects such as the Sandcastle Help File Builder (<a href=\"http://SHFB.CodePlex.com\">http://SHFB.CodePlex.com</a>) or DocProject (<a href=\"http://DocProject.CodePlex.com\">http://DocProject.CodePlex.com</a>) to see if you can produce a help file.  They will also produce a log which may help you track down any issues in the build.<br>\r\n\r\n<br>\r\nEric<br>\r\n</div><div> <div> <p>Read the <a href=\"http://sandcastle.codeplex.com/Thread/View.aspx?ThreadId=24364&ANCHOR#Post179903\">full discussion online</a>.</p> <p>To add a post to this discussion, reply to this email (<a href=\"mailto:Sandcastle@discussions.codeplex.com?subject=[Sandcastle:24364]\">Sandcastle@discussions.codeplex.com</a>)</p>\r\n <p>To start a new discussion for this project, email <a href=\"mailto:Sandcastle@discussions.codeplex.com\">Sandcastle@discussions.codeplex.com</a></p> <p>You are receiving this email because you subscribed to this discussion on CodePlex. You can <a href=\"http://www.codeplex.com/site/discussions/thread/unsubscribe/24364\">unsubscribe</a> on codePlex.com.</p>\r\n <p>Please note: Images and attachments will be removed from emails. Any posts to this discussion will also be available online at <a href=\"http://codeplex.com\">codeplex.com</a></p> </div> </div></div> </blockquote>\r\n</div><br>",
    "PostedDate": "2009-04-15T21:19:20.33-07:00",
    "UserRole": null,
    "MarkedAsAnswerDate": null
  },
  {
    "Id": "185459",
    "ThreadId": "24364",
    "Html": "Hi Eric,<div><br></div><div>I successfully got sandcastle to work with msbuild however, i want to publish the document generated as a website.  currently only index.chm is automatically built but not index.htm.  is there a way to transform toc.xml to index.htm?  I don't really know if i'm missing something.  if so, please give some sample code.  thanks. <br>\r\n<br><div>On Wed, Apr 15, 2009 at 7:15 PM, EWoodruff <span dir=ltr>&lt;<a href=\"mailto:notifications@codeplex.com\">notifications@codeplex.com</a>&gt;</span> wrote:<br><blockquote style=\"margin:0 0 0 .8ex;border-left:1px #ccc solid;padding-left:1ex\">\r\n   <div> <p>From: EWoodruff</p> <div>The HHC5013 error is from the help compiler so it's failing at some point prior to that if there is no HTML output to process.  Did it create the manifest.xml file for BuildAssembler?  You might check it to be sure it contains something.  Are you getting any errors from BuildAssembler besides the one noted above that indicates that it fails prior to producing any output?  Is something else failing prior to BuildAssembler running?  You might try one of the community projects such as the Sandcastle Help File Builder (<a href=\"http://SHFB.CodePlex.com\">http://SHFB.CodePlex.com</a>) or DocProject (<a href=\"http://DocProject.CodePlex.com\">http://DocProject.CodePlex.com</a>) to see if you can produce a help file.  They will also produce a log which may help you track down any issues in the build.<br>\r\n\r\n<br>\r\nEric<br>\r\n</div><div> <div> <p>Read the <a href=\"http://sandcastle.codeplex.com/Thread/View.aspx?ThreadId=24364&ANCHOR#Post179903\">full discussion online</a>.</p> <p>To add a post to this discussion, reply to this email (<a href=\"mailto:Sandcastle@discussions.codeplex.com?subject=[Sandcastle:24364]\">Sandcastle@discussions.codeplex.com</a>)</p>\r\n <p>To start a new discussion for this project, email <a href=\"mailto:Sandcastle@discussions.codeplex.com\">Sandcastle@discussions.codeplex.com</a></p> <p>You are receiving this email because you subscribed to this discussion on CodePlex. You can <a href=\"http://www.codeplex.com/site/discussions/thread/unsubscribe/24364\">unsubscribe</a> on codePlex.com.</p>\r\n <p>Please note: Images and attachments will be removed from emails. Any posts to this discussion will also be available online at <a href=\"http://codeplex.com\">codeplex.com</a></p> </div> </div></div> </blockquote>\r\n</div><br></div>",
    "PostedDate": "2009-04-30T04:34:28.557-07:00",
    "UserRole": null,
    "MarkedAsAnswerDate": null
  },
  {
    "Id": "185689",
    "ThreadId": "24364",
    "Html": "I'm not sure how well Sandcastle alone supports website output.  Both SHFB and DocProject produce website output independently of Sandcastle and provide their own supporting website files.  There's a PowerShell script in Sandcastle's ProductionTools folder that does something to produce website output.  See this blog post for details:  <a href=\"http://blogs.msdn.com/sandcastle/archive/2008/01/17/genereating-website-for-api-documentation-using-sandcastle.aspx\">http://blogs.msdn.com/sandcastle/archive/2008/01/17/genereating-website-for-api-documentation-using-sandcastle.aspx</a><br>\r\n<br>\r\nEric<br>\r\n",
    "PostedDate": "2009-04-30T12:45:24.26-07:00",
    "UserRole": null,
    "MarkedAsAnswerDate": null
  }
]