[
  {
    "Id": "95714",
    "ThreadId": "28692",
    "Html": "Wow! we finally have it. On behalf of the Sandcastle users, I say <strong>Thank you, Thank you, Thank you</strong> to Anand <br>\r\nand the members of the Sandcastle team who worked hard to make this release possible - God bless you all.<br>\r\n<br>\r\nPlease post comments, impressions and others on this new release. <br>\r\nI will be testing the <strong>&lt;inheritdoc/&gt;</strong> tag support extensively this weekend, never knew they will knock <br>\r\nthis off - it seems MS is getting better!<br>\r\n<br>\r\nBest regards,<br>\r\nPaul.\r\n",
    "PostedDate": "2008-05-29T23:54:57.57-07:00",
    "UserRole": null,
    "MarkedAsAnswerDate": null
  },
  {
    "Id": "95939",
    "ThreadId": "28692",
    "Html": "<span style=\"font-family:tahoma\">The &lt;inheritdoc/&gt; implementation appears to lacks support for the cref and select attributes which I've got in my standalone version.  However, it does look like they made the supporting classes public so I can probably move my implementation into a build component.  I'll take a look into doing that and submit it as a feature request.<br>\r\n<br>\r\nEric<br>\r\n</span>\r\n",
    "PostedDate": "2008-05-30T18:34:42.357-07:00",
    "UserRole": null,
    "MarkedAsAnswerDate": null
  },
  {
    "Id": "95946",
    "ThreadId": "28692",
    "Html": "<p>&gt;&gt;Eric: <em>lacks support for the cref and select attributes which I've got in my standalone version<br>\r\n</em>I think they supported it like the JavaDoc (still testing, though), which seems to be the only<br>\r\nimplementation in use. The <strong>cref</strong> was introduced by the NDoc 2, and the <strong>select</strong> was only raised <br>\r\nup in the thread</p>\r\n<p><a href=\"http://www.codeplex.com/Sandcastle/Thread/View.aspx?ThreadId=22873\">http://www.codeplex.com/Sandcastle/Thread/View.aspx?ThreadId=22873</a>  <br>\r\n<br>\r\nI will take a look at your documentations to see how you supported the <strong>select</strong>. <br>\r\nIf the basic framework is there, options for what to retrieve would not be difficult to add.<br>\r\n<br>\r\nI have just spend about half a day trying to fix a broken documentation, it turns out to be<br>\r\na mistake on a page, which is only revealed by the new Sandcastle!<br>\r\n<br>\r\nBest regards,<br>\r\nPaul.</p>\r\n",
    "PostedDate": "2008-05-30T20:56:55.55-07:00",
    "UserRole": null,
    "MarkedAsAnswerDate": null
  },
  {
    "Id": "276571",
    "ThreadId": "28692",
    "Html": "<p>Hello,</p>\r\n<p>This is a quick update. I have being testing the current release to see how the <strong>&lt;inheritdoc/&gt;</strong> is supported.</p>\r\n<ul>\r\n<li>It turns out that the <strong>cref</strong> attribute of the &lt;inheritdoc/&gt; introduced by NDoc 2 is supported.<br>That is, the following will work in a class <strong>not</strong> derived from System.Object...the sample class AClass derives from BClass:<br>\r\n<div style=\"color:Black;background-color:White\">\r\n<pre><span style=\"color:Gray\">///</span> <span style=\"color:Gray\">&lt;overloads&gt;</span>\r\n<span style=\"color:Gray\">///</span><span style=\"color:Green\"> Returns the text representation of this object.</span>\r\n<span style=\"color:Gray\">///</span> <span style=\"color:Gray\">&lt;/overloads&gt;</span>\r\n<span style=\"color:Gray\">///</span> <span style=\"color:Gray\">&lt;summary&gt;</span>\r\n<span style=\"color:Gray\">///</span><span style=\"color:Green\"> Returns the text representation of this object, updated.</span>\r\n<span style=\"color:Gray\">///</span> <span style=\"color:Gray\">&lt;/summary&gt;</span>\r\n<span style=\"color:Gray\">///</span> <span style=\"color:Gray\">&lt;returns&gt;</span>\r\n<span style=\"color:Gray\">///</span><span style=\"color:Green\"> &lt;inheritdoc cref=&quot;Object.ToString&quot;/&gt;</span>\r\n<span style=\"color:Gray\">///</span> <span style=\"color:Gray\">&lt;/returns&gt;</span>\r\n<span style=\"color:Blue\">public</span> <span style=\"color:Blue\">override</span> <span style=\"color:Blue\">string</span> ToString()\r\n{\r\n    <span style=\"color:Blue\">return</span> <span style=\"color:Blue\">base</span>.ToString();\r\n}\r\n\r\n<span style=\"color:Gray\">///</span> <span style=\"color:Gray\">&lt;summary&gt;</span>\r\n<span style=\"color:Gray\">///</span><span style=\"color:Green\"> &lt;inheritdoc cref=&quot;ToString()&quot;/&gt;</span>\r\n<span style=\"color:Gray\">///</span> <span style=\"color:Gray\">&lt;/summary&gt;</span>\r\n<span style=\"color:Gray\">///</span> <span style=\"color:Gray\">&lt;param name=&quot;testing&quot;&gt;</span><span style=\"color:Green\">A new parameter.&lt;/param&gt;</span>\r\n<span style=\"color:Gray\">///</span> <span style=\"color:Gray\">&lt;returns&gt;</span>\r\n<span style=\"color:Gray\">///</span><span style=\"color:Green\"> &lt;inheritdoc cref=&quot;BClass.ToString&quot;/&gt;</span>\r\n<span style=\"color:Gray\">///</span> <span style=\"color:Gray\">&lt;/returns&gt;</span>\r\n<span style=\"color:Blue\">public</span> <span style=\"color:Blue\">string</span> ToString(<span style=\"color:Blue\">string</span> testing)\r\n{\r\n    <span style=\"color:Blue\">return</span> <span style=\"color:Blue\">base</span>.ToString() + testing;\r\n}<span style=\"font-family:'Segoe UI', 'Microsoft Sans Serif', Arial, Geneva, sans-serif;white-space:normal\">&nbsp;</span></pre>\r\n</div>\r\n</li>\r\n<li>Adding to the inherited content is not supported.<br>That is, the following will not work as expected, since the current implementation replaces the whole node...<br>\r\n<div style=\"color:Black;background-color:White\">\r\n<pre><span style=\"color:Gray\">///</span> <span style=\"color:Gray\">&lt;summary&gt;</span>\r\n<span style=\"color:Gray\">///</span><span style=\"color:Green\"> Gets or sets the text contents, updated.</span>\r\n<span style=\"color:Gray\">///</span> <span style=\"color:Gray\">&lt;/summary&gt;</span>\r\n<span style=\"color:Gray\">///</span> <span style=\"color:Gray\">&lt;value&gt;</span>\r\n<span style=\"color:Gray\">///</span> <span style=\"color:Gray\">&lt;inheritdoc/&gt;</span>\r\n<span style=\"color:Gray\">///</span> <span style=\"color:Gray\">&lt;para&gt;</span>\r\n<span style=\"color:Gray\">///</span><span style=\"color:Green\"> Note that, this is the contents from the &lt;see cref=&quot;AClass&quot;/&gt;.</span>\r\n<span style=\"color:Gray\">///</span> <span style=\"color:Gray\">&lt;/para&gt;</span>\r\n<span style=\"color:Gray\">///</span> <span style=\"color:Gray\">&lt;/value&gt;<span style=\"color:#000000;font-family:'Segoe UI', 'Microsoft Sans Serif', Arial, Geneva, sans-serif;white-space:normal\">&nbsp;</span></span>\r\n</pre>\r\n</div>\r\n</li>\r\n<li>The <strong>select </strong>attribute discussed in the thread, <a title=\"Inherit Documentation thread\" href=\"http://www.codeplex.com/Sandcastle/Thread/View.aspx?ThreadId=22873\">&lt;inheritdoc/&gt;</a>, is not supported.</li>\r\n</ul>\r\n<p>Currently, I am trying to update the&nbsp;<strong>InheritDocumentationComponent</strong> to add the missing features.</p>\r\n<p>If you have any request for the &lt;inheritdoc/&gt; tag, please let me know.</p>\r\n<p>Best regards,<br>Paul.&nbsp;</p>\r\n<div id=\"_mcePaste\" style=\"left:-10000px;top:0px;width:1px;height:1px;overflow-x:hidden;overflow-y:hidden\">/// &lt;summary&gt;</div>\r\n<div id=\"_mcePaste\" style=\"left:-10000px;top:0px;width:1px;height:1px;overflow-x:hidden;overflow-y:hidden\">/// Returns the text representation of this object, updated.</div>\r\n<div id=\"_mcePaste\" style=\"left:-10000px;top:0px;width:1px;height:1px;overflow-x:hidden;overflow-y:hidden\">/// &lt;/summary&gt;</div>\r\n<div id=\"_mcePaste\" style=\"left:-10000px;top:0px;width:1px;height:1px;overflow-x:hidden;overflow-y:hidden\">/// &lt;returns&gt;</div>\r\n<div id=\"_mcePaste\" style=\"left:-10000px;top:0px;width:1px;height:1px;overflow-x:hidden;overflow-y:hidden\">/// &lt;inheritdoc cref=&quot;Object.ToString&quot;/&gt;</div>\r\n<div id=\"_mcePaste\" style=\"left:-10000px;top:0px;width:1px;height:1px;overflow-x:hidden;overflow-y:hidden\">/// &lt;/returns&gt;</div>\r\n<div id=\"_mcePaste\" style=\"left:-10000px;top:0px;width:1px;height:1px;overflow-x:hidden;overflow-y:hidden\">public override string ToString()</div>\r\n<div id=\"_mcePaste\" style=\"left:-10000px;top:0px;width:1px;height:1px;overflow-x:hidden;overflow-y:hidden\">{</div>\r\n<div id=\"_mcePaste\" style=\"left:-10000px;top:0px;width:1px;height:1px;overflow-x:hidden;overflow-y:hidden\">&nbsp;&nbsp; &nbsp;return base.ToString();</div>",
    "PostedDate": "2010-01-12T23:42:59.877-08:00",
    "UserRole": null,
    "MarkedAsAnswerDate": null
  },
  {
    "Id": "277498",
    "ThreadId": "28692",
    "Html": "<p>Hello,</p>\r\n<p>Yet another take on this. After reading the code for its implementations, I found that the <strong>select</strong> attribute of the<br><strong>&lt;inheritdoc/&gt;</strong> is actually supported by Sandcastle.</p>\r\n<p>The sample I used the other day for the selecting, &lt;inheritdoc cref=&quot;Object.ToString()&quot; select=&quot;remarks|example&quot;/&gt;<br>did not work because the base class in Object or system class, in which case the remarks and the example are not generated.<br>To be fair, the custom implementation by Eric does not work in this case too - tried it today.</p>\r\n<p>On the Sandcastle <strong>select</strong> attribute implementation, it does not work for some cases when you supply some parts and try to<br>inherit others.</p>\r\n<p><strong>Case 1</strong>: This will <strong>not</strong> work, but works in Eric implementation (the first ToString() is the source)...</p>\r\n<p>&nbsp;</p>\r\n<div style=\"color:Black;background-color:White\">\r\n<pre><span style=\"color:Gray\">///</span> <span style=\"color:Gray\">&lt;overloads&gt;</span>\r\n<span style=\"color:Gray\">///</span><span style=\"color:Green\"> Returns the text representation of this object.</span>\r\n<span style=\"color:Gray\">///</span> <span style=\"color:Gray\">&lt;/overloads&gt;</span>\r\n<span style=\"color:Gray\">///</span> <span style=\"color:Gray\">&lt;summary&gt;</span>\r\n<span style=\"color:Gray\">///</span><span style=\"color:Green\"> Returns the text representation of this object, updated.</span>\r\n<span style=\"color:Gray\">///</span> <span style=\"color:Gray\">&lt;/summary&gt;</span>\r\n<span style=\"color:Gray\">///</span> <span style=\"color:Gray\">&lt;returns&gt;</span>\r\n<span style=\"color:Gray\">///</span><span style=\"color:Green\"> &lt;inheritdoc cref=&quot;Object.ToString&quot;/&gt;</span>\r\n<span style=\"color:Gray\">///</span> <span style=\"color:Gray\">&lt;/returns&gt;</span>\r\n<span style=\"color:Gray\">///</span> <span style=\"color:Gray\">&lt;remarks&gt;</span>\r\n<span style=\"color:Gray\">///</span><span style=\"color:Green\"> This is just testing, AClass:ToString().</span>\r\n<span style=\"color:Gray\">///</span> <span style=\"color:Gray\">&lt;/remarks&gt;</span>\r\n<span style=\"color:Gray\">///</span> <span style=\"color:Gray\">&lt;example&gt;</span>\r\n<span style=\"color:Gray\">///</span> <span style=\"color:Gray\">&lt;code&gt;</span>\r\n<span style=\"color:Gray\">///</span><span style=\"color:Green\"> a = b + c</span>\r\n<span style=\"color:Gray\">///</span> <span style=\"color:Gray\">&lt;/code&gt;</span>\r\n<span style=\"color:Gray\">///</span> <span style=\"color:Gray\">&lt;/example&gt;</span>\r\n<span style=\"color:Blue\">public</span> <span style=\"color:Blue\">override</span> <span style=\"color:Blue\">string</span> ToString()\r\n{\r\n    <span style=\"color:Blue\">return</span> <span style=\"color:Blue\">base</span>.ToString();\r\n}\r\n\r\n<span style=\"color:Gray\">///</span> <span style=\"color:Gray\">&lt;summary&gt;</span><span style=\"color:Green\">A AClass to-string.&lt;/summary&gt;</span>\r\n<span style=\"color:Gray\">///</span> <span style=\"color:Gray\">&lt;param name=&quot;testing&quot;&gt;</span><span style=\"color:Green\">A test parameter.&lt;/param&gt;</span>\r\n<span style=\"color:Gray\">///</span><span style=\"color:Green\"> &lt;<strong>inheritdoc</strong> cref=&quot;ToString()&quot; <strong>select</strong>=&quot;returns|remarks|example&quot;/&gt;</span>\r\n<span style=\"color:Blue\">public</span> <span style=\"color:Blue\">string</span> ToString(<span style=\"color:Blue\">string</span> testing)\r\n{\r\n    <span style=\"color:Blue\">return</span> <span style=\"color:Blue\">base</span>.ToString() + testing;\r\n}\r\n</pre>\r\n</div>\r\n<p><strong>Case 2</strong>: But this modified version of the ToString(string) will work...</p>\r\n<p>&nbsp;</p>\r\n<div style=\"color:Black;background-color:White\">\r\n<pre><span style=\"color:Gray\">///</span><span style=\"color:Green\"> &lt;<strong>inheritdoc</strong> cref=&quot;ToString()&quot; <strong>select</strong>=&quot;summary|returns|remarks|example&quot;/&gt;</span>\r\n<span style=\"color:Gray\">///</span> <span style=\"color:Gray\">&lt;param name=&quot;testing&quot;&gt;</span><span style=\"color:Green\">A test parameter.&lt;/param&gt;</span>\r\n<span style=\"color:Blue\">public</span> <span style=\"color:Blue\">string</span> ToString(<span style=\"color:Blue\">string</span> testing)\r\n{\r\n    <span style=\"color:Blue\">return</span> <span style=\"color:Blue\">base</span>.ToString() + testing;\r\n}\r\n</pre>\r\n</div>\r\n<p><strong>Case 3</strong>: Also, this will work...</p>\r\n<p>&nbsp;</p>\r\n<div style=\"color:Black;background-color:White\">\r\n<pre><span style=\"color:Gray\">///</span><span style=\"color:Green\"> &lt;<strong>inheritdoc</strong> cref=&quot;ToString()&quot; <strong>select</strong>=&quot;summary|param|returns|remarks|example&quot;/&gt;</span>\r\n<span style=\"color:Blue\">public</span> <span style=\"color:Blue\">string</span> ToString(<span style=\"color:Blue\">string</span> testing)\r\n{\r\n    <span style=\"color:Blue\">return</span> <span style=\"color:Blue\">base</span>.ToString() + testing;\r\n}\r\n</pre>\r\n</div>\r\n<p><strong>Case 4</strong>: And this works...</p>\r\n<p>&nbsp;</p>\r\n<div style=\"color:Black;background-color:White\">\r\n<pre><span style=\"color:Gray\">///</span><span style=\"color:Green\"> &lt;<strong>inheritdoc</strong> cref=&quot;ToString()&quot; <strong>select</strong>=&quot;summary|param|returns&quot;/&gt;</span>\r\n<span style=\"color:Blue\">public</span> <span style=\"color:Blue\">string</span> ToString(<span style=\"color:Blue\">string</span> testing)\r\n{\r\n    <span style=\"color:Blue\">return</span> <span style=\"color:Blue\">base</span>.ToString() + testing;\r\n}\r\n</pre>\r\n</div>\r\n<p>By including discussion feature (the <strong>select </strong>attribute), the Anand and his team did a great work with the &lt;inheritdoc/&gt; tag,<br>which is largely complete and should satisfy most needs.</p>\r\n<p>I will now try many examples and fully document what works for reference. Have a nice weekend, and God bless you.</p>\r\n<p>Best regards,<br>Paul.&nbsp;</p>\r\n<p>&nbsp;</p>\r\n<p>&nbsp;</p>\r\n<p>&nbsp;</p>\r\n<p>&nbsp;</p>",
    "PostedDate": "2010-01-15T01:15:12.663-08:00",
    "UserRole": null,
    "MarkedAsAnswerDate": null
  }
]