[
  {
    "Id": "849489",
    "ThreadId": "359745",
    "Html": "\r\n<p>Is there any template&nbsp;available&nbsp;for documentation of WCF based Restful service. I just want to document certain methods of certain classes that have a WebGet and WebInvoke attribute applied on them. This would give us a&nbsp;documentation&nbsp;that\r\n has URI endpoints. Documenting Method names in such a&nbsp;scenario&nbsp;is totally useless.</p>\r\n<p>Has any one tried or done this type of thing?</p>\r\n",
    "PostedDate": "2012-06-15T05:10:38.833-07:00",
    "UserRole": null,
    "MarkedAsAnswerDate": null
  }
]