[
  {
    "Id": "70687",
    "ThreadId": "21243",
    "Html": "\r\nClasses and methods tagged as obsolete do not display the \"This API is obsolete..\" text in the detail view.<br />The class/method is marked as obsolete using the <a href=\"http://www.codeplex.com/Sandcastle/Wiki/View.aspx?title=ObsoleteAttribute\">ObsoleteAttribute</a> in the source code file. As excepted the summery view of the namespace or classes has the text \"Obsolete\" next to the class/method description. However when the class/method details page is viewed no indeication of it being obsolete exists. As in MSDN I expect the text \"This API is obsolete...\" to be displayed in this view.<br /><br />I'm using the Jan 2008 release of Sandcaslte and v1.6.0.4 of the Sandcastle Help Builder. <br />Also tried applying the presentation patch. <br />",
    "PostedDate": "2008-01-29T14:40:17.097-08:00",
    "UserRole": null,
    "MarkedAsAnswerDate": null
  },
  {
    "Id": "247941",
    "ThreadId": "21243",
    "Html": "<p>(Bump)</p>\r\n<p>Is anyone else experiencing this, or does anyone have a fix? I'm having the exact same issue.</p>\r\n<p>My MRefBuilder.config has the following code:</p>\r\n<p>\r\n<div style=\"color:Black;background-color:White\">\r\n<pre><span style=\"color:Blue\">&lt;</span><span style=\"color:#A31515\">namespace</span> <span style=\"color:Red\">name</span><span style=\"color:Blue\">=</span><span style=\"color:Black\">&quot;</span><span style=\"color:Blue\">System</span><span style=\"color:Black\">&quot;</span> <span style=\"color:Red\">expose</span><span style=\"color:Blue\">=</span><span style=\"color:Black\">&quot;</span><span style=\"color:Blue\">false</span><span style=\"color:Black\">&quot;</span><span style=\"color:Blue\">&gt;</span>\r\n    <span style=\"color:Blue\">&lt;</span><span style=\"color:#A31515\">type</span> <span style=\"color:Red\">name</span><span style=\"color:Blue\">=</span><span style=\"color:Black\">&quot;</span><span style=\"color:Blue\">ObsoleteAttribute</span><span style=\"color:Black\">&quot;</span> <span style=\"color:Red\">expose</span><span style=\"color:Blue\">=</span><span style=\"color:Black\">&quot;</span><span style=\"color:Blue\">true</span><span style=\"color:Black\">&quot;</span> <span style=\"color:Blue\">/&gt;</span>\r\n<span style=\"color:Blue\">&lt;/</span><span style=\"color:#A31515\">namespace</span><span style=\"color:Blue\">&gt;</span>\r\n</pre>\r\n</div>\r\n</p>",
    "PostedDate": "2009-10-20T19:17:53.503-07:00",
    "UserRole": null,
    "MarkedAsAnswerDate": null
  },
  {
    "Id": "248264",
    "ThreadId": "21243",
    "Html": "<p>As I recall, it used to include the message on the API topics but it got removed at some point.&nbsp; The resource item is still there so it's just a matter of figuring out where in the XSL transformations to check for the attribute and include the item.</p>\r\n<p>Eric</p>\r\n<p>&nbsp;</p>",
    "PostedDate": "2009-10-21T13:01:16.633-07:00",
    "UserRole": null,
    "MarkedAsAnswerDate": null
  },
  {
    "Id": "250450",
    "ThreadId": "21243",
    "Html": "<p>Thanks Eric. I've had a look, and the only relevant XSL I can find is developerReference.xsd:258 anddeveloperReference.xsd:451.</p>\r\n<p>What do I need to add in the way of XSL?</p>\r\n<p>/William</p>",
    "PostedDate": "2009-10-27T18:44:23.973-07:00",
    "UserRole": null,
    "MarkedAsAnswerDate": null
  },
  {
    "Id": "254803",
    "ThreadId": "21243",
    "Html": "<p>Also, do you recall why the obsolete message was removed? I've been tinkering with the XSL, but without much luck so far.</p>\r\n<p>/William</p>",
    "PostedDate": "2009-11-08T12:24:39.163-08:00",
    "UserRole": null,
    "MarkedAsAnswerDate": null
  },
  {
    "Id": "258672",
    "ThreadId": "21243",
    "Html": "<p>This discussion has been continued at the DocProject forums:</p>\r\n<p><a href=\"http://docproject.codeplex.com/Thread/View.aspx?ThreadId=74716\">http://docproject.codeplex.com/Thread/View.aspx?ThreadId=74716</a>&nbsp;</p>\r\n<p>- Dave</p>",
    "PostedDate": "2009-11-19T06:54:57-08:00",
    "UserRole": null,
    "MarkedAsAnswerDate": null
  }
]