[
  {
    "Id": "76679",
    "ThreadId": "22930",
    "Html": "\r\nHi everyone, <br /><br />I've just released <a href=\"https://www.codeplex.com/Release/ProjectReleases.aspx?ProjectName=DocProject&amp;ReleaseId=11008\" class=\"externalLink\">DocProject 1.10.1 Release Candidate<span class=\"externalLinkIcon\" style=\"font-family:Consolas, Courier New, Courier, Monospace;\"></span></a>.<br /><br />This release contains some important bug fixes for 1.10.0 RC.  One of which, it was reported, prevented the DocProject Add-In from working at all on some installations of Visual Studio.<br /><br />It also provides built-in support for <a href=\"https://www.codeplex.com/Release/ProjectReleases.aspx?ProjectName=DocProject&amp;ReleaseId=11102\" class=\"externalLink\">ResolveExternalLinksComponent<span class=\"externalLinkIcon\" style=\"font-family:Consolas, Courier New, Courier, Monospace;\"></span></a>, which was updated to include support for URL mapping provider editors and a built-in database URL mapping provider, among other things.  The stand-alone component will be released later this week.<br /><br />- Dave<br />",
    "PostedDate": "2008-02-27T01:04:57.723-08:00",
    "UserRole": null,
    "MarkedAsAnswerDate": null
  }
]