[
  {
    "Id": "668232",
    "ThreadId": "271664",
    "Html": "\r\n<p>Just downloaded and followed the guideline installer for getting it integrated into VS2010.&nbsp; When I open VS2010 I see no Document templates?&nbsp; Did I do something wrong?&nbsp; Or perhaps need to tweak something?</p>\r\n",
    "PostedDate": "2011-09-06T11:44:29.703-07:00",
    "UserRole": null,
    "MarkedAsAnswerDate": null
  },
  {
    "Id": "668248",
    "ThreadId": "271664",
    "Html": "<p>The VS pacakge is installed after the main SHFB tools in a separate step.&nbsp; You can run the installer again and skip down to that step to install/reinstall if necessary.&nbsp; If Visual Studio was open when you installed the VSPackage, you probably just need to restart Visual Studio so that it knows about the new extension.&nbsp; If you use File | New |&nbsp;Project, you should see a Documentation category on the left side of the New Project dialog in the Installed Templates category.&nbsp; Select it to see the SHFB project template.&nbsp; As for file templates, you won't see them unless you add a new item to a SHFB project.</p>\r\n<p>Eric</p>\r\n<p>&nbsp;</p>",
    "PostedDate": "2011-09-06T12:26:02.39-07:00",
    "UserRole": null,
    "MarkedAsAnswerDate": null
  }
]