[
  {
    "Id": "275051",
    "ThreadId": "80255",
    "Html": "<p>I have made documentation using sandcastle with the help of helpbuilder of Eric Woodruff.</p>\r\n<p>I have made documentation of Application Built in VS 2005 and Language is VB.NET 8.0</p>\r\n<p>Doument is build properly but, XML comments&nbsp;which I had used&nbsp;in the code was not at all visible throught document.</p>\r\n<p>Whats wrong ?</p>",
    "PostedDate": "2010-01-08T21:37:43.59-08:00",
    "UserRole": null,
    "MarkedAsAnswerDate": null
  },
  {
    "Id": "275085",
    "ThreadId": "80255",
    "Html": "<p>Hi,</p>\r\n<p>Did you enable XML documentation output for your VB projects?</p>\r\n<p><a href=\"http://msdn.microsoft.com/en-us/library/x4sa0ak0(VS.80).aspx\">http://msdn.microsoft.com/en-us/library/x4sa0ak0(VS.80).aspx</a></p>\r\n<p>- Dave</p>",
    "PostedDate": "2010-01-09T03:07:36.827-08:00",
    "UserRole": null,
    "MarkedAsAnswerDate": null
  },
  {
    "Id": "275090",
    "ThreadId": "80255",
    "Html": "<p>Hi;</p>\r\n<p>In addition, I have found that the XML comments are case sensitive.&nbsp; As an example, if the case of your parameter name does not 100% match the case of the XML param comment name, then that particular comment will not document.</p>\r\n<p>Kindest Regards</p>\r\n<p>Dave</p>\r\n<p>&nbsp;</p>",
    "PostedDate": "2010-01-09T03:27:38.31-08:00",
    "UserRole": null,
    "MarkedAsAnswerDate": null
  }
]