[
  {
    "Id": "1323034",
    "ThreadId": "572331",
    "Html": "Hi,\r<br />\n<br />\nI noticed that the generated documentaion only shows memberfunction parameters if there are multiple overloads. If there is just a single function.\r<br />\n<br />\ni.e if I have a class<br />\n<pre><code>class Test\n{\n    void Foo(string str);\n    void Foo(int number);\n    void Bar(string str);\n}</code></pre>\n\nonly the Foo is shown with full Parameter info on the Methods or Class page.\r<br />\nThe paramaters of Bar are always hidden and the user Needs to click on the function specific page to see the Parameters.\r<br />\n<br />\nCan the project be configured to always display the complete signature with parameters even if there are no overloads?\r<br />\n<br />\nJan<br />\n",
    "PostedDate": "2014-11-17T09:45:33.767-08:00",
    "UserRole": null,
    "MarkedAsAnswerDate": null
  },
  {
    "Id": "1323939",
    "ThreadId": "572331",
    "Html": "The presentation style controls the topic titles.  You can modify the XSL transformations to generate the same title for non-overloaded methods as for overloaded ones.  You'd have to track down in the transformation where it's doing both and make them similar.\r<br />\n<br />\nPlease note that this project site has been discontinued and may not be monitored as frequently. For future questions or issues concerning Sandcastle or SHFB, post them over on the <a href=\"http://SHFB.CodePlex.com\" rel=\"nofollow\">Sandcastle Help File Builder</a> project's discussion page. Thanks. \r<br />\n<br />\nEric<br />\n",
    "PostedDate": "2014-11-19T12:18:44.22-08:00",
    "UserRole": null,
    "MarkedAsAnswerDate": null
  },
  {
    "Id": "1324161",
    "ThreadId": "572331",
    "Html": "Thanks for the tip!\r<br />\nGreatly appreciated.\r<br />\nJan<br />\n",
    "PostedDate": "2014-11-20T02:26:19.853-08:00",
    "UserRole": null,
    "MarkedAsAnswerDate": null
  }
]