[
  {
    "Id": "721580",
    "ThreadId": "285245",
    "Html": "\r\n<p>Document! X produces help files with the members being grouped and reported by type and visibility under Members (ie. Protected Methods, Private Fields, Public Properties&nbsp;vs. Methods, Fields, Properties).&nbsp;Is there a way to reproduce this behavior\r\n with Sandcastle?</p>\r\n",
    "PostedDate": "2012-01-06T09:40:50.253-08:00",
    "UserRole": null,
    "MarkedAsAnswerDate": null
  },
  {
    "Id": "721674",
    "ThreadId": "285245",
    "Html": "<p>There is no option to do that in Sandcastle.&nbsp; It's possible that it could be done but would require changes to the XSL transformations that generate the TOC information.&nbsp; If you wanted a similar grouping on the class members pages, you'd have to modify the XSL transformations for the presentation style too.&nbsp; You'd also have to add XSL templates to handle generation of the pages for the new groups too.</p>\n<p>Eric</p>\n<p>&nbsp;</p>",
    "PostedDate": "2012-01-06T12:35:59.22-08:00",
    "UserRole": null,
    "MarkedAsAnswerDate": null
  }
]