[
  {
    "Id": "829179",
    "ThreadId": "353761",
    "Html": "\r\n<p>I am creating a class library for use with Unity 3D which uses the MonoDevelop version of C# (which works on Mac).</p>\r\n<p>Is there any addon support for a help format that works on Mac OS X?</p>\r\n",
    "PostedDate": "2012-04-26T19:22:59.137-07:00",
    "UserRole": null,
    "MarkedAsAnswerDate": null
  },
  {
    "Id": "829310",
    "ThreadId": "353761",
    "Html": "<p>There are viewers for HtmlHelp 1.x compiled help files on both Mac and Linux. Please Google for the viewers.</p>\r\n<p>Best regards,<br />Paul.&nbsp;</p>",
    "PostedDate": "2012-04-27T03:53:15.207-07:00",
    "UserRole": null,
    "MarkedAsAnswerDate": null
  }
]