[
  {
    "Id": "165022",
    "ThreadId": "49331",
    "Html": "I have converted an HTML topic to MAML using the HTML 2 MAML conversion tool from the Sandcastle styles project.&nbsp; The conversion is far from push button, but the clean up was fairly painless.&nbsp; Once issue I have is that I would like to have my logo appear next to the page title (Like on these codeplex pages with the Sandcastle logo).&nbsp; Is that posible?&nbsp; All the examples I have seen show the image links within a content tag.<br>\r\n<br>\r\nPat O<br>\r\n",
    "PostedDate": "2009-03-05T12:26:17.44-08:00",
    "UserRole": null,
    "MarkedAsAnswerDate": null
  },
  {
    "Id": "165131",
    "ThreadId": "49331",
    "Html": "&gt;&gt;<strong>Pat O</strong>: <em>Is that posible</em>?<br>\r\nThere is nothing impossible with the Sandcastle, and in my implementation of the logo,  <br>\r\nI completely reorganize the header, and so have the control over adding or deleting parts.<br>\r\n<br>\r\n&gt;&gt;<strong>Pat O</strong>: <em>All the examples I have seen show the image links within a content tag</em>.<br>\r\nI do not know which examples you have seen, but can you provide a picture of what you want?<br>\r\n(If you want google or related account upload it and provide the link here).<br>\r\n<br>\r\nBest regards,<br>\r\nPaul.\r\n",
    "PostedDate": "2009-03-05T17:22:58.953-08:00",
    "UserRole": null,
    "MarkedAsAnswerDate": null
  },
  {
    "Id": "165162",
    "ThreadId": "49331",
    "Html": "Image links in the actual page header (the one rendered by the Sandcastle presentation style XSL transformations) can be added by a build component.  In SHFB, support is built in already via the Post-Transform Component.  Open up the ComponentConfiguration property, add it to the project, and configure it by selecting the logo image and placement options on the Logo File tab.<br>\r\n<br>\r\nEric<br>\r\n",
    "PostedDate": "2009-03-05T19:32:00.123-08:00",
    "UserRole": null,
    "MarkedAsAnswerDate": null
  },
  {
    "Id": "165341",
    "ThreadId": "49331",
    "Html": "Thanks Eric that is just what I was looking for.&nbsp; Now I have a MAML question.&nbsp; Given the following MAML:<br>\r\n&lt;?xml version=&quot;1.0&quot; encoding=&quot;utf-8&quot;?&gt;<br>\r\n&lt;topic id=&quot;542d69da-f5fa-484c-9b4f-bebc356233ec&quot; revisionNumber=&quot;1&quot;&gt;<br>\r\n&nbsp; &lt;developerConceptualDocument<br>\r\n&nbsp;&nbsp;&nbsp; xmlns=&quot;http://ddue.schemas.microsoft.com/authoring/2003/5&quot;<br>\r\n&nbsp;&nbsp;&nbsp; xmlns:xlink=&quot;http://www.w3.org/1999/xlink&quot;&gt;<br>\r\n<br>\r\n&nbsp;&nbsp;&nbsp; &lt;summary&gt;<br>\r\n&nbsp;&nbsp;&nbsp;&nbsp;&nbsp; &lt;para&gt;This is an overview of the CNX SDK from Cognex.&lt;/para&gt;<br>\r\n&nbsp;&nbsp;&nbsp; &lt;/summary&gt;<br>\r\n<br>\r\n&nbsp;&nbsp;&nbsp; &lt;introduction&gt;<br>\r\n&nbsp;&nbsp;&nbsp;&nbsp;&nbsp; &lt;para&gt;CNX is a common foundation that can be used for communication by various Cognex machine vision platforms, applications, and user interface systems.&lt;/para&gt;<br>\r\n&nbsp;&nbsp;&nbsp; &lt;/introduction&gt;<br>\r\n<br>\r\n&nbsp;&nbsp;&nbsp; &nbsp;<br>\r\n&nbsp;&nbsp;&nbsp; &lt;section&gt;<br>\r\n&nbsp;&nbsp;&nbsp;&nbsp;&nbsp; &lt;title&gt;CNX Overview&lt;/title&gt;<br>\r\n&nbsp;&nbsp;&nbsp;&nbsp;&nbsp; &lt;content&gt;<br>\r\n&nbsp;&nbsp;&nbsp;&nbsp;&nbsp;&nbsp;&nbsp; &lt;mediaLink&gt;&lt;image xlink:href=&quot;CNX SDK&quot; /&gt;&lt;/mediaLink&gt;<br>\r\n&nbsp;&nbsp;&nbsp;&nbsp;&nbsp; &lt;/content&gt;<br>\r\n&nbsp;&nbsp;&nbsp; &lt;/section&gt;<br>\r\n<br>\r\nAnd given that I have an image registered in Conceptual Content as CNX SDK, why do I not get an image in my help file.&nbsp; I get the following warning in my log:<br>\r\nInfo: SaveComponent: Instantiating component.\r\n<br>\r\nInfo: BuildAssembler: Building topic 542d69da-f5fa-484c-9b4f-bebc356233ec\r\n<br>\r\n<strong><span>Warn:</span> ResolveArtLinksComponent: Unknown art target 'cnx sdk'\r\n</strong><br>\r\nInfo: BuildAssembler: Building topic 56f8e6f7-2d33-4d5a-a2d5-004b7fe491af\r\n<br>\r\nInfo: Processed 2 topics<br>\r\n<br>\r\nI also get stacks of warnings like this:<br>\r\n<span>Warn:</span> CopyFromIndexComponent: Entries for the key 'N:Cognex.Cnx' occur in both 'C:\\views\\pohara_cnx_current\\cnx\\TechDoc\\SDK\\@TOK_OUTPUT_PATH@\\Working\\6B284FD2\\reflection.xml' and 'C:\\views\\pohara_cnx_current\\cnx\\TechDoc\\SDK\\@TOK_OUTPUT_PATH@\\Working\\reflection.xml'. The last entry will be used.\r\n<br>\r\n<br>\r\nI don't think they are related, but I thought I would include them just in case.<br>\r\n<br>\r\nI have read the guide and believe I am referencing the image correctly.&nbsp; <br>\r\n<br>\r\nThanks for your time on this<br>\r\n<br>\r\nPat O <br>\r\n<br>\r\n<br>\r\n<br>\r\n\r\n",
    "PostedDate": "2009-03-06T06:43:33.793-08:00",
    "UserRole": null,
    "MarkedAsAnswerDate": null
  },
  {
    "Id": "165375",
    "ThreadId": "49331",
    "Html": "It looks like you are perhaps using one of the plug-ins such as the version builder or additional reference links plug-ins.   In such cases, you may see those warnings if the same ID appears but they can be ignored.  I'm not sure why the image wouldn't be showing up if added to the project correctly.  You might check further back in the log where it copies the conceptual content stuff to see if it's actually picking it up.  If you can send me your project file, I'll take a look at it and see if I can see anything out of the ordinary.  Since this is SHFB related, we should probably move the discussion over to the SHFB project discussion board too.<br>\r\n<br>\r\nEric<br>\r\n",
    "PostedDate": "2009-03-06T08:14:01.507-08:00",
    "UserRole": null,
    "MarkedAsAnswerDate": null
  },
  {
    "Id": "165515",
    "ThreadId": "49331",
    "Html": "I created a thread over there<br>\r\nhttp://shfb.codeplex.com/Thread/View.aspx?ThreadId=49465<br>\r\n<br>\r\nPat O <br>\r\n<br>\r\n<br>\r\n\r\n",
    "PostedDate": "2009-03-06T13:44:50.65-08:00",
    "UserRole": null,
    "MarkedAsAnswerDate": null
  }
]