[
  {
    "Id": "461016",
    "ThreadId": "217674",
    "Html": "<p>Is it possible to show all references of a method in Sandcastle? So I can see which method is used in which file of the project?</p>\r\n<p>Sry for bad english ;)</p>",
    "PostedDate": "2010-06-29T00:35:34.117-07:00",
    "UserRole": null,
    "MarkedAsAnswerDate": null
  },
  {
    "Id": "461018",
    "ThreadId": "217674",
    "Html": "<p>Is it something like a call graph? If yes, it is not supported in Sandcastle, try Doxygen.</p>\r\n<p>Best regards,<br>Paul.&nbsp;</p>",
    "PostedDate": "2010-06-29T00:43:56.367-07:00",
    "UserRole": null,
    "MarkedAsAnswerDate": null
  },
  {
    "Id": "461026",
    "ThreadId": "217674",
    "Html": "<p>Yes something like a call graph. Doxygen would be perfect for my project, if it supports vb.net.</p>\r\n<p>But thank you for your answer :-)</p>",
    "PostedDate": "2010-06-29T01:07:33.737-07:00",
    "UserRole": null,
    "MarkedAsAnswerDate": null
  },
  {
    "Id": "461031",
    "ThreadId": "217674",
    "Html": "<p>Okay, try the following and see if any meets your needs, we could convert them to component, which can be used in Sandcastle</p>\r\n<p><a href=\"http://sequenceviz.codeplex.com/\">http://sequenceviz.codeplex.com/</a></p>\r\n<p><a href=\"http://sequenceviz.codeplex.com/\"></a><br><a href=\"http://weblogs.asp.net/nleghari/archive/2007/04/08/methodviz-see-what-your-methods-are-doing.aspx\">http://weblogs.asp.net/nleghari/archive/2007/04/08/methodviz-see-what-your-methods-are-doing.aspx</a></p>\r\n<p>Best regards,<br>Paul.&nbsp;</p>\r\n<p>&nbsp;</p>",
    "PostedDate": "2010-06-29T01:22:20.133-07:00",
    "UserRole": null,
    "MarkedAsAnswerDate": null
  }
]