[
  {
    "Id": "92584",
    "ThreadId": "27749",
    "Html": "Hello All,<br>\r\nI will like us to discuss how to advance the Sandcastle.<br>\r\nMany of the &quot;problems&quot; currently with the Sandcastle are hardly problems with the tools, they<br>\r\nare mainly the transforms and sometimes the styles.<br>\r\n<br>\r\nEric Woodruff has being doing a great job fixing or patching the transforms to get around bugs <br>\r\nand get work done.<br>\r\nI propose that we start a new CodePlex project, say, &quot;Sandcastle Community&quot; to handle this. Here,<br>\r\nwe could discuss, fix and update the transforms and styles, may be come out with new ones.<br>\r\nPrototype and Hana for instance are currently not well supported in the conceptual help, even <br>\r\nthough I personally do not use them.<br>\r\n<br>\r\nIt seems Microsoft is reorganizing its documentations teams and may focus attention more<br>\r\non the new project, which will mean less attention to the Sandcastle.<br>\r\nThe current license of the Sandcastle is flexible and allows this.<br>\r\nI now, use the Sandcastle on a daily basis and will wish to get many things done fast and quicker.<br>\r\nIf Eric can accept the lead of this project, I promise full commitments, including handling the<br>\r\ntesting and documentations.<br>\r\n<br>\r\nNow, if the Anand comes with a way of maintaining the source codes here, we could easily<br>\r\nmove to this site and delete the &quot;Sandcastle Community&quot; project.<br>\r\n<br>\r\nPlease share your views on this, it just my observations and proposals. I know many out there<br>\r\nhave a better ones, so lets start it going. <br>\r\n<br>\r\nBest regards,<br>\r\nPaul.\r\n",
    "PostedDate": "2008-05-14T18:00:10.447-07:00",
    "UserRole": null,
    "MarkedAsAnswerDate": null
  },
  {
    "Id": "92589",
    "ThreadId": "27749",
    "Html": "<span style=\"font-family:tahoma\">I'm sitting on about 14 unreported transformation bugs that I found this past weekend while going through the conceptual content stuff plus I've got fixes for about 10 other bugs and feature requests in reported work items.  Since a release of Sandcastle is pending (coming real soon I hope), I haven't bothered creating a work item for the new stuff as I'm waiting to see what changed and what got fixed in the upcoming release.  Anything that hasn't been fixed, I'll submit then as a new work item and a corresponding patch to the new release.  With the fixes I've made, conceptual content using Hana and Prototype are pretty functional and are as usable as the VS2005 style.  The only things not done are missing collapsible sections in the Prototype style and a broken language filter in the Hana style.   Those appear to require a bit more work and may be beyond my XSL skills to fix.<br>\r\n<br>\r\nI wouldn't mind seeing a new project for maintenance of the presenation styles as a great many of the problems are located there.  It would also make the patch more visible.  I was thinking about making the patch a separate release all on its own at the SHFB site but I think it's still too easy to miss.  It's only be downloaded about 2,700 times from the SHFB release page.  When you consider that Sandcastle itself has 27,500+ downloads, that's lot of people living with broken transformations.  Many don't realize it's there until one of us points out that it's available.  <br>\r\n<br>\r\n<span style=\"font-family:tahoma\">On a related note, this might also be a good place to consolidate and deploy translated versions of the content files.  Language support is there, it's just lacking translated versions of the Sandcastle resources.  I've also made a start on a MAML guide that documents the various elements and their attributes.  The goal is to have something similar to Dynicity's XML Comments guide for MAML to make learning to use it easier.  Perhaps this would also be a good place to release it an consolidate our knowledge on the subject.<br>\r\n</span><br>\r\nI'd be happy to work on the project.  I wouldn't mind seeing Dave Sexton added as a coordinator as well since, as developer of DocProject, he's also familiar with the transforms and has opened a number of work items related to them.  Perhaps we should just create the project and I'll submit my current set of files with the latest changes as the starting point rather than waiting for the next release of Sandcastle.  Below is a list of stuff I've fixed.<br>\r\n<br>\r\nEric<br>\r\n<br>\r\n----<br>\r\n<br>\r\nAdding a root namespace page causes BuildAssembler to crash.<br>\r\nPresentation Style Issues and various missing content items.<br>\r\nScript# Presentation Style Issues.<br>\r\nMissing CHARSET attribute in metadata.<br>\r\nVersion info not showing on member pages in Prototype.<br>\r\nXAML code samples cannot be hidden (VS2005).<br>\r\nAPIName Attributes Incorrect<br>\r\nApplyVSDocModel.xsl loses library information<br>\r\nBetter implementation of the &lt;note type=&quot;&quot;&gt; tag (applied to MAML alert element too)<br>\r\nSupport External Hyperlink Target with Appropriate Default<br>\r\nConceptual: codeEntityReference is sensitive to space<br>\r\nConceptual: autoOutline Changes<br>\r\nConceptual: XLinks in relatedTopics section requires explicit text<br>\r\nConceptual: Formatting is not applied to some in-line MAML elements<br>\r\nConceptual: Glossary Improvements<br>\r\nConceptual: Hana does not wrap code blocks in div<br>\r\nConceptual: &lt;copyright&gt; processing is broken.<br>\r\nConceptual: Hana and Prototype are missing some namespace declarations<br>\r\nIn Hana and Prototype Styles.css &quot;a&quot; element styles need fixing<br>\r\nConceptual: All three styles, normalize the space on the abstract<br>\r\nmediaLink and mediaLinkInline should be handled as separate templates<br>\r\nddue:list should support the &quot;nobullet&quot; style.<br>\r\nddue:table handling is incorrect in Hana and Prototype<br>\r\nRendering of ddue:definitionTable isn't consistent in presentation styles.<br>\r\n&quot;ddue:schemaHierarchy&quot; and the related &quot;indent&quot; templates are missing (Prototype)<br>\r\nThe sub-section toggles do not work in Hana and VS2005<br>\r\nThe collapsible sections that are rendered in the Prototype style do not work<br>\r\nConceptual: Pass-through HTML (implemented via ddue:markup)<br>\r\nConceptual: Support NamedUrlIndex keywords in metadata.<br>\r\n<br>\r\n-- End of list<br>\r\n</span>\r\n",
    "PostedDate": "2008-05-14T19:41:31.127-07:00",
    "UserRole": null,
    "MarkedAsAnswerDate": null
  },
  {
    "Id": "92601",
    "ThreadId": "27749",
    "Html": "Eric,<br>\r\nThanks for the understanding. Will you create the project or I should go ahead and create it?<br>\r\n<br>\r\nOne thing I wish to avoid is issue of leadership, what is needed is getting real work done not who<br>\r\nis who, so anyone willing to commit to the project should be allowed to join as a coordinator, <br>\r\ndeveloper or position that fits. We only need a leader who will call the shot, we could even put<br>\r\nrights to others to commit codes to vote, if the need be.<br>\r\nDave is also doing a great work with the tools, supports, documentations, suggestions and others,<br>\r\nand he is very knowledgeable in this stuff, so if he is willing to coordinate, why not?<br>\r\n<br>\r\nPlease lets get this stuff up now.<br>\r\n<br>\r\nBest regards,<br>\r\nPaul.<br>\r\n<br>\r\n",
    "PostedDate": "2008-05-14T21:24:58.007-07:00",
    "UserRole": null,
    "MarkedAsAnswerDate": null
  },
  {
    "Id": "92603",
    "ThreadId": "27749",
    "Html": "Hey guys, <br>\r\n<br>\r\nI think this project is a good idea.  Count me in if you want the help :)<br>\r\n<br>\r\nJust to be clear, the goal is to improve Sandcastle by providing a rolled-up solution to various presentation style issues (with fixes consisting mostly of Eric's work ;), in a manner that's highly visible to the Sandcastle community and also involves community feedback.  In the future we may create custom presentation styles as well.  (And it will also allow us to sharpen our XSL skills :)<br>\r\n<br>\r\nCorrect?<br>\r\n<br>\r\nWe should be explicit though about what changes are made to customized presentation styles, via the Issue Tracker, so that the Sandcastle team has a place to review our consolidated feedback.  I'd like to see the issues reported so that eventually they can be fixed in Sandcastle.<br>\r\n<br>\r\n- Dave\r\n",
    "PostedDate": "2008-05-14T21:34:41.55-07:00",
    "UserRole": null,
    "MarkedAsAnswerDate": null
  },
  {
    "Id": "92604",
    "ThreadId": "27749",
    "Html": "- What do you think about naming the project <strong>Sandcastle Styles</strong>?\r\n",
    "PostedDate": "2008-05-14T21:36:18.097-07:00",
    "UserRole": null,
    "MarkedAsAnswerDate": null
  },
  {
    "Id": "92607",
    "ThreadId": "27749",
    "Html": "Hello Dave,<br>\r\nThanks for the offer to participate, Eric has already approved you for coordinator. <br>\r\nRight, we start with the Eric's work and any contribution available, and get into higher gear.<br>\r\n<br>\r\nYes, not only the Sandcastle team, we will also have to monitor both project's Issue Trackers. Everything <br>\r\nwill be very transparent - after all we are working on help! and want to help/support the Sandcastle effort.<br>\r\n<br>\r\n<div style=\"border-right:medium none;padding-right:0.2em;border-top:#aaa 0.1em dotted;padding-left:0.2em;padding-bottom:0.2em;margin:1em 0em 2.5em 3em;border-left:medium none;padding-top:0.2em;border-bottom:#aaa 0.1em dotted;font-style:italic\">davedev wrote:<br>\r\n- What do you think about naming the project <strong>Sandcastle Styles</strong>? </div>\r\nI think, &quot;<strong>Styles</strong>&quot; kind of limit its scope, &quot;<strong>Presentation</strong>&quot; is a bit broader but still limited. The &quot;<strong>Community</strong>&quot;<br>\r\nmay also be too broad, but seems to give more room to dump anything in. I have created XML schemas<br>\r\nfor media arts, code snippets, and my recent conceptual contents file format. If <strong>approved</strong>, it could<br>\r\nbe hosted there. May be Eric or someone has a better name.<br>\r\nI have created a project here, &quot;<strong>Assist</strong>&quot; (still not published), and was going to host the my schemas and <br>\r\nlibraries there.<br>\r\n<br>\r\nAgain, thanks for the interest.<br>\r\n<br>\r\nBest regards,<br>\r\nPaul. \r\n",
    "PostedDate": "2008-05-14T22:28:07.263-07:00",
    "UserRole": null,
    "MarkedAsAnswerDate": null
  },
  {
    "Id": "92608",
    "ThreadId": "27749",
    "Html": "<span style=\"font-family:tahoma\">\r\n<p>I took the liberty of creating the project (<a href=\"http://www.codeplex.com/SandcastleStyles\">http://www.codeplex.com/SandcastleStyles</a>) and added both of you as coordinators.  It's currently unpublished so it's only visible to us right now.  I've assigned it the Ms-PL license to match Sandcastle.  Feel free to change the name and project details if you like.  I've uploaded my current set of files to the releases page.  It contains a BugList.txt file that lists the bugs and feature requests that I know of or was going to look into.  Reported items include the URL to the work item and each notes whether or not its fixed by the patch.  My notes on the actual fixes range from detailed to sparse.  I'll put some effort into making the notes more descriptive.<br>\r\n<br>\r\nAny bugs reported in the project should also be reported here so that the fixes do make it into Sandcastle.  We're just providing a means to get the fixes out and available without having to wait on the Sandcastle release cycle since we have the ability to do so.<br>\r\n<br>\r\nEric</p>\r\n</span>\r\n",
    "PostedDate": "2008-05-14T22:53:13.113-07:00",
    "UserRole": null,
    "MarkedAsAnswerDate": null
  },
  {
    "Id": "92613",
    "ThreadId": "27749",
    "Html": "Thanks Eric,<br>\r\nI have added some tags to the forum, including &quot;Release Notes&quot;, which could be used to publish<br>\r\nthe BugList.txt.<br>\r\n<br>\r\nUntil published, all discussions on the project could be here.<br>\r\n<br>\r\nBest regards,<br>\r\nPaul. \r\n",
    "PostedDate": "2008-05-14T23:21:30.54-07:00",
    "UserRole": null,
    "MarkedAsAnswerDate": null
  },
  {
    "Id": "93829",
    "ThreadId": "27749",
    "Html": "I really love this enthusiasm. I am working on code signing process so that I can release Sandcastle next week. Sorry about all the delay.<br>\r\nI am willing to open up both Hana and Prototype styles to the community. We will continue our fixes in VS2005 transforms.<br>\r\n<br>\r\nAnand..\r\n",
    "PostedDate": "2008-05-20T22:30:04.36-07:00",
    "UserRole": null,
    "MarkedAsAnswerDate": null
  },
  {
    "Id": "93851",
    "ThreadId": "27749",
    "Html": "Thanks for the update Anand :)<br>\r\n<br>\r\nI think some of us agree that the delay hasn't been so bad though because it has given us time to get <em>Sandcastle Styles</em> together, among other things.<br>\r\n<br>\r\nDoes opening up Hana and Prototype just mean that you won't be fixing bugs anymore?\r\n",
    "PostedDate": "2008-05-21T00:38:48.377-07:00",
    "UserRole": null,
    "MarkedAsAnswerDate": null
  }
]