[
  {
    "Id": "84888",
    "ThreadId": "25319",
    "Html": "\r\nI'm trying to install the Jan 08 release and am prompted to uninstall the old release first.<br /><br />Trouble is, Add/Remove Programs shows the old release but does not provide me with an option to uninstall.  Is there a trick to force an uninstall or otherwise get the latest version installed?<br /><br />Thanks!<br /><br />Eric<br />",
    "PostedDate": "2008-04-03T15:35:57.1-07:00",
    "UserRole": null,
    "MarkedAsAnswerDate": null
  },
  {
    "Id": "84901",
    "ThreadId": "25319",
    "Html": "\r\nSolved this using the free Revo Uninstaller (search on download.com)<br /><br /><div class=\"quote\" style=\"border: dotted .1em #aaa; border-left: none; border-right: none; font-style: italic; margin: 1em 0em 2.5em 3em;padding: .2em;\"><br />ericjohannsen wrote:<br />I'm trying to install the Jan 08 release and am prompted to uninstall the old release first.<br /><br />Trouble is, Add/Remove Programs shows the old release but does not provide me with an option to uninstall.  Is there a trick to force an uninstall or otherwise get the latest version installed?<br /><br />Thanks!<br /><br />Eric<br /><br /></div>",
    "PostedDate": "2008-04-03T16:10:13.827-07:00",
    "UserRole": null,
    "MarkedAsAnswerDate": null
  },
  {
    "Id": "680765",
    "ThreadId": "25319",
    "Html": "<p><span style=\"color: black; font-size: 10pt;\">Super!&nbsp;Thanks for posting your answer to your own question.... 'Revo Uninstaller' worked a treat for me also. I had spent hours trying to get an old version of sandcastle uninstalled with no success before finding your post.</span></p>\r\n<p><span style=\"color: black; font-size: 10pt;\">Thanks Again ;0)</span></p>\r\n<p>&nbsp;</p>",
    "PostedDate": "2011-10-06T06:25:03.767-07:00",
    "UserRole": null,
    "MarkedAsAnswerDate": null
  }
]