[
  {
    "Id": "656566",
    "ThreadId": "268713",
    "Html": "\r\n<p>I can't seem to get SandCastle to work on a PortableClassLibrary that targets .Net 4, Silverlight, Win Phone. &nbsp;Does sandcastle support this project type? &nbsp;Is there a work around?</p>\r\n",
    "PostedDate": "2011-08-11T07:30:10.047-07:00",
    "UserRole": null,
    "MarkedAsAnswerDate": null
  },
  {
    "Id": "657356",
    "ThreadId": "268713",
    "Html": "<p>Are you getting an error message?&nbsp; If so, what is it?&nbsp; Are you using Sandcastle by itself or are you using a front end like SHFB?</p>\r\n<p>Eric</p>\r\n<p>&nbsp;</p>",
    "PostedDate": "2011-08-12T12:22:56.273-07:00",
    "UserRole": null,
    "MarkedAsAnswerDate": null
  },
  {
    "Id": "657361",
    "ThreadId": "268713",
    "Html": "<p>I'm using SHFB.&nbsp; But there error I'm getting is during the build.&nbsp; See below...</p>\r\n<p>I've tried this using the VBProject file and the .dll itself.&nbsp; No luck.&nbsp; Same error.&nbsp; But everything works fine on normal project types (non Portable Library Projects)&nbsp; And to add, that this project has no dependencies, its a simple project.&nbsp; I have it set to build to Server, Silverlight &amp; Windows Phone.</p>\r\n<p><span style=\"font-size: xx-small;\">\r\n<p>Generating reflection information...</p>\r\n<p>[C:\\Windows\\Microsoft.NET\\Framework64\\v4.0.30319\\MSBuild.exe]</p>\r\n<p>MrefBuilder (v2.6.10621.1)</p>\r\n<p>Copyright c Microsoft 2006</p>\r\n<p>Info: Loaded 1 assemblies for reflection and 0 dependency assemblies.</p>\r\n<p>MREFBUILDER : error : Unresolved assembly reference: System (System, Version=2.0.5.0, Culture=neutral, PublicKeyToken=7cec85d7bea7798e, Retargetable=Yes) required by ITA.eviti.Entities [C:\\Users\\iperez\\Documents\\Help\\Working\\GenerateRefInfo.proj]</p>\r\n<p>Last step completed in 00:00:01.2131</p>\r\n<p>-------------------------------</p>\r\n<p>SHFB: Error BE0043: Unexpected error detected in last build step. See output above for details.</p>\r\n<p><span style=\"font-size: xx-small;\">&nbsp;</span></p>\r\n</span></p>",
    "PostedDate": "2011-08-12T12:28:10.69-07:00",
    "UserRole": null,
    "MarkedAsAnswerDate": null
  },
  {
    "Id": "657469",
    "ThreadId": "268713",
    "Html": "<p>That error with the 2.0.5.0 assembly version looks like the one you get if you try to build help for a Silverlight assembly.&nbsp; Silverlight uses a different framework from the normal .NET assemblies so&nbsp;MRefBuilder can't find the right assembly version for the references unless it's told specifically to use the other framework.&nbsp; Try setting the FrameworkVersion property in the SHFB project to one of the Silverlight framework versions.&nbsp; That should get it to find the right assemblies.</p>\r\n<p>Eric</p>\r\n<p>&nbsp;</p>",
    "PostedDate": "2011-08-12T15:21:55.51-07:00",
    "UserRole": null,
    "MarkedAsAnswerDate": null
  },
  {
    "Id": "658335",
    "ThreadId": "268713",
    "Html": "<p>I changed the Framework Version to Silverlight 4.0 and this is what I get now.</p>\r\n<p><span style=\"font-size: xx-small;\">\r\n<p>-------------------------------</p>\r\n<p>[Sandcastle Help File Builder Utilities, version 1.9.3.0]</p>\r\n<p>Creating output and working folders...</p>\r\n<p>-------------------------------</p>\r\n<p>Clearing working folder...</p>\r\n<p>-------------------------------</p>\r\n<p>Finding tools...</p>\r\n<p>Found Sandcastle tools in 'C:\\Program Files (x86)\\Sandcastle\\'</p>\r\n<p>-------------------------------</p>\r\n<p>Validating and copying documentation source information</p>\r\n<p>Source: C:\\TFS-Repository\\eviti\\Development\\WellPoint-Integration\\ITA.eviti.Entities\\bin\\Debug\\ITA.eviti.Entities.dll</p>\r\n<p>Found assembly 'C:\\TFS-Repository\\eviti\\Development\\WellPoint-Integration\\ITA.eviti.Entities\\bin\\Debug\\ITA.eviti.Entities.dll'</p>\r\n<p>Source: C:\\TFS-Repository\\eviti\\Development\\WellPoint-Integration\\ITA.eviti.Entities\\bin\\Debug\\ITA.eviti.Entities.xml</p>\r\n<p>References to use:</p>\r\n<p>agcore</p>\r\n<p>agcore.debug</p>\r\n<p>coreclr</p>\r\n<p>Microsoft.CSharp</p>\r\n<p>Microsoft.CSharp.Resources</p>\r\n<p>Microsoft.ServiceModel.DomainServices.Tools</p>\r\n<p>Microsoft.ServiceModel.DomainServices.Tools.resources</p>\r\n<p>Microsoft.VisualBasic</p>\r\n<p>mscorlib</p>\r\n<p>mscorrc</p>\r\n<p>mscorrc.debug</p>\r\n<p>npctrl</p>\r\n<p>npctrlui</p>\r\n<p>system</p>\r\n<p>System.ComponentModel.Composition</p>\r\n<p>System.ComponentModel.Composition.Initialization</p>\r\n<p>System.ComponentModel.Composition.Initialization.Resources</p>\r\n<p>System.ComponentModel.Composition.Resources</p>\r\n<p>System.ComponentModel.DataAnnotations</p>\r\n<p>System.ComponentModel.DataAnnotations.Resources</p>\r\n<p>System.Core</p>\r\n<p>System.Data.Services.Client</p>\r\n<p>System.Data.Services.Client.Resources</p>\r\n<p>System.Json</p>\r\n<p>System.Json.Resources</p>\r\n<p>System.Net</p>\r\n<p>System.Numerics</p>\r\n<p>System.Numerics.Resources</p>\r\n<p>System.Runtime.Serialization</p>\r\n<p>System.Runtime.Serialization.Json</p>\r\n<p>System.Runtime.Serialization.Json.Resources</p>\r\n<p>System.ServiceModel</p>\r\n<p>System.ServiceModel.DomainServices.Client</p>\r\n<p>System.ServiceModel.DomainServices.Client.resources</p>\r\n<p>System.ServiceModel.DomainServices.Client.Web</p>\r\n<p>System.ServiceModel.DomainServices.Client.Web.resources</p>\r\n<p>System.ServiceModel.DomainServices.EntityFramework</p>\r\n<p>System.ServiceModel.DomainServices.EntityFramework.resources</p>\r\n<p>System.ServiceModel.DomainServices.Hosting</p>\r\n<p>System.ServiceModel.DomainServices.Hosting.OData</p>\r\n<p>System.ServiceModel.DomainServices.Hosting.OData.resources</p>\r\n<p>System.ServiceModel.DomainServices.Hosting.resources</p>\r\n<p>System.ServiceModel.DomainServices.Server</p>\r\n<p>System.ServiceModel.DomainServices.Server.resources</p>\r\n<p>System.ServiceModel.Extensions</p>\r\n<p>System.ServiceModel.Extensions.Resources</p>\r\n<p>System.ServiceModel.NetTcp</p>\r\n<p>System.ServiceModel.NetTcp.Resources</p>\r\n<p>System.ServiceModel.PollingDuplex</p>\r\n<p>System.ServiceModel.PollingDuplex.Resources</p>\r\n<p>System.ServiceModel.Syndication</p>\r\n<p>System.ServiceModel.Syndication.Resources</p>\r\n<p>System.ServiceModel.Web</p>\r\n<p>System.ServiceModel.Web.Extensions</p>\r\n<p>System.ServiceModel.Web.Extensions.Resources</p>\r\n<p>System.Windows</p>\r\n<p>System.Windows.Browser</p>\r\n<p>System.Windows.Controls</p>\r\n<p>System.Windows.Controls.Data</p>\r\n<p>System.Windows.Controls.Data.DataForm.Toolkit</p>\r\n<p>System.Windows.Controls.Data.DataForm.Toolkit.Design</p>\r\n<p>System.Windows.Controls.Data.DataForm.Toolkit.Expression.Design</p>\r\n<p>System.Windows.Controls.Data.DataForm.Toolkit.VisualStudio.Design</p>\r\n<p>System.Windows.Controls.Data.Design</p>\r\n<p>System.Windows.Controls.Data.Expression.Design</p>\r\n<p>System.Windows.Controls.Data.Input</p>\r\n<p>System.Windows.Controls.Data.Input.Design</p>\r\n<p>System.Windows.Controls.Data.Input.Expression.Design</p>\r\n<p>System.Windows.Controls.Data.Input.Resources</p>\r\n<p>System.Windows.Controls.Data.Input.VisualStudio.Design</p>\r\n<p>System.Windows.Controls.Data.Resources</p>\r\n<p>System.Windows.Controls.Data.Toolkit</p>\r\n<p>System.Windows.Controls.Data.VisualStudio.Design</p>\r\n<p>System.Windows.Controls.Data.VisualStudio.Design.Silverlight</p>\r\n<p>System.Windows.Controls.DataVisualization.Toolkit</p>\r\n<p>System.Windows.Controls.DataVisualization.Toolkit.Design</p>\r\n<p>System.Windows.Controls.DataVisualization.Toolkit.Expression.Design</p>\r\n<p>System.Windows.Controls.DataVisualization.Toolkit.VisualStudio.Design</p>\r\n<p>System.Windows.Controls.Design</p>\r\n<p>System.Windows.Controls.DomainServices</p>\r\n<p>System.Windows.Controls.DomainServices.Design</p>\r\n<p>System.Windows.Controls.DomainServices.Expression.Design</p>\r\n<p>System.Windows.Controls.DomainServices.resources</p>\r\n<p>System.Windows.Controls.DomainServices.VisualStudio.Design</p>\r\n<p>System.Windows.Controls.Expression.Design</p>\r\n<p>System.Windows.Controls.Input</p>\r\n<p>System.Windows.Controls.Input.Design</p>\r\n<p>System.Windows.Controls.Input.Expression.Design</p>\r\n<p>System.Windows.Controls.Input.Resources</p>\r\n<p>System.Windows.Controls.Input.Toolkit</p>\r\n<p>System.Windows.Controls.Input.Toolkit.Design</p>\r\n<p>System.Windows.Controls.Input.Toolkit.Expression.Design</p>\r\n<p>System.Windows.Controls.Input.Toolkit.VisualStudio.Design</p>\r\n<p>System.Windows.Controls.Input.VisualStudio.Design</p>\r\n<p>System.Windows.Controls.Layout.Toolkit</p>\r\n<p>System.Windows.Controls.Layout.Toolkit.Design</p>\r\n<p>System.Windows.Controls.Layout.Toolkit.Expression.Design</p>\r\n<p>System.Windows.Controls.Layout.Toolkit.VisualStudio.Design</p>\r\n<p>System.Windows.Controls.Navigation</p>\r\n<p>System.Windows.Controls.Navigation.Design</p>\r\n<p>System.Windows.Controls.Navigation.Expression.Design</p>\r\n<p>System.Windows.Controls.Navigation.Resources</p>\r\n<p>System.Windows.Controls.Navigation.VisualStudio.Design</p>\r\n<p>System.Windows.Controls.Resources</p>\r\n<p>System.Windows.Controls.Theming.Toolkit</p>\r\n<p>System.Windows.Controls.Theming.Toolkit.Design</p>\r\n<p>System.Windows.Controls.Theming.Toolkit.Expression.Design</p>\r\n<p>System.Windows.Controls.Theming.Toolkit.VisualStudio.Design</p>\r\n<p>System.Windows.Controls.Toolkit</p>\r\n<p>System.Windows.Controls.Toolkit.Design</p>\r\n<p>System.Windows.Controls.Toolkit.Expression.Design</p>\r\n<p>System.Windows.Controls.Toolkit.Internals</p>\r\n<p>System.Windows.Controls.Toolkit.VisualStudio.Design</p>\r\n<p>System.Windows.Controls.VisualStudio.Design</p>\r\n<p>System.Windows.Data</p>\r\n<p>System.Windows.Data.Resources</p>\r\n<p>System.Xml</p>\r\n<p>System.Xml.Linq</p>\r\n<p>System.Xml.Linq.Resources</p>\r\n<p>System.Xml.Serialization</p>\r\n<p>System.Xml.Serialization.Resources</p>\r\n<p>System.Xml.Utils</p>\r\n<p>System.Xml.Utils.Resources</p>\r\n<p>System.Xml.XPath</p>\r\n<p>System.Xml.XPath.Resources</p>\r\n<p>Copying XML comments files</p>\r\n<p>C:\\TFS-Repository\\eviti\\Development\\WellPoint-Integration\\ITA.eviti.Entities\\bin\\Debug\\ITA.eviti.Entities.XML -&gt; C:\\Users\\iperez\\Documents\\Help\\Working\\ITA.eviti.Entities.XML</p>\r\n<p>-------------------------------</p>\r\n<p>Generating shared content files (en-US, English (United States))...</p>\r\n<p>Last step completed in 00:00:00.0200</p>\r\n<p>-------------------------------</p>\r\n<p>Generating API filter for MRefBuilder...</p>\r\n<p>Last step completed in 00:00:00.0100</p>\r\n<p>-------------------------------</p>\r\n<p>Generating reflection information...</p>\r\n<p>[C:\\Windows\\Microsoft.NET\\Framework\\v4.0.30319\\MSBuild.exe]</p>\r\n<p>MrefBuilder (v2.6.10621.1)</p>\r\n<p>Copyright c Microsoft 2006</p>\r\n<p>Info: Loaded 1 assemblies for reflection and 117 dependency assemblies.</p>\r\n<p>MREFBUILDER : error : Unresolved assembly reference: System (System, Version=2.0.5.0, Culture=neutral, PublicKeyToken=7cec85d7bea7798e, Retargetable=Yes) required by ITA.eviti.Entities [C:\\Users\\iperez\\Documents\\Help\\Working\\GenerateRefInfo.proj]</p>\r\n<p>Last step completed in 00:00:01.4800</p>\r\n<p>-------------------------------</p>\r\n<p>SHFB: Error BE0043: Unexpected error detected in last build step. See output above for details.</p>\r\n<p>　</p>\r\n</span></p>",
    "PostedDate": "2011-08-15T06:58:23.64-07:00",
    "UserRole": null,
    "MarkedAsAnswerDate": null
  },
  {
    "Id": "658436",
    "ThreadId": "268713",
    "Html": "<p>I see there's a \"Retargetable=Yes\" attribute in the version information.&nbsp; That's not there in the error you get for normal Silverlight assemblies.&nbsp; It's possible that MRefBuilder needs to use yet another set of reference assemblies instead.&nbsp; Most likely, it will require adding a&nbsp;conditional property to the SHFB MRefBuilder step's project file template to have it include the portable framework targets so that it resolves the assembly references correctly.&nbsp; I'll take a look into it.</p>\r\n<p>Eric</p>\r\n<p>&nbsp;</p>",
    "PostedDate": "2011-08-15T11:21:32.307-07:00",
    "UserRole": null,
    "MarkedAsAnswerDate": null
  },
  {
    "Id": "659732",
    "ThreadId": "268713",
    "Html": "<p>Any update on this yet?</p>\r\n<p>Eric</p>",
    "PostedDate": "2011-08-17T19:15:20.043-07:00",
    "UserRole": null,
    "MarkedAsAnswerDate": null
  },
  {
    "Id": "659745",
    "ThreadId": "268713",
    "Html": "<p>Hello All,</p>\r\n<p>I am trying to reproduce this problem without any success. <br />I have created a generic project in both C# and VB.NET, setting the build target to both .NET 4 and Silverlight 4.0<br />and still got it compiled successfully in the SHFB. Both use the portable class libraries.</p>\r\n<p>Those having the problem, can you create a generic project (VS.NET generated project without any other additions)<br />and see if there is any problem?</p>\r\n<p>Best regards,<br />Paul&nbsp;</p>",
    "PostedDate": "2011-08-17T20:08:13.727-07:00",
    "UserRole": null,
    "MarkedAsAnswerDate": null
  },
  {
    "Id": "660096",
    "ThreadId": "268713",
    "Html": "<p>As expected, there is a separate set of reference assemblies for the portable framework.&nbsp; I'll need to update SHFB to expose it as a new framework type.&nbsp; It's similar to the Silverlight stuff so I should be able to implement it fairly quickly.&nbsp; I plan on taking a look at it this weekend.</p>\r\n<p>@Paul:&nbsp;The default code in a&nbsp;generic project only references mscorlib so it won't fail.&nbsp; You need to reference a type in the code from another assembly such as using System.Uri from System.dll as a return type on a property so that it actually pulls it in.&nbsp; Once you do that, it will fail with the noted error.</p>\r\n<p>Eric</p>\r\n<p>&nbsp;</p>",
    "PostedDate": "2011-08-18T09:39:03.407-07:00",
    "UserRole": null,
    "MarkedAsAnswerDate": null
  },
  {
    "Id": "660221",
    "ThreadId": "268713",
    "Html": "<p>@SelormeyPaul Well the problem definitely appears with Portable Library.</p>\r\n<p>I had bad luck trying for starters to get SHFB to report System.Core no longer but the next assembly in the list. I think I tried all IL System.Core.dll's I could find on C:&nbsp;(not the native images)</p>\r\n<p>Yet what appears to work right away is to go into VS and select all references of the Portable Library assembly and set Copy Local to True, then add the ones in the bin\\Debug folder as references in SHFB.</p>\r\n<p>However, this may cause VS to no longer&nbsp;'Start&nbsp;with debugging'&nbsp;projects that reference the Portable Library, so make sure you put Copy Local back to False after SHFB has built and clean the bin and obj directories of (preferably) all projects in the solution.</p>\r\n<p>That's a bit of tedious, but still a decent workaround.</p>\r\n<p>Regards,</p>\r\n<p>Eric</p>",
    "PostedDate": "2011-08-18T12:42:12.59-07:00",
    "UserRole": null,
    "MarkedAsAnswerDate": null
  },
  {
    "Id": "660256",
    "ThreadId": "268713",
    "Html": "<p>A temporary workaround is to use the assembly and XML comments files as documentation sources in the SHFB project rather than the solution/project file and add the reference assemblies from one of the C:\\Program Files (x86)\\Reference Assemblies\\Microsoft\\Framework\\.NETPortable\\v4.0\\Profile folders as references in the SHFB project.</p>\r\n<p>Eric</p>\r\n<p>&nbsp;</p>",
    "PostedDate": "2011-08-18T14:41:33.83-07:00",
    "UserRole": null,
    "MarkedAsAnswerDate": null
  },
  {
    "Id": "661336",
    "ThreadId": "268713",
    "Html": "<p>I've implemented support for the .NET Portable Framework in SHFB.&nbsp; I'll build and release v1.9.3.2 Alpha that includes the changes next weekend.&nbsp; It'll be available by August 29th.</p>\r\n<p>Eric</p>\r\n<p>&nbsp;</p>",
    "PostedDate": "2011-08-21T17:15:53.033-07:00",
    "UserRole": null,
    "MarkedAsAnswerDate": null
  },
  {
    "Id": "661522",
    "ThreadId": "268713",
    "Html": "<p>Thanks so much for the quick reply and response!!!</p>",
    "PostedDate": "2011-08-22T06:22:41.627-07:00",
    "UserRole": null,
    "MarkedAsAnswerDate": null
  }
]