[
  {
    "Id": "1022565",
    "ThreadId": "438367",
    "Html": "I have the following codeEntityReference:<br />\n<pre><code>&lt;codeEntityReference&gt;\n    P:System.Web.Configuration.HttpCapabilitiesBase.Id\n&lt;/codeEntityReference&gt;</code></pre>\n\nWhen compiled, I can click on the link and it opens the online MSDN library...but always selects the most recent version of the framework, instead of the targetted version!  Is there a way for me to set the correct version so when the link is clicked, it will automatically target a different framework version?\r<br />\n<br />\nThanks! :)<br />\n",
    "PostedDate": "2013-03-28T10:57:36.853-07:00",
    "UserRole": null,
    "MarkedAsAnswerDate": null
  },
  {
    "Id": "1022602",
    "ThreadId": "438367",
    "Html": "That isn't currently supported.  It's something I plan on looking into in a future release of the Sandcastle tools.\r<br />\n<br />\nAlso, please note that this project has been discontinued and may not be monitored as frequently. For future questions concerning Sandcastle or SHFB, post them over on the <a href=\"http://SHFB.CodePlex.com\" rel=\"nofollow\">Sandcastle Help File Builder</a> project's discussion page. Thanks. \r<br />\n<br />\n Eric<br />\n",
    "PostedDate": "2013-03-28T12:34:35.927-07:00",
    "UserRole": null,
    "MarkedAsAnswerDate": null
  }
]