[
  {
    "Id": "75786",
    "ThreadId": "22677",
    "Html": "\r\nI have been tasked with figuring out how to generate html documentation from XML comments in a VS20005 VB.NET project.<br /><br />Is it possible to use SandCastle to create HTML documentation from XML?<br />I can't find any documentaton on SandCastle, but from what I've seen it only creates .CHM help files (using THML Help workshop) .... which is not the same as HTML documentation, right?<br /><br />If it is possible to create html documentation, then would somebody be kind enough to tell me how this is done?<br /><br />Thanks,<br />Dave<br />",
    "PostedDate": "2008-02-22T09:51:13.507-08:00",
    "UserRole": null,
    "MarkedAsAnswerDate": null
  },
  {
    "Id": "75797",
    "ThreadId": "22677",
    "Html": "\r\nHi Dave,<br /><br />Just download SandCastle and SandCastle Help File Builder - Use the SHFB and make it easy for yourself.<br /><br />Link to SHFB:<br />http://www.codeplex.com/SHFB/Release/ProjectReleases.aspx?ReleaseId=9848<br /><br />Create a SHFB project and build it.<br />In the SHFB you can choose between HelpHtml1, WedSite or HelpHtml2.<br /><br />You can get more information from the old SandCastle page:<br />http://www.sandcastledocs.com/<br /><br />There are examples how to create your own files.<br /><br />Best regards<br />--Tony<br />",
    "PostedDate": "2008-02-22T10:51:32.17-08:00",
    "UserRole": null,
    "MarkedAsAnswerDate": null
  },
  {
    "Id": "75813",
    "ThreadId": "22677",
    "Html": "\r\nTo add to Tony's comments, see the help file that comes with SHFB.  There's a FAQ that covers most of the common questions and issues.  There's also a section on Additional Content that describes how you can add additional HTML files to the project to document such things as usage notes, examples, tutorials, etc.  You can either add actual HTML files or you can add XML (.topic) files that will be transformed so that they have the same look as the selected presentation style.  If you have any questions about its usage, post a message over in the SHFB discussion forum.<br /><br />Eric<br />",
    "PostedDate": "2008-02-22T12:13:09.603-08:00",
    "UserRole": null,
    "MarkedAsAnswerDate": null
  },
  {
    "Id": "75824",
    "ThreadId": "22677",
    "Html": "\r\nHi Dave, <br /><br /><div class=\"quote\" style=\"border: dotted .1em #aaa; border-left: none; border-right: none; font-style: italic; margin: 1em 0em 2.5em 3em;padding: .2em;\"><br />Is it possible to use SandCastle to create HTML documentation from XML?<br /><br /></div>Yes.  Sandcastle generates HTML files, one per help topic, and can easily include your documentation comments.<br /><br /><div class=\"quote\" style=\"border: dotted .1em #aaa; border-left: none; border-right: none; font-style: italic; margin: 1em 0em 2.5em 3em;padding: .2em;\"><br />I can't find any documentaton on SandCastle<br /><br /></div>See <a href=\"http://www.codeplex.com/DocProject/Wiki/View.aspx?title=Sandcastle%20Help\" class=\"externalLink\">Sandcastle Help<span class=\"externalLinkIcon\" style=\"font-family:Consolas, Courier New, Courier, Monospace;\"></span></a> for more information about Sandcastle and links to related tools.<br /><br /><div class=\"quote\" style=\"border: dotted .1em #aaa; border-left: none; border-right: none; font-style: italic; margin: 1em 0em 2.5em 3em;padding: .2em;\"><br />but from what I've seen it only creates .CHM help files (using THML Help workshop) .... which is not the same as HTML documentation, right?<br /><br /></div>Help 1.x (.chm) files are compiled HTML help files.  Sandcastle generates HTML and then you have the option of compiling it into a .chm.  Sandcastle's output can also be compiled into Help 2.x (.HxS), which is a help collection that can be integrated into Visual Studio's help collections, which can be displayed by pressing <b>F1</b> to open <b>Document Explorer</b>.<br /><br /><div class=\"quote\" style=\"border: dotted .1em #aaa; border-left: none; border-right: none; font-style: italic; margin: 1em 0em 2.5em 3em;padding: .2em;\"><br />If it is possible to create html documentation, then would somebody be kind enough to tell me how this is done?<br /><br /></div>To add to Tony and Eric's suggestion, I'd like to also recommend <a href=\"http://www.codeplex.com/DocProject\" class=\"externalLink\">DocProject<span class=\"externalLinkIcon\" style=\"font-family:Consolas, Courier New, Courier, Monospace;\"></span></a> if you're interested in seamless Visual Studio integration.<br /><br />- Dave<br />",
    "PostedDate": "2008-02-22T13:00:20.95-08:00",
    "UserRole": null,
    "MarkedAsAnswerDate": null
  },
  {
    "Id": "75839",
    "ThreadId": "22677",
    "Html": "\r\nThanks for the feedback - you guys are awesome!<br /><br /><br />I think this information will help me.<br /><br />Y'all have my permission to leave work early today and throw back a couple of beers ;-)<br /><br />Have a nice weekend.<br />",
    "PostedDate": "2008-02-22T13:58:56.153-08:00",
    "UserRole": null,
    "MarkedAsAnswerDate": null
  }
]