[
  {
    "Id": "585939",
    "ThreadId": "251079",
    "Html": "\r\n<p>&#65279;Hi folks, I've hunted around&nbsp; online and in this forum but I still can't figure out how to embed an image in my XML documentation. I tried the usual &quot;&lt;img source = ...&quot; thing but that didn't work. Could someone give some brief instructions or maybe\r\n point to a little step-by-step tutorial on how to do this? I'm using SHFB v1.9.1.0. Thank you very much in advance!</p>\r\n<p>&nbsp;</p>\r\n<p>-L</p>\r\n<p>&#65279;</p>\r\n",
    "PostedDate": "2011-03-24T12:01:11.627-07:00",
    "UserRole": null,
    "MarkedAsAnswerDate": null
  },
  {
    "Id": "585969",
    "ThreadId": "251079",
    "Html": "<p>Using the &lt;img&gt; element is the correct way to do it but the attribute is \"src\" rather than \"source\".&nbsp; You also need a \"../\" relative path in front of the image name so that it can find the image.&nbsp; The image should be added to the SHFB project with its BuildAction&nbsp;property set to Content.&nbsp; There's a question in the SHFB <a title=\"FAQ\" href=\"http://www.ewoodruff.us/shfbdocs/Index.aspx?topic=html/1aea789d-b226-4b39-b534-4c97c256fac8.htm\" target=\"_blank\">FAQ topic</a> that covers how to do this (How can I embed an image in a namespace, type, or member's help topic?).</p>\r\n<p>Eric</p>\r\n<p>&nbsp;</p>",
    "PostedDate": "2011-03-24T12:39:54.47-07:00",
    "UserRole": null,
    "MarkedAsAnswerDate": null
  }
]