[
  {
    "Id": "667962",
    "ThreadId": "271588",
    "Html": "\r\n<p>Hi!</p>\r\n<p>When I write a conceptual topic, is it possible to reference an extension method?</p>\r\n<p>Thanks!</p>\r\n<p>ulu</p>\r\n",
    "PostedDate": "2011-09-06T00:24:07.2-07:00",
    "UserRole": null,
    "MarkedAsAnswerDate": null
  },
  {
    "Id": "667970",
    "ThreadId": "271588",
    "Html": "<p>Hello ulu,</p>\n<p>Yes, it is possible. What problem are you having? This is a simple demonstration of how it is done.<br /> I have created a sample Class library project and added an extension method sample from the MSDN as</p>\n<div style=\"color: black; background-color: white;\">\n<pre><span style=\"color: blue;\">using</span> System;\n<span style=\"color: blue;\">using</span> System.Collections.Generic;\n<span style=\"color: blue;\">using</span> System.Linq;\n<span style=\"color: blue;\">using</span> System.Text;\n\n<span style=\"color: blue;\">namespace</span> ClassLibrary1\n{\n    <span style=\"color: gray;\">///</span> <span style=\"color: gray;\">&lt;summary&gt;</span>\n    <span style=\"color: gray;\">///</span><span style=\"color: green;\"> MyExtensions summary.</span>\n    <span style=\"color: gray;\">///</span> <span style=\"color: gray;\">&lt;/summary&gt;</span>\n    <span style=\"color: blue;\">public</span> <span style=\"color: blue;\">static</span> <span style=\"color: blue;\">class</span> MyExtensions\n    {\n        <span style=\"color: gray;\">///</span> <span style=\"color: gray;\">&lt;summary&gt;</span>\n        <span style=\"color: gray;\">///</span><span style=\"color: green;\"> Summary for WordCount.</span>\n        <span style=\"color: gray;\">///</span> <span style=\"color: gray;\">&lt;/summary&gt;</span>\n        <span style=\"color: gray;\">///</span> <span style=\"color: gray;\">&lt;param name=\"str\"&gt;</span><span style=\"color: green;\">Instance of the string class.&lt;/param&gt;</span>\n        <span style=\"color: gray;\">///</span> <span style=\"color: gray;\">&lt;returns&gt;</span><span style=\"color: green;\">The word count&lt;/returns&gt;</span>\n        <span style=\"color: blue;\">public</span> <span style=\"color: blue;\">static</span> <span style=\"color: blue;\">int</span> WordCount(<span style=\"color: blue;\">this</span> String str)\n        {\n            <span style=\"color: blue;\">return</span> str.Split(<span style=\"color: blue;\">new</span> <span style=\"color: blue;\">char</span>[] { <span style=\"color: #a31515;\">' '</span>, <span style=\"color: #a31515;\">'.'</span>, <span style=\"color: #a31515;\">'?'</span> }, StringSplitOptions.RemoveEmptyEntries).Length;\n        }\n    }\n\n    <span style=\"color: gray;\">///</span> <span style=\"color: gray;\">&lt;summary&gt;</span>\n    <span style=\"color: gray;\">///</span><span style=\"color: green;\"> Summary for Class1.</span>\n    <span style=\"color: gray;\">///</span> <span style=\"color: gray;\">&lt;/summary&gt;</span>\n    <span style=\"color: blue;\">public</span> <span style=\"color: blue;\">class</span> Class1\n    {\n        <span style=\"color: gray;\">///</span> <span style=\"color: gray;\">&lt;summary&gt;</span>\n        <span style=\"color: gray;\">///</span><span style=\"color: green;\"> Initializes a new instance of the &lt;see cref=\"Class1\"/&gt; class.</span>\n        <span style=\"color: gray;\">///</span> <span style=\"color: gray;\">&lt;/summary&gt;</span>\n        <span style=\"color: blue;\">public</span> Class1()\n        {   \n        }\n    }\n}</pre>\n</div>\n<p>The following XML comment will be generated...</p>\n<div style=\"color: black; background-color: white;\">\n<pre><span style=\"color: blue;\">&lt;?</span><span style=\"color: #a31515;\">xml</span> <span style=\"color: red;\">version</span><span style=\"color: blue;\">=</span><span style=\"color: black;\">\"</span><span style=\"color: blue;\">1.0</span><span style=\"color: black;\">\"</span><span style=\"color: blue;\">?&gt;</span>\n<span style=\"color: blue;\">&lt;</span><span style=\"color: #a31515;\">doc</span><span style=\"color: blue;\">&gt;</span>\n    <span style=\"color: blue;\">&lt;</span><span style=\"color: #a31515;\">assembly</span><span style=\"color: blue;\">&gt;</span>\n        <span style=\"color: blue;\">&lt;</span><span style=\"color: #a31515;\">name</span><span style=\"color: blue;\">&gt;</span>ClassLibrary1<span style=\"color: blue;\">&lt;/</span><span style=\"color: #a31515;\">name</span><span style=\"color: blue;\">&gt;</span>\n    <span style=\"color: blue;\">&lt;/</span><span style=\"color: #a31515;\">assembly</span><span style=\"color: blue;\">&gt;</span>\n    <span style=\"color: blue;\">&lt;</span><span style=\"color: #a31515;\">members</span><span style=\"color: blue;\">&gt;</span>\n        <span style=\"color: blue;\">&lt;</span><span style=\"color: #a31515;\">member</span> <span style=\"color: red;\">name</span><span style=\"color: blue;\">=</span><span style=\"color: black;\">\"</span><span style=\"color: blue;\">T:ClassLibrary1.MyExtensions</span><span style=\"color: black;\">\"</span><span style=\"color: blue;\">&gt;</span>\n            <span style=\"color: blue;\">&lt;</span><span style=\"color: #a31515;\">summary</span><span style=\"color: blue;\">&gt;</span>\n            MyExtensions summary.\n            <span style=\"color: blue;\">&lt;/</span><span style=\"color: #a31515;\">summary</span><span style=\"color: blue;\">&gt;</span>\n        <span style=\"color: blue;\">&lt;/</span><span style=\"color: #a31515;\">member</span><span style=\"color: blue;\">&gt;</span>\n        <span style=\"color: blue;\">&lt;</span><span style=\"color: #a31515;\">member</span> <span style=\"color: red;\">name</span><span style=\"color: blue;\">=</span><span style=\"color: black;\">\"</span><span style=\"color: blue;\">M:ClassLibrary1.MyExtensions.WordCount(System.String)</span><span style=\"color: black;\">\"</span><span style=\"color: blue;\">&gt;</span>\n            <span style=\"color: blue;\">&lt;</span><span style=\"color: #a31515;\">summary</span><span style=\"color: blue;\">&gt;</span>\n            Summary for WordCount.\n            <span style=\"color: blue;\">&lt;/</span><span style=\"color: #a31515;\">summary</span><span style=\"color: blue;\">&gt;</span>\n            <span style=\"color: blue;\">&lt;</span><span style=\"color: #a31515;\">param</span> <span style=\"color: red;\">name</span><span style=\"color: blue;\">=</span><span style=\"color: black;\">\"</span><span style=\"color: blue;\">str</span><span style=\"color: black;\">\"</span><span style=\"color: blue;\">&gt;</span>Instance of the string class.<span style=\"color: blue;\">&lt;/</span><span style=\"color: #a31515;\">param</span><span style=\"color: blue;\">&gt;</span>\n            <span style=\"color: blue;\">&lt;</span><span style=\"color: #a31515;\">returns</span><span style=\"color: blue;\">&gt;</span>The word count<span style=\"color: blue;\">&lt;/</span><span style=\"color: #a31515;\">returns</span><span style=\"color: blue;\">&gt;</span>\n        <span style=\"color: blue;\">&lt;/</span><span style=\"color: #a31515;\">member</span><span style=\"color: blue;\">&gt;</span>\n        <span style=\"color: blue;\">&lt;</span><span style=\"color: #a31515;\">member</span> <span style=\"color: red;\">name</span><span style=\"color: blue;\">=</span><span style=\"color: black;\">\"</span><span style=\"color: blue;\">T:ClassLibrary1.Class1</span><span style=\"color: black;\">\"</span><span style=\"color: blue;\">&gt;</span>\n            <span style=\"color: blue;\">&lt;</span><span style=\"color: #a31515;\">summary</span><span style=\"color: blue;\">&gt;</span>\n            Summary for Class1.\n            <span style=\"color: blue;\">&lt;/</span><span style=\"color: #a31515;\">summary</span><span style=\"color: blue;\">&gt;</span>\n        <span style=\"color: blue;\">&lt;/</span><span style=\"color: #a31515;\">member</span><span style=\"color: blue;\">&gt;</span>\n        <span style=\"color: blue;\">&lt;</span><span style=\"color: #a31515;\">member</span> <span style=\"color: red;\">name</span><span style=\"color: blue;\">=</span><span style=\"color: black;\">\"</span><span style=\"color: blue;\">M:ClassLibrary1.Class1.#ctor</span><span style=\"color: black;\">\"</span><span style=\"color: blue;\">&gt;</span>\n            <span style=\"color: blue;\">&lt;</span><span style=\"color: #a31515;\">summary</span><span style=\"color: blue;\">&gt;</span>\n            Initializes a new instance of the <span style=\"color: blue;\">&lt;</span><span style=\"color: #a31515;\">see</span> <span style=\"color: red;\">cref</span><span style=\"color: blue;\">=</span><span style=\"color: black;\">\"</span><span style=\"color: blue;\">T:ClassLibrary1.Class1</span><span style=\"color: black;\">\"</span><span style=\"color: blue;\">/&gt;</span> class.\n            <span style=\"color: blue;\">&lt;/</span><span style=\"color: #a31515;\">summary</span><span style=\"color: blue;\">&gt;</span>\n        <span style=\"color: blue;\">&lt;/</span><span style=\"color: #a31515;\">member</span><span style=\"color: blue;\">&gt;</span>\n    <span style=\"color: blue;\">&lt;/</span><span style=\"color: #a31515;\">members</span><span style=\"color: blue;\">&gt;</span>\n<span style=\"color: blue;\">&lt;/</span><span style=\"color: #a31515;\">doc</span><span style=\"color: blue;\">&gt;</span>\n</pre>\n</div>\n<p>Hope you can see the extension method, <strong>WordCount</strong>, this is how I used it in the MAML...</p>\n<div style=\"color: black; background-color: white;\">\n<pre><span style=\"color: blue;\">&lt;?</span><span style=\"color: #a31515;\">xml</span> <span style=\"color: red;\">version</span><span style=\"color: blue;\">=</span><span style=\"color: black;\">\"</span><span style=\"color: blue;\">1.0</span><span style=\"color: black;\">\"</span> <span style=\"color: red;\">encoding</span><span style=\"color: blue;\">=</span><span style=\"color: black;\">\"</span><span style=\"color: blue;\">utf-8</span><span style=\"color: black;\">\"</span><span style=\"color: blue;\">?&gt;</span>\n<span style=\"color: blue;\">&lt;</span><span style=\"color: #a31515;\">topic</span> <span style=\"color: red;\">id</span><span style=\"color: blue;\">=</span><span style=\"color: black;\">\"</span><span style=\"color: blue;\">8add6948-2a00-4b24-a658-3b47d8d12e5d</span><span style=\"color: black;\">\"</span> <span style=\"color: red;\">revisionNumber</span><span style=\"color: blue;\">=</span><span style=\"color: black;\">\"</span><span style=\"color: blue;\">1</span><span style=\"color: black;\">\"</span><span style=\"color: blue;\">&gt;</span>\n  <span style=\"color: blue;\">&lt;</span><span style=\"color: #a31515;\">developerConceptualDocument</span> <span style=\"color: red;\">xmlns</span><span style=\"color: blue;\">=</span><span style=\"color: black;\">\"</span><span style=\"color: blue;\">http://ddue.schemas.microsoft.com/authoring/2003/5</span><span style=\"color: black;\">\"</span> \n  <span style=\"color: red;\">xmlns:xlink</span><span style=\"color: blue;\">=</span><span style=\"color: black;\">\"</span><span style=\"color: blue;\">http://www.w3.org/1999/xlink</span><span style=\"color: black;\">\"</span><span style=\"color: blue;\">&gt;</span>\n    <span style=\"color: blue;\">&lt;</span><span style=\"color: #a31515;\">introduction</span><span style=\"color: blue;\">&gt;</span>\n      <span style=\"color: blue;\">&lt;</span><span style=\"color: #a31515;\">para</span><span style=\"color: blue;\">&gt;</span>An introduction<span style=\"color: blue;\">&lt;/</span><span style=\"color: #a31515;\">para</span><span style=\"color: blue;\">&gt;</span>\n    <span style=\"color: blue;\">&lt;/</span><span style=\"color: #a31515;\">introduction</span><span style=\"color: blue;\">&gt;</span>\n    <span style=\"color: blue;\">&lt;</span><span style=\"color: #a31515;\">section</span><span style=\"color: blue;\">&gt;</span>\n      <span style=\"color: blue;\">&lt;</span><span style=\"color: #a31515;\">title</span><span style=\"color: blue;\">&gt;</span>Test title<span style=\"color: blue;\">&lt;/</span><span style=\"color: #a31515;\">title</span><span style=\"color: blue;\">&gt;</span>\n      <span style=\"color: blue;\">&lt;</span><span style=\"color: #a31515;\">content</span><span style=\"color: blue;\">&gt;</span>\n        <span style=\"color: blue;\">&lt;</span><span style=\"color: #a31515;\">para</span><span style=\"color: blue;\">&gt;</span>Test Contents<span style=\"color: blue;\">&lt;/</span><span style=\"color: #a31515;\">para</span><span style=\"color: blue;\">&gt;</span>\n      <span style=\"color: blue;\">&lt;/</span><span style=\"color: #a31515;\">content</span><span style=\"color: blue;\">&gt;</span>\n    <span style=\"color: blue;\">&lt;/</span><span style=\"color: #a31515;\">section</span><span style=\"color: blue;\">&gt;</span>\n    \n    <span style=\"color: blue;\">&lt;</span><span style=\"color: #a31515;\">relatedTopics</span><span style=\"color: blue;\">&gt;</span>\n    <span style=\"color: green;\">&lt;!-- This is the link --&gt;</span>\n     <span style=\"color: blue;\">&lt;</span><span style=\"color: #a31515;\">codeEntityReference</span><span style=\"color: blue;\">&gt;</span>M:ClassLibrary1.MyExtensions.WordCount(System.String)<span style=\"color: blue;\">&lt;/</span><span style=\"color: #a31515;\">codeEntityReference</span><span style=\"color: blue;\">&gt;</span>\n\n    <span style=\"color: blue;\">&lt;/</span><span style=\"color: #a31515;\">relatedTopics</span><span style=\"color: blue;\">&gt;</span>\n  <span style=\"color: blue;\">&lt;/</span><span style=\"color: #a31515;\">developerConceptualDocument</span><span style=\"color: blue;\">&gt;</span>\n<span style=\"color: blue;\">&lt;/</span><span style=\"color: #a31515;\">topic</span><span style=\"color: blue;\">&gt;</span></pre>\n</div>\n<p>And it works without any problem.</p>\n<p>Best regards,<br /> Paul.&nbsp;</p>",
    "PostedDate": "2011-09-06T00:55:47.5-07:00",
    "UserRole": null,
    "MarkedAsAnswerDate": null
  },
  {
    "Id": "667972",
    "ThreadId": "271588",
    "Html": "<p>Thanks Paul!</p>\r\n<p>Just to clarify: when I compile the Introduction topic, the link would display like \"String.WordCount\" and not \"ClassLibrary1.MyExtensions.WordCount(System.String)\"?</p>\r\n<p>ulu</p>",
    "PostedDate": "2011-09-06T00:59:13.11-07:00",
    "UserRole": null,
    "MarkedAsAnswerDate": null
  },
  {
    "Id": "667976",
    "ThreadId": "271588",
    "Html": "<p>No, in the above sample it will display as&nbsp;WordCount(String).</p>\r\n<p>In your reference documentations it is still part of MyExtensions class, and not of the String class.<br />The extension method stuff is only a \"syntax sugar\" handled at compile time to simplify the coding...</p>\r\n<p>If you write, say...</p>\r\n<p>\r\n<div style=\"color: black; background-color: white;\">\r\n<pre><span style=\"color: blue;\">public</span> <span style=\"color: blue;\">int</span> Count(<span style=\"color: blue;\">string</span> test)\r\n{\r\n    <span style=\"color: blue;\">return</span> test.WordCount();\r\n}\r\n</pre>\r\n</div>\r\n</p>\r\n<p>The IL will look like this...there is no magic in extension method!!</p>\r\n<p>\r\n<div style=\"color: black; background-color: white;\">\r\n<pre>.method <span style=\"color: blue;\">public</span> hidebysig \r\n\tinstance int32 Count (\r\n\t\t<span style=\"color: blue;\">string</span> test\r\n\t) cil managed \r\n{\r\n\t<span style=\"color: green;\">// Method begins at RVA 0x2090</span>\r\n\t<span style=\"color: green;\">// Code size 12 (0xc)</span>\r\n\t.maxstack 1\r\n\t.locals init (\r\n\t\t[0] int32 CS$1$0000\r\n\t)\r\n\r\n\tIL_0000: nop\r\n\tIL_0001: ldarg.1\r\n\tIL_0002: call int32 ClassLibrary1.MyExtensions::WordCount(<span style=\"color: blue;\">string</span>)\r\n\tIL_0007: stloc.0\r\n\tIL_0008: br.s IL_000a\r\n\r\n\tIL_000a: ldloc.0\r\n\tIL_000b: ret\r\n}\r\n</pre>\r\n</div>\r\n</p>\r\n<p>Best regards,<br />Paul.&nbsp;</p>",
    "PostedDate": "2011-09-06T01:14:49.507-07:00",
    "UserRole": null,
    "MarkedAsAnswerDate": null
  },
  {
    "Id": "667978",
    "ThreadId": "271588",
    "Html": "<p>Thanks Paul, I understand that the ext method is just a syntactic sugar, but I want my users to use it as it is supposed to be used, as an extension method. I thought that there might me some MAML notation that would instruct the help building system to  display the link the \"sweet\" way.</p>\n<p>I guess I'll have to use plain links then..</p>\n<p>Thanks a lot for your help!</p>",
    "PostedDate": "2011-09-06T01:20:37.833-07:00",
    "UserRole": null,
    "MarkedAsAnswerDate": null
  },
  {
    "Id": "667985",
    "ThreadId": "271588",
    "Html": "<p>When the user click on the method it is documented as extension method in the reference document,<br />and I think anyone who knows extension methods will understand it - since it is the same in MSDN.</p>\r\n<p>&gt;&gt; <span>I guess I'll have to use plain links then</span></p>\r\n<p>Just be careful since it might not always work as you move from say Help1 to Help3.</p>\r\n<p>Best regards,<br />Paul.&nbsp;</p>",
    "PostedDate": "2011-09-06T01:35:26.203-07:00",
    "UserRole": null,
    "MarkedAsAnswerDate": null
  }
]