[
  {
    "Id": "124841",
    "ThreadId": "37644",
    "Html": "A release candidate of the <a href=\"http://www.codeplex.com/SandAssist/Release/ProjectReleases.aspx?ReleaseId=18293\">HelpRegister 1.0</a> is now available. <br>\r\nHelpRegister is a Help&nbsp;2.0 registration utiltiy. It&nbsp;can be use to register, unregister and open registered file in Document Explorer for viewing.<br>\r\n<br>\r\nIt is available in both executable and library (not yet documented), and it is written&nbsp;for .NET 2.0 in C#.<br>\r\n<br>\r\nBest regards,<br>\r\nPaul.\r\n",
    "PostedDate": "2008-10-13T16:14:03.757-07:00",
    "UserRole": null,
    "MarkedAsAnswerDate": null
  },
  {
    "Id": "128158",
    "ThreadId": "37644",
    "Html": "Hello All,<br>\r\nWe have released the HelpRegister 1.0, the only free and open source Microsoft Help 2.0 registration tool.<br>\r\nThe documentation is improved, known bugs fixed and lots of improvements to the console mode.<br>\r\n<br>\r\nBest regards,<br>\r\nPaul.\r\n",
    "PostedDate": "2008-10-27T17:17:43.493-07:00",
    "UserRole": null,
    "MarkedAsAnswerDate": null
  }
]