[
  {
    "Id": "497861",
    "ThreadId": "228413",
    "Html": "<p>I have a primary DLL which then has dependencies on several others. I am trying to build a chm for the primary DLL which includes all public types in the others as well.</p>\r\n<p>The batch file takes only one assembly argument so I modified the mrefbuilder line in it to add the other DLL's:</p>\r\n<p>&nbsp;</p>\r\n<pre>MRefBuilder data1.dll data2.dll %2.dll /out:reflection.org\r\n\r\n</pre>\r\n<p>This got me the types in the help file but no comments. I figure this line is the problem:</p>\r\n<pre>if exist %2.xml copy /y %2.xml comments.xml\r\n\r\n</pre>\r\n<p>Do I have to manually merge all my XML doc files and rename it comments.xml ?</p>\r\n<p>Note I prefer not to use one of the gui tools that are available, just Sandcastle alone.</p>",
    "PostedDate": "2010-09-23T18:25:02.9-07:00",
    "UserRole": null,
    "MarkedAsAnswerDate": null
  },
  {
    "Id": "497866",
    "ThreadId": "228413",
    "Html": "<p>Hello,</p>\r\n<p>Do MrefBuilder /? to see the command options supported.</p>\r\n<p>You will see how to handle the dependencies.</p>\r\n<p>&gt;&gt;This got me the types in the help file but no comments. I figure this line is the problem:</p>\r\n<p>This has to with the configuration file being used by the sample, take a look at the&nbsp;</p>\r\n<p>Sandcastle\\Presentation\\vs2005\\configuration\\Vs2005.config</p>\r\n<p>You will find that the &quot;comments.xml&quot; is hard coded there. If you need a practical solution, it<br>must include modifying the configuration files as well. That batch file is meant to work with<br>the default installation.</p>\r\n<p>&gt;&gt;Note I prefer not to use one of the gui tools that are available, just Sandcastle alone.</p>\r\n<p>Dealing with the Sandcastle is easy but not simple, you will need a lot of work to get a<br>real work going.<br>You still get a better deal using my build library at <a href=\"http://sandassist.codeplex.com\">Sandcastle Assist</a>, which aims to make using the<br>Sandcastle&nbsp;simpler. It is not based on any file format, so you can use your own file format with it.&nbsp;</p>\r\n<p>Best regards,<br>Paul.&nbsp;</p>",
    "PostedDate": "2010-09-23T18:55:47.267-07:00",
    "UserRole": null,
    "MarkedAsAnswerDate": null
  },
  {
    "Id": "497894",
    "ThreadId": "228413",
    "Html": "<p>Hi, I got it working by changing the config file as you suggested. Thanks for your help. I definitely need to find some time to look into all this.</p>",
    "PostedDate": "2010-09-23T21:59:39.643-07:00",
    "UserRole": null,
    "MarkedAsAnswerDate": null
  }
]