[
  {
    "Id": "263407",
    "ThreadId": "77045",
    "Html": "<p>Hi,</p>\r\n<p>When building a Sandcastle project, I get the following warning:</p>\r\n<p>WARNING: Could not find prerequisite '.NET Framework 3.5 SP1' in path 'C:\\Program Files\\Microsoft SDKs\\Windows\\v6.0A\\Bootstrapper\\'</p>\r\n<p>I've already followed the suggestions listed here (http://social.msdn.microsoft.com/Forums/en-US/vssetup/thread/d3c1991a-9353-43f0-be82-2dacedc1ceba) but I still get the warning.</p>\r\n<p>Any ideas?</p>\r\n<p>Thanks.</p>",
    "PostedDate": "2009-12-03T15:31:39.57-08:00",
    "UserRole": null,
    "MarkedAsAnswerDate": null
  },
  {
    "Id": "263476",
    "ThreadId": "77045",
    "Html": "<p>Hi,</p>\r\n<p>What kind of &quot;Sandcastle project&quot; do you mean?&nbsp; Are you using the MSBuild project or the GUI that ships with Sandcastle, or are you using an automation tool such as SHFB or DocProject?</p>\r\n<p>- Dave</p>",
    "PostedDate": "2009-12-03T20:54:52.303-08:00",
    "UserRole": null,
    "MarkedAsAnswerDate": null
  },
  {
    "Id": "263728",
    "ThreadId": "77045",
    "Html": "<blockquote style=\"border:solid .1em #ccc;font-style:italic;margin:.25em 1em 0 1em;padding:0 .25em 0 .25em\"><strong>davedev wrote:</strong><br>\r\n<p>Hi,</p>\r\n<p>What kind of &quot;Sandcastle project&quot; do you mean?&nbsp; Are you using the MSBuild project or the GUI that ships with Sandcastle, or are you using an automation tool such as SHFB or DocProject?</p>\r\n<p>- Dave</p>\r\n</blockquote>\r\n<p>I believe we're using SHFB.</p>\r\n<p>&nbsp;</p>",
    "PostedDate": "2009-12-04T10:13:02.467-08:00",
    "UserRole": null,
    "MarkedAsAnswerDate": null
  },
  {
    "Id": "263768",
    "ThreadId": "77045",
    "Html": "<p>Are you trying to build the actual source code for SHFB itself?&nbsp; If so, it isn't required.&nbsp; There's an MSI installer available from the project's Download's page so use that to install the SHFB tools.&nbsp; If you do need to build the source code for some reason, you can probably&nbsp;just disable or remove the setup project from the solution.&nbsp; For SHFB related issues, please post over in the Discussion board at the <a title=SHFB href=\"http://SHFB.CodePlex.com\">SHFB project site</a>.&nbsp; Thanks.</p>\r\n<p>Eric</p>\r\n<p>&nbsp;</p>",
    "PostedDate": "2009-12-04T12:35:42.193-08:00",
    "UserRole": null,
    "MarkedAsAnswerDate": null
  },
  {
    "Id": "264547",
    "ThreadId": "77045",
    "Html": "<blockquote style=\"border:solid .1em #ccc;font-style:italic;margin:.25em 1em 0 1em;padding:0 .25em 0 .25em\"><strong>EWoodruff wrote:</strong><br>\r\n<p>Are you trying to build the actual source code for SHFB itself?&nbsp; If so, it isn't required.&nbsp; There's an MSI installer available from the project's Download's page so use that to install the SHFB tools.&nbsp; If you do need to build the source code for some reason, you can probably&nbsp;just disable or remove the setup project from the solution.&nbsp; For SHFB related issues, please post over in the Discussion board at the <a title=SHFB href=\"http://SHFB.CodePlex.com\">SHFB project site</a>.&nbsp; Thanks.</p>\r\n<p>Eric</p>\r\n<p>&nbsp;</p>\r\n</blockquote>\r\n<p>We're not building the SHFB source code, it's our own project.</p>",
    "PostedDate": "2009-12-07T09:33:41.923-08:00",
    "UserRole": null,
    "MarkedAsAnswerDate": null
  },
  {
    "Id": "264974",
    "ThreadId": "77045",
    "Html": "<p>I'd say the message is unrelated to building the help file then since the warning appears to be related to Visual Studio setup projects.</p>\r\n<p>Eric</p>\r\n<p>&nbsp;</p>",
    "PostedDate": "2009-12-08T08:23:09.13-08:00",
    "UserRole": null,
    "MarkedAsAnswerDate": null
  }
]