[
  {
    "Id": "668801",
    "ThreadId": "271829",
    "Html": "\r\n<p>Hello,</p>\r\n<p>I'm using SHFB 1.9.3 and Sancastle <span id=\"TitleLabel\">2.6.10621.1</span>. When I tried to generate the help file from my C&#43;&#43;/CLI project built in VS2010 (.NET 4), it seemed that all descriptions for the methods with generic arguments are gone and I\r\n got missing entities. Here is my test code:</p>\r\n<p>Header file:</p>\r\n<pre style=\"font-family:Consolas; font-size:16; color:black; background:white\"><span style=\"color:blue\"><div style=\"color:black; background-color:white\"><pre>#pragma once\r\n\r\n<span style=\"color:blue\">using</span> <span style=\"color:blue\">namespace</span> System::Collections::Generic;\r\n\r\n<span style=\"color:blue\">namespace</span> CLIDocTest {\r\n\t<span style=\"color:blue\">public</span> <span style=\"color:blue\">ref class</span> Test\r\n\t{\r\n\t<span style=\"color:blue\">public</span>:\r\n\t\t<span style=\"color:green\">///&lt;summary&gt;Constructor&lt;/summary&gt;</span>\r\n\t\tTest(<span style=\"color:blue\">void</span>);\r\n\r\n\t\t<span style=\"color:green\">///&lt;summary&gt;Write method&lt;/summary&gt;</span>\r\n\t\t<span style=\"color:green\">///&lt;param name=&quot;input&quot;&gt;test&lt;/param&gt;</span>\r\n\t\t<span style=\"color:blue\">void</span> Write(List&lt;<span style=\"color:blue\">int</span>&gt; input);\r\n\t\t\r\n\t};\r\n}<br>&nbsp;</pre>\r\n</div>\r\nSource file:<br>\r\n<div style=\"color:black; background-color:white\">\r\n<pre><span style=\"color:blue\">namespace</span> CLIDocTest\r\n{\r\n\tTest::Test(<span style=\"color:blue\">void</span>)\r\n\t{\r\n\t}\r\n\r\n\t<span style=\"color:blue\">void</span> Test::Write(List&lt;<span style=\"color:blue\">int</span>&gt; input)\r\n\t{\r\n\t}\r\n}\r\n</pre>\r\n</div>\r\n<br>The errors I got are the following:<br></span><br>[Missing &lt;summary&gt; documentation for  &quot;M:CLIDocTest.Test.Write(System.Collections.Generic.List{System.Int32}|System.Runtime.CompilerServices.IsByValue)&quot;]<br><br>and<br><br>\r\n<div id=\"parameters\">Parameters <dl><dt><span>input</span></dt><dd>Type: <a href=\"http://msdn2.microsoft.com/en-us/library/6sh2ey19\" target=\"_blank\">System.Collections.Generic<span><span>.</span></span>List</a><span><span>(</span></span><a href=\"http://msdn2.microsoft.com/en-us/library/td2s409d\" target=\"_blank\">Int32</a><span><span>)</span></span><br>\r\n<p style=\"color:#dc143c; font-size:8.5pt; font-weight:bold\">[Missing  &lt;param name=&quot;input&quot;/&gt; documentation for  &quot;M:CLIDocTest.Test.Write(System.Collections.Generic.List{System.Int32}|System.Runtime.CompilerServices.IsByValue)&quot;]</p>\r\n</dd></dl></div>\r\nIs there any issue on C&#43;&#43;/CLI? I saw another thread about a similar issue on C# but it was fixed in SHFB 1.9.3.<br><br>Thanks.<br>\r\n<pre style=\"font-family:Consolas; font-size:16px; color:black; background:none repeat scroll 0% 0% white\"><br></pre>\r\n</pre>\r\n",
    "PostedDate": "2011-09-07T14:19:31.887-07:00",
    "UserRole": null,
    "MarkedAsAnswerDate": null
  },
  {
    "Id": "668885",
    "ThreadId": "271829",
    "Html": "<p>The C++ compiler doesn't always generate the same method signatures in the XML comments that MRefBuilder generates for the reflection information so the XML comments may fail to match up.&nbsp; You can try setting the SHFB project option CppCommentsFixup to true to see if it resolves the issue.&nbsp; It should fix it for most cases though I think there may be a few were it doesn't.&nbsp; Also, be sure you've got the FrameworkVersion property set to .NET 4.0 since using an earlier version with a .NET 4.0 assembly causes a separate issue which was the problem with earlier versions of SHFB you referenced.</p>\r\n<p>Eric</p>\r\n<p>&nbsp;</p>",
    "PostedDate": "2011-09-07T19:09:53.613-07:00",
    "UserRole": null,
    "MarkedAsAnswerDate": null
  },
  {
    "Id": "668887",
    "ThreadId": "271829",
    "Html": "<p>&gt;&gt;<strong>Eric</strong>: ..<span><em>CppCommentsFixup to true to see if it resolves the issue</em>.</span></p>\r\n<p><span>The generated output adding&nbsp;<strong>!System.Runtime.CompilerServices.IsByValue</strong> is new to me and <br />I am also investigating that right now.</span></p>\r\n<p><span><span>Setting <strong>CppCommentsFixup</strong> to true will not resolve it, and .NET 4 has no effect on it, since the same<br />compiles under both .NET 3.5/4.0, and both VS.NET 2008 and 2010 generate the same comment output.&nbsp;</span></span></p>\r\n<p><span><span>Best regards,<br />Paul.&nbsp;</span></span></p>",
    "PostedDate": "2011-09-07T19:17:22.98-07:00",
    "UserRole": null,
    "MarkedAsAnswerDate": null
  },
  {
    "Id": "668899",
    "ThreadId": "271829",
    "Html": "<p>To the original poster do you mean to write&nbsp;</p>\r\n<p><strong>Write(List&lt;int&gt;^ input)</strong>&nbsp;or&nbsp;<strong>Write(List&lt;int&gt; input)</strong>?&nbsp;</p>\r\n<p>Best regards,<br />Paul.&nbsp;</p>",
    "PostedDate": "2011-09-07T20:05:56.797-07:00",
    "UserRole": null,
    "MarkedAsAnswerDate": null
  },
  {
    "Id": "668901",
    "ThreadId": "271829",
    "Html": "<p>What I meant is Write(List&lt;int&gt;^ input). I was creating a quick test project and got this typo. The error I got after fixing this typo is:</p>\r\n<p>[Missing &lt;summary&gt; documentation for \"M:CLIDocTest.Test.Write(System.Collections.Generic.List{System.Int32})\"]</p>\r\n<div id=\"parameters\">\r\n<h4 class=\"subHeading\">Parameters</h4>\r\n<dl><dt><span class=\"parameter\">input</span></dt><dd>Type: <a href=\"http://msdn2.microsoft.com/en-us/library/6sh2ey19\" target=\"_blank\">System.Collections.Generic<span class=\"languageSpecificText\"><span class=\"nu\">.</span></span>List</a><span class=\"languageSpecificText\"><span class=\"nu\">(</span></span><a href=\"http://msdn2.microsoft.com/en-us/library/td2s409d\" target=\"_blank\">Int32</a><span class=\"languageSpecificText\"><span class=\"nu\">)</span></span><br />\r\n<p style=\"color: #dc143c; font-size: 8.5pt; font-weight: bold;\">[Missing &lt;param name=\"input\"/&gt; documentation for \"M:CLIDocTest.Test.Write(System.Collections.Generic.List{System.Int32})\"]</p>\r\n</dd></dl></div>\r\n<p>Simply without IsByValue. My original project is way bigger than this small test, and I'm seeing the same error as long as the argument is generic.</p>\r\n<p>Sorry about the confusion.</p>\r\n<p>&nbsp;</p>\r\n<p>Best,</p>\r\n<p>Sean</p>",
    "PostedDate": "2011-09-07T20:25:27.487-07:00",
    "UserRole": null,
    "MarkedAsAnswerDate": null
  },
  {
    "Id": "668902",
    "ThreadId": "271829",
    "Html": "<p>Then it can be fixed by setting the&nbsp;<strong>CppCommentsFixup</strong><span>&nbsp;to true.</span></p>\r\n<p><span>Best regards,<br />Paul.&nbsp;</span></p>",
    "PostedDate": "2011-09-07T20:27:14.43-07:00",
    "UserRole": null,
    "MarkedAsAnswerDate": null
  },
  {
    "Id": "668903",
    "ThreadId": "271829",
    "Html": "<p>I'm still seeing the same error after setting CppCommentsFixup to true.</p>",
    "PostedDate": "2011-09-07T20:35:30.193-07:00",
    "UserRole": null,
    "MarkedAsAnswerDate": null
  },
  {
    "Id": "668905",
    "ThreadId": "271829",
    "Html": "<p>I have just verified that it fixes it. Clean your C++ Project and try again.<br />I can post a screenshot if you are in doubt.&nbsp;</p>\r\n<p>Best regards,<br />Paul.&nbsp;</p>",
    "PostedDate": "2011-09-07T20:41:51.17-07:00",
    "UserRole": null,
    "MarkedAsAnswerDate": null
  },
  {
    "Id": "668907",
    "ThreadId": "271829",
    "Html": "<p>Thanks, Paul. I tried my original project and it works fine. There may be some configuration errors in this simple test project. Really appreciate your help.</p>\r\n<p>Best regards,</p>\r\n<p>Sean</p>",
    "PostedDate": "2011-09-07T20:44:16.51-07:00",
    "UserRole": null,
    "MarkedAsAnswerDate": null
  }
]