[
  {
    "Id": "268856",
    "ThreadId": "78542",
    "Html": "<p>Hi;</p>\r\n<p>I am just wondering roughly what the plans and possible timeframes (if any as yet) are in relation to providing sandcastle and schfb support for the emerging MS Help Viewer 1.0 (Help 3) technology? Is it under development as yet or is the technology too immature at this point?&nbsp; Are there plans to include a new template for compatible visual style with VS2010 documentation?</p>\r\n<p>Kindest Regards</p>\r\n<p>Dave</p>",
    "PostedDate": "2009-12-18T03:27:37.223-08:00",
    "UserRole": null,
    "MarkedAsAnswerDate": null
  },
  {
    "Id": "268968",
    "ThreadId": "78542",
    "Html": "<p>There is some preliminary support for MS Help Viewer in the July 2009 source code release of Sandcastle.&nbsp; It does appear to be missing some features though and the VS2005 style is the only one that includes the necessary changes to its transformation files to produce compatible topics.&nbsp; So far, there isn't a new style specifically for VS2010.&nbsp; We will probably see more complete support in a later Sandcastle release.&nbsp; Maybe Anand or one of the other team members can give us an update.</p>\r\n<p>Since an official Sandcastle release doesn't appear to be coming any time soon, I plan on uploading the updates for the July 2009 release with the Sandcastle Styles patches applied to the Sandcastle Styles project at least to the source code repository, probably this weekend.&nbsp; I need to discuss with Dave and Paul whether we make it an new release of the Sandcastle Styles patch or just leave it as a source code download for those that want it.&nbsp; You can overwrite the May 2008 release files with them and use the May 2008 executables with the July 2009 transformations without any issues that I know of.</p>\r\n<p>Regarding SHFB, I have implemented support for creation of MS Help Viewer files and, with the July 2009 transformations, it will generate one but I haven't tried integrating the end result or viewing it with the new help viewer yet that is in VS2010 Beta 2.&nbsp; I plan on releasing the 1.8.0.3 version of SHFB the week of Dec 28th.&nbsp; I'll issue updates to it after that to further support MS Help Viewer files as needed.</p>\r\n<p>Eric</p>\r\n<p>&nbsp;</p>",
    "PostedDate": "2009-12-18T08:47:36.193-08:00",
    "UserRole": null,
    "MarkedAsAnswerDate": null
  },
  {
    "Id": "268980",
    "ThreadId": "78542",
    "Html": "<p>Thanks for the comprehnsive reply Eric.&nbsp;</p>\r\n<p>It gives a gr8 starting roadmap regarding SC, SCHFB w/ the new MS Help Viewer 1.0 (<em>Very, very</em> confusing name from MS?? Why not just leave it at MS Help 3 so we all know precisely which version we are talking about!)&nbsp;</p>\r\n<p>My gut feeling is that the new MSDN (which closely matches the VS2010 style), may be a good indication of what is to come.&nbsp;</p>\r\n<p>Any updated info from the SC team would be greatly appreciated.</p>\r\n<p>Seasons Greetigns and all..</p>\r\n<p>Kindest Regards</p>\r\n<p>Dave</p>\r\n<p>&nbsp;</p>",
    "PostedDate": "2009-12-18T09:12:32.65-08:00",
    "UserRole": null,
    "MarkedAsAnswerDate": null
  }
]