[
  {
    "Id": "464054",
    "ThreadId": "218540",
    "Html": "<p>The release is available from <a href=\"http://shfb.codeplex.com/releases/view/40105\">http://shfb.codeplex.com/releases/view/40105</a>.</p>\r\n<p>This release supports the Sandcastle June 2010 Release (v2.6.10621.1). It includes full support for generating, installing, and removing MS Help Viewer files. See the <a href=\"http://www.ewoodruff.us/shfbdocs/Index.aspx?topic=html/078cc1c7-7995-431e-bf9c-8813becbe8df.htm\">Version History</a> for more information.&nbsp; This refresh fixes the reported issues with projects without conceptual content and using a NamingMethod other than GUID.<br><br>Eric</p>\r\n<p>&nbsp;</p>",
    "PostedDate": "2010-07-06T21:06:42.377-07:00",
    "UserRole": null,
    "MarkedAsAnswerDate": null
  }
]