[
  {
    "Id": "90156",
    "ThreadId": "26981",
    "Html": "\r\nhi, i am a new user to sandcastle. and  i have a question about default  drop-down filter setting.default status is all filter items are checked. for example to member filter  if i don't want inherited members be listed defaultly, untile user checked it manually. so to language filter ,such i want to only show c# codes defaultly.  when user checked VB , then VB code is listed. so how should i do.<br /><br />thanks<br />",
    "PostedDate": "2008-05-01T21:31:09.953-07:00",
    "UserRole": null,
    "MarkedAsAnswerDate": null
  },
  {
    "Id": "90225",
    "ThreadId": "26981",
    "Html": "\r\nYou could probably modify the <span class=\"codeInline\" style=\"font-family:Consolas, Courier New, Courier, Monospace;\">devlangsMenu</span> template in the presentation style's <span class=\"codeInline\" style=\"font-family:Consolas, Courier New, Courier, Monospace;\">htmlBody.xsl</span> transformation (VS2005/Hana).  Something like this might work (untested):<br /><br /><pre style=\"background-color:#ECECEC; border:dashed .1em #3E62A6; font-family:Consolas, Courier New, Courier, Monospace; font-size:1em; margin-top:0; padding:.5em; height:auto; overflow:auto; overflow-x:auto; overflow-y:auto;\">\r\n&lt;xsl:template name=\"devlangsMenu\"&gt;\r\n  &lt;div id=\"devlangsMenu\"&gt;\r\n    &lt;xsl:for-each select=\"$languages/language\"&gt;\r\n        &lt;xsl:choose&gt;\r\n            &lt;xsl:when test=\"@name = 'CSharp'&gt;\r\n               &lt;input id=\"{@name}Checkbox\" type='checkbox' data=\"{@name},{@style},'persist'\" value=\"on\" onClick=\"SetLanguage(this)\"/&gt;\r\n           &lt;/xsl:when&gt;\r\n           &lt;xsl:otherwise&gt;\r\n               &lt;input id=\"{@name}Checkbox\" type='checkbox' data=\"{@name},{@style},'persist'\" value=\"off\" onClick=\"SetLanguage(this)\"/&gt;\r\n           &lt;/xsl:otherwise&gt;\r\n        &lt;/xsl:choose&gt;\r\n      &lt;label class=\"checkboxLabel\" for=\"{@name}Checkbox\"&gt;\r\n        &lt;include item=\"{@name}\"/&gt;\r\n      &lt;/label&gt;\r\n      &lt;br/&gt;\r\n    &lt;/xsl:for-each&gt;\r\n  &lt;/div&gt;\r\n&lt;/xsl:template&gt;\r\n \r\n</pre><br />Eric<br />",
    "PostedDate": "2008-05-02T08:12:44.467-07:00",
    "UserRole": null,
    "MarkedAsAnswerDate": null
  },
  {
    "Id": "90505",
    "ThreadId": "26981",
    "Html": "\r\nsorry for the late reply,  it do works.<br />thanks very much,<br />",
    "PostedDate": "2008-05-05T01:57:24.193-07:00",
    "UserRole": null,
    "MarkedAsAnswerDate": null
  }
]