[
  {
    "Id": "117586",
    "ThreadId": "35373",
    "Html": "I've been using Sandcastle Help Builder for about a month, off and on. It's a great tool, but I've encountered a strange problem.&nbsp; The Conceptual Content Designer window is now coming up completely empty -- no panes or panels, just a big grey rectangle. (The Conceptual Content properties in the main Help File Builder window shows &quot;0 tokens, 0 images, 6 topics&quot; as usual.)<br>\r\n<br>\r\nI've&nbsp;used this window in the past to&nbsp;create and add conceptual topics, and I've successfully built the output&nbsp;Help2 for them.<br>\r\n<br>\r\nJust before discovering this problem, I&nbsp;edited one of the topics in a separate editor, and unknowingly saved it as invalid XML (there was a &lt;/localUri&gt; closing tag with no opening tag).&nbsp; Sandcastle Help Builder warned me about the invalide XML when I opened the project, and then the Designer window&nbsp;began exhibiting the&nbsp;problem.<br>\r\n<br>\r\nI plan to reload an older version of the project from our source control database. Meanwhile I am posting here in case it might be something else (and also just to log the behaviour).<br>\r\n<br>\r\n",
    "PostedDate": "2008-09-10T09:11:14.31-07:00",
    "UserRole": null,
    "MarkedAsAnswerDate": null
  },
  {
    "Id": "117591",
    "ThreadId": "35373",
    "Html": "(follow-up) -- Resynching to the old project does not help. <br>\r\nUsing the Repair option of the Sandcastle Help File Builder installation wizard does not help.<br>\r\nUsing the Uninstall option of the installation wizard, and then re-installing, does not help<br>\r\nUsing&nbsp;Add/Remove Programs to uninstall, and then re-instaling, does not help.<br>\r\n<br>\r\nFurther observations:<br>\r\n<br>\r\nStarting a new project makes no difference.<br>\r\n<br>\r\nI compared the window with a working Designer window on another system.&nbsp;The blank window&nbsp;has a &quot;Content&quot; item in the menu bar, but&nbsp;no menu appears when the &quot;Content&quot; item is clicked.&nbsp;The toolbar items to the right of the &quot;Help&quot;&nbsp;question-mark icon (a Topics text-box with dropdown, and a series of icon-based controls) are missing.<br>\r\n<br>\r\n(Sorry, I guess this thread should be in Issue Tracker.)\r\n",
    "PostedDate": "2008-09-10T09:20:29.35-07:00",
    "UserRole": null,
    "MarkedAsAnswerDate": null
  },
  {
    "Id": "117626",
    "ThreadId": "35373",
    "Html": "SHFB is separate from Sandcastle and has it's own project site (<a href=\"http://www.codeplex.com/SHFB\">http://www.codeplex.com/SHFB</a>).&nbsp; Please post issues about it over there rather than here.<br>\r\n<br>\r\nRegarding this issue, see the following thread for&nbsp;the solution:&nbsp;<a href=\"http://www.codeplex.com/SHFB/Thread/View.aspx?ThreadId=33451\">http://www.codeplex.com/SHFB/Thread/View.aspx?ThreadId=33451</a><br>\r\n<br>\r\nIt's caused by the window settings not getting saved correctly.<br>\r\n<br>\r\nEric<br>\r\n",
    "PostedDate": "2008-09-10T12:18:21.08-07:00",
    "UserRole": null,
    "MarkedAsAnswerDate": null
  },
  {
    "Id": "117851",
    "ThreadId": "35373",
    "Html": "Thanks, and noted.&nbsp; In that thread, you asked for the configuration file. Do you still need a copy?<br>\r\n",
    "PostedDate": "2008-09-11T07:28:07.523-07:00",
    "UserRole": null,
    "MarkedAsAnswerDate": null
  },
  {
    "Id": "117862",
    "ThreadId": "35373",
    "Html": "No, thanks.&nbsp; I've got a workaround for the next release.&nbsp; Holding down Shift when the GUI starts will ignore the saved window settings.<br>\r\n<br>\r\nEric<br>\r\n",
    "PostedDate": "2008-09-11T08:19:37.247-07:00",
    "UserRole": null,
    "MarkedAsAnswerDate": null
  }
]