[
  {
    "Id": "430758",
    "ThreadId": "209271",
    "Html": "<p style=\"font-weight:inherit;font-style:inherit;font-family:inherit;margin-top:1em;margin-right:0px;margin-bottom:1em;margin-left:0px;list-style-type:none;text-decoration:none;padding:0px;border:0px none initial\">the new style of the MSDN website looks pretty, how to use Sandcastle to built a MSDN 2010 liked documents?</p>\r\n<p style=\"font-weight:inherit;font-style:inherit;font-family:inherit;margin-top:1em;margin-right:0px;margin-bottom:1em;margin-left:0px;list-style-type:none;text-decoration:none;padding:0px;border:0px none initial\">is there any template to download?</p>\r\n<p style=\"font-weight:inherit;font-style:inherit;font-family:inherit;margin-top:1em;margin-right:0px;margin-bottom:1em;margin-left:0px;list-style-type:none;text-decoration:none;padding:0px;border:0px none initial\">thanks.</p>",
    "PostedDate": "2010-04-13T22:37:00.807-07:00",
    "UserRole": null,
    "MarkedAsAnswerDate": null
  },
  {
    "Id": "430891",
    "ThreadId": "209271",
    "Html": "<p>Crosspost: <a href=\"http://social.msdn.microsoft.com/Forums/en/devdocs/thread/8862bed6-916e-4cde-8b2f-c5241dbe7cce\">http://social.msdn.microsoft.com/Forums/en/devdocs/thread/8862bed6-916e-4cde-8b2f-c5241dbe7cce</a></p>",
    "PostedDate": "2010-04-14T06:14:57.44-07:00",
    "UserRole": null,
    "MarkedAsAnswerDate": null
  },
  {
    "Id": "431255",
    "ThreadId": "209271",
    "Html": "<p>that's my topic too, thanks.</p>",
    "PostedDate": "2010-04-14T21:49:29.367-07:00",
    "UserRole": null,
    "MarkedAsAnswerDate": null
  },
  {
    "Id": "486458",
    "ThreadId": "209271",
    "Html": "<p>Is there a sample available? Looking to try to figure out how to insert images/diagrams into our source code documentation. Thx.</p>",
    "PostedDate": "2010-08-30T08:46:42.72-07:00",
    "UserRole": null,
    "MarkedAsAnswerDate": null
  },
  {
    "Id": "486486",
    "ThreadId": "209271",
    "Html": "<p>Allen,</p>\r\n<p>Did you post your reply to the right thread?&nbsp; Inserting images into your documentation doesn't seem to be related to an MSDN 2010 presentation&nbsp;style.&nbsp; You can use the HTML &lt;img&gt; element in your XML comments to add images to API topics.&nbsp; See the &quot;How can I embed an image in a namespace, type, or member's help topic?&quot; question in the SHFB <a title=FAQ href=\"http://www.ewoodruff.us/shfbdocs/Index.aspx?topic=html/1aea789d-b226-4b39-b534-4c97c256fac8.htm\">FAQ topic</a> for an example.&nbsp; For MAML topics, you'd use the &lt;mediaLink&gt; element.&nbsp; See the MAML Guide available at the <a title=\"Sandcastle Styles\" href=\"http://SancastleStyles.CodePlex.com\">Sandcastle Styles</a> project for information.&nbsp; There used to be a build component that would convert Visual Studio class diagrams to images but unfortunately, it hasn't been updated in a long time and won't work with the latest Sandcastle release and would appear to be a dead project.</p>\r\n<p>Eric</p>\r\n<p>&nbsp;</p>",
    "PostedDate": "2010-08-30T09:23:25.253-07:00",
    "UserRole": null,
    "MarkedAsAnswerDate": null
  }
]