[
  {
    "Id": "432433",
    "ThreadId": "209712",
    "Html": "<p>Hello Sandcastle Community,</p>\r\n<p>Clearly, our beloved Sandcastle is dying slowly and we have to work on it.&nbsp;</p>\r\n<p>I am preparing to <a title=\"Fork in Wikipedia\" href=\"http://en.wikipedia.org/wiki/Fork_(software_development)\">fork</a> a community edition of the Sandcastle. Those who have invested in<br>the Sandcastle for their documentations will soon need to move to .NET 4.0.</p>\r\n<p>The new project will be called Sandcastle Community Edition (Sandcastle CE, for short), <br>since it will be developed and&nbsp;maintained by the community.</p>\r\n<p>Anyone ready to join?</p>\r\n<p>Best regards,<br>Paul.&nbsp;</p>\r\n<p>&nbsp;</p>",
    "PostedDate": "2010-04-18T09:46:03.94-07:00",
    "UserRole": null,
    "MarkedAsAnswerDate": null
  },
  {
    "Id": "432535",
    "ThreadId": "209712",
    "Html": "<p>Paul,</p>\r\n<p>I think you should hold off for a while.&nbsp; I heard from Anand last week.&nbsp; He is turning the project over to a new owner that will manage the future releases of Sandcastle here on CodePlex.&nbsp; They are working on a new release of Sandcastle that supports VS 2010 and the Microsoft Help Viewer.&nbsp; Since it is not truly dead yet, I'd rather not see a forked version that goes off in its own direction.</p>\r\n<p>I agree that it was disappointing that the July 2009 version was never officially released and the lack of bug fixes in it was frustrating.&nbsp; However, I'm willing to wait and see what happens with the next release and to see if the new owner will come through and address the known issues, if not in this upcoming release then at least at some point in the near future.</p>\r\n<p>Eric</p>\r\n<p>&nbsp;</p>",
    "PostedDate": "2010-04-18T19:03:38.463-07:00",
    "UserRole": null,
    "MarkedAsAnswerDate": null
  },
  {
    "Id": "432555",
    "ThreadId": "209712",
    "Html": "<p>Thanks Eric and Paul.</p>\r\n<p>Paul -&nbsp;I am currently working with my colleague, Darren Parker to&nbsp;manage Sandcastle releases in codeplex. We are working on a new release of Sandcastle after our release of VS 2010 and</p>\r\n<p>it's new Microsoft Help Viewer. We are currently discussing with Eric about Sandcastle and SHFB and how to align the releases. Darren will chime in shortly. Cheers</p>\r\n<p>&nbsp;</p>\r\n<p>Anand..</p>",
    "PostedDate": "2010-04-18T20:55:05.617-07:00",
    "UserRole": null,
    "MarkedAsAnswerDate": null
  },
  {
    "Id": "432557",
    "ThreadId": "209712",
    "Html": "<p>Hello Eric and Anand,</p>\r\n<p>I understand and will wait for your next move. I have being trying to plan my own project, but do not<br>know how to proceed. Getting tired of waiting, I decided to act.</p>\r\n<p>Now Anand, lets hear from the new leadership. Hope you will open the project for others to join and move it<br>quickly forward.</p>\r\n<p>Best regards,<br>Paul.&nbsp;</p>",
    "PostedDate": "2010-04-18T21:09:31.973-07:00",
    "UserRole": null,
    "MarkedAsAnswerDate": null
  },
  {
    "Id": "439168",
    "ThreadId": "209712",
    "Html": "<p>Hi Anand</p>\r\n<p>I've been successfully building documentation for assemblies using the 4.0 framework (using the latest Styles patch and Eric's helpful suggestion for updating the supported framework versions). &nbsp;For the most part, things run smoothly, however: referencing System.ServiceModel.Web causes MRefBuilder to crash&nbsp;at Microsoft.Ddue.Tools.Reflection.NamespaceFilter.IsExposedNamespace(Namespace space) with a NullReferenceException. &nbsp;I haven't yet figured out how to work around this, so for the moment we won't be building documentation for our server module.</p>\r\n<p>Is this fixed in the current source tree?</p>\r\n<p>Thanks<br>David&nbsp;</p>\r\n<p>&nbsp;</p>",
    "PostedDate": "2010-05-05T01:57:28.233-07:00",
    "UserRole": null,
    "MarkedAsAnswerDate": null
  },
  {
    "Id": "439623",
    "ThreadId": "209712",
    "Html": "<p>Hi everyone.</p>\r\n<p>My name is Darren Parker.&nbsp; My team is now responsible for taking care of Sandcastle. As Anand already mentioned,&nbsp;Sandcastle is alive and well, we have just sort of been heads down trying to get VS2010 shipped.&nbsp; Now that its out the door we can concentrate on improving Sandcastle for everyone.</p>\r\n<p>We plan on two releases in the near future:</p>\r\n<ul>\r\n<li>Release code to allow Sandcastle to generate cabs (MSHC files) as output&nbsp;for integration with the&nbsp;new Microsoft Help Viewer that shipped with VS2010.&nbsp;&nbsp; The code is done, we&nbsp;are currently just waiting on a few loose ends to clear up before we&nbsp;have the green light to post it. I am hopeful that this can happen in the&nbsp;next week or so. If it is longer than that I will keep you in the loop.</li>\r\n<li>We are starting work now on a new release. &nbsp;Since the last public release of Sandcastle, we have obviously had to make&nbsp;many bug fixes and add functionality in order for us to accurately document VS 2010 and&nbsp;.NET 4.&nbsp;&nbsp;We will be integrating all of these changes,&nbsp;test and will repost as&nbsp;soon as we can. My&nbsp;goal is to get this released by early June. </li>\r\n</ul>\r\n<p>Longer term:</p>\r\n<p>We are already working on a new content build&nbsp;system and have plans to also release this as Sandcastle v2.&nbsp; I will provide more details&nbsp;about this in a later post.</p>\r\n<p>On a&nbsp;side note,&nbsp;David Wright (who was the original&nbsp;dev for Sandcastle) and I will be at TechEd in New Orleans&nbsp;7-10. If any of you are interested in hooking up with us that week, let me know.&nbsp; We won't have a booth, but&nbsp;would love&nbsp;to meet some of you&nbsp;for drinks, dinner etc. and&nbsp;at the same time talk about the current&nbsp;state and&nbsp;future of Sandcastle.&nbsp;</p>\r\n<p>Thanks!</p>\r\n<p>Darren</p>\r\n<p>&nbsp;</p>",
    "PostedDate": "2010-05-05T19:22:36.853-07:00",
    "UserRole": null,
    "MarkedAsAnswerDate": null
  },
  {
    "Id": "439660",
    "ThreadId": "209712",
    "Html": "<p>Hello Darren,</p>\r\n<p>Thanks so much for the information and keeping the Sandcastle alive. We really appreciate this.</p>\r\n<p>&gt;&gt;&nbsp;<span style=\"color:#30332d\">We plan on two releases in the near future:</span></p>\r\n<p>The difference between the two releases is really not clear. The first only to add MSHC with<br>bugs intact and then the next release the address the bugs?</p>\r\n<p>&gt;&gt; &nbsp;<span style=\"color:#30332d\">We are already working on a new content build&nbsp;system and have plans to also release this as Sandcastle v2.</span></p>\r\n<p><span style=\"color:#30332d\">The current version of the Sandcastle is&nbsp;2.4.10520.</span></p>\r\n<p><span style=\"color:#30332d\">&gt;&gt;&nbsp;</span><span style=\"color:#30332d\">&nbsp;I will provide more details&nbsp;about this in a later post.</span></p>\r\n<p><span style=\"color:#30332d\">Can you take over the Sandcastle blog too?</span></p>\r\n<p><span style=\"color:#30332d\">Best regards,<br>Paul.&nbsp;</span></p>",
    "PostedDate": "2010-05-05T22:30:08.883-07:00",
    "UserRole": null,
    "MarkedAsAnswerDate": null
  },
  {
    "Id": "439664",
    "ThreadId": "209712",
    "Html": "<div>\r\n<p><span style=\"font-size:11.0pt;font-family:'Calibri','sans-serif';color:#1f497d\">You are correct about the two releases, the first one is only to add the functionality to build the MSHC files, with current bugs intact. Then the next release, which we are starting work on now, will address bugs that have been fixed over the last year.</span></p>\r\n<p><span style=\"font-size:11.0pt;font-family:'Calibri','sans-serif';color:#1f497d\">&nbsp;</span></p>\r\n<p><span style=\"font-size:11.0pt;font-family:'Calibri','sans-serif';color:#1f497d\">With regards to the versioning of Sandcastle, it is probably more appropriate for me to say that we are working on &lsquo;VNext&rsquo; of Sandcastle instead of v2 since as you point out we already versioned the current binaries with a major version of 2. </span></p>\r\n<p><span style=\"font-size:11.0pt;font-family:'Calibri','sans-serif';color:#1f497d\">&nbsp;</span></p>\r\n<p><span style=\"font-size:11.0pt;font-family:'Calibri','sans-serif';color:#1f497d\">I will also start posting to the Sandcastle blog. </span></p>\r\n<p><span style=\"font-size:11.0pt;font-family:'Calibri','sans-serif';color:#1f497d\">&nbsp;</span></p>\r\n<p><span style=\"font-size:11.0pt;font-family:'Calibri','sans-serif';color:#1f497d\">Thanks,</span></p>\r\n<p><span style=\"font-size:11.0pt;font-family:'Calibri','sans-serif';color:#1f497d\">&nbsp;</span></p>\r\n<p><span style=\"font-size:11.0pt;font-family:'Calibri','sans-serif';color:#1f497d\">Darren </span></p>\r\n<div id=ThreadNotificationFooter style=\"border:none;border-top:solid #CCCCCC 1.0pt;padding:0in 0in 0in 0in\">\r\n<p><span style=\"font-size:9.0pt;font-family:'Verdana','sans-serif';color:gray\">&nbsp;</span></p>\r\n</div>\r\n</div>",
    "PostedDate": "2010-05-05T23:03:30.22-07:00",
    "UserRole": null,
    "MarkedAsAnswerDate": null
  },
  {
    "Id": "439697",
    "ThreadId": "209712",
    "Html": "<p>Hi Darren,</p>\r\n<p>Thanks for the info.</p>\r\n<p>Are you planning on providing a new VS 2010&nbsp;presentation style as well?&nbsp;&nbsp;A blog post alluded to the answer already: no.</p>\r\n<p>It you're not, then it significantly lowers Sandcastle's value.&nbsp;&nbsp;Some people in the&nbsp;<em>community </em>could develop one, and try to keep it up-to-date, but that would be a tremendous task.</p>\r\n<p>I've always felt that one of the main features of Sandcastle has been that it produces documentation with the look and feel of MSDN, and that Microsoft writes and maintains the XSLT files to keep everything in sync.</p>\r\n<p>Thanks, <br>Dave</p>",
    "PostedDate": "2010-05-06T00:49:20.303-07:00",
    "UserRole": null,
    "MarkedAsAnswerDate": null
  },
  {
    "Id": "439759",
    "ThreadId": "209712",
    "Html": "<p>Hi Darren;</p>\r\n<p>Thanks for the update and keeping us all in the loop.</p>\r\n<p>I have to agree with Dave, that providing the ability to produce documentation with the same look and feel as the current MSDN very much helps keep our documentation products &quot;up to date&quot; with our target audience, and this has always been one of the great features of Sandcastle.</p>\r\n<p>It would be avery backward step if Microsoft decided to cease developing the presentation styles in line with future releases of Sandcastle and I am hoping that serious consideration can be given to the inclusion of the VS2010 style.</p>\r\n<p>Kindest Regards</p>\r\n<p>Dave Ballantyne</p>",
    "PostedDate": "2010-05-06T03:08:59.127-07:00",
    "UserRole": null,
    "MarkedAsAnswerDate": null
  },
  {
    "Id": "439911",
    "ThreadId": "209712",
    "Html": "<p>Sandcastle does produce MSDN look and feel docs. MSDN currently has 3 different look and feel:</p>\r\n<ol>\r\n<li>Classic</li>\r\n<li>Scripft-Free</li>\r\n<li>Lightweight</li>\r\n</ol>\r\n<p>&nbsp;See my post on this at <a href=\"http://blogs.msdn.com/innovation/archive/2009/10/26/launching-lightweight-beta-view-for-msdn-library.aspx\">http://blogs.msdn.com/innovation/archive/2009/10/26/launching-lightweight-beta-view-for-msdn-library.aspx</a></p>\r\n<p>Sandcastle supports &quot;classic&quot; look and feel. I am not sure if we will be able to support the other presentation styles. Darren can answer that. Hope this helps.</p>\r\n<p>&nbsp;</p>\r\n<p>Anand..</p>",
    "PostedDate": "2010-05-06T08:30:08.017-07:00",
    "UserRole": null,
    "MarkedAsAnswerDate": null
  },
  {
    "Id": "445971",
    "ThreadId": "209712",
    "Html": "<p>So, what happened to the</p>\r\n<p style=\"padding-left:30px\"><strong><em>I am hopeful that this can happen in the&nbsp;next week or so. If it is longer than that I will keep you in the loop.</em></strong></p>\r\n<p>from 6th of May?</p>\r\n<p>That was a little more than 2 weeks ago. Like so many... I am waiting with even core documentation generation for a new build ;)</p>\r\n<p>By now it is even already nearly time for</p>\r\n<p style=\"padding-left:30px\"><strong><em>in order for us to accurately document VS 2010 and&nbsp;.NET 4.&nbsp;&nbsp;We will be integrating all of these changes,&nbsp;test and will repost as&nbsp;soon as we can. My&nbsp;goal is to get this released by early June.</em></strong></p>\r\n<p>When can we expect some release, especially in the light of projects moving to .NET 4.0?</p>\r\n<p>&nbsp;</p>",
    "PostedDate": "2010-05-21T11:46:27.18-07:00",
    "UserRole": null,
    "MarkedAsAnswerDate": null
  },
  {
    "Id": "445979",
    "ThreadId": "209712",
    "Html": "<p>We have actually decided to just combine it all into one release instead of doing two releases, , thats why its taking a little longer.&nbsp;&nbsp; So this release will contain&nbsp;all bug fixes from the last year, in addition to support to build the correct html for the new&nbsp;Help format</p>\r\n<p>the current status&nbsp;is that we are doing final testing. If all goes well,&nbsp;I will release it on&nbsp;Monday or Tuesday.</p>\r\n<p>If anything changes from this schedule I will let you know.</p>\r\n<p>Darren</p>",
    "PostedDate": "2010-05-21T11:55:58.137-07:00",
    "UserRole": null,
    "MarkedAsAnswerDate": null
  },
  {
    "Id": "446073",
    "ThreadId": "209712",
    "Html": "<p>Hello Darren,<br>Thanks for the information and the work.&nbsp;</p>\r\n<p>&gt;&gt;<strong>Darren</strong>:&nbsp;<span style=\"color:#30332d\"><em>If anything changes from this schedule I will let you know</em>.</span></p>\r\n<p><span style=\"color:#30332d\"><span>How about starting a release cycle (Beta and/or RC)? Many MS projects here on CodePlex go through it.</span></span></p>\r\n<p><span style=\"color:#30332d\"><span>Best regards,<br>Paul.&nbsp;</span></span></p>",
    "PostedDate": "2010-05-21T19:03:52.793-07:00",
    "UserRole": null,
    "MarkedAsAnswerDate": null
  },
  {
    "Id": "447135",
    "ThreadId": "209712",
    "Html": "<p>Unfortunatley&nbsp;we won't be able to release&nbsp;today.&nbsp; We are working on it though! There were a few ship stoppers that were identifed thanks to Eric Woodruff that we really need to take care of before we release.</p>",
    "PostedDate": "2010-05-25T08:09:14.793-07:00",
    "UserRole": null,
    "MarkedAsAnswerDate": null
  },
  {
    "Id": "447953",
    "ThreadId": "209712",
    "Html": "<p>&nbsp;Hello Darren,</p>\r\n<p>Do you have a ETA on when you are going to release? Any way to get a beta version of the next release? (I guess I just can't wait).....</p>\r\n<p>&nbsp;</p>\r\n<p>Thanks</p>\r\n<p>&nbsp;</p>",
    "PostedDate": "2010-05-26T20:58:44.703-07:00",
    "UserRole": null,
    "MarkedAsAnswerDate": null
  },
  {
    "Id": "450323",
    "ThreadId": "209712",
    "Html": "<p>I'd be happy with even an expected week. I'd love it sooner, but I'd rather have it working well than working now.</p>\r\n<p>&nbsp;</p>\r\n<p>(Posted mostly to add that I'm interested in the new version)</p>",
    "PostedDate": "2010-06-01T16:24:15.967-07:00",
    "UserRole": null,
    "MarkedAsAnswerDate": null
  },
  {
    "Id": "450334",
    "ThreadId": "209712",
    "Html": "<p>Hey all,</p>\r\n<p>It's awesome to see all the interest in Sandcastle!!&nbsp; I realize that you all have been waiting patiently for quite a long time since our last release.</p>\r\n<p>The current status is that we are nearly done fixing the issues that were found during testing.</p>\r\n<p>The good news is that we did&nbsp;fix a&nbsp;bug that many of you are aware of, - Members being removed in types that contain Action&lt;T&gt; delegates and/or new .NET 4 generic types such as Tuple&lt;T&gt;. This actually ended up being a bug in CCI that we had to code around. <br>This fix was submitted to test, and&nbsp;they found that this change has&nbsp;problems with the&nbsp;new code that was added to generate the MSHC compatible&nbsp;output files for the new Help Viewer in VS 2010.&nbsp;&nbsp;Our dev is working on this as we speak and am hoping that he has a&nbsp;fix ready for test today.&nbsp;&nbsp;&nbsp;</p>\r\n<p>So in short, we are working very hard to release this as soon as possible, but I agree with rangoric, I would rather wait and release something that&nbsp;is going to work well for you.</p>\r\n<p>Darren Parker</p>\r\n<p>P.S. I&nbsp;mentioned this before, but if anyone is going to TechEd in New Orleans&nbsp;next week and wants to meet up with our team, send me a mail.&nbsp;&nbsp;</p>\r\n<p><span style=\"font-size:12pt\">&nbsp;</span></p>",
    "PostedDate": "2010-06-01T17:08:01.37-07:00",
    "UserRole": null,
    "MarkedAsAnswerDate": null
  },
  {
    "Id": "450346",
    "ThreadId": "209712",
    "Html": "<p>&gt;&gt;Darren: ...<span style=\"color:#30332d\">but I agree with rangoric, I would rather wait and release something that&nbsp;is going to work well for you.</span></p>\r\n<p><span style=\"color:#30332d\">I think the whole issue of release beta is to have others test and give feedback in order to release a &nbsp;more robust application.<br>Each Sandcastle release fixes bugs, but brings in other bugs - minimizing this is a good thing for all of us.</span></p>\r\n<p><span style=\"color:#30332d\">&gt;&gt;Darren:</span><span style=\"color:#30332d\">&nbsp;...TechEd in New Orleans&nbsp;next week and wants to meet up with our team</span></p>\r\n<p><span style=\"color:#30332d\">I thought you just returned from one conference/shows! I will need to be educated on what developers actually gain out of these conferences/shows - anyone?.</span></p>\r\n<p><span style=\"color:#30332d\">Best regards,<br>Paul.&nbsp;</span></p>",
    "PostedDate": "2010-06-01T18:05:07.113-07:00",
    "UserRole": null,
    "MarkedAsAnswerDate": null
  },
  {
    "Id": "450364",
    "ThreadId": "209712",
    "Html": "<blockquote style=\"border:solid .1em #ccc;font-style:italic;margin:.25em 1em 0 1em;padding:0 .25em 0 .25em\"><strong>SelormeyPaul wrote:</strong><br>\r\n<p>&gt;&gt;Darren: ...<span style=\"color:#30332d\">but I agree with rangoric, I would rather wait and release something that&nbsp;is going to work well for you.</span></p>\r\n<p><span style=\"color:#30332d\">I think the whole issue of release beta is to have others test and give feedback in order to release a &nbsp;more robust application.<br>Each Sandcastle release fixes bugs, but brings in other bugs - minimizing this is a good thing for all of us.</span></p>\r\n<p><span style=\"color:#30332d\">&gt;&gt;Darren:</span><span style=\"color:#30332d\">&nbsp;...TechEd in New Orleans&nbsp;next week and wants to meet up with our team</span></p>\r\n<p><span style=\"color:#30332d\">I thought you just returned from one conference/shows! I will need to be educated on what developers actually gain out of these conferences/shows - anyone?.</span></p>\r\n<p><span style=\"color:#30332d\">Best regards,<br>Paul.&nbsp;</span></p>\r\n</blockquote>\r\n<p>What I like about Conferences is the chance to ask very specific questions or have talk/demos of technology that you just don't have time to dig into or find things on yourself.</p>\r\n<p>It is also good for networking or just chat with people who actually have&nbsp;similar&nbsp;interests.</p>",
    "PostedDate": "2010-06-01T18:36:55.587-07:00",
    "UserRole": null,
    "MarkedAsAnswerDate": null
  },
  {
    "Id": "450371",
    "ThreadId": "209712",
    "Html": "<p>Hello&nbsp;rangoric,</p>\r\n<p>Thanks for the information and the head up.</p>\r\n<p>&gt;&gt;<strong>rangoric</strong>:&nbsp;<span style=\"color:#30332d\">What I like about Conferences is the chance to ask very specific questions or have talk/demos of technology...</span></p>\r\n<p><span style=\"color:#30332d\">Normally get enough from MSDN documentations, forums and blogs. and books. StackOverflow and Codeproject forums/articles<br>fill in the missing gaps. You will be surprised to know people hardly try to use and understand&nbsp;the SDK samples, which normally <br>provide the demo of the technologies.&nbsp;</span></p>\r\n<p><span style=\"color:#30332d\">&gt;&gt;<strong>rangoric</strong>:&nbsp;</span><span style=\"color:#30332d\">It is also good for networking or just chat with people who actually have&nbsp;similar&nbsp;interests.</span></p>\r\n<p><span style=\"color:#30332d\">MS is investing so far in its social forums, I do not know why this is still not sufficient.</span></p>\r\n<p><span style=\"color:#30332d\">Anyway, thanks for the information, and sorry for this off-topic question.</span></p>\r\n<p><span style=\"color:#30332d\">Best regards,<br>Paul.&nbsp;</span></p>",
    "PostedDate": "2010-06-01T19:12:47.773-07:00",
    "UserRole": null,
    "MarkedAsAnswerDate": null
  },
  {
    "Id": "451263",
    "ThreadId": "209712",
    "Html": "<p>I agree overall. And I don't tend to attend them. However, I did go to Heroes Happen Here for the VS2008 release. If there was something&nbsp;similar in my area for the VS2010 release I would have tried to go also, as it was a nice setup to hear about the new features.</p>\r\n<p>As for wanting a Beta release, that'd be nice, but it would also be a release they have to set up, that would take time away from finishing it. Once there is a stable release for it, then beta releases for new features/functionality would be great as they can be less structured, since there is a stable release to point to and say use that, but if you want to try X add this.</p>",
    "PostedDate": "2010-06-03T09:13:28.17-07:00",
    "UserRole": null,
    "MarkedAsAnswerDate": null
  },
  {
    "Id": "452130",
    "ThreadId": "209712",
    "Html": "<p>I agree. I find all these delays a LOT more irritating than working with a system that may have a bug or generate partial documentation for the moment. It will take me a week or two to get thigns into TFS and our build cycle anyway.</p>\r\n<p>Right now, sadly, the situation is &quot;no code at all&quot; and I am starting to be sad MS even released sandcastle (and thus killed off ndoc), only to then disappear with any usable release for what is ages in internet time.</p>",
    "PostedDate": "2010-06-06T03:45:08.257-07:00",
    "UserRole": null,
    "MarkedAsAnswerDate": null
  },
  {
    "Id": "454160",
    "ThreadId": "209712",
    "Html": "<p>Agreed - very much looking foward to the latest release/update! Sandcastle has been great, but we really need to be able to produce the mshc files directly (instead of our current workarounds). Any information on a possible date?</p>\r\n<p>Katy</p>",
    "PostedDate": "2010-06-10T13:09:46.737-07:00",
    "UserRole": null,
    "MarkedAsAnswerDate": null
  },
  {
    "Id": "454489",
    "ThreadId": "209712",
    "Html": "This stops being funny. How big can an issue be stopping the release, when Visual Studio 2010 is out and - according to the information you gave - Sandcastle was used to build the 2010 documentation? Seemed to work there pretty well (apart from the new help system being a hugh step backward).\r\n\r\nSandcastle killed off ndoc being &quot;the official microsoft tool&quot;, and now - it is &quot;nothing that exists outside of Microsoft&quot;.",
    "PostedDate": "2010-06-11T09:34:37.017-07:00",
    "UserRole": null,
    "MarkedAsAnswerDate": null
  },
  {
    "Id": "454511",
    "ThreadId": "209712",
    "Html": "<p>Sorry for the lack of posts this week as I have been at TechEd.&nbsp;&nbsp;I checked my&nbsp;my team and they tell me&nbsp;me that we should&nbsp;be ready to release by next Friday. June 18th.&nbsp; Believe me when I say that there is a lot more to getting this release out than you&nbsp;might think and if I could speed it up I would.&nbsp;</p>\r\n<p>One clarification ttomiczek, the code that Sandcastle is based upon (Manifold) was indeed used to&nbsp;generate the initial topics for&nbsp;VS2010, but that was only the first step in the publishing process.&nbsp; We took that content and published it into&nbsp;the system that produces the MSDN Online Library.&nbsp; The content was then organized and extracted from that system and then the&nbsp;MSHC cab packages were built from that source.&nbsp; Sandcastle did not do that part.&nbsp; This is&nbsp;part of the reason this is taking a little longer, as we have had to go back and retrofit Sandcastle to also build MSHC ready topics, it wasn't just a matter of reusing the same code.&nbsp;</p>\r\n<p>Once we release, Sandcastle&nbsp;<span id=\"_mce_start\" style=\"line-height:0;display:none\">﻿<span id=\"_mce_start\" style=\"line-height:0;display:none\">﻿<span id=\"_mce_start\" style=\"line-height:0;display:none\">﻿<span id=\"_mce_start\" style=\"line-height:0;display:none\">﻿<span id=\"_mce_start\" style=\"line-height:0;display:none\">﻿<span id=\"_mce_start\" style=\"line-height:0;display:none\">﻿<span id=\"_mce_start\" style=\"line-height:0;display:none\">﻿<span id=\"_mce_start\" style=\"line-height:0;display:none\">﻿<span id=\"_mce_start\" style=\"line-height:0;display:none\">﻿<span id=\"_mce_start\" style=\"line-height:0;display:none\">﻿<span id=\"_mce_start\" style=\"line-height:0;display:none\">﻿<span id=\"_mce_start\" style=\"line-height:0;display:none\">﻿<span id=\"_mce_start\" style=\"line-height:0;display:none\">﻿</span></span></span></span></span></span></span></span></span></span></span></span></span>will have the ability to produce MSHC compatible topics,<span id=\"_mce_start\" style=\"line-height:0;display:none\">﻿</span><span id=\"_mce_start\" style=\"line-height:0;display:none\">﻿<span id=\"_mce_start\" style=\"line-height:0;display:none\">﻿<span id=\"_mce_start\" style=\"line-height:0;display:none\">﻿<span id=\"_mce_start\" style=\"line-height:0;display:none\">﻿<span id=\"_mce_start\" style=\"line-height:0;display:none\">﻿<span id=\"_mce_start\" style=\"line-height:0;display:none\">﻿<span id=\"_mce_start\" style=\"line-height:0;display:none\">﻿<span id=\"_mce_start\" style=\"line-height:0;display:none\">﻿<span id=\"_mce_start\" style=\"line-height:0;display:none\">﻿<span id=\"_mce_start\" style=\"line-height:0;display:none\">﻿<span id=\"_mce_start\" style=\"line-height:0;display:none\">﻿<span id=\"_mce_start\" style=\"line-height:0;display:none\">﻿<span id=\"_mce_start\" style=\"line-height:0;display:none\">﻿<span id=\"_mce_start\" style=\"line-height:0;display:none\">﻿<span id=\"_mce_start\" style=\"line-height:0;display:none\">﻿<span id=\"_mce_start\" style=\"line-height:0;display:none\">﻿<span id=\"_mce_start\" style=\"line-height:0;display:none\">﻿</span>.<span id=\"_mce_start\" style=\"line-height:0;display:none\">﻿</span> <span id=\"_mce_start\" style=\"line-height:0;display:none\">﻿</span> <span id=\"_mce_start\" style=\"line-height:0;display:none\">﻿</span><span id=\"_mce_start\" style=\"line-height:0;display:none\">﻿</span>T<span id=\"_mce_start\" style=\"line-height:0;display:none\">﻿</span>h<span id=\"_mce_start\" style=\"line-height:0;display:none\">﻿</span>e<span id=\"_mce_start\" style=\"line-height:0;display:none\">﻿</span> <span id=\"_mce_start\" style=\"line-height:0;display:none\">﻿</span>t<span id=\"_mce_start\" style=\"line-height:0;display:none\">﻿</span>o<span id=\"_mce_start\" style=\"line-height:0;display:none\">﻿</span>p<span id=\"_mce_start\" style=\"line-height:0;display:none\">﻿</span>i<span id=\"_mce_start\" style=\"line-height:0;display:none\">﻿</span>c<span id=\"_mce_start\" style=\"line-height:0;display:none\">﻿</span>s<span id=\"_mce_start\" style=\"line-height:0;display:none\">﻿</span> </span></span></span></span></span></span></span></span></span></span></span></span></span></span></span></span>will not have the exact same look and feel as the MSDN Lightweight look that you see in the VS2010 docs.&nbsp; <span id=\"_mce_start\" style=\"line-height:0;display:none\"><span id=\"_mce_start\" style=\"line-height:0;display:none\">﻿</span><span id=\"_mce_start\" style=\"line-height:0;display:none\">﻿</span>T<span id=\"_mce_start\" style=\"line-height:0;display:none\">﻿</span>h<span id=\"_mce_start\" style=\"line-height:0;display:none\">﻿</span>e<span id=\"_mce_start\" style=\"line-height:0;display:none\">﻿</span>r<span id=\"_mce_start\" style=\"line-height:0;display:none\">﻿</span>e<span id=\"_mce_start\" style=\"line-height:0;display:none\">﻿</span> <span id=\"_mce_start\" style=\"line-height:0;display:none\">﻿<span id=\"_mce_start\" style=\"line-height:0;display:none\">﻿<span id=\"_mce_start\" style=\"line-height:0;display:none\">﻿<span id=\"_mce_start\" style=\"line-height:0;display:none\">﻿</span>i</span></span></span><span id=\"_mce_start\" style=\"line-height:0;display:none\"><span id=\"_mce_start\" style=\"line-height:0;display:none\"><span id=\"_mce_start\" style=\"line-height:0;display:none\"><span id=\"_mce_start\" style=\"line-height:0;display:none\"><span id=\"_mce_start\" style=\"line-height:0;display:none\"><span id=\"_mce_start\" style=\"line-height:0;display:none\"><span id=\"_mce_start\" style=\"line-height:0;display:none\"><span id=\"_mce_start\" style=\"line-height:0;display:none\"><span id=\"_mce_start\" style=\"line-height:0;display:none\"><span id=\"_mce_start\" style=\"line-height:0;display:none\"><span id=\"_mce_start\" style=\"line-height:0;display:none\"><span id=\"_mce_start\" style=\"line-height:0;display:none\"><span id=\"_mce_start\" style=\"line-height:0;display:none\"><span id=\"_mce_start\" style=\"line-height:0;display:none\"><span id=\"_mce_start\" style=\"line-height:0;display:none\"><span id=\"_mce_start\" style=\"line-height:0;display:none\"><span id=\"_mce_start\" style=\"line-height:0;display:none\"><span id=\"_mce_start\" style=\"line-height:0;display:none\"><span id=\"_mce_start\" style=\"line-height:0;display:none\"><span id=\"_mce_start\" style=\"line-height:0;display:none\"><span id=\"_mce_start\" style=\"line-height:0;display:none\"><span id=\"_mce_start\" style=\"line-height:0;display:none\"><span id=\"_mce_start\" style=\"line-height:0;display:none\"><span id=\"_mce_start\" style=\"line-height:0;display:none\"><span id=\"_mce_start\" style=\"line-height:0;display:none\"><span id=\"_mce_start\" style=\"line-height:0;display:none\"><span id=\"_mce_start\" style=\"line-height:0;display:none\"><span id=\"_mce_start\" style=\"line-height:0;display:none\"><span id=\"_mce_start\" style=\"line-height:0;display:none\"><span id=\"_mce_start\" style=\"line-height:0;display:none\"><span id=\"_mce_start\" style=\"line-height:0;display:none\"><span id=\"_mce_start\" style=\"line-height:0;display:none\"><span id=\"_mce_start\" style=\"line-height:0;display:none\"><span id=\"_mce_start\" style=\"line-height:0;display:none\"><span id=\"_mce_start\" style=\"line-height:0;display:none\"><span id=\"_mce_start\" style=\"line-height:0;display:none\"><span id=\"_mce_start\" style=\"line-height:0;display:none\"><span id=\"_mce_start\" style=\"line-height:0;display:none\"><span id=\"_mce_start\" style=\"line-height:0;display:none\"><span id=\"_mce_start\" style=\"line-height:0;display:none\"><span id=\"_mce_start\" style=\"line-height:0;display:none\"><span id=\"_mce_start\" style=\"line-height:0;display:none\"><span id=\"_mce_start\" style=\"line-height:0;display:none\"><span id=\"_mce_start\" style=\"line-height:0;display:none\"><span id=\"_mce_start\" style=\"line-height:0;display:none\">﻿</span>s<span id=\"_mce_start\" style=\"line-height:0;display:none\">﻿</span> <span id=\"_mce_start\" style=\"line-height:0;display:none\">﻿</span>i<span id=\"_mce_start\" style=\"line-height:0;display:none\">﻿</span>s<span id=\"_mce_start\" style=\"line-height:0;display:none\">﻿</span> <span id=\"_mce_start\" style=\"line-height:0;display:none\"><span id=\"_mce_start\" style=\"line-height:0;display:none\">﻿</span>a<span id=\"_mce_start\" style=\"line-height:0;display:none\">﻿</span>d<span id=\"_mce_start\" style=\"line-height:0;display:none\">﻿</span>d<span id=\"_mce_start\" style=\"line-height:0;display:none\">﻿</span>i<span id=\"_mce_start\" style=\"line-height:0;display:none\">﻿</span>t<span id=\"_mce_start\" style=\"line-height:0;display:none\">﻿</span>i<span id=\"_mce_start\" style=\"line-height:0;display:none\">﻿</span>o<span id=\"_mce_start\" style=\"line-height:0;display:none\">﻿</span>n<span id=\"_mce_start\" style=\"line-height:0;display:none\">﻿</span>a<span id=\"_mce_start\" style=\"line-height:0;display:none\">﻿</span>l<span id=\"_mce_start\" style=\"line-height:0;display:none\">﻿</span> <span id=\"_mce_start\" style=\"line-height:0;display:none\">﻿</span>r<span id=\"_mce_start\" style=\"line-height:0;display:none\">﻿</span>e<span id=\"_mce_start\" style=\"line-height:0;display:none\">﻿</span>t<span id=\"_mce_start\" style=\"line-height:0;display:none\">﻿</span>r<span id=\"_mce_start\" style=\"line-height:0;display:none\">﻿</span>o<span id=\"_mce_start\" style=\"line-height:0;display:none\">﻿</span>f<span id=\"_mce_start\" style=\"line-height:0;display:none\">﻿</span>i<span id=\"_mce_start\" style=\"line-height:0;display:none\">﻿</span>t<span id=\"_mce_start\" style=\"line-height:0;display:none\">﻿</span>t<span id=\"_mce_start\" style=\"line-height:0;display:none\">﻿</span>i<span id=\"_mce_start\" style=\"line-height:0;display:none\">﻿</span>n<span id=\"_mce_start\" style=\"line-height:0;display:none\">﻿</span>g<span id=\"_mce_start\" style=\"line-height:0;display:none\">﻿</span> <span id=\"_mce_start\" style=\"line-height:0;display:none\">﻿</span>w<span id=\"_mce_start\" style=\"line-height:0;display:none\">﻿</span>o<span id=\"_mce_start\" style=\"line-height:0;display:none\">﻿</span>r<span id=\"_mce_start\" style=\"line-height:0;display:none\">﻿</span>k<span id=\"_mce_start\" style=\"line-height:0;display:none\">﻿</span> <span id=\"_mce_start\" style=\"line-height:0;display:none\">﻿</span>t<span id=\"_mce_start\" style=\"line-height:0;display:none\">﻿</span>h<span id=\"_mce_start\" style=\"line-height:0;display:none\">﻿</span>a<span id=\"_mce_start\" style=\"line-height:0;display:none\">﻿</span>t<span id=\"_mce_start\" style=\"line-height:0;display:none\">﻿</span> <span id=\"_mce_start\" style=\"line-height:0;display:none\">﻿</span>w<span id=\"_mce_start\" style=\"line-height:0;display:none\">﻿</span>e<span id=\"_mce_start\" style=\"line-height:0;display:none\">﻿</span> <span id=\"_mce_start\" style=\"line-height:0;display:none\">﻿</span>w<span id=\"_mce_start\" style=\"line-height:0;display:none\">﻿</span>i<span id=\"_mce_start\" style=\"line-height:0;display:none\">﻿</span>l<span id=\"_mce_start\" style=\"line-height:0;display:none\">﻿</span>l<span id=\"_mce_start\" style=\"line-height:0;display:none\">﻿</span> <span id=\"_mce_start\" style=\"line-height:0;display:none\">﻿</span>n<span id=\"_mce_start\" style=\"line-height:0;display:none\">﻿</span>e<span id=\"_mce_start\" style=\"line-height:0;display:none\">﻿</span>e<span id=\"_mce_start\" style=\"line-height:0;display:none\">﻿</span>d<span id=\"_mce_start\" style=\"line-height:0;display:none\">﻿</span> <span id=\"_mce_start\" style=\"line-height:0;display:none\">﻿</span>t<span id=\"_mce_start\" style=\"line-height:0;display:none\">﻿</span>o<span id=\"_mce_start\" style=\"line-height:0;display:none\">﻿</span> <span id=\"_mce_start\" style=\"line-height:0;display:none\">﻿</span>d<span id=\"_mce_start\" style=\"line-height:0;display:none\">﻿</span>o<span id=\"_mce_start\" style=\"line-height:0;display:none\">﻿</span> <span id=\"_mce_start\" style=\"line-height:0;display:none\">﻿</span>f<span id=\"_mce_start\" style=\"line-height:0;display:none\">﻿</span>o<span id=\"_mce_start\" style=\"line-height:0;display:none\">﻿</span>r<span id=\"_mce_start\" style=\"line-height:0;display:none\">﻿</span> <span id=\"_mce_start\" style=\"line-height:0;display:none\">﻿</span>t<span id=\"_mce_start\" style=\"line-height:0;display:none\">﻿</span>h<span id=\"_mce_start\" style=\"line-height:0;display:none\">﻿</span>a<span id=\"_mce_start\" style=\"line-height:0;display:none\">﻿</span>t<span id=\"_mce_start\" style=\"line-height:0;display:none\">﻿<span id=\"_mce_start\" style=\"line-height:0;display:none\">﻿</span>,<span id=\"_mce_start\" style=\"line-height:0;display:none\">﻿</span>&nbsp;<span id=\"_mce_start\" style=\"line-height:0;display:none\">﻿<span id=\"_mce_start\" style=\"line-height:0;display:none\">﻿<span id=\"_mce_start\" style=\"line-height:0;display:none\">﻿<span id=\"_mce_start\" style=\"line-height:0;display:none\">﻿<span id=\"_mce_start\" style=\"line-height:0;display:none\">﻿<span id=\"_mce_start\" style=\"line-height:0;display:none\">﻿<span id=\"_mce_start\" style=\"line-height:0;display:none\">﻿</span></span></span></span></span></span></span></span></span></span></span></span></span></span></span></span></span></span></span></span></span></span></span></span></span></span></span></span></span></span></span></span></span></span></span></span></span></span></span></span></span></span></span></span></span></span></span></span></span></span></span></span></span></span></p>\r\n<p><span style=\"line-height:0;display:none\"><span style=\"line-height:0;display:none\"><span style=\"line-height:0;display:none\"><span style=\"line-height:0;display:none\"><span style=\"line-height:0;display:none\"><span style=\"line-height:0;display:none\"><span style=\"line-height:0;display:none\"><span style=\"line-height:0;display:none\"><span style=\"line-height:0;display:none\"><span style=\"line-height:0;display:none\"><span style=\"line-height:0;display:none\"><span style=\"line-height:0;display:none\"><span style=\"line-height:0;display:none\"><span style=\"line-height:0;display:none\"><span style=\"line-height:0;display:none\"><span style=\"line-height:0;display:none\"><span style=\"line-height:0;display:none\"><span style=\"line-height:0;display:none\"><span style=\"line-height:0;display:none\"><span style=\"line-height:0;display:none\"><span style=\"line-height:0;display:none\"><span style=\"line-height:0;display:none\"><span style=\"line-height:0;display:none\"><span style=\"line-height:0;display:none\"><span style=\"line-height:0;display:none\"><span style=\"line-height:0;display:none\"><span style=\"line-height:0;display:none\"><span style=\"line-height:0;display:none\"><span style=\"line-height:0;display:none\"><span style=\"line-height:0;display:none\"><span style=\"line-height:0;display:none\"><span style=\"line-height:0;display:none\"><span style=\"line-height:0;display:none\"><span style=\"line-height:0;display:none\"><span style=\"line-height:0;display:none\"><span style=\"line-height:0;display:none\"><span style=\"line-height:0;display:none\"><span style=\"line-height:0;display:none\"><span style=\"line-height:0;display:none\"><span style=\"line-height:0;display:none\"><span style=\"line-height:0;display:none\"><span style=\"line-height:0;display:none\"><span style=\"line-height:0;display:none\"><span style=\"line-height:0;display:none\"><span style=\"line-height:0;display:none\"><span style=\"line-height:0;display:none\"><span style=\"line-height:0;display:none\"><span style=\"line-height:0;display:none\"><span style=\"line-height:0;display:none\"><span style=\"line-height:0;display:none\"><span style=\"line-height:0;display:none\"><span style=\"line-height:0;display:none\"><span style=\"line-height:0;display:none\"></span></span></span></span></span></span></span></span></span></span></span></span></span></span></span></span></span></span></span></span></span></span></span></span></span></span></span></span></span></span></span></span></span></span></span></span></span></span></span></span></span></span></span></span></span></span></span></span></span></span></span></span></span><span id=\"_mce_start\" style=\"line-height:0;display:none\"><span id=\"_mce_start\" style=\"line-height:0;display:none\"><span id=\"_mce_start\" style=\"line-height:0;display:none\">﻿</span>﻿</span><span id=\"_mce_start\" style=\"line-height:0;display:none\">﻿</span>O<span id=\"_mce_start\" style=\"line-height:0;display:none\">﻿</span>n<span id=\"_mce_start\" style=\"line-height:0;display:none\">﻿</span>c<span id=\"_mce_start\" style=\"line-height:0;display:none\">﻿</span>e<span id=\"_mce_start\" style=\"line-height:0;display:none\">﻿</span> <span id=\"_mce_start\" style=\"line-height:0;display:none\">﻿</span>w<span id=\"_mce_start\" style=\"line-height:0;display:none\">﻿</span>e<span id=\"_mce_start\" style=\"line-height:0;display:none\">﻿</span> <span id=\"_mce_start\" style=\"line-height:0;display:none\">﻿</span><span id=\"_mce_start\" style=\"line-height:0;display:none\">﻿</span>g<span id=\"_mce_start\" style=\"line-height:0;display:none\">﻿</span>e<span id=\"_mce_start\" style=\"line-height:0;display:none\">﻿</span>t<span id=\"_mce_start\" style=\"line-height:0;display:none\">﻿</span> <span id=\"_mce_start\" style=\"line-height:0;display:none\">﻿</span>p<span id=\"_mce_start\" style=\"line-height:0;display:none\">﻿</span></span><span id=\"_mce_start\" style=\"line-height:0;display:none\">﻿</span><span id=\"_mce_start\" style=\"line-height:0;display:none\">﻿<span id=\"_mce_start\" style=\"line-height:0;display:none\">﻿</span><span id=\"_mce_start\" style=\"line-height:0;display:none\">﻿</span><span id=\"_mce_start\" style=\"line-height:0;display:none\">﻿</span><span id=\"_mce_start\" style=\"line-height:0;display:none\">﻿</span></span>ast this large release I will get us on a regular and more frequent release cycle.</p>\r\n<p>Darren <span id=\"_mce_start\" style=\"line-height:0;display:none\">﻿</span><span id=\"_mce_start\" style=\"line-height:0;display:none\">﻿</span></p>",
    "PostedDate": "2010-06-11T10:26:28.013-07:00",
    "UserRole": null,
    "MarkedAsAnswerDate": null
  },
  {
    "Id": "454614",
    "ThreadId": "209712",
    "Html": "<blockquote style=\"border:solid .1em #ccc;font-style:italic;margin:.25em 1em 0 1em;padding:0 .25em 0 .25em\">\r\n<p>Once we release, Sandcastle&nbsp;will have the ability to produce MSHC compatible topics,will not have the exact same look and feel as the MSDN Lightweight look that you see in the VS2010 docs.&nbsp;</p>\r\n</blockquote>\r\n<p>&nbsp;So just to get this correct, the version coming out next week will not have any updates for style? We'll still have just VS2005, hana, and Prototype? How long would it be until additional styles were released? When we take our HxS output (VS2005 style) and convert it, we're running in to an issue where all the fonts are really tiny and we've had to just manually change the Presentation.css file. Unfortunately, we then have to maintain two Presentation.css files - one for creating our HxS help and one for creating the MSHelpViewer help. Maybe someone else has seen this problem and has a suggestion?</p>\r\n<p>Katy</p>",
    "PostedDate": "2010-06-11T15:33:56.433-07:00",
    "UserRole": null,
    "MarkedAsAnswerDate": null
  },
  {
    "Id": "455960",
    "ThreadId": "209712",
    "Html": "<blockquote style=\"border:solid .1em #ccc;font-style:italic;margin:.25em 1em 0 1em;padding:0 .25em 0 .25em\"><strong>katydalton wrote:</strong><br>\r\n<blockquote style=\"border:solid .1em #ccc;font-style:italic;margin:.25em 1em 0 1em;padding:0 .25em 0 .25em\">\r\n<p>Once we release, Sandcastle&nbsp;will have the ability to produce MSHC compatible topics,will not have the exact same look and feel as the MSDN Lightweight look that you see in the VS2010 docs.</p>\r\n</blockquote>\r\n<p>&nbsp;So just to get this correct, the version coming out next week will not have any updates for style? We'll still have just VS2005, hana, and Prototype? How long would it be until additional styles were released? When we take our HxS output (VS2005 style) and convert it, we're running in to an issue where all the fonts are really tiny and we've had to just manually change the Presentation.css file. Unfortunately, we then have to maintain two Presentation.css files - one for creating our HxS help and one for creating the MSHelpViewer help. Maybe someone else has seen this problem and has a suggestion?</p>\r\n<p>Katy</p>\r\n</blockquote>\r\n<p>&nbsp;Hi, personally, i don't like new lightweight MSDN version just for large fonts and space wasting between paragraphs. I will stay with &quot;old&quot; VS2005 style :-)</p>",
    "PostedDate": "2010-06-15T22:09:30.09-07:00",
    "UserRole": null,
    "MarkedAsAnswerDate": null
  },
  {
    "Id": "457489",
    "ThreadId": "209712",
    "Html": "<blockquote style=\"border:solid .1em #ccc;font-style:italic;margin:.25em 1em 0 1em;padding:0 .25em 0 .25em\"><strong>DarrenParker wrote:</strong><br>\r\n<p>I checked my&nbsp;my team and they tell me&nbsp;me that we should&nbsp;be ready to release by next Friday. June 18th.</p>\r\n</blockquote>\r\n<p>That was like yesterday ;) And nothing appeared. May I ask what year you live in? Maybe &quot;next Friday&quot; is next Friday 2110 for you ;)</p>\r\n<p>Seriously, though, when can those of us stuck in nether nether land thanks to MS &quot;publishing&quot; sandcastle&nbsp;and thus killing of ndoc.... start getting documentation generated? Next month? (i.e. in 2 weeks)?&nbsp;</p>",
    "PostedDate": "2010-06-18T21:27:29.827-07:00",
    "UserRole": null,
    "MarkedAsAnswerDate": null
  },
  {
    "Id": "457639",
    "ThreadId": "209712",
    "Html": "<p>Let's be fair.&nbsp; Sandcastle was not the only reason NDoc died.&nbsp; People being rude and demanding the next release that supported .NET 2.0 and the general lack of support from the community&nbsp;played a much larger part in its demise.&nbsp; Have some patience.&nbsp; I'd rather see a working copy that properly supports .NET 4.0 released rather than a version that doesn't work correctly.&nbsp; If it had been released, we'd just see people complaining about the lack of proper support since it would effectively be no better than what we have available to us now.</p>\r\n<p>Eric</p>\r\n<p>&nbsp;</p>",
    "PostedDate": "2010-06-19T13:51:40.763-07:00",
    "UserRole": null,
    "MarkedAsAnswerDate": null
  },
  {
    "Id": "457956",
    "ThreadId": "209712",
    "Html": "<p>All fine with not releasing &quot;a version that doesn't work correctly&quot;, however, I'd still like to see a prerelease/alpha/whatever since we (and also others, I guess) would like to test build integration as well as get a general feeling for the new help format. I just can't believe that there are no snapshots that are at least partially working (i.e. don't crash for reasonable input and generate at least some kind of Help3). Source code together with a big fat warning would be completely sufficient (the last source snapshot dates back from July 2009 - where is all that development happening???). At the very least, a status update would be nice - we have to decide whether to wait even longer, to convert the documentation with h3migrate or to buy a commercial solution (which would be a shame, since one thing we really like about SC is the great amount of flexibility it offers).</p>\r\n<p>I know, much work and (probably) too few developers, so I don't want to sound too ungrateful - after all it's free and it is a really great solution.</p>\r\n<p>JM</p>",
    "PostedDate": "2010-06-21T03:16:58.917-07:00",
    "UserRole": null,
    "MarkedAsAnswerDate": null
  },
  {
    "Id": "458125",
    "ThreadId": "209712",
    "Html": "<p>I would be happy to have a simple status update&nbsp;if it gets to a stated release date and the release is not going to happen.</p>",
    "PostedDate": "2010-06-21T10:02:08.72-07:00",
    "UserRole": null,
    "MarkedAsAnswerDate": null
  },
  {
    "Id": "458289",
    "ThreadId": "209712",
    "Html": "<p>Status Update:</p>\r\n<p>Test has signed&nbsp;off on the code.&nbsp; Currently we are waiting for the&nbsp;codesigning process on the MSI&nbsp;to finish&nbsp;so that we can publish.</p>\r\n<p>Darren</p>",
    "PostedDate": "2010-06-21T17:20:57.923-07:00",
    "UserRole": null,
    "MarkedAsAnswerDate": null
  },
  {
    "Id": "458383",
    "ThreadId": "209712",
    "Html": "<blockquote style=\"border:solid .1em #ccc;font-style:italic;margin:.25em 1em 0 1em;padding:0 .25em 0 .25em\"><strong>DarrenParker wrote:</strong><br><p>Status Update:</p>\r\n<p>Test has signed&nbsp;off on the code.&nbsp; Currently we are waiting for the&nbsp;codesigning process on the MSI&nbsp;to finish&nbsp;so that we can publish.</p>\r\n<p>Darren</p></blockquote><p>Hurrah!  As none of us are paying for this product I don't think we can complain when it takes time to release a new version - although I do recognise some of frustrations people have mentioned.</p>",
    "PostedDate": "2010-06-22T00:43:43.18-07:00",
    "UserRole": null,
    "MarkedAsAnswerDate": null
  },
  {
    "Id": "458556",
    "ThreadId": "209712",
    "Html": "Any news when the updated version will be available for download? We hit a severe bug in Sandcastle (Action&lt;T&gt; related; mentioned above) that prevents generating a correct help system for our .NET 4 app and we already postponed our launch because of this bug. Any information about the plans for releasing the new build of Sandcastle would help A LOT.\r\n\r\nKind regards,\r\nRainer.\r\n",
    "PostedDate": "2010-06-22T08:24:05.94-07:00",
    "UserRole": null,
    "MarkedAsAnswerDate": null
  },
  {
    "Id": "459281",
    "ThreadId": "209712",
    "Html": "<p>Latest version has now been posted to CodePlex.&nbsp; Thanks for&nbsp;your patience!</p>\r\n<p><a href=\"http://sandcastle.codeplex.com/releases/view/47665\">http://sandcastle.codeplex.com/releases/view/47665</a>&nbsp;</p>\r\n<p>Darren</p>",
    "PostedDate": "2010-06-23T21:57:57.403-07:00",
    "UserRole": null,
    "MarkedAsAnswerDate": null
  },
  {
    "Id": "459295",
    "ThreadId": "209712",
    "Html": "<p><strong>Darren</strong>:<span style=\"color:#30332d\">&nbsp;&gt;&gt;<em>Latest version has now been posted to CodePlex.&nbsp; Thanks for&nbsp;your patience!</em></span></p>\r\n<p><span style=\"color:#30332d\">Thanks for the work and efforts put into releasing the update. I will start testing it this weekend to<br>see how to work with it.</span></p>\r\n<p><span style=\"color:#30332d\">BTW: The sandcastle-mshc-how-to-use.txt says....</span></p>\r\n<p><span style=\"color:#30332d\">Sandcastle code modified by ComponentOne to support the Microsoft Help Viewer 1.0 MSHC target format</span></p>\r\n<p>Did you accept the forked version by ComponentOne or contracted ComponentOne for this release?</p>\r\n<p>Best regards,<br>Paul.&nbsp;</p>",
    "PostedDate": "2010-06-23T22:21:22.077-07:00",
    "UserRole": null,
    "MarkedAsAnswerDate": null
  },
  {
    "Id": "459299",
    "ThreadId": "209712",
    "Html": "\r\n<div>\r\n<p><span style=\"font-size:11.0pt;font-family:'Calibri','sans-serif';color:#1F497D\">Thanks Paul.  It was definitely a learning experience for me and I promise to get us on a more frequent release schedule moving forward.</span></p>\r\n<p><span style=\"font-size:11.0pt;font-family:'Calibri','sans-serif';color:#1F497D\"> </span></p>\r\n<p><span style=\"font-size:11.0pt;font-family:'Calibri','sans-serif';color:#1F497D\">We contracted ComponentOne to do the work to modify the Sandcastle code to be able to generate the MSHC files.</span></p>\r\n<p><span style=\"font-size:11.0pt;font-family:'Calibri','sans-serif';color:#1F497D\">Since we didn’t use Sandcastle to actually generate the final mshc packages that shipped with VS 2010, we needed to retrofit Sandcastle so that the community\r\n would have a tool that could create this content. </span></p>\r\n<p><span style=\"font-size:11.0pt;font-family:'Calibri','sans-serif';color:#1F497D\"> </span></p>\r\n<p><span style=\"font-size:11.0pt;font-family:'Calibri','sans-serif';color:#1F497D\">Darren</span></p>\r\n<p><span style=\"font-size:11.0pt;font-family:'Calibri','sans-serif';color:#1F497D\"> </span></p>\r\n<div>\r\n<div style=\"border:none;border-top:solid #B5C4DF 1.0pt;padding:3.0pt 0in 0in 0in\">\r\n<p><b><span style=\"font-size:10.0pt;font-family:'Tahoma','sans-serif'\">From:</span></b><span style=\"font-size:10.0pt;font-family:'Tahoma','sans-serif'\"> SelormeyPaul [mailto:notifications@codeplex.com]\r\n<br>\r\n<b>Sent:</b> Wednesday, June 23, 2010 10:22 PM<br>\r\n<b>To:</b> Darren Parker<br>\r\n<b>Subject:</b> Re: Preparing to Fork Sandcastle [Sandcastle:209712]</span></p>\r\n</div>\r\n</div>\r\n<p> </p>\r\n<p><span style=\"font-size:9.0pt;font-family:'Verdana','sans-serif'\">From: SelormeyPaul</span></p>\r\n<div style=\"margin-bottom:24.0pt\" id=ThreadNotificationPostBody>\r\n<p><strong><span style=\"font-size:9.0pt;font-family:'Verdana','sans-serif'\">Darren</span></strong><span style=\"font-size:9.0pt;font-family:'Verdana','sans-serif'\">:<span style=\"color:#30332D\"> &gt;&gt;<em><span style=\"font-family:'Verdana','sans-serif'\">Latest version\r\n has now been posted to CodePlex.  Thanks for your patience!</span></em></span></span></p>\r\n<p><span style=\"font-size:9.0pt;font-family:'Verdana','sans-serif';color:#30332D\">Thanks for the work and efforts put into releasing the update. I will start testing it this weekend to<br>\r\nsee how to work with it.</span><span style=\"font-size:9.0pt;font-family:'Verdana','sans-serif'\"></span></p>\r\n<p><span style=\"font-size:9.0pt;font-family:'Verdana','sans-serif';color:#30332D\">BTW: The sandcastle-mshc-how-to-use.txt says....</span><span style=\"font-size:9.0pt;font-family:'Verdana','sans-serif'\"></span></p>\r\n<p><span style=\"font-size:9.0pt;font-family:'Verdana','sans-serif';color:#30332D\">Sandcastle code modified by ComponentOne to support the Microsoft Help Viewer 1.0 MSHC target format</span><span style=\"font-size:9.0pt;font-family:'Verdana','sans-serif'\"></span></p>\r\n<p><span style=\"font-size:9.0pt;font-family:'Verdana','sans-serif'\">Did you accept the forked version by ComponentOne or contracted ComponentOne for this release?</span></p>\r\n<p><span style=\"font-size:9.0pt;font-family:'Verdana','sans-serif'\">Best regards,<br>\r\nPaul. </span></p>\r\n</div>\r\n<div style=\"border:none;border-top:solid #CCCCCC 1.0pt;padding:0in 0in 0in 0in\" id=ThreadNotificationFooter>\r\n<p><span style=\"font-size:9.0pt;font-family:'Verdana','sans-serif';color:gray\">Read the\r\n<a href=\"http://sandcastle.codeplex.com/Thread/View.aspx?ThreadId=209712&ANCHOR#Post459295\">\r\nfull discussion online</a>.</span></p>\r\n<p><span style=\"font-size:9.0pt;font-family:'Verdana','sans-serif';color:gray\">To add a post to this discussion, reply to this email (<a href=\"mailto:Sandcastle@discussions.codeplex.com?subject=[Sandcastle:209712]\">Sandcastle@discussions.codeplex.com</a>)</span></p>\r\n<p><span style=\"font-size:9.0pt;font-family:'Verdana','sans-serif';color:gray\">To start a new discussion for this project, email\r\n<a href=\"mailto:Sandcastle@discussions.codeplex.com\">Sandcastle@discussions.codeplex.com</a></span></p>\r\n<p><span style=\"font-size:9.0pt;font-family:'Verdana','sans-serif';color:gray\">You are receiving this email because you subscribed to this discussion on CodePlex. You can\r\n<a href=\"https://sandcastle.codeplex.com/subscriptions/thread/project/edit\">unsubscribe or change your settings</a> on codePlex.com.</span></p>\r\n<p><span style=\"font-size:9.0pt;font-family:'Verdana','sans-serif';color:gray\">Please note: Images and attachments will be removed from emails. Any posts to this discussion will also be available online at codeplex.com</span></p>\r\n</div>\r\n</div>\r\n",
    "PostedDate": "2010-06-23T22:32:51.257-07:00",
    "UserRole": null,
    "MarkedAsAnswerDate": null
  },
  {
    "Id": "459314",
    "ThreadId": "209712",
    "Html": "<p>Hello Darren,<br>Thanks for the reply and the information.&nbsp;</p>\r\n<p><strong>Darren</strong>: &gt;&gt;<em>It was definitely a learning experience for me</em>...</p>\r\n<p>Thanks for doing everything possible to pull it out, we really appreciate this.</p>\r\n<p><strong>Darren</strong>: &gt;&gt;<em>...and I promise to get us on a more frequent release schedule moving forward</em>.</p>\r\n<p>Your quick response is already an evidence you are ready for the pressure and leadership of this project.</p>\r\n<p><strong>Darren</strong>: &gt;&gt;<em>Since we didn&rsquo;t use Sandcastle to actually generate the final mshc packages that shipped with VS 2010</em>...</p>\r\n<p>Right, my guess was you contracted ComponentOne. However, the main reason for asking that question is why<br>is it still a problem to <strong>completely</strong> host the project here? since all point to the fact that Sandcastle is not being<br>used for the MSDN deployments, which means, it is more for the community than for MS own projects.</p>\r\n<p>My fear is whether the cost of continual development and maintenance at the MS can be justified. Anything that<br>will give some form of hope to the community is highly welcome.</p>\r\n<p>Best regards,<br>Paul.&nbsp;</p>",
    "PostedDate": "2010-06-23T23:25:24.397-07:00",
    "UserRole": null,
    "MarkedAsAnswerDate": null
  },
  {
    "Id": "460666",
    "ThreadId": "209712",
    "Html": "<p>Darren, can you tell us what tool was used instead of sandcastle for Visual Studio 2010?</p>\r\n<p>Update: I see you discussed that a bit in the thread. Still I am curious about the details, why Sandcastle could not be used directly. Thanks.</p>",
    "PostedDate": "2010-06-28T06:55:25.113-07:00",
    "UserRole": null,
    "MarkedAsAnswerDate": null
  },
  {
    "Id": "460908",
    "ThreadId": "209712",
    "Html": "<p>Frank,</p>\r\n<p>In the previous releases(2005 &amp; 2008) &nbsp;of Visual Studio we generated HxS using Sandcastle which was consumed by DExplore (previous&nbsp; Visual Studio Help Viewer). We released a new version of Help Viewer (Microsoft Help Viewer 1.0)&nbsp;for VS 2010 (<a href=\"http://channel9.msdn.com/posts/kmcgrath/Help-30-New-Help-System-in-Visual-Studio-2010/\">http://channel9.msdn.com/posts/kmcgrath/Help-30-New-Help-System-in-Visual-Studio-2010/</a>). Unlike DExplore, Microsoft Help Viewer 1.0 uses MSHC format.</p>\r\n<p>We generated HxS for Visual Studio 2010 help using Sandcastle, which was then decompiled and transformed into MSHC format. All of this decompile and transformation process&nbsp;was done as a part of our MSDN/TechNet Publishing System (MTPS)&nbsp;process.</p>\r\n<p>In summary, Sandcastle was used to generate help for Visual Studio 2010 in HxS format. As Darren mentions &quot;we didn&rsquo;t use Sandcastle to actually generate the <span style=\"text-decoration:underline\">final mshc packages </span>that shipped with VS 2010&quot;. Since the community do not have access to MTPS we had to retrofit Sandcastle to provide MSHC generation support. Hope this helps.</p>\r\n<p>&nbsp;</p>\r\n<p>Anand..</p>",
    "PostedDate": "2010-06-28T18:04:44.387-07:00",
    "UserRole": null,
    "MarkedAsAnswerDate": null
  }
]