[
  {
    "Id": "103852",
    "ThreadId": "31254",
    "Html": "Is there any work being done on adding T-SQL as a language type? If not I'd like to take it on, any guidance and pointers would be appreciated...\r\n",
    "PostedDate": "2008-07-10T06:07:27.65-07:00",
    "UserRole": null,
    "MarkedAsAnswerDate": null
  },
  {
    "Id": "103900",
    "ThreadId": "31254",
    "Html": "The only thing I'm aware of is this Code Project article that provides a tool for extracting XML style comments from SQL objects to build a help file with Sandcastle and SHFB:&nbsp;<a href=\"http://www.codeproject.com/KB/cs/SQL_XML_Documentation.aspx\">http://www.codeproject.com/KB/cs/SQL_XML_Documentation.aspx</a><br>\r\n&nbsp;<br>\r\nThere aren't any provisions for a SQL syntax section so you'd have to create a class derived from <strong>SyntaxGenerator</strong> or<strong> SyntaxGeneratorTemplate</strong> to handle that.&nbsp; The Sandcastle code is available now so you could take a look at how the existing syntax generators are implemented for ideas on how to do it.&nbsp; Once done it would probably render the sections in the topics but you'd have to modify the transformations and scripts to connect the section to the language filter.<br>\r\n<br>\r\nEric<br>\r\n",
    "PostedDate": "2008-07-10T08:26:42.623-07:00",
    "UserRole": null,
    "MarkedAsAnswerDate": null
  },
  {
    "Id": "104078",
    "ThreadId": "31254",
    "Html": "The Code Project article you mention go me started on the idea. The problem I have is that the generated help is confusing as the stored procedures are represented&nbsp;in C# syntax. I'm thinking the util that reads the database objects should rather output <strong>Conceptual Content</strong>??\r\n",
    "PostedDate": "2008-07-11T00:46:57.17-07:00",
    "UserRole": null,
    "MarkedAsAnswerDate": null
  },
  {
    "Id": "104141",
    "ThreadId": "31254",
    "Html": "Hi, <br>\r\n<br>\r\nConceptual content is not really appropriate for auto-generated reference documentation&nbsp;and anyway it doesn't even provide support for a syntax section to begin with.&nbsp; However, you could probably&nbsp;write a custom syntax generator and then modify the XSL transformations so that they generate only appropriate syntax blocks (in your case, only an SQL syntax block).&nbsp; Open the <strong>utilties_reference.xsl </strong>file (e.g., in the VS 2005 presentation style)&nbsp;and search for the&nbsp;<strong>syntaxBlocks </strong>template.&nbsp; This is where&nbsp;you'll have to add your logic, I think (untested).<br>\r\n<br>\r\n- Dave\r\n",
    "PostedDate": "2008-07-11T05:16:22.833-07:00",
    "UserRole": null,
    "MarkedAsAnswerDate": null
  },
  {
    "Id": "207962",
    "ThreadId": "31254",
    "Html": "<p>SQLDoc Sharp, an interactive tool designed to generate the SQL Server 2005/2008 documentation.<br>Export documentation to CHM format (Microsoft Compiled HTML Help).<br><br>locate it at <a href=\"http://www.amitchaudhary.com/\"><span style=\"color:#0033cc\">http://www.amitchaudhary.com/</span></a></p>",
    "PostedDate": "2009-07-02T07:09:01.92-07:00",
    "UserRole": null,
    "MarkedAsAnswerDate": null
  }
]