[
  {
    "Id": "171792",
    "ThreadId": "51244",
    "Html": "Using VS2005 style, by default when I open the CHM, the TOC/index pane is too narrow (namespaces are long, horizontal scroll bar is in like the middle).  I widen the TOC pane and it remembers it, but when I move the CHM, it goes back to the default.  This gives users a really bad experience when they open it.<br>\r\n<br>\r\nHow do I change the default pane width?\r\n",
    "PostedDate": "2009-03-25T04:31:31.047-07:00",
    "UserRole": null,
    "MarkedAsAnswerDate": null
  },
  {
    "Id": "172014",
    "ThreadId": "51244",
    "Html": "The width of the pane is controlled by the window definition in the Help 1 project file.  Here's an example base on the SHFB template:<br>\r\n<br>\r\n[WINDOWS]<br>\r\nMsdnHelp=&quot;Test Library&quot;,&quot;Test.hhc&quot;,&quot;Test.hhk&quot;,&quot;html\\Default.htm&quot;,&quot;html\\Default.htm&quot;,,,,,0x62520<strong><span style=\"text-decoration:underline\">,220,</span></strong>0x387e,[86,51,886,651],,,,,,,0<br>\r\n<br>\r\nThe &quot;220&quot; parameter controls the width.  Increasing it will increase the width of the pane.<br>\r\n<br>\r\nEric<br>\r\n",
    "PostedDate": "2009-03-25T12:53:43.863-07:00",
    "UserRole": null,
    "MarkedAsAnswerDate": null
  }
]