[
  {
    "Id": "70715",
    "ThreadId": "21249",
    "Html": "\r\nI am currently writing a documentation using the conceptual help of Sandcastle.<br />All is well and cool, except one: Centering images.<br /><br />I wish I could center some large images, but could still not find any means.<br />I was looking for ways of doing this without a change to the schema, since that<br />might involve a lot. I used the <b>quote</b> tag on some since this results in <br />HTML blockquote, giving it some indentation.<br /><br />After trying I found this <b>address</b> attribute, which is optional but available in<br />most tags and is defined as ID. Now, if the transformation system could pass<br />this IDs to the HTML output as HTML tag id, we could define css id selectors<br />to style it.<br /><br />Any possibility of  implementating this without extensive change to the currrent<br />transformers?<br /><br />Best regards,<br />Paul.<br />",
    "PostedDate": "2008-01-29T20:23:27.97-08:00",
    "UserRole": null,
    "MarkedAsAnswerDate": null
  }
]