[
  {
    "Id": "725282",
    "ThreadId": "286168",
    "Html": "<p>Hi,</p>\n<p>Could anyone tell me if this project is still alive? It's been 18 months since the last release, and there doesn't seem to be any activity on the repository...</p>\n<p>Is someone still working on it? Can I expect outstanding bugs to be fixed someday (e.g. <a href=\"http://sandcastle.codeplex.com/workitem/8852\">this very annoying one</a>), or do I have to live with it or switch to another documentation tool?</p>",
    "PostedDate": "2012-01-14T13:44:13.723-08:00",
    "UserRole": null,
    "MarkedAsAnswerDate": null
  },
  {
    "Id": "725415",
    "ThreadId": "286168",
    "Html": "<p>Hello,</p>\r\n<p>I have no information on the state of the project and cannot comment on that part.</p>\r\n<p>I will, however, advice you post bugs to the forum for discussions, since most do not subscribe to the<br />issue tracker.&nbsp;</p>\r\n<p>For the issue referenced, I still do not know why you need to provide extensions methods for <strong>Object</strong> class.<br />Here is how to fix it. The extension methods are handled by a class, <strong>ExtensionMethodAddIn</strong>, defined in<br />the <strong>MrefBuilder</strong> application and used in the <strong>MrefBuilder.config</strong> file.</p>\r\n<p>1. Take a copy of that class from the Sandcastle source codes.<br />2. Add the following to the start of the <strong>AddExtensionMethod</strong> method:</p>\r\n<p>&nbsp;</p>\r\n<div style=\"color: black; background-color: white;\">\r\n<pre><span style=\"color: blue;\">if</span> (type != <span style=\"color: blue;\">null</span>)\r\n{\r\n    <span style=\"color: green;\">// Avoid adding extension method support to enumerations...</span>\r\n    <span style=\"color: blue;\">if</span> (type.NodeType == NodeType.EnumNode)\r\n    {\r\n        <span style=\"color: blue;\">return</span>;\r\n    }\r\n    <span style=\"color: green;\">// Avoid adding the extension methods to static classes...</span>\r\n    <span style=\"color: blue;\">if</span> (type.NodeType == NodeType.Class &amp;&amp; (type.IsAbstract &amp;&amp; type.IsSealed))\r\n    {\r\n        <span style=\"color: blue;\">return</span>;\r\n    }\r\n}\r\n</pre>\r\n</div>\r\n<p>3. As you can see from the naming of this class, it is an add-in. So replace the standard with<br />this one in your build system and it will solve all the problems listed in the issue.&nbsp;</p>\r\n<p>The operation in that method is what determines which type gets and displays the extension methods.<br />The above codes will filter out the cases giving the problems.&nbsp;</p>\r\n<p>Best regards,<br />Paul.&nbsp;</p>",
    "PostedDate": "2012-01-15T06:20:25.02-08:00",
    "UserRole": null,
    "MarkedAsAnswerDate": null
  },
  {
    "Id": "725511",
    "ThreadId": "286168",
    "Html": "<p>Hi Paul,</p>\n<p>Thanks for your answer! This solution looks promising, I will give it a try.</p>\n<p>Regards,<br /> Thomas</p>\n<p><br />EDIT: btw, the reason I have an extension method for the object type is that I want it to apply to any type. Here's the method:</p>\n<p>\n<div style=\"color: black; background-color: white;\">\n<pre>        <span style=\"color: blue;\">public</span> <span style=\"color: blue;\">static</span> T ConvertTo&lt;T&gt;(<span style=\"color: blue;\">this</span> <span style=\"color: blue;\">object</span> value)\n        {\n            <span style=\"color: blue;\">return</span> (T)Convert.ChangeType(value, <span style=\"color: blue;\">typeof</span>(T));\n        }\n</pre>\n</div>\nI could add a second type parameter for the source type, but then I would have to specify both types when calling the method...</p>",
    "PostedDate": "2012-01-15T14:37:38.437-08:00",
    "UserRole": null,
    "MarkedAsAnswerDate": null
  },
  {
    "Id": "726813",
    "ThreadId": "286168",
    "Html": "<p>Hi Paul,</p>\r\n<p>I didn't manage to make it work... The MRefBuilder.exe I generate from the source has the same version as the one installed with Sandcastle, but it's much smaller, and doesn't work. Apparently Sandcastle expects to find the AssemblyResolver class in the MRefBuilder assembly, but in the solution it's in the Reflection assembly, which doesn't exist in the installed version of Sandcastle... So it seems that the source doesn't match the installed version. Is there something else I should do to make it work?</p>\r\n<p><br />Regards,<br />Thomas</p>",
    "PostedDate": "2012-01-17T18:06:37.667-08:00",
    "UserRole": null,
    "MarkedAsAnswerDate": null
  },
  {
    "Id": "726816",
    "ThreadId": "286168",
    "Html": "<p>Hello Thomas,</p>\r\n<p>You are <strong>not</strong> supposed to generate or replace MrefBuilder.exe, it is the main application that will<br />run your add-in. The default/standard add-in for the extension is what you need to replace.</p>\r\n<p>So create your own assembly (DLL) with that single file with the modifications, and reference <br />that MrefBuilder.exe, but set the <strong>Copy Local</strong> property to <strong>false</strong>, so that you do not copy this <br />exe to your local directory.</p>\r\n<p>Modify the <strong>MRefBuilder.config</strong> file for your build system to replace the default/standard<br />add-in similar to this:<br />\r\n<div style=\"color: black; background-color: white;\">\r\n<pre><span style=\"color: green;\">&lt;!-- This is configuration file for the MRefBuilder tool. --&gt;</span>\r\n<span style=\"color: blue;\">&lt;</span><span style=\"color: #a31515;\">configuration</span><span style=\"color: blue;\">&gt;</span>\r\n  <span style=\"color: blue;\">&lt;</span><span style=\"color: #a31515;\">dduetools</span><span style=\"color: blue;\">&gt;</span>\r\n    <span style=\"color: green;\">&lt;!-- 1. Specify the platform for the reflection. --&gt;</span>\r\n    <span style=\"color: blue;\">&lt;</span><span style=\"color: #a31515;\">platform</span> <span style=\"color: red;\">version</span><span style=\"color: blue;\">=</span><span style=\"color: black;\">\"</span><span style=\"color: blue;\">2.0</span><span style=\"color: black;\">\"</span> <span style=\"color: red;\">path</span><span style=\"color: blue;\">=</span><span style=\"color: black;\">\"</span><span style=\"color: blue;\">%SystemRoot%\\Microsoft.NET\\Framework\\v2.0.50727\\</span><span style=\"color: black;\">\"</span> <span style=\"color: blue;\">/&gt;</span>\r\n    <span style=\"color: green;\">&lt;!-- 2. Specify the assembly resolver for the reflection. --&gt;</span>\r\n    <span style=\"color: blue;\">&lt;</span><span style=\"color: #a31515;\">resolver</span> <span style=\"color: red;\">type</span><span style=\"color: blue;\">=</span><span style=\"color: black;\">\"</span><span style=\"color: blue;\">Sandcastle.Reflections.RedirectAssemblyResolver</span><span style=\"color: black;\">\"</span> <span style=\"color: red;\">assembly</span><span style=\"color: blue;\">=</span><span style=\"color: black;\">\"</span><span style=\"color: blue;\">A:\\Output\\Sandcastle.Components.dll</span><span style=\"color: black;\">\"</span> <span style=\"color: red;\">use-gac</span><span style=\"color: blue;\">=</span><span style=\"color: black;\">\"</span><span style=\"color: blue;\">false</span><span style=\"color: black;\">\"</span> <span style=\"color: blue;\">/&gt;</span>\r\n    <span style=\"color: green;\">&lt;!-- 3. Specify the API namer for the reflection. --&gt;</span>\r\n    <span style=\"color: green;\">&lt;!-- 4. Specify any addin - must be an implementation of MRefBuilderAddIn. --&gt;</span>\r\n    <span style=\"color: blue;\">&lt;</span><span style=\"color: #a31515;\">addins</span><span style=\"color: blue;\">&gt;</span>\r\n      <span style=\"color: blue;\">&lt;</span><span style=\"color: #a31515;\">addin</span> <span style=\"color: red;\">type</span><span style=\"color: blue;\">=</span><span style=\"color: black;\">\"</span><span style=\"color: blue;\">Sandcastle.Reflections.ExtensionMethodAddIn</span><span style=\"color: black;\">\"</span> <span style=\"color: red;\">assembly</span><span style=\"color: blue;\">=</span><span style=\"color: black;\">\"</span><span style=\"color: blue;\">A:\\Output\\Sandcastle.Components.dll</span><span style=\"color: black;\">\"</span> <span style=\"color: blue;\">/&gt;</span>\r\n      <span style=\"color: blue;\">&lt;</span><span style=\"color: #a31515;\">addin</span> <span style=\"color: red;\">type</span><span style=\"color: blue;\">=</span><span style=\"color: black;\">\"</span><span style=\"color: blue;\">Microsoft.Ddue.Tools.XamlAttachedMembersAddIn</span><span style=\"color: black;\">\"</span> <span style=\"color: red;\">assembly</span><span style=\"color: blue;\">=</span><span style=\"color: black;\">\"</span><span style=\"color: blue;\">A:\\Program Files\\Sandcastle\\ProductionTools\\MRefBuilder.exe</span><span style=\"color: black;\">\"</span> <span style=\"color: blue;\">/&gt;</span>\r\n    <span style=\"color: blue;\">&lt;/</span><span style=\"color: #a31515;\">addins</span><span style=\"color: blue;\">&gt;</span>\r\n    \r\n    <span style=\"color: green;\">&lt;!-- Omitted other stuff ...  --&gt;</span>\r\n  <span style=\"color: blue;\">&lt;/</span><span style=\"color: #a31515;\">dduetools</span><span style=\"color: blue;\">&gt;</span>\r\n<span style=\"color: blue;\">&lt;/</span><span style=\"color: #a31515;\">configuration</span><span style=\"color: blue;\">&gt;</span>\r\n</pre>\r\n</div>\r\n</p>\r\n<p>&nbsp;As you can see, mine is defined in the class&nbsp;<strong>Sandcastle.Reflections.ExtensionMethodAddIn</strong> and in the assembly&nbsp;<strong>Sandcastle.Components.dll</strong>.</p>\r\n<p>Best regards,<br />Paul&nbsp;</p>",
    "PostedDate": "2012-01-17T18:24:55.813-08:00",
    "UserRole": null,
    "MarkedAsAnswerDate": null
  },
  {
    "Id": "726819",
    "ThreadId": "286168",
    "Html": "<p>You shouldn't need to rebuild MRefBuilder.&nbsp; Create a library project in Visual Studio,&nbsp; add a strong name key file to sign the assembly, add the ExtensionMethodAddIn.cs class to it, add references to MRefBuilder.exe if necessary with any other supporting assemblies from the Sandcastle installation folder to it and build the library.&nbsp; You can then take the library, put it in a well-known location such as the Sandcastle installation folder and change the MRefBuilder.config file to point at it by changing the &lt;addin&gt; element for it to point at the new assembly.</p>\r\n<p>If using SHFB, you'll need to modify it's MRefBuilder.config template found in the .\\Templates folder in the SHFB installation folder.&nbsp; That's off the top of my head but I don't think I missed anything.&nbsp;&nbsp;I plan on adding a version containing the fix to the next release of SHFB so it'll be built-in by default.</p>\r\n<p>Eric</p>\r\n<p>&nbsp;</p>",
    "PostedDate": "2012-01-17T18:32:04.41-08:00",
    "UserRole": null,
    "MarkedAsAnswerDate": null
  },
  {
    "Id": "726908",
    "ThreadId": "286168",
    "Html": "<p>Oh, right... I misunderstood Paul's proposed solution. Thanks for the clarification, I'll try this tonight.</p>\r\n<p><br />Thomas</p>",
    "PostedDate": "2012-01-18T00:52:09.483-08:00",
    "UserRole": null,
    "MarkedAsAnswerDate": null
  },
  {
    "Id": "727115",
    "ThreadId": "286168",
    "Html": "<p>Paul, Eric,</p>\r\n<p>Thanks a lot, this solution works perfectly !</p>\r\n<p>Regards,<br /> Thomas</p>",
    "PostedDate": "2012-01-18T08:23:10.387-08:00",
    "UserRole": null,
    "MarkedAsAnswerDate": null
  }
]