[
  {
    "Id": "71958",
    "ThreadId": "21594",
    "Html": "\r\nI did not see anything in the documentation regarding tags which do not format the text.   I.e. line breaks are kept at the location where they are defined within the inner text.   Such as:<br /><br />&lt;noformat&gt;<br />All line breaks and spaces,<br />    are kept as-is<br />    with no changes to<br />formatting<br />&lt;/noformat&gt;<br /><br />I realize I can do custom tags, but this seems like a common(???) need.<br />",
    "PostedDate": "2008-02-05T17:02:11.037-08:00",
    "UserRole": null,
    "MarkedAsAnswerDate": null
  },
  {
    "Id": "71978",
    "ThreadId": "21594",
    "Html": "\r\nRegular HTML tags such as &lt;pre&gt; will pass straight through.  As such, you can put text you want to format yourself within a pre tag.  You may end up with some formatting based on the presentation stylesheet.  If you don't like it, you can apply a style attribute to the pre tag to alter its background color, margins, etc.<br /><br />Eric<br />",
    "PostedDate": "2008-02-05T19:32:22.937-08:00",
    "UserRole": null,
    "MarkedAsAnswerDate": null
  },
  {
    "Id": "71994",
    "ThreadId": "21594",
    "Html": "\r\nYou can use &lt;br/&gt; too, on a line-by-line basis.  This shouldn't have any overal effect on the format either, unlike &lt;pre&gt;&lt;/pre&gt;.<br />",
    "PostedDate": "2008-02-05T21:43:54.88-08:00",
    "UserRole": null,
    "MarkedAsAnswerDate": null
  },
  {
    "Id": "71995",
    "ThreadId": "21594",
    "Html": "\r\nThanks for the hint.   Some of the ones that I tried didn't work and I assumed they all didn't.    I will play a little more with this.<br /><div class=\"quote\" style=\"border: dotted .1em #aaa; border-left: none; border-right: none; font-style: italic; margin: 1em 0em 2.5em 3em;padding: .2em;\"><br />EWoodruff wrote:<br />Regular HTML tags such as &lt;pre&gt; will pass straight through.  As such, you can put text you want to format yourself within a pre tag.  You may end up with some formatting based on the presentation stylesheet.  If you don't like it, you can apply a style attribute to the pre tag to alter its background color, margins, etc.<br /><br />Eric<br /><br /><br /></div>",
    "PostedDate": "2008-02-05T21:45:58.563-08:00",
    "UserRole": null,
    "MarkedAsAnswerDate": null
  }
]