[
  {
    "Id": "636751",
    "ThreadId": "263758",
    "Html": "<p>Hello All!</p>\n<p>Example:</p>\n<p>protected ControlAdapter Adapter { get; }</p>\n<p><strong>Property Value</strong></p>\n<p>Type: System.Web.UI.Adapters.ControlAdapter<br />&nbsp;A ControlAdapter for this control. If the target browser does not require an adapter, returns null.</p>\n<p>Elena.</p>",
    "PostedDate": "2011-07-03T14:52:34.2-07:00",
    "UserRole": null,
    "MarkedAsAnswerDate": null
  },
  {
    "Id": "636776",
    "ThreadId": "263758",
    "Html": "<p>Hello Elena,<br /> The short answer is, the current Sandcastle style for the API documentation will not give you that.</p>\n<p>I know you have seen it in the MSDN and so let give you the long answer...</p>\n<p><strong>Note</strong>: This assumes you understand how the Sandcastle works, if not just take the short answer...&nbsp;</p>\n<p>For MSDN documentations, MS uses extensive tools including the Sandcastle to produce the final result.<br /> For the API documentation, MS <strong>does not</strong> use the XML Docs, which all of us use. They have tools that extra<br /> the documentations from various sources (which might include the XML Doc comments) to create conceptual<br /> topics. In particular, the <strong>reference conceptual topics</strong> and build that with the Sandcastle tools.</p>\n<p>The reference conceptual topics are compiled with the <strong>main_reference.xsl</strong> transformation style. We build our<br /> documentations with the <strong>main_sandcastle.xsl</strong> transformation style. The results are currently different, so to get<br /> that result we might have to migrate some features from the reference conceptual build to reference build.</p>\n<p>This explanation applies to the question posted long ago in this thread...</p>\n<p><a id=\"ThreadTitleLink\" class=\"ThreadLink\" href=\"http://sandcastle.codeplex.com/discussions/66877\">Can sandcastle generate XAML dependency Property Information section?</a></p>\n<p>Now, consider the current TransformComponent in the sandcastle.config file (which is used for the API documentation)</p>\n<div style=\"color: black; background-color: white;\">\n<pre><span style=\"color: blue;\">&lt;</span><span style=\"color: #a31515;\">component</span> <span style=\"color: red;\">type</span><span style=\"color: blue;\">=</span><span style=\"color: black;\">\"</span><span style=\"color: blue;\">Microsoft.Ddue.Tools.TransformComponent</span><span style=\"color: black;\">\"</span> <span style=\"color: red;\">assembly</span><span style=\"color: blue;\">=</span><span style=\"color: black;\">\"</span><span style=\"color: blue;\">BuildComponents.dll</span><span style=\"color: black;\">\"</span><span style=\"color: blue;\">&gt;</span>\n  <span style=\"color: blue;\">&lt;</span><span style=\"color: #a31515;\">transform</span> <span style=\"color: red;\">file</span><span style=\"color: blue;\">=</span><span style=\"color: black;\">\"</span><span style=\"color: blue;\">%DXROOT%\\Presentation\\vs2005\\Transforms\\<strong>main_sandcastle.xsl</strong></span><span style=\"color: black;\">\"</span><span style=\"color: blue;\">&gt;</span>\n\t<span style=\"color: blue;\">&lt;</span><span style=\"color: #a31515;\">argument</span> <span style=\"color: red;\">key</span><span style=\"color: blue;\">=</span><span style=\"color: black;\">\"</span><span style=\"color: blue;\">metadata</span><span style=\"color: black;\">\"</span> <span style=\"color: red;\">value</span><span style=\"color: blue;\">=</span><span style=\"color: black;\">\"</span><span style=\"color: blue;\">true</span><span style=\"color: black;\">\"</span> <span style=\"color: blue;\">/&gt;</span>\n\t <span style=\"color: blue;\">&lt;</span><span style=\"color: #a31515;\">argument</span> <span style=\"color: red;\">key</span><span style=\"color: blue;\">=</span><span style=\"color: black;\">\"</span><span style=\"color: blue;\">languages</span><span style=\"color: black;\">\"</span><span style=\"color: blue;\">&gt;</span>\n\t  <span style=\"color: blue;\">&lt;</span><span style=\"color: #a31515;\">language</span> <span style=\"color: red;\">label</span><span style=\"color: blue;\">=</span><span style=\"color: black;\">\"</span><span style=\"color: blue;\">VisualBasic</span><span style=\"color: black;\">\"</span> <span style=\"color: red;\">name</span><span style=\"color: blue;\">=</span><span style=\"color: black;\">\"</span><span style=\"color: blue;\">VisualBasic</span><span style=\"color: black;\">\"</span> <span style=\"color: red;\">style</span><span style=\"color: blue;\">=</span><span style=\"color: black;\">\"</span><span style=\"color: blue;\">vb</span><span style=\"color: black;\">\"</span> <span style=\"color: blue;\">/&gt;</span>\n\t  <span style=\"color: blue;\">&lt;</span><span style=\"color: #a31515;\">language</span> <span style=\"color: red;\">label</span><span style=\"color: blue;\">=</span><span style=\"color: black;\">\"</span><span style=\"color: blue;\">CSharp</span><span style=\"color: black;\">\"</span> <span style=\"color: red;\">name</span><span style=\"color: blue;\">=</span><span style=\"color: black;\">\"</span><span style=\"color: blue;\">CSharp</span><span style=\"color: black;\">\"</span> <span style=\"color: red;\">style</span><span style=\"color: blue;\">=</span><span style=\"color: black;\">\"</span><span style=\"color: blue;\">cs</span><span style=\"color: black;\">\"</span> <span style=\"color: blue;\">/&gt;</span>\n\t  <span style=\"color: blue;\">&lt;</span><span style=\"color: #a31515;\">language</span> <span style=\"color: red;\">label</span><span style=\"color: blue;\">=</span><span style=\"color: black;\">\"</span><span style=\"color: blue;\">ManagedCPlusPlus</span><span style=\"color: black;\">\"</span> <span style=\"color: red;\">name</span><span style=\"color: blue;\">=</span><span style=\"color: black;\">\"</span><span style=\"color: blue;\">ManagedCPlusPlus</span><span style=\"color: black;\">\"</span> <span style=\"color: red;\">style</span><span style=\"color: blue;\">=</span><span style=\"color: black;\">\"</span><span style=\"color: blue;\">cpp</span><span style=\"color: black;\">\"</span> <span style=\"color: blue;\">/&gt;</span>\n\t  <span style=\"color: blue;\">&lt;</span><span style=\"color: #a31515;\">language</span> <span style=\"color: red;\">label</span><span style=\"color: blue;\">=</span><span style=\"color: black;\">\"</span><span style=\"color: blue;\">JavaScript</span><span style=\"color: black;\">\"</span> <span style=\"color: red;\">name</span><span style=\"color: blue;\">=</span><span style=\"color: black;\">\"</span><span style=\"color: blue;\">JavaScript</span><span style=\"color: black;\">\"</span> <span style=\"color: red;\">style</span><span style=\"color: blue;\">=</span><span style=\"color: black;\">\"</span><span style=\"color: blue;\">cs</span><span style=\"color: black;\">\"</span> <span style=\"color: blue;\">/&gt;</span>\n\t<span style=\"color: blue;\">&lt;/</span><span style=\"color: #a31515;\">argument</span><span style=\"color: blue;\">&gt;</span>\n  <span style=\"color: blue;\">&lt;/</span><span style=\"color: #a31515;\">transform</span><span style=\"color: blue;\">&gt;</span>\n<span style=\"color: blue;\">&lt;/</span><span style=\"color: #a31515;\">component</span><span style=\"color: blue;\">&gt;</span>\n</pre>\n</div>\n<p>Changing the <strong>main_sandcastle.xsl</strong> transformation style to <strong> main_reference.xsl</strong> will actually give you that<br /> property value display. Take a look at the following result...</p>\n<p><a href=\"https://picasaweb.google.com/lh/photo/l9XZvuR28USJIQxIxvsFEg?feat=directlink\">Property Value Test</a></p>\n<p>But as you can see from the result, the <strong>comments are missing</strong>. The <strong>main_reference.xsl</strong> uses a difference<br /> configuration file, and therefore not meant for such uses.</p>\n<p>For sometime now, I have being trying to use <strong>main_reference.xsl</strong> instead of the <strong>main_sandcastle.xsl</strong> for<br /> the API documentations, but I will need to completely determine all the problems associated with this<br /> and try to fix them. Otherwise the best option will be to update the <strong>main_sandcastle.xsl</strong>.</p>\n<p>Best regards,<br /> Paul.&nbsp;</p>",
    "PostedDate": "2011-07-03T19:15:53.927-07:00",
    "UserRole": null,
    "MarkedAsAnswerDate": null
  },
  {
    "Id": "636806",
    "ThreadId": "263758",
    "Html": "<p>Hello Elena,</p>\n<p>I have worked out a quick fix for you. Change the ff. templates in the <strong> main_sandcastle.xsl</strong>&nbsp;as follows</p>\n<p>&nbsp;</p>\n<div style=\"color: black; background-color: white;\">\n<pre><span style=\"color: blue;\">&lt;</span><span style=\"color: #a31515;\">xsl</span><span style=\"color: blue;\">:</span><span style=\"color: #a31515;\">template</span> <span style=\"color: red;\">match</span><span style=\"color: blue;\">=</span><span style=\"color: black;\">\"</span><span style=\"color: blue;\">value</span><span style=\"color: black;\">\"</span><span style=\"color: blue;\">&gt;</span>\n<span style=\"color: blue;\">&lt;</span><span style=\"color: #a31515;\">xsl</span><span style=\"color: blue;\">:</span><span style=\"color: #a31515;\">call-template</span> <span style=\"color: red;\">name</span><span style=\"color: blue;\">=</span><span style=\"color: black;\">\"</span><span style=\"color: blue;\">subSection</span><span style=\"color: black;\">\"</span><span style=\"color: blue;\">&gt;</span>\n  <span style=\"color: blue;\">&lt;</span><span style=\"color: #a31515;\">xsl</span><span style=\"color: blue;\">:</span><span style=\"color: #a31515;\">with-param</span> <span style=\"color: red;\">name</span><span style=\"color: blue;\">=</span><span style=\"color: black;\">\"</span><span style=\"color: blue;\">title</span><span style=\"color: black;\">\"</span><span style=\"color: blue;\">&gt;</span>\n    <span style=\"color: blue;\">&lt;</span><span style=\"color: #a31515;\">include</span> <span style=\"color: red;\">item</span><span style=\"color: blue;\">=</span><span style=\"color: black;\">\"</span><strong><span style=\"color: #888888;\">propertyValueTitle</span></strong><span style=\"color: black;\">\"</span> <span style=\"color: blue;\">/&gt;</span>\n  <span style=\"color: blue;\">&lt;/</span><span style=\"color: #a31515;\">xsl</span><span style=\"color: blue;\">:</span><span style=\"color: #a31515;\">with-param</span><span style=\"color: blue;\">&gt;</span>\n  <span style=\"color: blue;\">&lt;</span><span style=\"color: #a31515;\">xsl</span><span style=\"color: blue;\">:</span><span style=\"color: #a31515;\">with-param</span> <span style=\"color: red;\">name</span><span style=\"color: blue;\">=</span><span style=\"color: black;\">\"</span><span style=\"color: blue;\">content</span><span style=\"color: black;\">\"</span><span style=\"color: blue;\">&gt;</span>\n<strong><span style=\"color: #888888;\">      &lt;include item=\"typeLink\"&gt;\n          &lt;parameter&gt;\n              &lt;referenceLink target=\"{/document/reference/returns/type/@api}\" qualified=\"true\"/&gt;\n          &lt;/parameter&gt;\n      &lt;/include&gt;\n      &lt;br /&gt;</span></strong>\n      <span style=\"color: blue;\">&lt;</span><span style=\"color: #a31515;\">xsl</span><span style=\"color: blue;\">:</span><span style=\"color: #a31515;\">apply-templates</span> <span style=\"color: blue;\">/&gt;</span>\n  <span style=\"color: blue;\">&lt;/</span><span style=\"color: #a31515;\">xsl</span><span style=\"color: blue;\">:</span><span style=\"color: #a31515;\">with-param</span><span style=\"color: blue;\">&gt;</span>\n<span style=\"color: blue;\">&lt;/</span><span style=\"color: #a31515;\">xsl</span><span style=\"color: blue;\">:</span><span style=\"color: #a31515;\">call-template</span><span style=\"color: blue;\">&gt;</span>\n<span style=\"color: blue;\">&lt;/</span><span style=\"color: #a31515;\">xsl</span><span style=\"color: blue;\">:</span><span style=\"color: #a31515;\">template</span><span style=\"color: blue;\">&gt;</span>\n\n<span style=\"color: blue;\">&lt;</span><span style=\"color: #a31515;\">xsl</span><span style=\"color: blue;\">:</span><span style=\"color: #a31515;\">template</span> <span style=\"color: red;\">match</span><span style=\"color: blue;\">=</span><span style=\"color: black;\">\"</span><span style=\"color: blue;\">returns</span><span style=\"color: black;\">\"</span><span style=\"color: blue;\">&gt;</span>\n<span style=\"color: blue;\">&lt;</span><span style=\"color: #a31515;\">xsl</span><span style=\"color: blue;\">:</span><span style=\"color: #a31515;\">call-template</span> <span style=\"color: red;\">name</span><span style=\"color: blue;\">=</span><span style=\"color: black;\">\"</span><span style=\"color: blue;\">subSection</span><span style=\"color: black;\">\"</span><span style=\"color: blue;\">&gt;</span>\n  <span style=\"color: blue;\">&lt;</span><span style=\"color: #a31515;\">xsl</span><span style=\"color: blue;\">:</span><span style=\"color: #a31515;\">with-param</span> <span style=\"color: red;\">name</span><span style=\"color: blue;\">=</span><span style=\"color: black;\">\"</span><span style=\"color: blue;\">title</span><span style=\"color: black;\">\"</span><span style=\"color: blue;\">&gt;</span>\n    <span style=\"color: blue;\">&lt;</span><span style=\"color: #a31515;\">include</span> <span style=\"color: red;\">item</span><span style=\"color: blue;\">=</span><span style=\"color: black;\">\"</span><span style=\"color: blue;\">methodValueTitle</span><span style=\"color: black;\">\"</span> <span style=\"color: blue;\">/&gt;</span>\n  <span style=\"color: blue;\">&lt;/</span><span style=\"color: #a31515;\">xsl</span><span style=\"color: blue;\">:</span><span style=\"color: #a31515;\">with-param</span><span style=\"color: blue;\">&gt;</span>\n  <span style=\"color: blue;\">&lt;</span><span style=\"color: #a31515;\">xsl</span><span style=\"color: blue;\">:</span><span style=\"color: #a31515;\">with-param</span> <span style=\"color: red;\">name</span><span style=\"color: blue;\">=</span><span style=\"color: black;\">\"</span><span style=\"color: blue;\">content</span><span style=\"color: black;\">\"</span><span style=\"color: blue;\">&gt;</span>\n<span style=\"color: #888888;\"><strong>      &lt;include item=\"typeLink\"&gt;\n          &lt;parameter&gt;\n              &lt;referenceLink target=\"{/document/reference/returns/type/@api}\" qualified=\"true\"/&gt;\n          &lt;/parameter&gt;\n      &lt;/include&gt;\n      &lt;br /&gt;</strong></span>\n      <span style=\"color: blue;\">&lt;</span><span style=\"color: #a31515;\">xsl</span><span style=\"color: blue;\">:</span><span style=\"color: #a31515;\">apply-templates</span> <span style=\"color: blue;\">/&gt;</span>\n  <span style=\"color: blue;\">&lt;/</span><span style=\"color: #a31515;\">xsl</span><span style=\"color: blue;\">:</span><span style=\"color: #a31515;\">with-param</span><span style=\"color: blue;\">&gt;</span>\n<span style=\"color: blue;\">&lt;/</span><span style=\"color: #a31515;\">xsl</span><span style=\"color: blue;\">:</span><span style=\"color: #a31515;\">call-template</span><span style=\"color: blue;\">&gt;</span>\n<span style=\"color: blue;\">&lt;/</span><span style=\"color: #a31515;\">xsl</span><span style=\"color: blue;\">:</span><span style=\"color: #a31515;\">template</span><span style=\"color: blue;\">&gt;</span>\n</pre>\n</div>\n<p>&nbsp;</p>\n<p>The <strong><span style=\"color: #888888;\">bold grayed</span></strong> portions are the extensions to provide that feature for both the \"<strong>value</strong>\" and \"<strong>returns</strong>\" parts.<br /> The returns part will provide that support for the methods too. Method parameter types are already supported.</p>\n<p><strong>NOTE</strong>: The <strong>main_sandcastle.xsl</strong> file in the <strong>..\\Sandcastle\\Presentation\\vs2005\\transforms</strong> directory.</p>\n<p>Best regards,<br /> Paul.&nbsp;</p>",
    "PostedDate": "2011-07-03T22:58:33.077-07:00",
    "UserRole": null,
    "MarkedAsAnswerDate": null
  }
]