[
  {
    "Id": "154919",
    "ThreadId": "46384",
    "Html": "The release is available from <a href=\"http://www.codeplex.com/SHFB/Release/ProjectReleases.aspx?ReleaseId=18639\">http://www.codeplex.com/SHFB/Release/ProjectReleases.aspx?ReleaseId=18639</a>.<br>\r\n<br>\r\nThe main goal of this release was to rework the help file builder project file format and build engine to ready them for use in a Visual Studio package that will provide full Visual Studio integration in a future release. This resulted in a number of major changes.<br>\r\n<br>\r\nBe sure to read the <a href=\"http://www.ewoodruff.us/shfbdocs/Index.aspx?topic=html/078cc1c7-7995-431e-bf9c-8813becbe8df.htm\"><span style=\"color:#3e62a6\">Version History<span></span></span></a><span style=\"color:#30332d\"> notes for version 1.8.0.0 and 1.8.0.1. Projects created with version 1.7.0.0 and earlier will require conversion to the new MSBuild project format and the standalone GUI has undergone a major revision as well. See the topics in the </span><a href=\"http://www.ewoodruff.us/shfbdocs/Index.aspx?topic=html/b772e00e-1705-4062-adb6-774826ce6700.htm\">Getting Started<span></span></a><span style=\"color:#30332d\"> section for more information.</span><br>\r\n<br>\r\n<strong><span style=\"text-decoration:underline\">This version is a Beta release.</span></strong> However, it has proven to be quite stable and is now the preferred release to use. If you find any bugs, please report them in the Discussions forum or Issue Tracker at the <a href=\"http://www.codeplex.com/SHFB\"><span style=\"color:#3e62a6\">Sandcastle Help File Builder</span></a> project.  Please be sure to specify the version number you are using to keep the issues separate from the prior releases. Thank you!<br>\r\n<br>\r\nEric<br>\r\n",
    "PostedDate": "2009-02-05T19:33:17.503-08:00",
    "UserRole": null,
    "MarkedAsAnswerDate": null
  }
]