[
  {
    "Id": "1136691",
    "ThreadId": "474271",
    "Html": "Hi,\r<br />\n<br />\nI am just new tro sandcastle and figuring out all the features.\r<br />\n<br />\nI was wondering if I make a code block and fill in only the vb part is it possible to show only the vb tab in the chm file? Now it will show all 4 language tabs and the c# is selected by default which does not contain any code. I would prefer to show the vb tab which has code.<br />\n<pre><code> ''' &lt;summary&gt;\n    ''' Continue...\n    ''' &lt;/summary&gt;\n    ''' &lt;remarks&gt;\n    ''' After the....\n    ''' &lt;example&gt;\n    ''' &lt;code lang=&quot;VB&quot;&gt;\n    ''' Obj.Pause\n    ''' 'Perform tasks\n    ''' Obj.Continue\n    ''' &lt;/code&gt;\n    ''' &lt;/example&gt;\n    ''' &lt;/remarks&gt;\n    ''' &lt;seealso cref=&quot;Pause&quot;&gt;&lt;/seealso&gt;</code></pre>\n\n",
    "PostedDate": "2013-12-16T06:31:11.74-08:00",
    "UserRole": null,
    "MarkedAsAnswerDate": null
  },
  {
    "Id": "1136772",
    "ThreadId": "474271",
    "Html": "Assuming you are using the VS 2010 presentation style, it's a limitation of the way the presentation style is implemented.  You can change the order of the tabs by changing the presentation style branding files as noted in this thread: <a href=\"https://shfb.codeplex.com/discussions/354300\" rel=\"nofollow\">https://shfb.codeplex.com/discussions/354300</a>\r<br />\n<br />\nYou will most likely also need to change the default language selected (it was VB when the thread was written but has since been changed to C#).  That change is described in this thread: <a href=\"https://sandcastle.codeplex.com/discussions/359722\" rel=\"nofollow\">https://sandcastle.codeplex.com/discussions/359722</a>\r<br />\n<br />\nIn both cases, I think the threads mention extracting data from the dev10.mshc file which is no longer necessary.  You'll find the affected files in the branding folder in the presentation style folder (%ProgramFiles(x86)%\\Sandcastle\\Presentation\\VS2010\\branding).\r<br />\n<br />\nAlso, please note that this project has been discontinued and may not be monitored as frequently. For future questions or issues concerning Sandcastle or SHFB, post them over on the <a href=\"http://shfb.codeplex.com\" rel=\"nofollow\">Sandcastle Help File Builder</a> project's discussion page. Thanks. \r<br />\n<br />\nEric<br />\n",
    "PostedDate": "2013-12-16T09:42:56.607-08:00",
    "UserRole": null,
    "MarkedAsAnswerDate": null
  }
]