[
  {
    "Id": "87355",
    "ThreadId": "26112",
    "Html": "\r\nHi there, I'm pretty new to this help generation stuff so please forgive me if ths is a stupid question.  I have generated a help file using the SandCastle Help File Builder and integrated it into Visual Studio 2008.  Unfortuantely when I search I have to have All Languages and All Technologies selected before the search will find my new classes, however everythig appears in the index section and the context senstitive F1 key works.  <br /><br />From information gained on the Microsoft forums I think that I want to set a Name=\"DocSet\" Value=\"NETFramework\" and Name=\"DocSet\" Value=\"C#\" to get them to appear when that language and technology are selected, but I can't work out how to do that!  When I view source on my topics I get the following <br /><br />&lt;xml xmlns:msxsl=\"urn:schemas-microsoft-com:xslt\"&gt;<br />\t&lt;MSHelp:Attr Name=\"AssetID\" Value=\"T:Com.PDMS.Framework.UIControls2.IPageable\"/&gt;<br />\t&lt;MSHelp:Keyword Index=\"A\" Term=\"T:Com.PDMS.Framework.UIControls2.IPageable\"/&gt;<br />\t&lt;MSHelp:Keyword Index=\"A\" Term=\"frlrfComPDMSFrameworkUIControls2IPageableClassTopic\"/&gt;<br />\t&lt;MSHelp:Keyword Index=\"A\" Term=\"frlrfComPDMSFrameworkUIControls2IPageableMembersTopic\"/&gt;<br />\t&lt;MSHelp:Keyword Index=\"K\" Term=\"IPageable interface\"/&gt;<br />\t&lt;MSHelp:Keyword Index=\"K\" Term=\"Com.PDMS.Framework.UIControls2.IPageable interface\"/&gt;<br />\t&lt;MSHelp:Keyword Index=\"F\" Term=\"IPageable\"/&gt;<br />\t&lt;MSHelp:Keyword Index=\"F\" Term=\"Com.PDMS.Framework.UIControls2.IPageable\"/&gt;<br />\t&lt;MSHelp:Attr Name=\"TopicType\" Value=\"apiref\"/&gt;<br />\t&lt;MSHelp:Attr Name=\"TopicType\" Value=\"kbSyntax\"/&gt;<br />\t&lt;MSHelp:Attr Name=\"APIType\" Value=\"Managed\"/&gt;<br />\t&lt;MSHelp:Attr Name=\"APILocation\" Value=\"UIControls2.dll\"/&gt;<br />\t&lt;MSHelp:Attr Name=\"APIName\" Value=\".IPageable\"/&gt;<br />\t&lt;MSHelp:Attr Name=\"Locale\" Value=\"en-us\"/&gt;<br />&lt;/xml&gt;<br /><br />I can't see anywhere in the Sandcastle Help File Builder interface to put these settings.  Can anyone point me in the right direction?<br /><br />Thanks<br />Rob<br />",
    "PostedDate": "2008-04-17T06:47:37.093-07:00",
    "UserRole": null,
    "MarkedAsAnswerDate": null
  },
  {
    "Id": "87379",
    "ThreadId": "26112",
    "Html": "\r\nThe current version of SHFB doesn't have the ability to add any new attributes.  The next release due out soon (after the new release of Sandcastle is out) contains enhanced support for Help 2 files.  This includes the ability to add additional MSHelp:Attr properties such as DocSet via a project collection property and new properties for the Help 2 plug-in TOC style, file version, plug-in namespaces, and inclusion of a stop word list for the full text search.  It will also clean up the collection files produced by removing the DTD declaration and create an H2Reg file that can be used to register and unregister the help file in the collections.  With these changes, it should be much simpler and easier to produce a working Help 2 file and register it.<br /><br />Eric<br />",
    "PostedDate": "2008-04-17T08:10:32.97-07:00",
    "UserRole": null,
    "MarkedAsAnswerDate": null
  },
  {
    "Id": "87512",
    "ThreadId": "26112",
    "Html": "\r\nThanks, got it sorted now.  For anyone interested the solution is here http://forums.microsoft.com/Forums/ShowPost.aspx?PostID=3199676&amp;SiteID=1<br /><br />Cheers<br />Rob<br />",
    "PostedDate": "2008-04-18T01:17:55.537-07:00",
    "UserRole": null,
    "MarkedAsAnswerDate": null
  }
]