[
  {
    "Id": "147812",
    "ThreadId": "44412",
    "Html": "I am using Sandcastle and the Help File Builder to create a help file for an SDK I am working on.  I really appreciate getting the Warn messages about missing/incomplete documentation.  I am trying to get to 0 Warn messages in the log file.  Two warnings that I am getting, I do not understand.  These warnings are comming from the SharedContentComponent.  Here is all the output from the SharedContentComponent from my log:<br>\r\nInfo: SharedContentComponent: Instantiating component.<br>\r\nInfo: SharedContentComponent: Searching for files that match 'C:\\views\\CNX\\MKEBuildTools\\Sandcastle\\Presentation\\Prototype\\content\\shared_content.xml'.<br>\r\nInfo: SharedContentComponent: Loading shared content file 'C:\\views\\CNX\\MKEBuildTools\\Sandcastle\\Presentation\\Prototype\\content\\shared_content.xml'.<br>\r\nInfo: SharedContentComponent: Found 1 files in C:\\views\\CNX\\MKEBuildTools\\Sandcastle\\Presentation\\Prototype\\content\\shared_content.xml.<br>\r\nInfo: SharedContentComponent: Searching for files that match 'C:\\views\\CNX\\MKEBuildTools\\Sandcastle\\Presentation\\Prototype\\content\\reference_content.xml'.<br>\r\nInfo: SharedContentComponent: Loading shared content file 'C:\\views\\CNX\\MKEBuildTools\\Sandcastle\\Presentation\\Prototype\\content\\reference_content.xml'.<br>\r\nInfo: SharedContentComponent: Found 1 files in C:\\views\\CNX\\MKEBuildTools\\Sandcastle\\Presentation\\Prototype\\content\\reference_content.xml.<br>\r\nInfo: SharedContentComponent: Searching for files that match 'C:\\views\\CNX\\MKEBuildTools\\Sandcastle\\Presentation\\Shared\\content\\syntax_content.xml'.<br>\r\nInfo: SharedContentComponent: Loading shared content file 'C:\\views\\CNX\\MKEBuildTools\\Sandcastle\\Presentation\\Shared\\content\\syntax_content.xml'.<br>\r\nInfo: SharedContentComponent: Found 1 files in C:\\views\\CNX\\MKEBuildTools\\Sandcastle\\Presentation\\Shared\\content\\syntax_content.xml.<br>\r\nInfo: SharedContentComponent: Searching for files that match 'SharedBuilderContent.xml'.<br>\r\nInfo: SharedContentComponent: Loading shared content file 'C:\\views\\CNX\\cnx\\Build\\dist\\Working\\SharedBuilderContent.xml'.<br>\r\nInfo: SharedContentComponent: Overriding shared content item 'rootlink' with value in file 'C:\\views\\CNX\\cnx\\Build\\dist\\Working\\SharedBuilderContent.xml'.<br>\r\nInfo: SharedContentComponent: Overriding shared content item 'producttitle' with value in file 'C:\\views\\CNX\\cnx\\Build\\dist\\Working\\SharedBuilderContent.xml'.<br>\r\nInfo: SharedContentComponent: Overriding shared content item 'locationinformation' with value in file 'C:\\views\\CNX\\cnx\\Build\\dist\\Working\\SharedBuilderContent.xml'.<br>\r\nInfo: SharedContentComponent: Overriding shared content item 'locale' with value in file 'C:\\views\\CNX\\cnx\\Build\\dist\\Working\\SharedBuilderContent.xml'.<br>\r\nInfo: SharedContentComponent: Overriding shared content item 'copyright' with value in file 'C:\\views\\CNX\\cnx\\Build\\dist\\Working\\SharedBuilderContent.xml'.<br>\r\nInfo: SharedContentComponent: Found 1 files in SharedBuilderContent.xml.<br>\r\nInfo: SharedContentComponent: Searching for files that match 'PresentationStyleBuilderContent.xml'.<br>\r\nInfo: SharedContentComponent: Loading shared content file 'C:\\views\\CNX\\cnx\\Build\\dist\\Working\\PresentationStyleBuilderContent.xml'.<br>\r\nInfo: SharedContentComponent: Overriding shared content item 'header' with value in file 'C:\\views\\CNX\\cnx\\Build\\dist\\Working\\PresentationStyleBuilderContent.xml'.<br>\r\nInfo: SharedContentComponent: Overriding shared content item 'footer' with value in file 'C:\\views\\CNX\\cnx\\Build\\dist\\Working\\PresentationStyleBuilderContent.xml'.<br>\r\nInfo: SharedContentComponent: Found 1 files in PresentationStyleBuilderContent.xml.<br>\r\nInfo: SharedContentComponent: Loaded 225 shared content items.<br>\r\n<strong>Warn: SharedContentComponent: Missing shared content item. Tag:'include'; Id:'topictitle'.<br>\r\nWarn: SharedContentComponent: Missing shared content item. Tag:'include'; Id:'topictitle'.</strong><br>\r\n<br>\r\nThe last two lines are the issue.  I do not know what they mean.  I cannot tell where in the source I should look for a missing 'include' on a topictitle.  Any help getting me pointed in the right direction would be appreciated.<br>\r\n<br>\r\nPat O\r\n",
    "PostedDate": "2009-01-16T11:55:38.367-08:00",
    "UserRole": null,
    "MarkedAsAnswerDate": null
  },
  {
    "Id": "147829",
    "ThreadId": "44412",
    "Html": "You probably haven't applied the Sandcastle presentation style patch available at the Sandcastle Styles project site (<a href=\"http://SandcastleStyles.codeplex.com\">http://SandcastleStyles.codeplex.com</a>).  It will fix a number of issues with the Sandcastle presentation styles and resource files including the missing &quot;topictitle&quot; warning.<br>\r\n<br>\r\nRegarding missing/incomplete documentation, you only need to watch for messages from the ShowMissingComponent.  It's possible that you'll see other warnings and they are normal and can be ignored (i.e. unresolved member names from inherited classes that you aren't documenting, the MSDN web service not returning a link for a framework member, etc).<br>\r\n<br>\r\nEric<br>\r\n",
    "PostedDate": "2009-01-16T12:29:40.393-08:00",
    "UserRole": null,
    "MarkedAsAnswerDate": null
  },
  {
    "Id": "147832",
    "ThreadId": "44412",
    "Html": "Even applying the presentation patch, as recommended by Eric, does not make the <br>\r\nPrototype style complete enough for serious work.<br>\r\nSo, unless you have a special need, simply avoid the Prototype/Hana styles for now, there is<br>\r\nstill more missing include items.<br>\r\n<br>\r\nBest regards,<br>\r\nPaul. \r\n",
    "PostedDate": "2009-01-16T12:40:21.577-08:00",
    "UserRole": null,
    "MarkedAsAnswerDate": null
  }
]