[
  {
    "Id": "71263",
    "ThreadId": "21384",
    "Html": "\r\nHi.<br /><br />I am defining a simple .topic file as the main page of my help document. The help file is generated ok, but when I open the .topic file with Visual Studio 2005, I receive the following warning:<br /><br />\"The root element name must match the DocType name 'bodyText'.\"<br /><br />Also, my logo image always appear on the left side of my title, though I had the placement tag defined as \"above\".<br /><br />That's my .topic file, based on a sample in the SHFB help:<br /><br />&lt;?xml version=\"1.0\" encoding=\"utf-8\"?&gt;<br /><br />&lt;!DOCTYPE bodyText [<br />  &lt;!ENTITY nbsp \" \"&gt;<br />]&gt;<br /><br />&lt;topic xmlns:MSHelp=\"http://msdn.microsoft.com/mshelp\"&gt;<br />  &lt;!-- Add a logo --&gt;<br />  &lt;logoFile filename=\"logo_index.gif\" altText=\"My Logo\" placement=\"above\" alignment=\"left\" /&gt;<br />  &lt;!-- The page title --&gt;<br />  &lt;title&gt;Welcome&lt;/title&gt;<br />  &lt;!-- The body text for the topic --&gt;<br />  &lt;bodyText&gt;<br />    This is the main topic of that help file  &lt;/bodyText&gt;<br />&lt;/topic&gt;<br /><br />Is there any fault on the above .topic file?<br /><br />TIA,<br />rferj<br />",
    "PostedDate": "2008-02-01T10:29:10.73-08:00",
    "UserRole": null,
    "MarkedAsAnswerDate": null
  },
  {
    "Id": "71264",
    "ThreadId": "21384",
    "Html": "\r\nWrong project, you need to post SHFB stuff over in the discussion forum at <a href=\"http://www.codeplex.com/SHFB\" class=\"externalLink\">http://www.codeplex.com/SHFB<span class=\"externalLinkIcon\" style=\"font-family:Consolas, Courier New, Courier, Monospace;\"></span></a>.<br /><br />Anyway, the warning is normal and you can ignore it.  Visual Studio is just trying to apply its rules for XML to the file.  It will still get transformed okay when you build the help file.  Regarding logo placement, I only support left aligned right now.  I haven't had time to add support for other placement styles yet.  You can edit the template or modify it to create your own if you need it for now.<br /><br />Eric<br />",
    "PostedDate": "2008-02-01T10:42:03.237-08:00",
    "UserRole": null,
    "MarkedAsAnswerDate": null
  }
]