[
  {
    "Id": "1055723",
    "ThreadId": "446771",
    "Html": "When the &lt;summary&gt; XML block is missing from the code, the Sandcastle-generated help shows a red &quot;Missing &lt;summary&gt; documentation&quot; warning for the relevant code entity.\r<br />\n<br />\nIs it possible to template or hide this text?\r<br />\n<br />\nI know how to add the summary blocks so that Sandcastle generates the correct description, but our documentation is currently full of these red errors and I would like to suppress them for the time being.<br />\n",
    "PostedDate": "2013-06-12T01:58:45.603-07:00",
    "UserRole": null,
    "MarkedAsAnswerDate": null
  },
  {
    "Id": "1055771",
    "ThreadId": "446771",
    "Html": "In the spirit of answering my own question ... visibility of the 'Missing' tags can be configured simply in the project properties in section &quot;Show Missing Tags&quot; and the actual templates are in SharedBuilderContent XML files.<br />\n",
    "PostedDate": "2013-06-12T03:52:52.48-07:00",
    "UserRole": null,
    "MarkedAsAnswerDate": null
  }
]