[
  {
    "Id": "582494",
    "ThreadId": "250221",
    "Html": "\r\n<p>Hi, I'm using SandCastle to create CHM document for our system exposed API. The API datatype/messagetype is written in C# and then generate the WSDL via &#65279;&#65279;&#65279;svcutil.</p>\r\n<p>in the C# datatype/messeagetype definition, we include both public properties with [Datamember] attribute and other public properties which are intended for internal usage.</p>\r\n<p>So my question is: is there anyway to only generate document for those exposed properties with data contract attribute and hide other public properties which do not have data contract attribute?</p>\r\n",
    "PostedDate": "2011-03-18T01:47:12.467-07:00",
    "UserRole": null,
    "MarkedAsAnswerDate": null
  },
  {
    "Id": "582825",
    "ThreadId": "250221",
    "Html": "<p>You can use the API filter feature to remove unwanted members from the documentation.&nbsp; If you're using the <a title=\"SHFB\" href=\"http://SHFB.CodePlex.com\" target=\"_blank\">Sandcastle Help File Builder</a> or <a title=\"DocProject\" href=\"http://DocProject.CodePlex.com\" target=\"_blank\">DocProject</a>, they contain options to help you select the members for removal.&nbsp; If you're using the Sandcastle tools by themselves from the command line, you'll need to add the filter manually to the MRefBuilder configuration file.&nbsp; If by \"internal usage\" you mean only for use by classes within the assembly in which they reside, another option would be to declare the members in question as&nbsp;\"internal\" rather than \"public\".&nbsp; That would remove them from the public interface and would omit them from the documentation by default.</p>\r\n<p>Eric</p>\r\n<p>&nbsp;</p>",
    "PostedDate": "2011-03-18T12:37:24.21-07:00",
    "UserRole": null,
    "MarkedAsAnswerDate": null
  }
]