[
  {
    "Id": "151457",
    "ThreadId": "45401",
    "Html": "<p style=\"margin:0in 0in 0pt 0.5in\"><span style=\"font-family:calibri\"><b>When creating the CHM file, how do I exclude certain namespaces</b>?</span></p>\r\n<p style=\"margin:0in 0in 0pt 1in\"><span style=\"font:7pt 'times new roman'\"> </span><span style=\"font-family:calibri\">I have some namespaces with public methods that are internal only (private) e.g. Microsoft.abc.Namespace (to be shared) and Microsoft.abc.Internal.Namespace (not to be part of the CHM).</span></p>\r\n",
    "PostedDate": "2009-01-27T11:02:23.743-08:00",
    "UserRole": null,
    "MarkedAsAnswerDate": null
  },
  {
    "Id": "151466",
    "ThreadId": "45401",
    "Html": "Hi, <br>\r\n<br>\r\nSee this blog post:<br>\r\n<br>\r\n<a href=\"http://blogs.msdn.com/sandcastle/archive/2008/06/18/filtering-apis-using-sandcastle.aspx\">http://blogs.msdn.com/sandcastle/archive/2008/06/18/filtering-apis-using-sandcastle.aspx</a> <br>\r\n<br>\r\n- Dave\r\n",
    "PostedDate": "2009-01-27T11:21:51.6-08:00",
    "UserRole": null,
    "MarkedAsAnswerDate": null
  }
]