[
  {
    "Id": "75238",
    "ThreadId": "22530",
    "Html": "\r\nHello!<br /><br />I just started using Sandcastle, and so far it's working great for what I need. However I've got a few questions I hope someone can answer. I'm trying to document a class I've written in C# using the triple slash XML comments, and I've run into some things that I can't seem to find the answer for.<br /><br />First, in one of my &lt;code&gt; blocks I'm trying to document a web.config or app.config snippet, so I'm actually trying to embed XML tags into the code block. In order to get it to render correctly, I had to use the HTML character code for the angle brackets in my snippet in order for it to generate the code block correctly. Is this the only way to accomplish something like this, or is there a better way?<br /><br />Second, since the aforementioned code block actually contains XML, not C# code, is there a way to get the heading above the block in my help doc to say \"XML\" (or better still \"web.config or app.config\") rather than \"C#\"?<br /><br />Third, on the class members help page, my Item property's description merely says \"Overloaded.\". While this is OK because when you click through to the overload list the &lt;summary&gt;'s for each overload are correct, I'd really like it to say more, just like it does on MSDN for the NameValueCollection's Item property on its members help page(go here <a href=\"http://msdn2.microsoft.com/en-us/library/system.collections.specialized.namevaluecollection_members.aspx\" class=\"externalLink\">http://msdn2.microsoft.com/en-us/library/system.collections.specialized.namevaluecollection_members.aspx<span class=\"externalLinkIcon\" style=\"font-family:Consolas, Courier New, Courier, Monospace;\"></span></a> and check out the description for the Item property to see what I'm talking about).<br /><br />Thanks to all that can help.<br />-Don<br />",
    "PostedDate": "2008-02-20T07:30:41.847-08:00",
    "UserRole": null,
    "MarkedAsAnswerDate": null
  },
  {
    "Id": "75247",
    "ThreadId": "22530",
    "Html": "\r\nSee this thread for solutions to items 1 and 2: <a href=\"http://www.codeplex.com/Sandcastle/Thread/View.aspx?ThreadId=21592\" class=\"externalLink\">http://www.codeplex.com/Sandcastle/Thread/View.aspx?ThreadId=21592<span class=\"externalLinkIcon\" style=\"font-family:Consolas, Courier New, Courier, Monospace;\"></span></a>.<br /><br />If you're already using SHFB (I'm assuming you are due to the default C# title), you can add a lang attribute to the &lt;code&gt; block to identify the language which will then default the title to the language or you can specify a title attribute to supply a different title.  See the Code Block Component documentation in the help file for details.<br /><br />For the third item, add an &lt;overloads&gt; tag containing the text you want to appear to one of the methods.  For the Hana and VS2005 styles, it will appear on the summary page after the \"Overloaded.\" text.<br /><br />Eric<br />",
    "PostedDate": "2008-02-20T08:12:06.783-08:00",
    "UserRole": null,
    "MarkedAsAnswerDate": null
  },
  {
    "Id": "75253",
    "ThreadId": "22530",
    "Html": "\r\nHi, <br /><br />For the third issue, Eric's suggestion is already part of Sandcastle.<br /><br />For example: <br /><br /><pre style=\"background-color:#ECECEC; border:dashed .1em #3E62A6; font-family:Consolas, Courier New, Courier, Monospace; font-size:1em; margin-top:0; padding:.5em; height:auto; overflow:auto; overflow-x:auto; overflow-y:auto;\">\r\n/// &lt;overloads&gt;\r\n/// &lt;summary&gt;This is the overloads summary.&lt;/summary&gt;\r\n/// &lt;/overloads&gt;\r\n/// &lt;summary&gt;Summary for the first overload.&lt;/summary&gt;\r\npublic void OverloadMe();\r\n \r\n/// &lt;summary&gt;Summary for the second overload.&lt;/summary&gt;\r\npublic void OverloadMe(bool arg);\r\n</pre>You should then see, \"Overloaded. This is the overloads summary.\" in pseudo topics; e.g., <i>All Members</i> and <i>Methods</i>.<br /><br />- Dave<br />",
    "PostedDate": "2008-02-20T08:40:50.423-08:00",
    "UserRole": null,
    "MarkedAsAnswerDate": null
  },
  {
    "Id": "75740",
    "ThreadId": "22530",
    "Html": "\r\nEwoodruff &amp; davedev,<br /><br />Thanks for the help, it's much appreciated. EWoodruff, you are correct in your assumption that I'm using SHFB.<br /><br />Work's picked up so I can't implement your suggestions now, but I'll report back when I get a free moment on if I'm successful.<br /><br />-Don<br />",
    "PostedDate": "2008-02-22T06:51:05.617-08:00",
    "UserRole": null,
    "MarkedAsAnswerDate": null
  }
]