[
  {
    "Id": "414909",
    "ThreadId": "204032",
    "Html": "<p>Hi</p>\r\n<p>I have 2 questions.</p>\r\n<p>1,This is main problem. I want by to mark new methods, classis, etc some character (example &quot;*&quot;), my idea is find some variable (that is actual version) and then call over which methods, classis, etc. and after then add in topic character &quot;*&quot;. Simpliciter i want demark new methods with other methods.</p>\r\n<p>2, Some methods are not comments, then i see in HELP concrete method and nothing description (as summary, remarks) it is good. But when is description method in version 2.0 erased, and in Version managment are both version (1.0 and 2.0), then i see this method but i dont see any summary or remarks, and so i dont know this method is erased previously version or dont have fill tags summary or remarks. (Exist obsolete attribut, but sometimes somebody can by mistake and dont use this attribut)</p>\r\n<p>Thank you for your help and sorry for my english.</p>\r\n<p>&nbsp;</p>",
    "PostedDate": "2010-03-06T00:50:34.69-08:00",
    "UserRole": null,
    "MarkedAsAnswerDate": null
  },
  {
    "Id": "417225",
    "ThreadId": "204032",
    "Html": "<p>&gt;&gt; 1. This is main problem. I want by to mark new methods, classis, etc some character (example &quot;*&quot;)</p>\r\n<p>This is a missing feature in Sandcastle and in MSDN. You open that big documentation and you will not see<br>new methods and properties marked as such.</p>\r\n<p>Currently, you can add this by using custom components. The way to do this is to tag your new methods/properties<br>with &lt;new/&gt; tag, and handle this in your custom component.</p>\r\n<p>&gt;&gt; 2....</p>\r\n<p>I am really sorry, I do not understand this question. You may try in your native language, may be someone can help translate.</p>\r\n<p>Best regards,<br>Paul.&nbsp;</p>",
    "PostedDate": "2010-03-11T16:57:38.823-08:00",
    "UserRole": null,
    "MarkedAsAnswerDate": null
  },
  {
    "Id": "417254",
    "ThreadId": "204032",
    "Html": "<p>Hi,</p>\r\n<p>#2: I was emailed this question directly but it seems that I have misunderstood it as well.&nbsp; I think it's clearer to me now though:</p>\r\n<p>When you remove APIs from your assemblies,&nbsp;the version management tool will still produce documentation&nbsp;for them with a note that it was only available in a previous version.&nbsp; However, the XML documentation is no longer available for&nbsp;these older APIs because they're no longer part of the original codebase being compiled, which is where the XML documentation file comes from that is fed to Sandcastle.&nbsp; So you end up having older methods in your documentation without any comments.&nbsp; (And you don't want to use the older XML documentation files because they may contain old documentation for existing APIs.)</p>\r\n<p>One possible solution is to not remove APIs and instead use <strong>ObsoleteAttribute</strong>, but as the OP pointed out, this may not be ideal because you have to remember to add this attribute and then you must hope that devs honor it.</p>\r\n<p>Another solution is to manually or programmatically compare the old XML documentation file with the new XML documentation file&nbsp;to look for APIs that&nbsp;no longer exist in the new XML documentation file.&nbsp; Once you have identified the missing documentation, there are two options:</p>\r\n<p>A. Insert the&nbsp;missing XML documentation elements into the new XML documentation file and Sandcastle will pick it up automatically.<br>B.&nbsp;Remove the common XML documentation elements from the old XML documentation file and ensure that Sandcastle can see both of them.</p>\r\n<p>How to do either of these depends upon which automation tool that you're using, if any.&nbsp; But generally you can write a simple&nbsp;add-in or&nbsp;command-line executable that collects the set of unique API names from each XML document, performs a&nbsp;simple comparison on those names, and isolates all of the &quot;missing&quot; elements.&nbsp;&nbsp;Then you can choose to implement option A or B.&nbsp; Finally, register your add-in with the automation tool at an early phase in the build process.</p>\r\n<p>- Dave</p>",
    "PostedDate": "2010-03-11T19:06:03.327-08:00",
    "UserRole": null,
    "MarkedAsAnswerDate": null
  },
  {
    "Id": "417267",
    "ThreadId": "204032",
    "Html": "<p>Hello Dave,</p>\r\n<p>Thanks for the clarifications.</p>\r\n<p>Best regards,<br>Paul.&nbsp;</p>",
    "PostedDate": "2010-03-11T20:12:28.897-08:00",
    "UserRole": null,
    "MarkedAsAnswerDate": null
  }
]