[
  {
    "Id": "1273913",
    "ThreadId": "551957",
    "Html": "Hello Everyone, \r<br />\n<br />\nI am creating a custom page and inserting there my code examples using &lt;code language=&quot;cs&quot;&gt; &lt;/code&gt; tag. Everything works perfectly well.\r<br />\n<br />\nUnfortunately I also need to insert the same code example not only in C#, but also in VB. When I simply add after the first piece of code tag &lt;code language=&quot;vb&quot;&gt; &lt;/code&gt;, two pieces of code are placed one after the other. But it’s preferable to place them in different tabs, like every other piece of code in Help file. The Presentation Style I use is Hana (Deprecated).\r<br />\n<br />\nCould anyone advise how to place two pieces of code in tabs?\r<br />\n<br />\nKind regards, \r<br />\nKatya<br />\n",
    "PostedDate": "2014-07-18T04:29:43.247-07:00",
    "UserRole": null,
    "MarkedAsAnswerDate": null
  },
  {
    "Id": "1273992",
    "ThreadId": "551957",
    "Html": "The Hana style has been deprecated and won't receive any further updates to fix issues such as that.  Use the new VS2013 presentation style instead available in the latest release of the Sandcastle Help File Builder.  It will give you the behavior that you want and will more closely match the latest MSDN style.\r<br />\n<br />\nPlease note that this project site has been discontinued and may not be monitored as frequently. For future questions or issues concerning Sandcastle or SHFB, post them over on the <a href=\"http://SHFB.CodePlex.com\" rel=\"nofollow\">Sandcastle Help File Builder</a> project's discussion page. Thanks. \r<br />\n<br />\n<br />\nEric<br />\n",
    "PostedDate": "2014-07-18T08:11:41.48-07:00",
    "UserRole": null,
    "MarkedAsAnswerDate": null
  },
  {
    "Id": "1278705",
    "ThreadId": "551957",
    "Html": "Dear Eric, \r<br />\n<br />\nthanks for the information.\r<br />\n<br />\nKind regards, \r<br />\nKatya<br />\n",
    "PostedDate": "2014-07-29T04:59:55.62-07:00",
    "UserRole": null,
    "MarkedAsAnswerDate": null
  }
]