[
  {
    "Id": "646005",
    "ThreadId": "266177",
    "Html": "\r\n<p>I have some parts in comments (usualy in remark section) which Id not like to publish. Something internal stuff. Is it possible to do this?</p>\r\n",
    "PostedDate": "2011-07-22T03:08:41.463-07:00",
    "UserRole": null,
    "MarkedAsAnswerDate": null
  },
  {
    "Id": "646017",
    "ThreadId": "266177",
    "Html": "<p>You will need to apply a filter to the comments before processing.</p>\r\n<p>The approach will depend on your build tool.</p>\r\n<p>By the way, you may follow Microsoft's way of doing this by using the &lt;devdoc&gt; tag,<br />which is a high-level tag like the remarks. This way you can update the styles to generate internal<br />documents and easily filter these when creating user document.</p>\r\n<p>Best regards,<br />Paul.&nbsp;</p>",
    "PostedDate": "2011-07-22T03:41:40.777-07:00",
    "UserRole": null,
    "MarkedAsAnswerDate": null
  },
  {
    "Id": "646022",
    "ThreadId": "266177",
    "Html": "<p>Thanks.</p>\r\n<p>My buld tool is Sandcastle Help File Builder.</p>",
    "PostedDate": "2011-07-22T03:43:55.167-07:00",
    "UserRole": null,
    "MarkedAsAnswerDate": null
  },
  {
    "Id": "646024",
    "ThreadId": "266177",
    "Html": "<p>I am not sure, there is a plug-in for that. You may have to write your own plug-in to handle it.</p>\r\n<p>Best regards,<br />Paul.&nbsp;</p>",
    "PostedDate": "2011-07-22T03:47:25.283-07:00",
    "UserRole": null,
    "MarkedAsAnswerDate": null
  }
]