[
  {
    "Id": "442107",
    "ThreadId": "212443",
    "Html": "<p>I already posted this question on Sandcastle Styles discussion board but I am not sure how active that discussion board is as the last post was back in February. Thus I am posting this question here as well. My apologies to everyone offended by this but I am running out of time and need to fix the problem really soon&hellip;</p>\r\n<p>I am using SHFB 1.8.0.3 to create a .NET class library documentation.</p>\r\n<p>I have a C# method with the following signature:</p>\r\n<p><em>public static string TransformToXML(&nbsp;byte[] message);</em></p>\r\n<p>Prior to applying the &quot;Sandcastle May 2008 Patch Rev 3&quot; patch the resulting C# documentation was generated correctly:</p>\r\n<p><strong>Parameters</strong><br><em><strong>message </strong></em><br><span style=\"color:#0000ff;text-decoration:underline\">Byte </span>[]<br>message bytes to transform</p>\r\n<p>But after I applied the patch I now get an extra pair of brackets in the documentation (i.e. Byte[]<span style=\"color:#ff0000\">[]</span>) for all languages C#, C++, and even VB:</p>\r\n<p><strong>Parameters</strong><br><em><strong>message </strong></em><br><span style=\"color:#0000ff;text-decoration:underline\">Byte </span>[]<span style=\"color:#000000\">[]</span><br>message bytes to transform</p>\r\n<p>Does any one know how I can correct this?<br>Thank you very much for you help,<br>Leo</p>",
    "PostedDate": "2010-05-12T08:55:59.313-07:00",
    "UserRole": null,
    "MarkedAsAnswerDate": null
  },
  {
    "Id": "443307",
    "ThreadId": "212443",
    "Html": "<p>It would appear that you are using the Hana presenation style.&nbsp; What you are seeing is the span for the F# array brackets.&nbsp; These get rendered regardless of which languages you choose to include in the syntax filter.&nbsp; The Hana style doesn't fully support the F# language so they aren't getting hidden properly.&nbsp; Only the VS2005 style supports F# syntax elements right now.&nbsp; You can work around the problem for the time being by adding the following style to the C:\\Program Files\\Sandcastle\\Presentation\\Hana\\Styles\\Presentation.css file:</p>\r\n<p>span.fs<br>{<br>&nbsp;display: none;<br>}</p>\r\n<p>This will default the F# language attribute spans to be hidden by default.</p>\r\n<p>Eric</p>\r\n<p>&nbsp;</p>",
    "PostedDate": "2010-05-15T13:00:57.617-07:00",
    "UserRole": null,
    "MarkedAsAnswerDate": null
  },
  {
    "Id": "443865",
    "ThreadId": "212443",
    "Html": "<p>Eric,<br>You were right - I am using Hana presentation style. <br>The workaround that you provided did indeed solve the problem.<br>Thank you very much for your help,<br>Leo</p>",
    "PostedDate": "2010-05-17T09:26:00.26-07:00",
    "UserRole": null,
    "MarkedAsAnswerDate": null
  }
]