[
  {
    "Id": "266970",
    "ThreadId": "78064",
    "Html": "<p>Hi</p>\r\n<p>I have a question regarding sandcastle documentation : I have multiples assemblies in my project ,but among them there are some that I don't want to document.Is there any way to do that in the shfb file?</p>\r\n<p>Those assemblies are third party assemblies,like :nhibernate and so on.If these are not included,the shfb project doesn't compile.The name of all the assemblies that I want to document begins with the same string,but I don't want to go to each assembly and select/unselect because the list of the assemblies to document is automatically generated with MSBUILD.</p>\r\n<p>To be more clear I have these assemblies :MyNamespacePattern.Assembly1,MyNamespacePattern.Assembly2,ThirdPartyAssembly and I want to document all the assemblies that are beggining with</p>\r\n<p>MyNamespacePattern.</p>\r\n<p>I want something like :&lt;namespaceSummaryItem name=&quot;MyNamespace*. isDocumented=&quot;True&quot;/&gt;</p>\r\n<p>Thank you</p>\r\n<p>Andrei</p>",
    "PostedDate": "2009-12-14T04:26:17.383-08:00",
    "UserRole": null,
    "MarkedAsAnswerDate": null
  },
  {
    "Id": "267074",
    "ThreadId": "78064",
    "Html": "<p>Third party assemblies that you don't want documented but that MRefBuilder needs to resolve references should be added to the References project node in the Project Explorer window in SHFB.&nbsp; For SHFB related questions and issues, please post over in the SHFB project's discussion area (<a href=\"http://SHFB.CodePlex.com\">http://SHFB.CodePlex.com</a>).&nbsp; Thanks.</p>\r\n<p>Eric</p>\r\n<p>&nbsp;</p>",
    "PostedDate": "2009-12-14T08:19:48.197-08:00",
    "UserRole": null,
    "MarkedAsAnswerDate": null
  }
]