[
  {
    "Id": "112115",
    "ThreadId": "33833",
    "Html": "Is there any possibility there will be a presentation style available that more closely matches the current MSDN?<br>\r\n<br>\r\nOur specific issue is that we are currently using the VS2005 style, and when it comes to Overloaded members, the description just states &quot;Overloaded.&quot; But we would like it to have the full description so it would read, &quot;Overloaded. Determines whether two <a id=\"ctl00_rs1_mainContentContainer_ctl20\" href=\"http://msdn.microsoft.com/en-us/library/system.object(VS.80).aspx\"><span style=\"color:#0033cc\">Object</span></a> instances are equal. (Inherited from <a id=\"ctl00_rs1_mainContentContainer_ctl21\" href=\"http://msdn.microsoft.com/en-us/library/system.object(VS.80).aspx\"><span style=\"color:#0033cc\">Object</span></a>.)&quot; <br>\r\n<br>\r\nWe noticed in the Prototype presentation style that we could get the full description, but then it leaves off the &quot;Overloaded&quot; part. Is there any way to modify&nbsp;any of the current styles&nbsp;to display the entire description? Our preference right now is to use the VS2005 style if anyone knows of a modification that can be made to that one.<br>\r\n<br>\r\nThanks,<br>\r\nKaty\r\n",
    "PostedDate": "2008-08-19T10:50:09.853-07:00",
    "UserRole": null,
    "MarkedAsAnswerDate": null
  },
  {
    "Id": "112134",
    "ThreadId": "33833",
    "Html": "I think if you put a &lt;summary&gt; element rather than a plain text description within an &lt;overloads&gt; element on one of the overloaded methods, the summary from the overload description will show up after the &quot;Overloaded&quot; description on the list page as well as on the &quot;Overloads&quot; page itself.<br>\r\n<br>\r\nEric<br>\r\n",
    "PostedDate": "2008-08-19T12:12:47.46-07:00",
    "UserRole": null,
    "MarkedAsAnswerDate": null
  },
  {
    "Id": "112184",
    "ThreadId": "33833",
    "Html": "&gt;&gt;Eric: <em>I think if you put a &lt;summary&gt; element rather than a plain text description within an &lt;overloads&gt; element</em>...<br>\r\nNo Eric, Katy is simply not writing the &lt;overloads&gt; tags. It works for me even&nbsp;without the &lt;summary&gt; tag in the &lt;overloads&gt;, <br>\r\nand in fact, I have just verified to make sure it was not broken.<br>\r\nNDoc will automatically pull the&nbsp;&lt;summary&gt; for the first overload entry, but this is not supported in Sancastle.<br>\r\n<br>\r\nBest regards,<br>\r\nPaul.\r\n",
    "PostedDate": "2008-08-19T15:20:57.663-07:00",
    "UserRole": null,
    "MarkedAsAnswerDate": null
  },
  {
    "Id": "112350",
    "ThreadId": "33833",
    "Html": "<p>Thanks Paul,</p>\r\n<p>That was exactly the situation. Since the Overloaded text was getting generated, we didn't realize we had to also put an &lt;overloads&gt; tag to get the description to display. Works fine now. One additional question though - it puts the description on the next line, instead of inline with the Overloaded test. Any idea how to get the description to display on the same line?<br>\r\n<br>\r\nKaty</p>\r\n",
    "PostedDate": "2008-08-20T08:22:09.117-07:00",
    "UserRole": null,
    "MarkedAsAnswerDate": null
  },
  {
    "Id": "112360",
    "ThreadId": "33833",
    "Html": "Actually, it works with inner text or a summary element&nbsp;(just tried it myself both ways).&nbsp; If the summary is present it uses it, otherwise it uses the inner text.&nbsp; Either way, it wraps the text in a &lt;div&gt; which is why it appears on a new line in the list page.&nbsp; You can probably modify the <strong>&lt;xsl:template match=&quot;overloads&quot; mode=&quot;summary&quot;&gt;</strong> template in <strong>main_sandcastle.xsl</strong> to get rid of the div in the <strong>otherwise</strong> case section.&nbsp; However, that may break the formatting on the actual overloads page itself if the same template is used there.<br>\r\n<br>\r\nEric<br>\r\n",
    "PostedDate": "2008-08-20T08:41:08.407-07:00",
    "UserRole": null,
    "MarkedAsAnswerDate": null
  }
]