[
  {
    "Id": "114166",
    "ThreadId": "34392",
    "Html": "I'm pretty new to C# and just recently found out about Sandcastle.<br>\r\nI have a simple application that is made up of a form, myform.cs, and a static class that handles connection/communication with a SQL database.<br>\r\nI have compiled both of these together into one output file, myApp.exe. I have Visual Studio 2008 kick out the comments xml file for me. If I look through this file, I can see all my /// comments I placed in my code on the two classes and their public properties/methods.<br>\r\nThe form only has one public method, the constructor. The helper class that does the database communication has several public methods that the form calls depending on which button is pressed.<br>\r\nAnyway, when I run through the steps to build the CHM file, I only get information about my form class, which is not very useful since it only has a constructor and then all the other inherited behavior from form, container, etc.<br>\r\nFor some reason I don't get anything about my static helper class. Trying to dig into this a bit I noticed that when I build the reflection.org file by running MRefBuilder on MyApp.exe, I only get output about the form, not the helper class. So I think the problem is starting there.<br>\r\nAm I missing something or do I just not know how to program? My application seems to work just fine, but that doesn't mean I used the best design. I have searched the web for the answer for the past day and a half with no luck. I tried using Sandcastle Help File Builder and DocProject but I'm getting the same results. It's not really critical for this small application that I get this working but it will be for the next several that I build so I would like to get this resolved if possible.<br>\r\nI'd appreciate any feedback, I can really use all the help I can get.<br>\r\n<br>\r\nVersions of software I have been using:<br>\r\nSandcastle:&nbsp;Version 2.4.10520<br>\r\nHTML Help Workshop: 4.74.8702.0<br>\r\nSHFB: 1.7.0.0<br>\r\nDocProject: 1.2.0.0\r\n",
    "PostedDate": "2008-08-27T09:11:01.787-07:00",
    "UserRole": null,
    "MarkedAsAnswerDate": null
  },
  {
    "Id": "114170",
    "ThreadId": "34392",
    "Html": "<p>Did you put your classes in a namespace?&nbsp; SHFB will exclude the global namespace by default.&nbsp; That's where classes without a namespace will go.&nbsp; You can use the Namespaces button to the right of the list of assemblies on the main form to edit the namespaces that are included.&nbsp; You can put a checkmark next to the &quot;(global)&quot; entry to include it.&nbsp; The other solution is to add a namespace around the class in your code:</p>\r\n<p>namespace SomeNamespace</p>\r\n<p>{</p>\r\n<p>&nbsp;&nbsp;&nbsp; public class SomeClass<br>\r\n&nbsp;&nbsp;&nbsp; {<br>\r\n&nbsp;&nbsp;&nbsp; }</p>\r\n<p>}</p>\r\n<p>Eric</p>\r\n<p>&nbsp;</p>\r\n",
    "PostedDate": "2008-08-27T09:24:28.073-07:00",
    "UserRole": null,
    "MarkedAsAnswerDate": null
  },
  {
    "Id": "114175",
    "ThreadId": "34392",
    "Html": "Eric,<br>\r\n<br>\r\n&nbsp;&nbsp; Thanks for you quick response. Yes I have both the form and the helper class files in the same namespace, I double checked. Just to be complete, I added the &quot;global&quot; namespace in SHFB and regenerated the CHM file. Still I don't have any information about the helper class file.<br>\r\n&nbsp;&nbsp; I can post some code snippets if that would help.<br>\r\nThanks,<br>\r\n<br>\r\nBryan<br>\r\n&nbsp;&nbsp;\r\n",
    "PostedDate": "2008-08-27T09:36:41.59-07:00",
    "UserRole": null,
    "MarkedAsAnswerDate": null
  },
  {
    "Id": "114188",
    "ThreadId": "34392",
    "Html": "Here are some code snippets from my application...<br>\r\n<br>\r\n<span style=\"text-decoration:underline\">FabWaypointApp.cs</span><br>\r\nnamespace FabWaypointApp {<br>\r\n&nbsp;&nbsp; static class FabWaypointApp {<br>\r\n&nbsp;&nbsp;&nbsp;&nbsp;&nbsp; /// &lt;summary&gt;<br>\r\n&nbsp;&nbsp;&nbsp;&nbsp;&nbsp; /// The main entry point for the applicaiton.<br>\r\n&nbsp;&nbsp;&nbsp;&nbsp; /// &lt;/summary&gt;<br>\r\n&nbsp;&nbsp;&nbsp;&nbsp;&nbsp;[STAThread]<br>\r\n&nbsp;&nbsp;&nbsp;&nbsp; static void Main() {<br>\r\n&nbsp;&nbsp;&nbsp;&nbsp;&nbsp;&nbsp;&nbsp; ...<br>\r\n&nbsp;&nbsp;&nbsp;&nbsp;&nbsp;&nbsp;&nbsp; Application.Run(new frmFabWaypointTerminal();<br>\r\n&nbsp;&nbsp;&nbsp;&nbsp; }<br>\r\n&nbsp;&nbsp; }<br>\r\n}<br>\r\n<br>\r\n<span style=\"text-decoration:underline\">FWTui.cs<br>\r\n</span>namespace FabWaypointApp {<br>\r\n&nbsp; public partial class frmFabWaypointTerminal:Form {<br>\r\n&nbsp;&nbsp;&nbsp;&nbsp; ...<br>\r\n&nbsp;&nbsp;&nbsp;&nbsp; ///&lt;summary&gt;<br>\r\n&nbsp;&nbsp;&nbsp;&nbsp;/// Initializes all GUI components and gets current list of active sampleID's from FWTLL to populate the drop-down.<br>\r\n&nbsp;&nbsp;&nbsp; /// &lt;/summary&gt;<br>\r\n&nbsp;&nbsp;&nbsp;&nbsp; public frmFabWaypointTerminal() {<br>\r\n&nbsp;&nbsp;&nbsp;&nbsp;&nbsp;&nbsp;&nbsp; InitializeComponent();<br>\r\n&nbsp;&nbsp;&nbsp;&nbsp;&nbsp;&nbsp;&nbsp; UpdateSampleIDs();<br>\r\n&nbsp;&nbsp;&nbsp;&nbsp;&nbsp;}<br>\r\n&nbsp;&nbsp;&nbsp;&nbsp; ...<br>\r\n&nbsp;&nbsp;&nbsp; private void UpdateSampleIDs() {<br>\r\n&nbsp;&nbsp;&nbsp;&nbsp;&nbsp;&nbsp; cbxSampleID.Items.AddRange(FWTLL.GetActiveRuns());<br>\r\n&nbsp;&nbsp;&nbsp; }<br>\r\n&nbsp;&nbsp; ...<br>\r\n&nbsp;&nbsp; }<br>\r\n}<br>\r\n<br>\r\n<span style=\"text-decoration:underline\">FWTLL.cs</span><br>\r\nnamespace FabWaypointApp {<br>\r\n&nbsp;&nbsp;/// &lt;summary&gt;<br>\r\n&nbsp; /// This class handles all interactions with the database.<br>\r\n&nbsp;&nbsp;/// &lt;/summary&gt;<br>\r\n&nbsp; static class FWTLL {<br>\r\n<br>\r\n&nbsp;&nbsp;&nbsp; /// &lt;summary&gt;<br>\r\n&nbsp;&nbsp;&nbsp; /// Enum to keep trak of the status of the run.<br>\r\n&nbsp;&nbsp;&nbsp; /// &lt;/summary&gt;<br>\r\n&nbsp;&nbsp;&nbsp; public enum RunStatus {NotStarted, Started, Finished, Failed}<br>\r\n&nbsp;&nbsp;&nbsp; ...<br>\r\n&nbsp;&nbsp;&nbsp; /// &lt;summary&gt;<br>\r\n&nbsp;&nbsp;&nbsp; /// Queries the database to get a list of all active runs and puts the SampleIS from each into a string array.<br>\r\n&nbsp;&nbsp;&nbsp; /// &lt;/summary&gt;<br>\r\n&nbsp;&nbsp;&nbsp; /// &lt;returns&gt; array of SampleID's for every active run in the database.&lt;/returns&gt;<br>\r\n&nbsp;&nbsp;&nbsp; /// &lt;exception cref=&quot;ApplicationException&quot;&gt;Thrown if&nbsp;connection to the database or the query is unsuccessful&lt;/exception&gt;<br>\r\n&nbsp;&nbsp;&nbsp; public static string[] GetActiveRuns() {<br>\r\n&nbsp;&nbsp;&nbsp;&nbsp;&nbsp;&nbsp; ...<br>\r\n&nbsp;&nbsp;&nbsp; }<br>\r\n&nbsp; }<br>\r\n}<br>\r\n<br>\r\nThe behavior I'm getting is that in the CHM I get all the info for frmFabWaypointTerminal but nothing for FWTLL. I hope this makes sense and is helpful.\r\n",
    "PostedDate": "2008-08-27T10:15:18.763-07:00",
    "UserRole": null,
    "MarkedAsAnswerDate": null
  },
  {
    "Id": "114227",
    "ThreadId": "34392",
    "Html": "Hi Bryan, <br>\r\n<br>\r\nThe problem is most likely that your&nbsp;static class is not marked as <strong>public</strong>.&nbsp; The MRefBuilder requires the <strong>/internal+ </strong>switch to document non-public APIs.<br>\r\n<br>\r\nIn both SHFB and DocProject there are project options that allow you to&nbsp;change the scope of the documentation to include non-public APIs if you wish to keep the class as <strong>internal </strong>(the default class accessibility modifier in C#).<br>\r\n<br>\r\n- Dave\r\n",
    "PostedDate": "2008-08-27T12:43:29.067-07:00",
    "UserRole": null,
    "MarkedAsAnswerDate": null
  },
  {
    "Id": "114238",
    "ThreadId": "34392",
    "Html": "Dave,<br>\r\n<br>\r\n&nbsp;&nbsp; You were exactly correct. Thank you so much for pointing that out! I don't think I would have ever caught that. I really appreciate it.<br>\r\n<br>\r\nBryan\r\n",
    "PostedDate": "2008-08-27T13:24:21.71-07:00",
    "UserRole": null,
    "MarkedAsAnswerDate": null
  }
]