[
  {
    "Id": "283162",
    "ThreadId": "82423",
    "Html": "<p>I have developed an application in VS 2008 using vb.net language.</p>\r\n<p>I am using the Sadcastle Document Builder. I have succsessfully build the Help File.</p>\r\n<p>But,my probme&nbsp;Methods (Functions or Subroutines) which are Private (private in scope) that Methods&nbsp;doesnt appear in the documentation at all.</p>\r\n<p>only public methods appears.</p>\r\n<p>Is that any settings in Help Builder to overcome this problem ?</p>",
    "PostedDate": "2010-01-28T23:00:20.743-08:00",
    "UserRole": null,
    "MarkedAsAnswerDate": null
  },
  {
    "Id": "283360",
    "ThreadId": "82423",
    "Html": "<p>In the <strong>Project Properties</strong> tab, under <strong>Visibility</strong>, Set <strong>DocumentPrivates </strong>to true (it is false by default).</p>\r\n<p>&nbsp;</p>",
    "PostedDate": "2010-01-29T07:58:36.023-08:00",
    "UserRole": null,
    "MarkedAsAnswerDate": null
  }
]