[
  {
    "Id": "1103152",
    "ThreadId": "461030",
    "Html": "Hello,\r<br />\n<br />\nI experience stange behaviour using the &lt;code&gt; maml element.\r<br />\nMy code is the following:<br />\n<pre><code>&lt;?xml version=&quot;1.0&quot; encoding=&quot;utf-8&quot;?&gt;\n&lt;topic id=&quot;89faf755-5cbe-4fa1-8421-61aca6111100&quot; revisionNumber=&quot;1&quot;&gt;\n  &lt;developerConceptualDocument\n    xmlns=&quot;http://ddue.schemas.microsoft.com/authoring/2003/5&quot;\n    xmlns:xlink=&quot;http://www.w3.org/1999/xlink&quot;&gt;\n\n  \n\n        &lt;code  language=&quot;xml&quot;&gt;\n        &amp;lt;appender name=&amp;quot;ServerFileAppender&amp;quot; type=&amp;quot;Ubiquis.Kernel.Core.Log4Net.SbfLogFileAppender&amp;quot;&amp;gt;\n        &amp;#160; ...\n        &amp;lt;/appender&amp;gt;&amp;#160;\n        &lt;/code&gt;\n        \n        \n        &lt;code  language=&quot;xml&quot;&gt;\n        test1\n        test2\n        test3\n        &lt;/code&gt;\n    \n\n    &lt;relatedTopics&gt;\n    &lt;/relatedTopics&gt;\n\n  &lt;/developerConceptualDocument&gt;\n&lt;/topic&gt;</code></pre>\n\nWhen I preview this in Sandcastle Help builder, everything is ok.\r<br />\nWhen I build the doc, an view the resuting HTML, the first line of code is not align on left we the next lines of code.\r<br />\n<br />\nI look to the resulting HTML, and find that the first line of code is contains inside a &lt;pre&gt; tags, and that there is linefeed, and leading spaces before the &lt;span&gt; tags.<br />\n<pre><code>                    &lt;span class=&quot;highlight-lineno&quot;&gt;1&lt;/span&gt;\n                    &lt;span class=&quot;highlight-lnborder&quot;&gt;&lt;/span&gt;\n                    &lt;span class=&quot;highlight-spacerShort&quot;&gt;&lt;/span&gt;\n                    &lt;span class=&quot;highlight-xml-bracket&quot;&gt;&amp;lt;&lt;/span&gt;\n                    &lt;span class=&quot;highlight-xml-tag&quot;&gt;appender&lt;/span&gt; &lt;span class=&quot;highlight-xml-attribute-name&quot;&gt;name&lt;/span&gt;&lt;span class=&quot;highlight-xml-attribute-equal&quot;&gt;=&lt;/span&gt;&lt;span class=&quot;highlight-xml-attribute-value&quot;&gt;&quot;ServerFileAppender&quot;&lt;/span&gt; &lt;span class=&quot;highlight-xml-attribute-name&quot;&gt;type&lt;/span&gt;&lt;span class=&quot;highlight-xml-attribute-equal&quot;&gt;=&lt;/span&gt;&lt;span class=&quot;highlight-xml-attribute-value&quot;&gt;&quot;Ubiquis.Kernel.Core.Log4Net.SbfLogFileAppender&quot;&lt;/span&gt;&lt;span class=&quot;highlight-xml-bracket&quot;&gt;&amp;gt;&lt;/span&gt; \n&lt;span class=&quot;highlight-lineno&quot;&gt;2&lt;/span&gt;&lt;span class=&quot;highlight-lnborder&quot;&gt;&lt;/span&gt;&lt;span class=&quot;highlight-spacerShort&quot;&gt;&lt;/span&gt;  ...</code></pre>\n\nDoes someone know how to fix this ?\r<br />\n<br />\nRegards,<br />\n<pre><code> Laurent.</code></pre>\n\n",
    "PostedDate": "2013-10-03T05:37:27.457-07:00",
    "UserRole": null,
    "MarkedAsAnswerDate": null
  },
  {
    "Id": "1103655",
    "ThreadId": "461030",
    "Html": "If you're using the Sandcastle Help File Builder, you've probably got the Indent HTML option enabled.  Turn it off as it's only for testing and troubleshooting.  That will fix the code indent issue.<br />\n<br />\nAlso, please note that this project has been discontinued and may not be monitored as frequently. For future questions or issues concerning Sandcastle or SHFB, post them over on the <a href=\"http://shfb.codeplex.com\" rel=\"nofollow\">Sandcastle Help File Builder</a> project's discussion page. Thanks. <br />\n<br />\nEric<br />\n",
    "PostedDate": "2013-10-04T08:03:15.663-07:00",
    "UserRole": null,
    "MarkedAsAnswerDate": null
  }
]