[
  {
    "Id": "125498",
    "ThreadId": "37844",
    "Html": "How do you use Sandcastle with DLL's generated in App_Code folder of a 2005/2008 website application. Regards, Chris.\r\n",
    "PostedDate": "2008-10-15T22:40:36.12-07:00",
    "UserRole": null,
    "MarkedAsAnswerDate": null
  },
  {
    "Id": "125503",
    "ThreadId": "37844",
    "Html": "Hello Chris,<br>\r\nAre&nbsp;you using&nbsp;a tool&nbsp;run the Sandcastle or want to use the Sandcastle directly?<br>\r\n&nbsp;<br>\r\nBest regards,<br>\r\nPaul.\r\n",
    "PostedDate": "2008-10-15T22:52:27.357-07:00",
    "UserRole": null,
    "MarkedAsAnswerDate": null
  },
  {
    "Id": "125504",
    "ThreadId": "37844",
    "Html": "I was going to use SFHB but my boss seems to think there is some kind of integration in VS 2008 which is out of the box. Regards, Chris.\r\n",
    "PostedDate": "2008-10-15T22:57:22.707-07:00",
    "UserRole": null,
    "MarkedAsAnswerDate": null
  },
  {
    "Id": "125510",
    "ThreadId": "37844",
    "Html": "Currently, <a href=\"http://www.codeplex.com/DocProject\">DocProject</a> provides VS 2005/8 integration. For your case, you can take a look at the <a href=\"http://www.codeplex.com/Release/ProjectReleases.aspx?ProjectName=SandcastleStyles&ReleaseId=13517\">Documenting Web Project</a> package made available by Eric. <br>\r\n<br>\r\nBest regards, <br>\r\nPaul.\r\n",
    "PostedDate": "2008-10-15T23:35:19.297-07:00",
    "UserRole": null,
    "MarkedAsAnswerDate": null
  },
  {
    "Id": "125515",
    "ThreadId": "37844",
    "Html": "Hi, <br>\r\n<br>\r\nYou might also want to see this article if you plan on using DocProject: <br>\r\n<br>\r\nHow to Build Help For a Web Site Project<br>\r\n<a href=\"http://www.codeplex.com/DocProject/Wiki/View.aspx?title=How To Build Help For a Web Site Project\">http://www.codeplex.com/DocProject/Wiki/View.aspx?title=How%20To%20Build%20Help%20For%20a%20Web%20Site%20Project</a><br>\r\n<br>\r\n- Dave\r\n",
    "PostedDate": "2008-10-16T00:15:35.43-07:00",
    "UserRole": null,
    "MarkedAsAnswerDate": null
  }
]