[
  {
    "Id": "470650",
    "ThreadId": "220527",
    "Html": "<p>We've just upgraded to Sandcastle June 2010 (at the same time as upgrading to Sandcastle Help File Builder 1.9).</p>\r\n<p>Our build time for our CHM has increased from around 15 minutes to consistently 40+ minutes. We have not altered any configuration options and I have checked that the build outputs (HTML Help 1 &amp; 2) for the old project match the outputs for the new project. I'm picking that this is a Sandcastle issue, rather than a SHFB issue?</p>\r\n<p>Has anyone else seen anything similar?</p>",
    "PostedDate": "2010-07-21T19:59:49.467-07:00",
    "UserRole": null,
    "MarkedAsAnswerDate": null
  },
  {
    "Id": "471076",
    "ThreadId": "220527",
    "Html": "<p>Are you building Help 1 and Help 2 formats from the same SHFB project?&nbsp; If so, note that SHFB builds multiple formats concurrently as before but outputs a separate set of files using a separate set of build components for each help file format specified in the project.&nbsp; That can increase the build time especially since it can use more memory.&nbsp; See the <a title=v1.9 href=\"http://www.ewoodruff.us/shfbdocs/Index.aspx?topic=html/ef1dba5d-bb3b-4d27-9ccf-6f1ec8d1e793.htm\">version 1.9 release notes</a> in the SHFB help file for details.</p>\r\n<p>Eric</p>\r\n<p>&nbsp;</p>",
    "PostedDate": "2010-07-22T08:28:17.637-07:00",
    "UserRole": null,
    "MarkedAsAnswerDate": null
  }
]