[
  {
    "Id": "177614",
    "ThreadId": "52796",
    "Html": "<p>Im using SandcastleBuilder from CodePlex as a front end to sandcastle, but i have a project where the following error is being thrown in MrefBuilder. Any ideas as to what might cause this?<br>\r\n<br>\r\n<br>\r\nMrefBuilder (v2.4.10520.1)<br>\r\nCopyright c Microsoft 2006<br>\r\nInfo: Loaded 41 assemblies for reflection and 42 dependency assemblies.</p>\r\n<p>Unhandled Exception: System.NullReferenceException: Object reference not set to an instance of an object.<br>\r\n   at Microsoft.Ddue.Tools.Reflection.NamespaceFilter.IsExposedNamespace(Namespace space)<br>\r\n   at Microsoft.Ddue.Tools.Reflection.NamespaceFilter.IsExposedType(TypeNode type)<br>\r\n   at Microsoft.Ddue.Tools.Reflection.RootFilter.HasExposedMembers(TypeNode type)<br>\r\n   at Microsoft.Ddue.Tools.Reflection.ApiFilter.HasExposedMembers(TypeNode type)<br>\r\n   at Microsoft.Ddue.Tools.Reflection.ApiFilter.NamespaceContainsExposedMembers(Namespace space)<br>\r\n   at Microsoft.Ddue.Tools.Reflection.ApiFilter.IsExposedNamespace(Namespace space)<br>\r\n   at Microsoft.Ddue.Tools.Reflection.ApiVisitor.VisitApis()<br>\r\n   at Microsoft.Ddue.Tools.MRefBuilder.Main(String[] args)<br>\r\n        1 file(s) copied.</p>\r\n",
    "PostedDate": "2009-04-09T07:23:19.333-07:00",
    "UserRole": null,
    "MarkedAsAnswerDate": null
  },
  {
    "Id": "177749",
    "ThreadId": "52796",
    "Html": "Are you using the APIFilter project property and/or &lt;exclude /&gt; tags in the XML comments?  Are you perhaps trying to document an obfuscated assembly?  MRefBuilder doesn't always handle obfuscated assemblies very well.  If you have any assemblies that are obfuscated, add them as dependent assemblies (SHFB 1.7) or references (SHFB 1.8).<br>\r\n<br>\r\nEric<br>\r\n",
    "PostedDate": "2009-04-09T12:30:30.453-07:00",
    "UserRole": null,
    "MarkedAsAnswerDate": null
  },
  {
    "Id": "179180",
    "ThreadId": "52796",
    "Html": "I'm not using any API filter (it is set to (none) in the dialog), but one thing i noticed is that the config file contains these lines near the bottom:<br>\r\n<br>\r\n&lt;apiFilter expose=&quot;true&quot;&gt;<br>\r\n  &lt;namespace name=&quot;&quot; expose=&quot;false&quot;/&gt;<br>\r\n  &lt;namespace name=&quot;Zywave.Elements.Components.SAL.Administration.Schemas&quot; expose=&quot;false&quot;/&gt;<br>\r\n  &lt;namespace name=&quot;Zywave.Elements.Components.SAL.Administration.ServiceContracts&quot; expose=&quot;false&quot;/&gt;<br>\r\n&lt;/apiFilter&gt;<br>\r\n<br>\r\nwhich is weird to me considering I dont have any dlls in the document section or the dependencies section with those namespaces. I wonder if i should just recreate the entire help project file from scratch. maybe something is corrupted with it. i was kinda copying and pasting project files as i have 10+ of them but most of the settings are the same.<br>\r\n",
    "PostedDate": "2009-04-14T12:31:54.51-07:00",
    "UserRole": null,
    "MarkedAsAnswerDate": null
  },
  {
    "Id": "179587",
    "ThreadId": "52796",
    "Html": "ok nevermind. this was a corrupted help project file. I think from now on I'll just create help project files from scratch instead of copying an older one lol. as soon as i recreated the help project from scratch, it builds just fine.\r\n",
    "PostedDate": "2009-04-15T06:59:55.813-07:00",
    "UserRole": null,
    "MarkedAsAnswerDate": null
  }
]