[
  {
    "Id": "822735",
    "ThreadId": "351999",
    "Html": "\r\n<p>Hi ,</p>\r\n<p>can any one help me out with a problem. Whenever i am tried to build sandcastle project it always through a error &quot;system.OutofMemory Exception&quot;. The dll which i am using for build is of&nbsp;7 MB and using&nbsp;32 bit operating system to run it. I am able\r\n to build for rest of the&nbsp;dll's which of less than 3 MB. &nbsp;&nbsp;</p>\r\n",
    "PostedDate": "2012-04-11T22:20:38.503-07:00",
    "UserRole": null,
    "MarkedAsAnswerDate": null
  },
  {
    "Id": "822876",
    "ThreadId": "351999",
    "Html": "<p>Hello,</p>\r\n<p>At what stage in your build process do you get the exception?</p>\r\n<p>Best regards,<br />Paul.&nbsp;</p>",
    "PostedDate": "2012-04-12T05:52:36.753-07:00",
    "UserRole": null,
    "MarkedAsAnswerDate": null
  },
  {
    "Id": "823217",
    "ThreadId": "351999",
    "Html": "<p>Hi ,</p>\n<p>Below is the stage where i get this error.</p>\n<p>&nbsp;</p>\n<p><span style=\"font-size: xx-small;\"></span>\n<p>&nbsp;</p>\n</p>\n<p>-------------------------------</p>\n<p>Generating reflection information...</p>\n<p>[C:\\Windows\\Microsoft.NET\\Framework\\v4.0.30319\\MSBuild.exe]</p>\n<p>MrefBuilder (v2.6.10621.1)</p>\n<p>Copyright c Microsoft 2006</p>\n<p>Info: Loaded 1 assemblies for reflection and 81 dependency assemblies.</p>\n<p>Info: Wrote information on 1 namespaces, 626 types, and 3341 members</p>\n<p>XslTransform (v2.6.10621.1)</p>\n<p>Copyright c Microsoft 2005-2006</p>\n<p>Info: Applying XSL transformation 'C:\\Program Files\\Sandcastle\\ProductionTransforms\\MergeDuplicates.xsl'.</p>\n<p>reflection.all -&gt; reflection.org</p>\n<p>Last step completed in 00:00:57.0738</p>\n<p>-------------------------------</p>\n<p>Generating namespace summary information...</p>\n<p>Last step completed in 00:00:00.3711</p>\n<p>-------------------------------</p>\n<p>Applying visibility properties to reflection information file</p>\n<p>581 attribute nodes removed</p>\n<p>0 explicit interface implementations removed</p>\n<p>3501 local and base class EII elements removed</p>\n<p>Last step completed in 00:00:16.4886</p>\n<p>-------------------------------</p>\n<p>Transforming reflection output...</p>\n<p>[C:\\Windows\\Microsoft.NET\\Framework\\v4.0.30319\\MSBuild.exe]</p>\n<p>XslTransform (v2.6.10621.1)</p>\n<p>Copyright c Microsoft 2005-2006</p>\n<p>Info: Applying XSL transformation 'C:\\Program Files\\Sandcastle\\ProductionTransforms\\ApplyVSDocModel.xsl'.</p>\n<p>reflection.org -&gt; C:\\Users\\pprahara\\AppData\\Local\\Temp\\tmpC0D8.tmp</p>\n<p>Info: Applying XSL transformation 'C:\\Program Files\\Sandcastle\\ProductionTransforms\\AddGuidFilenames.xsl'.</p>\n<p>C:\\Users\\pprahara\\AppData\\Local\\Temp\\tmpC0D8.tmp -&gt; reflection.xml</p>\n<p>XslTransform (v2.6.10621.1)</p>\n<p>Copyright c Microsoft 2005-2006</p>\n<p>Info: Applying XSL transformation 'C:\\Program Files\\Sandcastle\\ProductionTransforms\\ReflectionToManifest.xsl'.</p>\n<p>reflection.xml -&gt; manifest.xml</p>\n<p>Last step completed in 00:11:48.8368</p>\n<p>-------------------------------</p>\n<p>SHFB: Error BE0065: BUILD FAILED: Exception of type 'System.OutOfMemoryException' was thrown.</p>",
    "PostedDate": "2012-04-12T20:08:19.307-07:00",
    "UserRole": null,
    "MarkedAsAnswerDate": null
  },
  {
    "Id": "823439",
    "ThreadId": "351999",
    "Html": "<p>Hello,</p>\n<p>Thanks for the information. Unfortunately, I may not be able to give correct interpretation<br /> to the log file since the exception information is being displayed outside the \"stage block\".&nbsp;</p>\n<p>If you do not mind, can you try the following and tell us the results?</p>\n<p>1. Build the help file outside the Visual Studio (it seems you are using the VS.NET, ignore this if that is not the case)</p>\n<p>2. Run this simple batch file, in the directory where you have the assembly file, it will perform the above steps.</p>\n<p>Simply paste this in a file with extension <strong>.bat</strong>, save it to the directory where your assembly is and run it.</p>\n<div style=\"color: black; background-color: white;\">\n<pre>REM <span style=\"color: gray;\">*</span><span style=\"color: gray;\">*</span><span style=\"color: gray;\">*</span><span style=\"color: gray;\">*</span><span style=\"color: gray;\">*</span><span style=\"color: gray;\">*</span><span style=\"color: gray;\">*</span><span style=\"color: gray;\">*</span><span style=\"color: gray;\">*</span><span style=\"color: gray;\">*</span> Set path <span style=\"color: blue;\">for</span> .net framework2.0, sandcastle,hhc,hxcomp<span style=\"color: gray;\">*</span><span style=\"color: gray;\">*</span><span style=\"color: gray;\">*</span><span style=\"color: gray;\">*</span><span style=\"color: gray;\">*</span><span style=\"color: gray;\">*</span><span style=\"color: gray;\">*</span><span style=\"color: gray;\">*</span><span style=\"color: gray;\">*</span><span style=\"color: gray;\">*</span><span style=\"color: gray;\">*</span><span style=\"color: gray;\">*</span><span style=\"color: gray;\">*</span><span style=\"color: gray;\">*</span><span style=\"color: gray;\">*</span><span style=\"color: gray;\">*</span><span style=\"color: gray;\">*</span><span style=\"color: gray;\">*</span><span style=\"color: gray;\">*</span><span style=\"color: gray;\">*</span><span style=\"color: gray;\">*</span><span style=\"color: gray;\">*</span><span style=\"color: gray;\">*</span><span style=\"color: gray;\">*</span><span style=\"color: gray;\">*</span><span style=\"color: gray;\">*</span><span style=\"color: gray;\">*</span><span style=\"color: gray;\">*</span>\n\nset PATH<span style=\"color: gray;\">=</span><span style=\"color: gray;\">%</span>windir<span style=\"color: gray;\">%</span>\\Microsoft.NET\\Framework\\v2.0.50727;<span style=\"color: gray;\">%</span>DXROOT<span style=\"color: gray;\">%</span>\\ProductionTools;<span style=\"color: gray;\">%</span>ProgramFiles<span style=\"color: gray;\">%</span>\\HTML Help Workshop;<span style=\"color: gray;\">%</span>ProgramFiles<span style=\"color: gray;\">%</span>\\Microsoft Help 2.0 SDK;<span style=\"color: gray;\">%</span>PATH<span style=\"color: gray;\">%</span>\n\n<span style=\"color: blue;\">if</span> exist output rmdir output <span style=\"color: gray;\">/</span>s <span style=\"color: gray;\">/</span>q\n<span style=\"color: blue;\">if</span> exist Help rmdir Help <span style=\"color: gray;\">/</span>s <span style=\"color: gray;\">/</span>q\n\nREM <span style=\"color: gray;\">*</span><span style=\"color: gray;\">*</span><span style=\"color: gray;\">*</span><span style=\"color: gray;\">*</span><span style=\"color: gray;\">*</span><span style=\"color: gray;\">*</span><span style=\"color: gray;\">*</span><span style=\"color: gray;\">*</span><span style=\"color: gray;\">*</span><span style=\"color: gray;\">*</span> Call MRefBuilder <span style=\"color: gray;\">*</span><span style=\"color: gray;\">*</span><span style=\"color: gray;\">*</span><span style=\"color: gray;\">*</span><span style=\"color: gray;\">*</span><span style=\"color: gray;\">*</span><span style=\"color: gray;\">*</span><span style=\"color: gray;\">*</span><span style=\"color: gray;\">*</span><span style=\"color: gray;\">*</span><span style=\"color: gray;\">*</span><span style=\"color: gray;\">*</span><span style=\"color: gray;\">*</span><span style=\"color: gray;\">*</span><span style=\"color: gray;\">*</span><span style=\"color: gray;\">*</span><span style=\"color: gray;\">*</span><span style=\"color: gray;\">*</span><span style=\"color: gray;\">*</span><span style=\"color: gray;\">*</span><span style=\"color: gray;\">*</span><span style=\"color: gray;\">*</span><span style=\"color: gray;\">*</span><span style=\"color: gray;\">*</span><span style=\"color: gray;\">*</span><span style=\"color: gray;\">*</span><span style=\"color: gray;\">*</span><span style=\"color: gray;\">*</span>\n\nMRefBuilder ClassLibrary1.dll <span style=\"color: gray;\">/</span>out:reflection.org\n\nREM <span style=\"color: gray;\">*</span><span style=\"color: gray;\">*</span><span style=\"color: gray;\">*</span><span style=\"color: gray;\">*</span><span style=\"color: gray;\">*</span><span style=\"color: gray;\">*</span><span style=\"color: gray;\">*</span><span style=\"color: gray;\">*</span><span style=\"color: gray;\">*</span><span style=\"color: gray;\">*</span> Apply Transforms <span style=\"color: gray;\">*</span><span style=\"color: gray;\">*</span><span style=\"color: gray;\">*</span><span style=\"color: gray;\">*</span><span style=\"color: gray;\">*</span><span style=\"color: gray;\">*</span><span style=\"color: gray;\">*</span><span style=\"color: gray;\">*</span><span style=\"color: gray;\">*</span><span style=\"color: gray;\">*</span><span style=\"color: gray;\">*</span><span style=\"color: gray;\">*</span><span style=\"color: gray;\">*</span><span style=\"color: gray;\">*</span><span style=\"color: gray;\">*</span><span style=\"color: gray;\">*</span><span style=\"color: gray;\">*</span><span style=\"color: gray;\">*</span><span style=\"color: gray;\">*</span><span style=\"color: gray;\">*</span><span style=\"color: gray;\">*</span><span style=\"color: gray;\">*</span><span style=\"color: gray;\">*</span><span style=\"color: gray;\">*</span><span style=\"color: gray;\">*</span><span style=\"color: gray;\">*</span><span style=\"color: gray;\">*</span><span style=\"color: gray;\">*</span>\n\nXslTransform <span style=\"color: gray;\">/</span>xsl:<span style=\"color: #a31515;\">\"%DXROOT%\\ProductionTransforms\\ApplyVSDocModel.xsl\"</span> reflection.org <span style=\"color: gray;\">/</span>xsl:<span style=\"color: #a31515;\">\"%DXROOT%\\ProductionTransforms\\AddGuidFilenames.xsl\"</span> <span style=\"color: gray;\">/</span>out:reflection.xml <span style=\"color: gray;\">/</span>arg:IncludeAllMembersTopic<span style=\"color: gray;\">=</span>true <span style=\"color: gray;\">/</span>arg:IncludeInheritedOverloadTopics<span style=\"color: gray;\">=</span>true\n\nXslTransform <span style=\"color: gray;\">/</span>xsl:<span style=\"color: #a31515;\">\"%DXROOT%\\ProductionTransforms\\ReflectionToManifest.xsl\"</span>  reflection.xml <span style=\"color: gray;\">/</span>out:manifest.xml\n\necho:\npause</pre>\n</div>\n<p><strong>NOTE</strong>: Please change the <strong>ClassLibray1.dll</strong> to the name of your assembly and set the .NET framework directory to reflect your assembly target (if this fails).</p>\n<p>Best regards,</p>\n<p>Paul.</p>",
    "PostedDate": "2012-04-13T06:34:42.803-07:00",
    "UserRole": null,
    "MarkedAsAnswerDate": null
  },
  {
    "Id": "823604",
    "ThreadId": "351999",
    "Html": "<p>It appears to be&nbsp;running out of memory applying the XSL transformation that produces the manifest or more likely shortly thereafter when SHFB loads the updated reflection file to modify the topic filenames and for the default topic lookup.&nbsp; If you are running this from within Visual Studio, you might try building the project from the standalone SHFB GUI which may give it a bit more memory to work with.&nbsp; If that doesn't work, you can try building the project from the command line with MSBuild to remove the GUIs completely.&nbsp; If it still fails, unfortunately there isn't much that can be done at this time.&nbsp; However, the tools are build to run as 64-bit if ran on a 64-bit system so it's possible they could take advantage of a 64-bit system with more memory.&nbsp; Note that even if SHFB wasn't used it would most likely fail later on in the BuildAssembler phase as BuildAssembler also has to load info from the same reflection data file along with a lot of other info.&nbsp; I plan on looking into those issues in&nbsp;a future release of Sandcastle.</p>\r\n<p>Eric</p>\r\n<p>&nbsp;</p>",
    "PostedDate": "2012-04-13T12:48:56.363-07:00",
    "UserRole": null,
    "MarkedAsAnswerDate": null
  }
]