[
  {
    "Id": "722567",
    "ThreadId": "285487",
    "Html": "\r\n<div>\r\n<p>Hello,</p>\r\n<p>We use MadCap Flare to generate WebHelp output of our product documentation. Our managed code library is part of this. The managed code segment is generated by Sandcastle. I'm trying to integrate the Sandcastle output with the Flare output to create a single,\r\n seamless WebHelp system for the company website. This has been my process to date:</p>\r\n<ol>\r\n<li>Generate CHM Help from Sandcastle. </li><li>Create a new Flare project and import the Sandcastle-generated CHM (essentially decompiling the CHM and importing all project files).\r\n</li><li>Generate WebHelp from the Flare project. </li><li>Merge the new WebHelp output with the master product WebHelp (via build-time merging).\r\n</li></ol>\r\n<p>This is working as intended, except for one major issue: in the Flare WebHelp output of the Sandcastle content, long topics are cut off, and there is no scroll bar. Also, body content is flush with the left margin -&nbsp;<em>padding: left</em>&nbsp;and&nbsp;<em>margin:\r\n left</em>&nbsp;properties are seemingly ignored. Example:</p>\r\n<p><img src=\"http://social.microsoft.com/Forums/getfile/52277/\" alt=\"\"></p>\r\n<p>Initially, I thought the cause was specific to the presentation .css used in Sandcastle, but I've tested the output with a completely different style sheet in Flare, and the problem persists. It almost seems as though something is overriding some properties\r\n in the style sheet.</p>\r\n<p>Has anyone here attempted Sandcastle-to-Flare integration and encountered this issue? Or perhaps there is a workaround I am missing? If so, I'd appreciate any suggestions/assistance you could provide.</p>\r\n<p>Thanks,</p>\r\n<p>Todd</p>\r\n<p>&nbsp;</p>\r\n</div>\r\n<p>&nbsp;</p>\r\n",
    "PostedDate": "2012-01-09T08:21:23.11-08:00",
    "UserRole": null,
    "MarkedAsAnswerDate": null
  },
  {
    "Id": "722712",
    "ThreadId": "285487",
    "Html": "<p>Most likely it's the Sandcastle script files that are causing problems since they are unware of the new environment in which you've placed them or they're not being used at all and the pages are getting set up properly.&nbsp; There's script in SplitScreen.js that sets up the scrolling and non-scrolling regions.&nbsp; There may also be script in script_manifold.js that affects the rendered page too.&nbsp; Those would be the place to start looking.</p>\r\n<p>Eric</p>\r\n<p>&nbsp;</p>",
    "PostedDate": "2012-01-09T12:17:13.78-08:00",
    "UserRole": null,
    "MarkedAsAnswerDate": null
  },
  {
    "Id": "722738",
    "ThreadId": "285487",
    "Html": "<p>Eric,</p>\r\n<p>Thanks for the response and suggestions. I will look into the scripts to see if I can find any conflicts. At first glance, it appeared most - if not all - of the scripts were working in Flare, but that may not be the case.</p>\r\n<p>Todd</p>",
    "PostedDate": "2012-01-09T12:54:39.163-08:00",
    "UserRole": null,
    "MarkedAsAnswerDate": null
  },
  {
    "Id": "723247",
    "ThreadId": "285487",
    "Html": "<p>Eric,</p>\r\n<p>Turns out that&nbsp;<span>SplitScreen.js was causing the problem. There was an overflow value set to <em>hidden</em>. I set that to <em>auto</em>, and I'm now able to scroll topics that are long enough to require it. All is well. Thanks again for your help.</span></p>\r\n<p><span>Todd</span></p>",
    "PostedDate": "2012-01-10T10:18:35.113-08:00",
    "UserRole": null,
    "MarkedAsAnswerDate": null
  }
]