[
  {
    "Id": "112474",
    "ThreadId": "33948",
    "Html": "<p>In the XML documentation of my C# project I've got some tables toward the end of the &lt;remarks&gt; section for a particular class, e.g. FooBar. I added an anchor just before that table like so:</p>\r\n<p>&nbsp;&nbsp;&nbsp;&nbsp;&lt;para&gt;&lt;a name=&quot;FeedbackCodes&quot;&gt;The following table lists the feedback codes:&lt;/a&gt;&lt;/para&gt;</p>\r\n<p>A little higher up in the same &lt;remarks&gt; I have a link like this:<br>\r\n<br>\r\n&nbsp;&nbsp;&nbsp;&nbsp;(see &lt;a href=&quot;#FeedbackCodes&quot;&gt;Feedback codes&lt;/a&gt;)<br>\r\n<br>\r\nThat works great as long as the resulting documentation is all on one page. Is there any way to link the &quot;FeedbackCodes&quot; anchor from other pages, e.g. the documentation of a method in another class? What I'm looking for is something like &lt;see cref=&quot;T:FooBar#FeedbackCodes&quot;&gt; or some way of referencing page the anchor ends up on so I can use &lt;a href=&quot;HowDoIFindThePageFooBarEndsUpOn.html#FeedbackCodes&quot;&gt;<br>\r\n<br>\r\nIs this possible? Or am I doing this totally wrong. I know how to link to other classes, properties, etc. but not how to link to specific spots within that documentation.<br>\r\n<br>\r\nThanks,<br>\r\nAndrew<br>\r\n",
    "PostedDate": "2008-08-20T14:22:14.427-07:00",
    "UserRole": null,
    "MarkedAsAnswerDate": null
  },
  {
    "Id": "112516",
    "ThreadId": "33948",
    "Html": "&gt;&gt;<strong>Andrew</strong>: <em>That works great as long as the resulting documentation is all on one page</em>.<br>\r\nWhat you have done so far is purely HTML, there is no special compiler (C# or Sandcastle) feature used.<br>\r\n<br>\r\n&gt;&gt;<strong>Andrew</strong>: <em>Is this possible</em>? <br>\r\nNow, what you want to archive, you can still without using the compiler features.<br>\r\n<br>\r\n<ol>\r\n    <li>The C# compiler will not allow you to use the&nbsp;anchor name&nbsp;&quot;#...&quot; in the links.\r\n    <li>The Sandcastle compiler will not resolve the &quot;#...&quot; <br>\r\n    (I have investigated this for the Conceptual help will need to confirm that for the Reference/API help). </li>\r\n</ol>\r\n<p>So, the solution...I will suggest until the Sandcastle custom components&nbsp;(default or user provided once) can handle it,&nbsp;use the pure HTML.<br>\r\nThat means you will&nbsp; have to know the naming system of the pages involved.<br>\r\n<br>\r\nHere is an example that will work, using purely HTML solution...<br>\r\n-----------------------------------------------------------------------------------------<br>\r\n<pre>using System;\r\n\r\nnamespace ClassLibrary1\r\n{\r\n    /// &lt;summary&gt;\r\n    /// Summary of Class2.\r\n    /// &lt;/summary&gt;\r\n    /// &lt;remarks&gt;\r\n    /// &lt;para&gt;\r\n    /// Testing the use of links and anchors.\r\n    /// &lt;/para&gt;\r\n    /// &lt;para&gt;\r\n    /// There is an anchor &lt;a name=&quot;FeedbackCodes&quot;&gt;here&lt;/a&gt;.\r\n    /// &lt;/para&gt;\r\n    /// &lt;/remarks&gt;\r\n    public class Class2\r\n    {\r\n    }\r\n}\r\n--------------------------------------------------------------------------------<br>using System;\r\n\r\nnamespace ClassLibrary1\r\n{\r\n    /// &lt;summary&gt;\r\n    /// Summary of Class1.\r\n    /// &lt;/summary&gt;\r\n    /// &lt;remarks&gt;\r\n    /// Jump to the other class, &lt;a href=&quot;T_ClassLibrary1_Class2.htm#FeedbackCodes&quot;&gt;Class2&lt;/a&gt;.\r\n    /// &lt;/remarks&gt;\r\n    public class Class1\r\n    {\r\n    }\r\n}\r\n</pre>\r\n----------------------------------------------------------------------------------<br>\r\nBest regards,<br>\r\nPaul.\r\n<p>&nbsp;</p>\r\n",
    "PostedDate": "2008-08-20T19:22:20.15-07:00",
    "UserRole": null,
    "MarkedAsAnswerDate": null
  },
  {
    "Id": "112517",
    "ThreadId": "33948",
    "Html": "You can use an anchor tag and the generated page name plus the &quot;#ID&quot; suffix.&nbsp; For example, if using GUID naming, you'd use the GUID name generated for the page (it's not actually a GUID but a hash in a GUID format so it will be constant unless the method signature changes).&nbsp; You can look in the reflection.xml file after a build, find the member, and the filename will be listed there as an element.&nbsp; An easier way is to view the help file, right click in the topic while viewing it and select Properties to get the page name from the address URL.&nbsp; An example:<br>\r\n<br>\r\n/// See &lt;a href=&quot;html/6050981e-dc92-d345-7340-82ef98e899ed.htm#FeedbackCodes&quot;&gt;Feedback codes&lt;/a&gt;.<br>\r\n<br>\r\nIf you need to do the same thing in conceptual content it's much easier.&nbsp; A custom&nbsp;<strong>ResolveConceptualLinksComponent</strong> is available built into the&nbsp;<a href=\"http://www.codeplex.com/SHFB\">Sandcastle Help File Builder</a> or available standalone that allows &quot;#id&quot; suffixes to be added to the target IDs in &lt;link&gt; elements.<br>\r\n<br>\r\nEric<br>\r\n",
    "PostedDate": "2008-08-20T19:24:31.027-07:00",
    "UserRole": null,
    "MarkedAsAnswerDate": null
  },
  {
    "Id": "112681",
    "ThreadId": "33948",
    "Html": "Paul, Eric, thanks for the replies. Sounds like I need to find out what the target page is named to make this work. I could put something like FIXTHISPAGEREFERENCELATER into my source and then search through the files at the end. It would be nice to automate this step.<br>\r\n<br>\r\nIf the GUID name is actually a hash, could I write a plugin that calculates the GUID for me? Generally speaking, these links will not be to members (in which case I'd use the &quot;&lt;see cref&quot; mechanism but to specific points in the &lt;remarks&gt; or &lt;summary&gt; for a class. That's where I tend to put extra information for the overall use of the class.<br>\r\n<br>\r\nI guess the other option would be to search through the files, build a table of all anchors and then fill those in another pass through the files. Should be pretty easy, actually.<br>\r\n<br>\r\nThanks,<br>\r\nAndrew<br>\r\n",
    "PostedDate": "2008-08-21T08:59:33.417-07:00",
    "UserRole": null,
    "MarkedAsAnswerDate": null
  },
  {
    "Id": "112722",
    "ThreadId": "33948",
    "Html": "&gt;&gt;<strong>Andrew</strong>: <em>If the GUID name is actually a hash, could I write a plugin that calculates the GUID for me</em>?<br>\r\nYou can look at the&nbsp;<br>\r\n..\\ProductionTransforms\\AddFriendlyFilenames.xsl, <br>\r\nand<br>\r\n..\\ProductionTransforms\\AddGuidFilenames.xsl<br>\r\nfiles to see how the naming is done. It contains a C# code for the naming.<br>\r\n<br>\r\n&gt;&gt;<strong>Andrew</strong>: <em>Should be pretty easy, actually</em>.<br>\r\nI have plans to extend the current link component, still researching/collection information to better determine the requirements.<br>\r\nHopefully, this need will be taken care of soon.<br>\r\n<br>\r\nDave of the DocProject also created a link component, I do not have idea on the issues solved by it, <br>\r\nyou might wish to take a look.<br>\r\n<br>\r\nBest regards,<br>\r\nPaul.<br>\r\n",
    "PostedDate": "2008-08-21T11:11:51.22-07:00",
    "UserRole": null,
    "MarkedAsAnswerDate": null
  },
  {
    "Id": "112728",
    "ThreadId": "33948",
    "Html": "Hi Andrew,&nbsp;<br>\r\n<br>\r\n<strong>{Sandcastle Install Path}\\ProductionTransforms\\AddGuidFilenames.xsl</strong> contains the C# code for generating the GUID from&nbsp;the member IDs found in the reflection XML file.<br>\r\n<br>\r\nYou could use a custom tag in your XML documentation, like the following: <br>\r\n<br>\r\n&lt;mysee&nbsp;cref=&quot;M:Class.Member(System.String)&quot; fragment=&quot;FeedbackCodes&quot;/&gt;<br>\r\n<br>\r\nAdd a reference in the presentation style's&nbsp;<strong>main_sandcastle.xsl</strong> transformation file&nbsp;to <strong>AddGuidFilenames.xsl</strong> using an <strong>xsl:import </strong>element or just copy the&nbsp;MSXSL code block into the file.<br>\r\n<br>\r\nThen you can create a custom XSL template for the <em>mysee </em>element (search <em>main_sandcastle.xsl </em>for <strong>see[@cref] </strong>as an example)&nbsp;that uses the <em>href </em>value to generate a GUID by calling the imported&nbsp;C# code.&nbsp;&nbsp;The template should generate a real HTML anchor using the GUID, with <em>.htm</em> and the specified <em>fragment</em> appended to the end.<br>\r\n<br>\r\nThe only problem with this approach is that you must enter the exact ID for the target API in the <em>cref </em>attribute.<br>\r\n<br>\r\nObviously you'll need some knowledge of XSL to get this working as well :)&nbsp;&nbsp;Unfortunately I don't have time to write it myself right now, but if you like&nbsp;this approach let me know and I'll&nbsp;post it when I get some time (unless somebody else beats me to it ;).<br>\r\n<br>\r\n- Dave\r\n",
    "PostedDate": "2008-08-21T11:39:02.287-07:00",
    "UserRole": null,
    "MarkedAsAnswerDate": null
  },
  {
    "Id": "112804",
    "ThreadId": "33948",
    "Html": "<p><span style=\"background-color:#fffbf0\">Hi Dave,</span></p>\r\n<p><span style=\"background-color:#fffbf0\">Thanks for the suggestion - sounds like a good way to do it, I'll give it a try when I'm done with the actual documentation content. I also discovered how to use &quot;friendly&quot; names and I think it's workable to type in the exact name of the HTML file in the href attribute, especially if the file already exists from a previous build.</span></p>\r\n<p><span style=\"background-color:#fffbf0\">Andrew</span></p>\r\n<p><span style=\"background-color:#fffbf0\"></span>&nbsp;</p>\r\n",
    "PostedDate": "2008-08-21T16:17:13.853-07:00",
    "UserRole": null,
    "MarkedAsAnswerDate": null
  },
  {
    "Id": "112814",
    "ThreadId": "33948",
    "Html": "Hi Paul,&nbsp;<br>\r\n<br>\r\n<em>&gt;&nbsp;Dave of the DocProject also created a link component<br>\r\n</em><br>\r\n<a href=\"http://www.codeplex.com/DocProject/Wiki/View.aspx?title=ResolveExternalLinksComponent\">ResolveExternalLinksComponent</a> was designed&nbsp;for configuring <em>external </em>links, so it wouldn't be appropriate to solve this issue.&nbsp; Please continue with your plans to&nbsp;update <em>ResolveReferenceLinksComponent</em><strong> </strong>&nbsp;:)<br>\r\n<br>\r\n- Dave\r\n",
    "PostedDate": "2008-08-21T16:33:38.727-07:00",
    "UserRole": null,
    "MarkedAsAnswerDate": null
  },
  {
    "Id": "112816",
    "ThreadId": "33948",
    "Html": "Hi&nbsp;Andrew, <br>\r\n<br>\r\nUsing friendly&nbsp;names might be a better way, although&nbsp;it will typically suffer from&nbsp;builds breaking because file paths&nbsp;are too long.<br>\r\n<br>\r\n- Dave\r\n",
    "PostedDate": "2008-08-21T16:36:21.74-07:00",
    "UserRole": null,
    "MarkedAsAnswerDate": null
  }
]