[
  {
    "Id": "107161",
    "ThreadId": "32301",
    "Html": "I am trying to use Sandcastle to more than just C# code and other languages it said to support. For example, I am programming&nbsp;in a&nbsp;unique language (trust me, it's rare) at work, and was asked to use a documentation generator for it. Basically I will have customized comments (eg time, previous changes, version #, etc) for the class, and would like to use Sandcastle to build the html help files for it. Can this be done? The bottom line is that I need to use Sandcastle for projects ranging from C# to VB to java to some random enterprise language.<br>\r\n<br>\r\nAny ideas anyone? Thanks!<br>\r\n<br>\r\n(If this has been explained before, please show me the thread to it. Thanks!)\r\n",
    "PostedDate": "2008-07-25T12:51:05.153-07:00",
    "UserRole": null,
    "MarkedAsAnswerDate": null
  },
  {
    "Id": "107174",
    "ThreadId": "32301",
    "Html": "Sandcastle basically consist of two tools, the reflected file generator <strong>MRefBuilder</strong> and the help file assembler or builder <strong>BuildAssembler</strong>.<br>\r\nYou can replace the work of the MRefBuilder by building the reflection file format for your specific language&nbsp;(see the Reflection schema for more information on the format). From there the BuildAssembler will create the help file.<br>\r\n<br>\r\nFrom&nbsp;information made available&nbsp;by a Microsoft developer sometime ago, they do not use the XML Document. So, you can do what they do and use the conceptual help document type&nbsp;<span class=highlight-xml-tag><strong>codeEntityDocument</strong> to produce the same result as the MRefBuilder.<br>\r\nNow, the&nbsp;<span class=highlight-xml-tag><strong>codeEntityDocument</strong> is not well supported by current tools but I am working on it. You should be able to use that to document Java and related languages like C++, Python etc.<br>\r\n<br>\r\nBest regards,<br>\r\nPaul.</span></span>\r\n",
    "PostedDate": "2008-07-25T13:48:34.937-07:00",
    "UserRole": null,
    "MarkedAsAnswerDate": null
  },
  {
    "Id": "107183",
    "ThreadId": "32301",
    "Html": "Hi, <br>\r\n<br>\r\nIt's important to realize though that Sandcastle's presentation styles are designed to document managed code, which means that the reflection files must use a specific schema.&nbsp; If your custom language doesn't fit into this schema, or if it seems difficult or inappropriate to try to fit your language into the conventions used for managed documentation,&nbsp;then you must create a custom presentation style&nbsp;for your custom reflection schema, at&nbsp;the very least;&nbsp; e.g., if your language doesn't support the notion of &quot;classes&quot; then you'll find that the reflection schema that Sandcastle uses and the built-in presentation styles might not&nbsp;be appropriate.<br>\r\n<br>\r\nVarious transformations in the <strong>ProductionTransformations</strong> folder might not be appropriate for your language either; e.g., <strong>ApplyVSDocModel.xsl&nbsp;</strong>is used by the <strong>vs2005 </strong>presentation style to create pseudo topics for things like &quot;All Members&quot;, &quot;Overloads&quot;, &quot;Methods&quot;, &quot;Properties&quot;,&nbsp;&quot;Fields&quot; and &quot;Events&quot;.&nbsp; However,&nbsp;programs in the <strong>ProductionTools </strong>folder,&nbsp;such as <strong>XslTransform.exe</strong> and <strong>BuildAssembler.exe</strong>, can still be used as is.<br>\r\n<br>\r\nYou could start by copying an existing presentation style that you like and then modify the XSL transformations to work with your custom reflection schema.&nbsp; You'll also probably have to make adjustments, if not a complete overhaul, to the Build Assembler configuration files (<strong>sandcastle.config</strong>)&nbsp;as they also cater to documentation for managed libraries.&nbsp;&nbsp;<br>\r\n<br>\r\n- Dave\r\n",
    "PostedDate": "2008-07-25T15:37:26.043-07:00",
    "UserRole": null,
    "MarkedAsAnswerDate": null
  },
  {
    "Id": "107465",
    "ThreadId": "32301",
    "Html": "Thanks guys for the help, I'll look into this and hopefully it'll all work out.\r\n",
    "PostedDate": "2008-07-28T06:56:56.573-07:00",
    "UserRole": null,
    "MarkedAsAnswerDate": null
  },
  {
    "Id": "107485",
    "ThreadId": "32301",
    "Html": "I want to confirm with you guys if i'm doing this right.<br>\r\n<br>\r\n<ul>\r\n    <li>So I looked over the Reflection schema, and&nbsp;I was wondering&nbsp;am I suppose to fill up all the elements?</li>\r\n    <li>Where am I suppose to put the file after building the reflection file format for my language? Are there any samples of reflection files?</li>\r\n    <li>After I created my schema, do I just run the BuildAssembler.exe on it? Or is there more to it?</li>\r\n    <li>To davedev: What adjustments do I have to mke to Sandcastle.config?</li>\r\n    <li>When you say presentation style, did you mean the &quot;hana&quot;, &quot;prototype&quot;, &quot;shared&quot;, &quot;vs2005&quot; presentations? Or did you mean something else?</li>\r\n    <li>Can I do all the documentation generator in an automated process? ie I can not use the GUI, and create an exe file to do all the processes right?</li>\r\n    <li>So the bottom line is that 1) i create a reflection xml file 2) apply a xsl transformation to it. Is that what it is, except the process can be done through using the BuildAssembler.exe?</li>\r\n</ul>\r\n<p>Thanks guys for your help! I am really new to this, but am looking forward to incorporating this technology into my workplace!</p>\r\n",
    "PostedDate": "2008-07-28T08:31:48.643-07:00",
    "UserRole": null,
    "MarkedAsAnswerDate": null
  },
  {
    "Id": "107535",
    "ThreadId": "32301",
    "Html": "The schema (C:\\Program Files\\Sandcastle\\Schemas\\Reflection\\reflection.xsd) will indicate whether or not an element is required or not.&nbsp; If you see a &quot;minOccurs=&quot; attribute with a value of 1 or more, that usually indicates a required item.&nbsp; Also, depending on the element, there may be various choices that appear based on some other condition such as the type of item (class, member, field, etc).&nbsp; You can run MRefBuilder on any exising .NET assembly that you have handy to create example reflection.xml files.&nbsp; You can also look at the ones in the Sandcastle .\\Data folder but be aware that they are the result of running the MRefBuilder generated reflection file through the additional document model XSL transformations to add topic filenames and other stuff like group containers (All Members, Overloads, etc).<br>\r\n<br>\r\nThe schema isn't really required by the Sandcastle tools so it may just serve as a reference if you create your own tool that produces the reflection information files.&nbsp; The only non-MRefBuilder generated reflection.xml files that I'm aware of&nbsp;are produced by <a href=\"http://www.codeplex.com/AjaxDoc\">AjaxDoc</a>.&nbsp; It produces a reflection.xml file using JavaScript and it follows the existing reflection file schema as I recall. <br>\r\n<br>\r\nBuildAssembler doesn't use the schema.&nbsp; It runs a set of build components defined in sandcastle.config that use the reflection.xml file in combination with other data files to produce the help topics.&nbsp; The presentation styles transformations (VS2005, Hana, and Prototype) are used to generate the actual topics.&nbsp; Depending on how you&nbsp;modify the reflection.xml file, you may need to create a custom presentation style to support it.&nbsp; You may also need to remove build components that don't apply to your language or add new ones that add functionality (i.e. removing unwanted syntax generators or adding new ones).<br>\r\n<br>\r\nIf you can produce a reflection.xml file and either use an existing presentation style or create a new one, you should be able to use the community tools to automate the process.&nbsp; For example, the <a href=\"http://www.codeplex.com/SHFB\">Sandcastle Help File Builder</a>&nbsp;has the ability to use plug-ins that can alter the build process to support non-standard documentation sources such as those produced by AjaxDoc.<br>\r\n<br>\r\nEric<br>\r\n",
    "PostedDate": "2008-07-28T11:40:13.523-07:00",
    "UserRole": null,
    "MarkedAsAnswerDate": null
  },
  {
    "Id": "107666",
    "ThreadId": "32301",
    "Html": "<p>Hi, </p>\r\n<li>So I looked over the Reflection schema, and&nbsp;I was wondering&nbsp;am I suppose to fill up all the elements? </li>\r\n<p>Eric answered this.&nbsp; Not all of the elements and attributes may be required but&nbsp;many are&nbsp;important for the built-in presentation styles to work properly.&nbsp; Go over the various <strong>api </strong>node types to determine whether the reflection schema is a good fit for your custom language.&nbsp; If you can at least adapt it, then you may be able to get by using a built-in presentation style with custom content items and a few updates to the XSL&nbsp;transformations, if necessary.</p>\r\n<li>Where am I suppose to put the file after building the reflection file format for my language? Are there any samples of reflection files? </li>\r\n<p>The reflection file is referenced by the Build Assembler configuration&nbsp;file (<strong>sandcastle.config</strong>)&nbsp;for resolving links.&nbsp; Search for <strong>ResolveReferenceLinksComponent2</strong>.&nbsp; It's also&nbsp;used as the baseline for generating other files using XSL transformations found in the <strong>ProductionTransforms </strong>folder, such as a build manifest and TOC file.&nbsp; The manifest is&nbsp;used by Build Assembler and the TOC is used as the baseline for generating compiled help TOCs.&nbsp; (The TOC may also serve other purposes depending upon the tool that you're using to automate Sandcastle.)</p>\r\n<li>After I created my schema, do I just run the BuildAssembler.exe on it? Or is there more to it? </li>\r\n<p>Eric answered this.</p>\r\n<li>To davedev: What adjustments do I have to mke to Sandcastle.config? </li>\r\n<p>Whatever is necessary to produce HTML help topics&nbsp;as&nbsp;desired.<br>\r\n<br>\r\nBuild Assembler runs every component in the <strong>sandcastle.config </strong>file once, top-down, for each topic in the build manifest.&nbsp; Typically you'll find components that create in-memory indexes of data,&nbsp;perform a main XSL transformation, resolve shared content items and links, and finally&nbsp;save the topic to disc.&nbsp;&nbsp;You may be able to get away with just modifying the main XSL transformation but more than likely you'll need to add/remove other components to perform various functions on&nbsp;the reflection&nbsp;data and user comments&nbsp;that you've designed for your custom language.&nbsp; The ultimate goal of Build Assembler is to execute a <strong>build component stack </strong>that takes all of the information that has been gathered&nbsp;for a documentation set and produces&nbsp;topic files based on a build&nbsp;manifest.&nbsp; It is entirely up to you how that <em>transformation</em> is accomplished, including various features that you may want such as shared content and linking, but as I recommended previously, if you start with an existing presentation style then you can make&nbsp;simple adjustments as you need them instead of starting from scratch.&nbsp; I also recommend reusing the existing build components for things like shared content, indexing, linking and saving, for example.</p>\r\n<li>When you say presentation style, did you mean the &quot;hana&quot;, &quot;prototype&quot;, &quot;shared&quot;, &quot;vs2005&quot; presentations? Or did you mean something else? </li>\r\n<p>That's what I meant :)&nbsp; Although <em>shared </em>isn't a style - it simply provides&nbsp;objects that are shared by the 3 built-in presentation styles, which you mentioned.</p>\r\n<li>Can I do all the documentation generator in an automated process? ie I can not use the GUI, and create an exe file to do all the processes right?&nbsp;</li>\r\n<p>You can automate this.&nbsp; As Eric mentioned, certain tools that automate Sandcastle can be of help, so I'll mention mine :)<br>\r\n<br>\r\n<a href=\"http://www.codeplex.com/DocProject\">DocProject</a> accepts <strong>reflection.xml </strong>files and XML documentation files as external sources, so for example you can build help for AjaxDoc&nbsp;output or your custom language by&nbsp;simply adding a reference to these files.&nbsp; You can also register custom presentation styles in the DocProject config file for seamless integration into&nbsp;Visual Studio and the external GUI.&nbsp; There are also&nbsp;<a href=\"http://www.codeplex.com/DocProject/Wiki/View.aspx?title=Creating a Build Engine Provider\">extensibility</a> features that allow you to plug-in to the DocProject platform for complete control over the project templates, build process and&nbsp;GUIs.</p>\r\n<li>So the bottom line is that 1) i create a reflection xml file 2) apply a xsl transformation to it. Is that what it is, except the process can be done through using the BuildAssembler.exe? </li>\r\n<p>Not quite ;)<br>\r\n<br>\r\nYou need a reflection file and probably XML documentation files as well to support user comments.&nbsp; You also need to apply transformations to the reflection file to produce various other files, including a&nbsp;doc model version, a build manifest and a TOC.&nbsp; (There are also other requirements if you want to use other features; e.g.,&nbsp;versioning.)&nbsp; Build Assembler can be thought of as the <em>main</em> tool (especially since you won't be needing <strong>MRefBuilder </strong>for your custom language) but it's probably not the only tool that you'll be using.&nbsp; It's purpose is to&nbsp;execute a <strong>build component stack</strong>, which contains build components that transform the information that you've gathered about all sources being documented into individual topics (typically XML-based HTML files).</p>\r\n<p>- Dave</p>\r\n",
    "PostedDate": "2008-07-29T02:34:17.013-07:00",
    "UserRole": null,
    "MarkedAsAnswerDate": null
  },
  {
    "Id": "107992",
    "ThreadId": "32301",
    "Html": "Thanks for the replies! Now I have a better understanding on&nbsp;how Sandcastle works!<br>\r\n<br>\r\nThough I have the following questions to ask...<br>\r\n<br>\r\n1) I tried using the Sandcastle Help Builder, and it requires the external source of a dll and user comment xml file. What is the purpose of the dll file? Does it really need a dll file and a comment xml file?<br>\r\n<br>\r\n2) According to the replies, is this what I'm suppose to do to accomplish my objectives?<br>\r\n<ul>\r\n    <li>Somehow, create the reflection.xml file, according to the reflection schema</li>\r\n    <li>Somehow, create the user comments.xml file</li>\r\n    <li>Apply XSL Transform on the Reflection.xml file (to create doc model version, build manifest and TOC file)</li>\r\n    <li>Use the Build Assembler to execute the build component stack to ultimately generate a help file.</li>\r\n</ul>\r\nSo am I correct about what i said above?<br>\r\n<br>\r\n3) Is there any information as to what the reflection schema requirements are for each specifc presentation style? I looked at the schema, saw the &quot;minOccurs=&quot; attributes, but still am clueless as to how or what information i use to populate this schema.<br>\r\n<br>\r\n4) Typically, the comments are to be located right above the methods to describe the specific method. Instead of having the program (ie Visual Studio) generating the user comment xml file for me, is there any other alternative approaches? Or am I limited to Visual Studio?<br>\r\n<br>\r\n5)&nbsp;In my special case, I also have to deal with files that are merely just going to have a bulk of comments at the beginning of my file, that's it. Do you guys have any suggestions as to how I can retrieve this bulk of comments? <br>\r\n<br>\r\n6) In the conceptual help document, I don't understand the whole concept of topics. So am I suppose to use the conceptual format and create a conceptual file to use for Sandcastle or what?<br>\r\n<br>\r\n<br>\r\nThanks for your input guys, really appreciate your help on this topic.\r\n",
    "PostedDate": "2008-07-30T08:59:51.627-07:00",
    "UserRole": null,
    "MarkedAsAnswerDate": null
  },
  {
    "Id": "108012",
    "ThreadId": "32301",
    "Html": "<p>&gt;&gt;<strong>Adrian</strong> 1) <em>What is the purpose of the dll file? Does it really need a dll file and a comment xml file</em>?<br>\r\nNo, the dll is not needed if you are creating the reflection file yourself. SHFB has &quot;comment only&quot; option<br>\r\nbut I do not know if it will work in this case.<br>\r\n<br>\r\n&gt;&gt;<strong>Adrian</strong> 2) <em>see below</em>...<br>\r\n&gt;<em>Somehow, create the reflection.xml file, according to the reflection schema</em> <br>\r\nYes, if you are doing a completely different language.<br>\r\n<br>\r\n&gt;<em>Somehow, create the user comments.xml file<br>\r\n</em>No, this is the default comment file in the Sandcastle sample. It is supposed to be the file created by the<br>\r\nC#,VB.NET or C++/CLI compilers. So, if you are generating the reflection file yourself, you do not need this.<br>\r\n<br>\r\n&gt;<em>Apply XSL Transform on the Reflection.xml file (to create doc model version, build manifest and TOC file)</em><br>\r\nYes, part of the build step.<br>\r\n<br>\r\n&gt;<em>Use the Build Assembler to execute the build component stack to ultimately generate a help file</em>.<br>\r\nYes, the main build step, will use the manifest file you created above.<br>\r\n<br>\r\n&gt;&gt;<strong>Adrian</strong>&nbsp;3) <em>Is there any information as to what the reflection schema requirements are for each specifc presentation style</em>?<br>\r\nNo, the presentation style do not have any special reflection schema support - the schema is common to all the styles.<br>\r\n<br>\r\n<strong>Edited</strong>: Deleted - the information is not correct, sorry.<br>\r\n<br>\r\n<strong>&gt;&gt;Adrian</strong> 6) <em>In the conceptual help document, I don't understand the whole concept of topics</em>.<br>\r\nTypical developers help will consists of</p>\r\n<ul>\r\n    <li>API References - this is where the whole story! of reflection file will do.\r\n    <li>User Guide - like tutorial, technical papers etc. This is where you will use the conceptual help. </li>\r\n</ul>\r\n<p>The only addition here is, the Sandcastle conceptual file format is very extensive with a feature to write the <br>\r\nAPI References too, if you do not want to automatically generate it from the source codes.<br>\r\n<br>\r\nOne part not mentioned so far is that you will need SyntaxComponent for your language, this will generate the<br>\r\nfunctions/methods etc. That is the one&nbsp;you see for each language in a typical Sandcastle output.<br>\r\n<br>\r\nFinally, the third parties tools like SHFB and DocProject are designed to help you compile the help files with<br>\r\nminimal knowledge of the Sandcastle, so those tools will not be the best way to understand the Sandcastle.<br>\r\nTry using the command line tools to compile yourself, since your work does require a&nbsp;working knowledge<br>\r\nof the Sandcastle.<br>\r\n&nbsp;<br>\r\nBest regards,<br>\r\nPaul.</p>\r\n",
    "PostedDate": "2008-07-30T10:02:31.737-07:00",
    "UserRole": null,
    "MarkedAsAnswerDate": null
  },
  {
    "Id": "108056",
    "ThreadId": "32301",
    "Html": "In it's standard mode, SHFB requires at least one assembly in order to generate API documentation.&nbsp; It needs that to have something to pass to MRefBuilder.&nbsp; However, by creating a plug-in, you can bypass that requirement and supply your own reflection.xml file either directly or by running some other tool.&nbsp; As long as it ends up in the build's working folder, the remaining build steps will find it.&nbsp; The AjaxDoc plug-in does this to produce the reflection.xml file via the AjaxDoc web tool.&nbsp; The &quot;comments only&quot; option that Paul referred to is just for adding additional XML comments files not related to any particular assembly (i.e. one containing namespace comments managed outside of the project).&nbsp; Running the Sandcastle tools manually is probably a better approach to try out your MRefBuilder replacement rather than coming up with a plug-in first.&nbsp; The plug-in can come later once you've got the underlying details worked out.<br>\r\n<br>\r\nPaul's comments on points 4 and 5 are misleading.&nbsp; The XML comments are not related to the production of the reflection.xml file and&nbsp;do not appear in it.&nbsp; The .NET language compilers produce them off of the comments in the code but you are free to create them in any way you want including maintaining them separate from the code.&nbsp; As long as the member ID in the XML comments file matches up with an ID in the reflection file, the comments will be included in the topic when it gets generated by BuildAssembler.<br>\r\n<br>\r\nXML comments files only come into play in the BuildAssembler step.&nbsp; They aren't a requirement but without them, the API topics produced won't contain anything much beyond the syntax and parameter info available in the reflection file.&nbsp;&nbsp;If modifying the compiler to produce an XML comments file is not possible, you may have to create a tool that parses the source code to pull out the comments.&nbsp; Whether or not that's part of the tool that creates the reflection file is up to you.<br>\r\n<br>\r\nEric<br>\r\n",
    "PostedDate": "2008-07-30T12:36:12.74-07:00",
    "UserRole": null,
    "MarkedAsAnswerDate": null
  },
  {
    "Id": "108102",
    "ThreadId": "32301",
    "Html": "&gt;&gt;<strong>Eric</strong>: <em>Paul's comments on points 4 and 5 are misleading</em>.<br>\r\nYou are right, I have deleted it to avoid a confusion - thank you.<br>\r\n<br>\r\nBest regards,<br>\r\nPaul.\r\n",
    "PostedDate": "2008-07-30T16:51:01.887-07:00",
    "UserRole": null,
    "MarkedAsAnswerDate": null
  },
  {
    "Id": "108111",
    "ThreadId": "32301",
    "Html": "You'll find links to additional reading material in this article:<br>\r\n<br>\r\nSandcastle Help<br>\r\n<a href=\"http://www.codeplex.com/DocProject/Wiki/View.aspx?title=Sandcastle Help\">http://www.codeplex.com/DocProject/Wiki/View.aspx?title=Sandcastle%20Help</a>&nbsp;<br>\r\n<br>\r\nI'd just like to&nbsp;add that&nbsp;the purpose of the reflection file that MRefBuilder generates (<strong>reflection.org</strong>) is to&nbsp;provide a structure for the documentation based on the structure of the APIs being documented.&nbsp; The presentation styles also add their own requirements to the reflection schema, which is where the doc model transformations come&nbsp;in handy to produce the final <strong>reflection.xml </strong>file.&nbsp; However, a reflection file for a custom language might not require an additional&nbsp;doc model transformation&nbsp;since it's being designed for only one custom presentation style.<br>\r\n<br>\r\nXML documentation files, on the other hand, provide user documentation that can be taken from&nbsp;code comments or other sources. &nbsp;In other words, each presentation style's XSL transformations build the structure of each topic based on the reflection information, but the XML documentation files allow you to include&nbsp;user documentation into this&nbsp;auto-generated layout.&nbsp; For this reason you could still benefit from using&nbsp;documentation files (like <strong>comments.xml</strong>)&nbsp;for a custom language, regardless of how the reflection file is generated.&nbsp; You also have the ability to define the schema for your documentation, although I recommend using&nbsp;the&nbsp;C#/VB.NET-compilers' supported schema as a baseline, if it meets your needs, and then support custom elements on top of it.<br>\r\n<br>\r\nOne more thing that I'm not sure you're clear on yet: Build Assembler does not produce &quot;compiled&quot; help, in the traditional sense.&nbsp; It simply produces loose HTML files (topics).&nbsp; You can take Build Assembler's output (the HTML files) and use them as input to help compilers such as the <strong>HTML Help Workshop</strong> (.chm)&nbsp;or <strong>MS Help 2</strong> (.HxS).&nbsp; Tools such as DocProject and SHFB automate compilation for you using the topics that Sandcastle produces as input.<br>\r\n<br>\r\n- Dave\r\n",
    "PostedDate": "2008-07-30T18:18:19.177-07:00",
    "UserRole": null,
    "MarkedAsAnswerDate": null
  },
  {
    "Id": "109122",
    "ThreadId": "32301",
    "Html": "<p>So I was discussing with my coworkers, and we would like to know more regarding how we can implement Sandcastle document generator feature with our language. So I want to ask,</p>\r\n<ul>\r\n    <li>Does Sandcastle support xml documentation tag only? If so, then I can use xml tags in my custom language too then right?</li>\r\n    <li>Can I create custom tags for use?</li>\r\n    <li>Can Sandcastle support java? (I guess this question is irrelevant since if it can support my language, it should be able to support java too.)</li>\r\n    <li>Does it support the software called Biztalk?</li>\r\n    <li>Does it support XSLT?</li>\r\n    <li>If Sandcastle does not support the language, then I cannot use MRefBuilder to parse the file to create a reflection file right?</li>\r\n    <li>What is reflection.org? is that the reflection file?</li>\r\n    <li>You guys mentioned API and user guide. So what's the difference between them? Is user guide the presentation style?</li>\r\n    <li>If i can create a reflection file that is the same as one of the presentation style, then I can just use BuildAssembler to build the API and user guide right? (assuming i have the comment file)</li>\r\n    <li>Is there any tools out there that you guys recommend to parse the source code to pull out the comments?</li>\r\n</ul>\r\n<p>Also, I'm still rather confused with the whole procedure as to how I can use Sandcastle with my language. Correct me if I'm wrong about my steps</p>\r\n<ol>\r\n    <li>Parse my source code to get my comments (save it as a comment.xml file) and create a reflection file (get reflection.org first, then transform it to reflectionl.xml - if i'm using the default presentation style)</li>\r\n    <li>Use builder assembler with inputs from reflection.xml file and comment.xml file to create my user guide</li>\r\n</ol>\r\n<p>Also, can someone give me a walkthrough on how to create this reflection file? I'm still very lost as to how I can create this reflection file. From looking at the schema, it's really complicated and I'm not sure how I can parse my source code to create this schema.<br>\r\n<br>\r\n<br>\r\nThank you all for helping me out!</p>\r\n",
    "PostedDate": "2008-08-05T08:12:34.22-07:00",
    "UserRole": null,
    "MarkedAsAnswerDate": null
  },
  {
    "Id": "109147",
    "ThreadId": "32301",
    "Html": "<p>Hi,&nbsp;</p>\r\n<ul>\r\n    <li>Does Sandcastle support xml documentation tag only? If so, then I can use xml tags in my custom language too then right? </li>\r\n</ul>\r\n<p>The built-in presentation styles&nbsp;use&nbsp;a Build Assembler configuration file and XSL transformations that pull in&nbsp;XML documentation from code comments into the structure being created for each topic.&nbsp; In your custom configuration and XSL transformations you can do the same, something similar, or something completely proprietary, although just&nbsp;sticking with XML documentation is probably the best choice.</p>\r\n<ul>\r\n    <li>Can I create custom tags for use? </li>\r\n</ul>\r\n<p>Yes.&nbsp; The built-in presentation styles use&nbsp;XSL transformations to create topics, so you can add templates for custom tags if you want. &nbsp;If you're writing your own XSL transformations for your language then you can do whatever you want.</p>\r\n<ul>\r\n    <li>Can Sandcastle support java? (I guess this question is irrelevant since if it can support my language, it should be able to support java too.) </li>\r\n</ul>\r\n<p>Technically Sandcastle's tools can be used to document&nbsp;any language, although&nbsp;they are designed for documenting managed assemblies.&nbsp; To document other languages you'll have to do a lot of the work that Sandcastle already does for managed languages.</p>\r\n<ul>\r\n    <li>Does it support the software called Biztalk?&nbsp;</li>\r\n</ul>\r\n<p>What kind of support do you mean?</p>\r\n<ul>\r\n    <li>Does it support XSLT? </li>\r\n</ul>\r\n<p>Sandcastle isn't a single tool - it's several tools and XSLT files that work together.&nbsp; To ask whether Sandcastle &quot;supports&quot; XSL is kind of like asking whether Sandcastle supports e-mail.&nbsp; It supports anything that you want.&nbsp; However, at its core Sandcastle's built-in presentation styles already use XSLT so I guess the answer to your question is yes.</p>\r\n<ul>\r\n    <li>If Sandcastle does not support the language, then I cannot use MRefBuilder to parse the file to create a reflection file right? </li>\r\n</ul>\r\n<p>Sandcastle doesn't support any languages (except for in the syntax generator).&nbsp; MRefBuilder&nbsp;creates an XML file that describes the structure of compiled assemblies, not code.<br>\r\n<br>\r\nSo if your custom language can produce a managed assembly, then you can use MRefBuilder; otherwise, you can't.</p>\r\n<ul>\r\n    <li>What is reflection.org? is that the reflection file? </li>\r\n</ul>\r\n<p>Yes, it's a reflection file that is produced by the MRefBuilder executable.&nbsp; It doesn't have any additional XSL transformations applied yet, such as&nbsp;a doc model,&nbsp;file names or version information.</p>\r\n<ul>\r\n    <li>You guys mentioned API and user guide. So what's the difference between them? Is user guide the presentation style? </li>\r\n</ul>\r\n<p>There are two types of documentation: <strong>Conceptual </strong>and <strong>Reference</strong>.<br>\r\n<br>\r\nReference documentation (sometimes referred to as API documentation)&nbsp;is automatically generated&nbsp;for managed assemblies and optional XML documentation files.&nbsp; If you've ever looked at the documentation for something like <strong>System.String </strong>on MSDN then you were looking at reference documentation.<br>\r\n<br>\r\nConceptual documentation (sometimes referred to as user documentation) is&nbsp;written using Microsoft Assistance Markup Language (MAML).&nbsp;&nbsp;It consists of&nbsp;topics like, &quot;How To&quot;, &quot;Walk-through&quot;, &quot;Troubleshooting&quot;, etc.</p>\r\n<ul>\r\n    <li>If i can create a reflection file that is the same as one of the presentation style, then I can just use BuildAssembler to build the API and user guide right? (assuming i have the comment file) </li>\r\n</ul>\r\n<p>Yes.&nbsp; XML documentation (the comments file)&nbsp;is optional though.&nbsp; To build both reference and conceptual documentation you must run Build Assembler twice and then merge the TOCs since the build component stacks (i.e., the Build Assembler configuration files) are different for each type of help: <strong>sandcastle.config&nbsp;</strong>(reference docs)<strong>&nbsp;</strong>and <strong>conceptual.config </strong>(conceptual docs).</p>\r\n<ul>\r\n    <li>Is there any tools out there that you guys recommend to parse the source code to pull out the comments? </li>\r\n</ul>\r\n<p>If it's source code for a custom language then you'll probably need a custom tool :)<br>\r\n<br>\r\nI'm sure you're aware of this already, but just to be clear: create a managed application that&nbsp;loops through the&nbsp;contents of&nbsp;each file looking for some beginning-of-line token (like /// in C#) or you can use a regular expression.&nbsp; Then build an in-memory object model that resembles the structure of the target XML documentation file and save the XML to a single file when&nbsp;parsing is complete&nbsp;- I highly recommend using LINQ to XML ;)</p>\r\n<p><em>&gt;&nbsp;Also, I'm still rather confused with the whole procedure as to how I can use Sandcastle with my language. Correct me if I'm wrong about my steps [snip]</em><br>\r\n<br>\r\nIt seems like you've got it correct.<br>\r\n<br>\r\n<em>&gt;&nbsp;Also, can someone give me a walk-through on how to create this reflection file?</em><br>\r\n<br>\r\nWriting a walk-through is not going to be possible without an intimate understanding of your language.&nbsp; If you have questions about specific&nbsp;things in the schema ask here and we may be able to help; although, Microsoft hasn't provided documentation on the structure or its usage&nbsp;so we may not be able to answer all of your questions.<br>\r\n<br>\r\n- Dave</p>\r\n",
    "PostedDate": "2008-08-05T09:52:02.847-07:00",
    "UserRole": null,
    "MarkedAsAnswerDate": null
  }
]