[
  {
    "Id": "625830",
    "ThreadId": "260879",
    "Html": "\r\n<p>I try to install the version 2.6.1062.1 on my Windows 7 Ultimate pc, but the installation stops with the error message:</p>\r\n<p>&quot;A network error occured while attempting to read from the file: D:\\temp\\Sandcastel Version 2.6.1062.1\\FileDownload[1].msi&quot;.</p>\r\n<p>The folder &quot;D:\\temp\\Sandcastel Version 2.6.1062.1\\&quot; exist, but the file &quot;FileDownload[1].msi&quot; is not in this folder.</p>\r\n<p>What is wrong?</p>\r\n",
    "PostedDate": "2011-06-10T02:00:42.193-07:00",
    "UserRole": null,
    "MarkedAsAnswerDate": null
  },
  {
    "Id": "625840",
    "ThreadId": "260879",
    "Html": "<p>Are you using the installer downloaded from this site?</p>\r\n<p>Best regards,<br />Paul.&nbsp;</p>",
    "PostedDate": "2011-06-10T02:23:14.32-07:00",
    "UserRole": null,
    "MarkedAsAnswerDate": null
  },
  {
    "Id": "625842",
    "ThreadId": "260879",
    "Html": "<p>Yes, I used the installer from this site.<br /><br />Best regards,<br />Nadine</p>",
    "PostedDate": "2011-06-10T02:25:08.527-07:00",
    "UserRole": null,
    "MarkedAsAnswerDate": null
  },
  {
    "Id": "625846",
    "ThreadId": "260879",
    "Html": "<p>Sandcastle has nothing to do with&nbsp;FileDownload file.&nbsp;</p>\r\n<p>Please can you outline what you did starting from the downloading of the&nbsp;<a id=\"fileDownload0\" class=\"FileNameLink\" tabindex=\"9\" href=\"http://sandcastle.codeplex.com/releases/view/47665#DownloadId=128770\">sandcastle.msi</a>&nbsp;file?</p>\r\n<p>Best regards,<br />Paul.&nbsp;</p>",
    "PostedDate": "2011-06-10T02:32:31.27-07:00",
    "UserRole": null,
    "MarkedAsAnswerDate": null
  },
  {
    "Id": "625852",
    "ThreadId": "260879",
    "Html": "<p>When selecting the link in your reply for the sandcastle.msi file, I selected \"save as\" in the folder f:\\temp.<br />After finished download, I started the installation and now everything works fine.<br />Thanks for the link, but I don't know what is different between my previous downloads and the last download with the link in your reply.<br />Now everything works fine.</p>\r\n<p>Thanks for your help.</p>\r\n<p>Best regards,<br />Nadine</p>",
    "PostedDate": "2011-06-10T02:47:08.23-07:00",
    "UserRole": null,
    "MarkedAsAnswerDate": null
  }
]