[
  {
    "Id": "605391",
    "ThreadId": "255848",
    "Html": "\r\n<p>The release is available from <a href=\"http://shfb.codeplex.com/releases/view/64605\">\r\nhttp://shfb.codeplex.com/releases/view/64605</a></p>\r\n<p>The main goal of this release is to introduce the Visual Studio 2010 extension package that integrates the Sandcastle Help File Builder with Visual Studio.&nbsp; With it, projects can be created and managed from within Visual Studio just like any other project\r\n type supported by it.</p>\r\n<p><span style=\"text-decoration:underline\"><strong>This version is an Alpha release.</strong></span> Project management support has been implemented but some of the file editors are currently not implemented. See the\r\n<strong>Important Information</strong> section on the download page for more information. If you have any problems, please report them in the Discussions forum or Issue Tracker at the\r\n<a title=\"SHFB\" href=\"http://SHFB.CodePlex.com\" target=\"_blank\">Sandcastle Help File Builder</a> project site. Please be sure to specify the version number you are using to keep the issues separate from the current production release. Thank you!</p>\r\n<p>Eric</p>\r\n<p>&nbsp;</p>\r\n",
    "PostedDate": "2011-04-30T19:04:01.497-07:00",
    "UserRole": null,
    "MarkedAsAnswerDate": null
  }
]