[
  {
    "Id": "76494",
    "ThreadId": "22873",
    "Html": "\r\nWill we ever see support for &lt;inheritdoc/&gt; in Sandcastle?<br />JavaDoc has had this for years: <a href=\"http://java.sun.com/j2se/1.4.2/docs/tooldocs/windows/javadoc.html#inheritingcomments\" class=\"externalLink\">http://java.sun.com/j2se/1.4.2/docs/tooldocs/windows/javadoc.html#inheritingcomments<span class=\"externalLinkIcon\" style=\"font-family:Consolas, Courier New, Courier, Monospace;\"></span></a>.<br /><br />Karl<br />",
    "PostedDate": "2008-02-26T08:22:48.37-08:00",
    "UserRole": null,
    "MarkedAsAnswerDate": null
  },
  {
    "Id": "76590",
    "ThreadId": "22873",
    "Html": "\r\nHi Karl, <br /><br /><a href=\"http://www.roland-weigelt.de/ghostdoc/\" class=\"externalLink\">GhostDoc<span class=\"externalLinkIcon\" style=\"font-family:Consolas, Courier New, Courier, Monospace;\"></span></a> might do that (I haven't used it myself so I can't say for sure).  Although, I agree that it might be nice as a first-class feature of Sandcastle.  You should add it to the Issue Tracker.<br /><br />- Dave<br />",
    "PostedDate": "2008-02-26T15:16:12.267-08:00",
    "UserRole": null,
    "MarkedAsAnswerDate": null
  },
  {
    "Id": "76601",
    "ThreadId": "22873",
    "Html": "\r\nHi Dave,<br /><br /><div class=\"quote\" style=\"border: dotted .1em #aaa; border-left: none; border-right: none; font-style: italic; margin: 1em 0em 2.5em 3em;padding: .2em;\"><br />davedev wrote:<br /><a href=\"http://www.roland-weigelt.de/ghostdoc/\" class=\"externalLink\">GhostDoc<span class=\"externalLinkIcon\" style=\"font-family:Consolas, Courier New, Courier, Monospace;\"></span></a> might do that (I haven't used it myself so I can't say for sure).  <br /><br /></div>I tried it (I saw your reference already in another post with a similar topic), but the problem is, it just copies the base documentation.<br />So, when you change the docs in your base class, the change won't be propagated and you have to manually re-apply the GhostDoc function for every sub-class.<br /><div class=\"quote\" style=\"border: dotted .1em #aaa; border-left: none; border-right: none; font-style: italic; margin: 1em 0em 2.5em 3em;padding: .2em;\"><br />Although, I agree that it might be nice as a first-class feature of Sandcastle.  You should add it to the Issue Tracker.<br /><br /></div>Done. Hope you can vote for it. :-)<br /><br />Karl<br />",
    "PostedDate": "2008-02-26T16:16:56.903-08:00",
    "UserRole": null,
    "MarkedAsAnswerDate": null
  },
  {
    "Id": "76608",
    "ThreadId": "22873",
    "Html": "\r\nHi Karl, <br /><br />Vote+=1<br /><br />I wonder if it could be extended to provide more control using an XPath expression, in the same vein as <span class=\"codeInline\" style=\"font-family:Consolas, Courier New, Courier, Monospace;\">&lt;include&gt;</span>: <br /><br /><pre style=\"background-color:#ECECEC; border:dashed .1em #3E62A6; font-family:Consolas, Courier New, Courier, Monospace; font-size:1em; margin-top:0; padding:.5em; height:auto; overflow:auto; overflow-x:auto; overflow-y:auto;\">\r\n/// &lt;inheritdoc select=\"summary\"/&gt;\r\n/// &lt;remarks&gt;\r\n///   &lt;para&gt;\r\n///   My new remarks, including the last paragraph from the remarks in the base class: \r\n///   &lt;/para&gt;\r\n///   &lt;inheritdoc select=\"remarks/para[last()]\"/&gt;\r\n/// &lt;/remarks&gt;\r\n/// &lt;inheritdoc select=\"example\"/&gt;\r\npublic override void MyMethod() { }\r\n</pre>Do you think that would be useful?<br /><br />- Dave<br /><br />(EDIT: Added <span class=\"codeInline\" style=\"font-family:Consolas, Courier New, Courier, Monospace;\">override</span> keyword to the example ;)<br />",
    "PostedDate": "2008-02-26T17:23:54.977-08:00",
    "UserRole": null,
    "MarkedAsAnswerDate": null
  },
  {
    "Id": "76629",
    "ThreadId": "22873",
    "Html": "\r\nHi Dave,<br /><br /><div class=\"quote\" style=\"border: dotted .1em #aaa; border-left: none; border-right: none; font-style: italic; margin: 1em 0em 2.5em 3em;padding: .2em;\"><br />I wonder if it could be extended to provide more control using an XPath expression, in the same vein as <span class=\"codeInline\" style=\"font-family:Consolas, Courier New, Courier, Monospace;\">&lt;include&gt;</span>: <br /><br /><pre style=\"background-color:#ECECEC; border:dashed .1em #3E62A6; font-family:Consolas, Courier New, Courier, Monospace; font-size:1em; margin-top:0; padding:.5em; height:auto; overflow:auto; overflow-x:auto; overflow-y:auto;\">\r\n/// &lt;inheritdoc select=\"summary\"/&gt;\r\n/// &lt;remarks&gt;\r\n///   &lt;para&gt;\r\n///   My new remarks, including the last paragraph from the remarks in the base class: \r\n///   &lt;/para&gt;\r\n///   &lt;inheritdoc select=\"remarks/para[last()]\"/&gt;\r\n/// &lt;/remarks&gt;\r\n/// &lt;inheritdoc select=\"example\"/&gt;\r\npublic override void MyMethod() { }\r\n</pre>Do you think that would be useful?<br /><br /></div><br />Definitely. However, I would make it behave like JavaDoc (see my link in a previous message), and apply an XPath expression only where it adds extra selectivity. Like:<br /><br /><pre style=\"background-color:#ECECEC; border:dashed .1em #3E62A6; font-family:Consolas, Courier New, Courier, Monospace; font-size:1em; margin-top:0; padding:.5em; height:auto; overflow:auto; overflow-x:auto; overflow-y:auto;\">\r\n/// &lt;summary&gt;&lt;inheritdoc/&gt;Extra stuff added.&lt;/summary&gt;\r\n/// &lt;remarks&gt;\r\n///   &lt;para&gt;\r\n///   My new remarks, including the last paragraph from the remarks in the base class: \r\n///   &lt;/para&gt;\r\n///   &lt;inheritdoc select=\"para[last()]\"/&gt;\r\n/// &lt;/remarks&gt;\r\n/// &lt;example&gt;\r\n/// &lt;inheritdoc/&gt;\r\n/// &lt;para&gt;Extra example: ... &lt;/para&gt;\r\n/// &lt;/example&gt;\r\npublic override void MyMethod() { }\r\n</pre><br />Karl<br />",
    "PostedDate": "2008-02-26T19:11:07.953-08:00",
    "UserRole": null,
    "MarkedAsAnswerDate": null
  },
  {
    "Id": "76639",
    "ThreadId": "22873",
    "Html": "\r\nHi Karl, <br /><br />I skimmed over the article before I posted but I didn't see that feature, which is why I mentioned it :)   I'll have to take another look.<br /><br />Anyway, I do like the idea of having the tag work in XPath's <i>context</i>.  Then you could still use my original example on the root: <br /><br /><pre style=\"background-color:#ECECEC; border:dashed .1em #3E62A6; font-family:Consolas, Courier New, Courier, Monospace; font-size:1em; margin-top:0; padding:.5em; height:auto; overflow:auto; overflow-x:auto; overflow-y:auto;\">\r\n/// &lt;inheritdoc select=\"summary\"/&gt;\r\n/// &lt;remarks&gt;&lt;inheritdoc/&gt;  &lt;para&gt;Additional remarks.&lt;/para&gt;&lt;/remarks&gt;\r\n/// &lt;example&gt;\r\n/// &lt;para&gt;All code blocks from the base documentation:&lt;/para&gt;\r\n/// &lt;inheritdoc select=\"code\"/&gt;\r\n/// &lt;/example&gt;\r\n</pre>- Dave<br />",
    "PostedDate": "2008-02-26T19:48:16.447-08:00",
    "UserRole": null,
    "MarkedAsAnswerDate": null
  },
  {
    "Id": "76757",
    "ThreadId": "22873",
    "Html": "\r\nHi Dave,<br /><br /><div class=\"quote\" style=\"border: dotted .1em #aaa; border-left: none; border-right: none; font-style: italic; margin: 1em 0em 2.5em 3em;padding: .2em;\"><br />davedev wrote:<br />I skimmed over the article before I posted but I didn't see that feature, which is why I mentioned it :) <br /><br /></div>Probably a misunderstanding. I didn't mean that JavaDoc supported XPath, just that it supported context.<br /><br />Karl<br />",
    "PostedDate": "2008-02-27T07:06:20.827-08:00",
    "UserRole": null,
    "MarkedAsAnswerDate": null
  },
  {
    "Id": "76765",
    "ThreadId": "22873",
    "Html": "\r\nHi Karl, <br /><br /><div class=\"quote\" style=\"border: dotted .1em #aaa; border-left: none; border-right: none; font-style: italic; margin: 1em 0em 2.5em 3em;padding: .2em;\"><br />Probably a misunderstanding. I didn't mean that JavaDoc supported XPath, just that it supported context.<br /><br /></div>Yep.  Thanks for clearing that up.<br /><br />- Dave<br />",
    "PostedDate": "2008-02-27T07:28:38.263-08:00",
    "UserRole": null,
    "MarkedAsAnswerDate": null
  },
  {
    "Id": "77218",
    "ThreadId": "22873",
    "Html": "\r\nI gave this some thought and have been playing around for the past couple of evenings and I've just about finished a tool that can produce inherited documentation.  It's a standalone tool so it can be used by SHFB, DocProject, or any custom build script or the default ones supplied with Sandcastle.  You run it after <b>MRefBuilder</b> and, given a configuration file containing information about the reflection file and XML comments files to use, it will produce an additional XML comments file containing all members that have an <span class=\"codeInline\" style=\"font-family:Consolas, Courier New, Courier, Monospace;\">&lt;inheritdoc /&gt;</span> tag with all the comments expanded.  You include this extra comments file as the last one in the list for the <span class=\"codeInline\" style=\"font-family:Consolas, Courier New, Courier, Monospace;\">CopyFromIndexComponent</span> that handles the \"Copy in comments\" task.  Since it is last, its members override any matching members found in the files that preceed it.<br /><br />I've got it working for root level occurrences and just need to wrap up support for occurrences nested within other tags such as in the examples above.  Documentation can be inherited from any member in the project all the way up the chain into the base framework member comments.  It supports a <span class=\"codeInline\" style=\"font-family:Consolas, Courier New, Courier, Monospace;\">cref</span> attribute that lets you explicitly tell it from which member to inhert docs or it will infer it from the base type(s) based on a set of rules.  It also supports a <span class=\"codeInline\" style=\"font-family:Consolas, Courier New, Courier, Monospace;\">select</span> attribute to apply a filter to the inherited documentation.<br /><br />I hope to have it completed this weekend and I'll post here when its available so that people can try it out, find bugs, suggest additional features, and more or less give it a good workout to see how it handles what everyone can throw at it.  I'll start a separate thread here when it's ready.<br /><br />Eric<br />",
    "PostedDate": "2008-02-28T19:26:31.383-08:00",
    "UserRole": null,
    "MarkedAsAnswerDate": null
  },
  {
    "Id": "77234",
    "ThreadId": "22873",
    "Html": "\r\nVery nice, Eric.  Thanks.<br /><br />Just to play devil's advocate for a moment though, don't you think that this functionality is better suited in Sandcastle's XSL transformations?  Having the capability sooner than later is nice, but it is after all adding yet another external tool dependency for functionality that should probably be built-in to Sandcastle.<br /><br />That said, if this is all we've got then I'd still like to use it :)<br /><br />- Dave<br />",
    "PostedDate": "2008-02-28T20:40:29.717-08:00",
    "UserRole": null,
    "MarkedAsAnswerDate": null
  },
  {
    "Id": "77241",
    "ThreadId": "22873",
    "Html": "\r\nBearing in mind that I don't know how to use XSL very effectively, my thought is that given what has to happen, I doubt it could be pulled off in an XSL transformation.  I did consider making a build component but that had its drawbacks.  The main one being that everything is topic-based so while you could probably expand docs for the member, the inherited summaries wouldn't show up in the list pages without some additional effort.<br /><br />Eric<br />",
    "PostedDate": "2008-02-28T21:26:15.19-08:00",
    "UserRole": null,
    "MarkedAsAnswerDate": null
  },
  {
    "Id": "77297",
    "ThreadId": "22873",
    "Html": "\r\nHi Eric, <br /><br />XSL could definitely accomplish this, but I guess not by itself.  A bit of the MS-extensions for injecting C# script into XSL might be required to do some of the dirty work, so I'll agree that it's probably not the most elegant solution.<br /><br />However, the build component stack seems to provide all of the data that's required, AFAICT.  Reflection information is indexed by one component and then another pulls in XML documentation, for the current topic.  A replacement component for the one generating the XML documentation index could, theoretically, also parse comments for <span class=\"codeInline\" style=\"font-family:Consolas, Courier New, Courier, Monospace;\">&lt;inheritdoc/&gt;</span> tags while they're being pulled in and use the reflection information that's already in memory to find and replace those tags with inherited documentation.  From here the rest of the process wouldn't need to change.<br /><br />All of the current topic's inheritance info is already in memory, so it's just a matter of discovering the XML documentation from other files, which could be accomplished by transforming topic IDs from the current topic's inheritance data into documentation comment member IDs that can be found in the same XML documentation files that were indexed previously.  Breaching that <i>once-per-topic</i> boundary seems easy enough then, but I don't see any limitations that would prevent this solution from working correctly.<br /><br />Would you consider taking the business logic in your tool and moving it to a custom build component that can create the XML documentation index in place of the <span class=\"codeInline\" style=\"font-family:Consolas, Courier New, Courier, Monospace;\">CopyFromIndexComponent</span> that's currently being used?<br /><br />- Dave<br />",
    "PostedDate": "2008-02-29T01:50:52.747-08:00",
    "UserRole": null,
    "MarkedAsAnswerDate": null
  },
  {
    "Id": "77312",
    "ThreadId": "22873",
    "Html": "\r\nHi Eric, <br /><br />I just gave it some more thought and took an in-depth look at <span class=\"codeInline\" style=\"font-family:Consolas, Courier New, Courier, Monospace;\">CopyFromIndexComponent</span>.  Since <span class=\"codeInline\" style=\"font-family:Consolas, Courier New, Courier, Monospace;\">IndexedDocumentCache</span> is internal I can see how it would be difficult to replace that component after all.  Also, it doesn't make it easy to get at the reflection data and documentation comments for other members, so I see what you mean now.  However, a custom component that ran after the <span class=\"codeInline\" style=\"font-family:Consolas, Courier New, Courier, Monospace;\">CopyFromIndexComponent</span> that generates the comments index could still do what I suggested, but it would have to create a second reflection index and a second XML comments index, which would take up more memory and decrease performance.<br /><br />I wonder though, if the Sandcastle team were to make <span class=\"codeInline\" style=\"font-family:Consolas, Courier New, Courier, Monospace;\">IndexedDocumentCache</span> and <span class=\"codeInline\" style=\"font-family:Consolas, Courier New, Courier, Monospace;\">IndexedDocument</span> public, and then extend <span class=\"codeInline\" style=\"font-family:Consolas, Courier New, Courier, Monospace;\">CopyFromIndexComponent</span> so that it supported plug-ins kind of like how syntax generation works, then at least the current topic's comments could be processed with full access to the entire comment index and reflection index.  That would also be a very flexible way to manipulate documentation comments using plug-ins.  For example, I could see an <span class=\"codeInline\" style=\"font-family:Consolas, Courier New, Courier, Monospace;\">&lt;include/&gt;</span> plug-in being implemented, which would work much how the compilers handle it currently.  Another scenario would be a comment formatter; e.g., a separate Code Block Component might not be necessary - it could be written as a plug-in for <span class=\"codeInline\" style=\"font-family:Consolas, Courier New, Courier, Monospace;\">CopyFromIndexComponent</span>.  This flexibility might solve other problems as well.<br /><br />- Dave<br />",
    "PostedDate": "2008-02-29T03:14:24.57-08:00",
    "UserRole": null,
    "MarkedAsAnswerDate": null
  },
  {
    "Id": "77414",
    "ThreadId": "22873",
    "Html": "\r\nI did examine <span class=\"codeInline\" style=\"font-family:Consolas, Courier New, Courier, Monospace;\">CopyFromIndexComponent</span> and, as you found, there's too much stuff implemented privately to pull it off in a build component right now.  I think it's a bit more involved than just exposing the index caches as there are probably other internal implementation details to consider that may not yet be apparent without a much closer inspection (i.e. the caches are effectively read-only as they use <span class=\"codeInline\" style=\"font-family:Consolas, Courier New, Courier, Monospace;\">XPathNavigator</span> objects).  The code block component is paired with the post-transform component as it injects the scripts after the HTML transformation only if needed so I still see it being separate and not a sub-component of <span class=\"codeInline\" style=\"font-family:Consolas, Courier New, Courier, Monospace;\">CopyFromIndexComponent</span> even if it were possible.<br /><br />The tool I've written does effectively mimic the component in some ways in that it indexes the comments files and creates a cache.  It runs fast, generates one extra comments file, and there's no extra overhead when generating the topics during the build as the processing is already in place to override duplicate member comment entries.  I view &lt;inheritdoc /&gt; as being similar to &lt;exclude /&gt; which is effectively handled by adding entries to the API filter in MRefBuilder's config file.  It does the job more efficiently than XSL or a build component.<br /><br />Eric<br />",
    "PostedDate": "2008-02-29T08:52:53.317-08:00",
    "UserRole": null,
    "MarkedAsAnswerDate": null
  },
  {
    "Id": "77502",
    "ThreadId": "22873",
    "Html": "\r\nHi Eric, <br /><br />Well I know that it wouldn't work using the current implementation of <span class=\"codeInline\" style=\"font-family:Consolas, Courier New, Courier, Monospace;\">CopyFromIndexComponent</span>, and yes the particular implementation of <i>XPathNavigator</i> being used by <i>IndexedDocument</i> is in fact read-only.  I just thought that the Sandcastle team might like to accommodate the community's needs in a subsequent release :)<br /><br />I do appreciate your effort and I'll certainly try out your tool.<br /><br />Though I think that a build component <i>would</i> be more efficient because your tool is forced to create another in-memory index but a build component could use the cached data that's already in memory during builds.  Producing only one, or one hundred comments files, doesn't make the tool more efficient since a build component wouldn't have to produce any.<br /><br />- Dave<br />",
    "PostedDate": "2008-02-29T17:10:58.15-08:00",
    "UserRole": null,
    "MarkedAsAnswerDate": null
  },
  {
    "Id": "77533",
    "ThreadId": "22873",
    "Html": "<div class=\"quote\" style=\"border: dotted .1em #aaa; border-left: none; border-right: none; font-style: italic; margin: 1em 0em 2.5em 3em;padding: .2em;\"><br />davedev wrote:<br />Just to play devil's advocate for a moment though, don't you think that this functionality is better suited in Sandcastle's XSL transformations?  <br /><br /></div><br />I read an old post about the PostSharp documentation, and I found an XSLT they use just after they apply the VS 2005 transformation:<br /><a href=\"http://code.thinkpond.org/viewvc.cgi/cslerp2/trunk/PostSharp/Documentation/ClassRef/TransformComments.xslt?revision=1&amp;view=markup&amp;pathrev=23\" class=\"externalLink\">http://code.thinkpond.org/viewvc.cgi/cslerp2/trunk/PostSharp/Documentation/ClassRef/TransformComments.xslt?revision=1&amp;view=markup&amp;pathrev=23<span class=\"externalLinkIcon\" style=\"font-family:Consolas, Courier New, Courier, Monospace;\"></span></a><br /><br />Karl<br />",
    "PostedDate": "2008-02-29T20:56:40.65-08:00",
    "UserRole": null,
    "MarkedAsAnswerDate": null
  },
  {
    "Id": "77536",
    "ThreadId": "22873",
    "Html": "\r\nHi Karl, <br /><br />Nice find.  That's pretty much what I expected it would look like, although I assumed that a bit more C# would be required - maybe that would be true for our extension idea though.<br /><br />I'd still like to see this implemented in Sandcastle, if possible.  As a build component though it would probably increase performance.<br /><br />- Dave<br />",
    "PostedDate": "2008-02-29T23:58:37.17-08:00",
    "UserRole": null,
    "MarkedAsAnswerDate": null
  },
  {
    "Id": "77592",
    "ThreadId": "22873",
    "Html": "\r\nIf the build component interface opens up, I'll reconsider it.<br /><br />Eric<br />",
    "PostedDate": "2008-03-01T12:15:27.877-08:00",
    "UserRole": null,
    "MarkedAsAnswerDate": null
  }
]