[
  {
    "Id": "73862",
    "ThreadId": "22152",
    "Html": "\r\nI am trying to link from within my XML doc comments to 3rd party online docs without having to hard code the URL in my source code.<br />This means, I am <b>not</b> including these docs as \"additional content\" (see SHFB GUI), which would mean including the physical files.<br /><br />So far I have not found a way to configure this with the SHFB GUI.<br /><br />My first approach was to simply do it by including an entity reference (to be expanded later) in my doc comments, and then manually inserting<br />XML entity declarations in the XML file generated by the C# compiler. Unfortunately, the C# compiler refuses to process such comments as it expects the entities to have been declared already, which - of course - cannot be done in the doc comments.<br /><br />So my question is, has anyone dealt with - and solved - a similar problem already, preferably within SHFB?<br />I am afraid I might have to write a SHFB plugin or console program to post-process the XML files after the compiler creates them.<br /><br />Karl<br />",
    "PostedDate": "2008-02-14T07:59:07.953-08:00",
    "UserRole": null,
    "MarkedAsAnswerDate": null
  },
  {
    "Id": "73895",
    "ThreadId": "22152",
    "Html": "\r\nHi Karl, <br /><br />I'm not sure about SHFB in particular, but I don't think Sandcastle provides support for converting entity references to third-party hyperlinks.  To MSDN hyperlinks, yes, via <b>ResolveReferenceLinksComponent2</b>.<br /><br />It sounds like what you need is a <b>ResolveExternalLinksComponent</b>, which could read the mappings for custom IDs to hyperlinks from an XML file.  But you'd have to create the mappings manually, so I'm not sure how useful that would be.  (Note that the IDs would not be entity references, since the compiler can't resolve them - as you've discovered).  If you're interested then I'll consider writing the component.<br /><br />- Dave<br />",
    "PostedDate": "2008-02-14T09:18:33.58-08:00",
    "UserRole": null,
    "MarkedAsAnswerDate": null
  },
  {
    "Id": "73938",
    "ThreadId": "22152",
    "Html": "\r\nHi Dave,<br /><br />Thanks for your interest in my problem.<br /><br /><div class=\"quote\" style=\"border: dotted .1em #aaa; border-left: none; border-right: none; font-style: italic; margin: 1em 0em 2.5em 3em;padding: .2em;\"><br />It sounds like what you need is a <b>ResolveExternalLinksComponent</b>, which could read the mappings for custom IDs to hyperlinks from an XML file.  But you'd have to create the mappings manually, so I'm not sure how useful that would be.  (Note that the IDs would not be entity references, since the compiler can't resolve them - as you've discovered).  If you're interested then I'll consider writing the component.<br /><br /></div><br />Hi Dave,<br /><br />what I had in mind originally was something like writing a &lt;see&gt; tag: <br />  &lt;see href=\"&amp;external_root;/docs/item.html\"&gt;External Item&lt;/see&gt;<br />where the entity reference &amp;external_root; is replaced later by some base URL.<br /><br />This would assume that the overall doc structure on the external link is fixed, but then you get away with defining just one general entity.<br /><br />Another option I though about was (as entity references don't work), to let the programmer define his own syntax, e.g.:<br />  &lt;see href=\"@external_root;/docs/item.html\"&gt;External Item&lt;/see&gt;<br />where \"@external_root;\" is converted to \"&amp;external_root;\" through some regex processing later.<br />Obviously that is not quite as simple, since the syntax should be such that false positives are avoided and repeated processing should not have an effect - the post-processing should be \"idempotent\", and it all has to be well-formed XML.<br /><br />So, how would you do this using ID attributes?<br /><br />Karl<br />",
    "PostedDate": "2008-02-14T11:43:10.937-08:00",
    "UserRole": null,
    "MarkedAsAnswerDate": null
  },
  {
    "Id": "73939",
    "ThreadId": "22152",
    "Html": "\r\nDuplicate post - removed.<br />",
    "PostedDate": "2008-02-14T11:43:12-08:00",
    "UserRole": null,
    "MarkedAsAnswerDate": null
  },
  {
    "Id": "73957",
    "ThreadId": "22152",
    "Html": "\r\nHi Karl, <br /><br /><div class=\"quote\" style=\"border: dotted .1em #aaa; border-left: none; border-right: none; font-style: italic; margin: 1em 0em 2.5em 3em;padding: .2em;\"><br /><span class=\"codeInline\" style=\"font-family:Consolas, Courier New, Courier, Monospace;\">&lt;see href=\"&amp;external_root;/docs/item.html\"&gt;External Item&lt;/see&gt;</span><br />This would assume that the overall doc structure on the external link is fixed, but then you get away with defining just one general entity.<br /><br /></div>Interesting idea.  I had in mind something like the following: <br /><br /><span class=\"codeInline\" style=\"font-family:Consolas, Courier New, Courier, Monospace;\">&lt;see xref=\"example.docs.item\"&gt;External Item&lt;/see&gt;</span><br /><br />with the component's inner XML configuration as something like this: <br /><br /><pre style=\"background-color:#ECECEC; border:dashed .1em #3E62A6; font-family:Consolas, Courier New, Courier, Monospace; font-size:1em; margin-top:0; padding:.5em; height:auto; overflow:auto; overflow-x:auto; overflow-y:auto;\">\r\n&lt;component type=\"ResolveExternalLinksComponent\" assembly=\"..\"&gt;\r\n  &lt;mappings&gt;\r\n     &lt;url id=\"example.docs.item\" href=\"http://example.com/docs/item.html\" /&gt;\r\n  &lt;/mappings&gt;\r\n&lt;/component&gt;\r\n</pre>but I wonder if the two ideas could be mixed: <br /><br /><pre style=\"background-color:#ECECEC; border:dashed .1em #3E62A6; font-family:Consolas, Courier New, Courier, Monospace; font-size:1em; margin-top:0; padding:.5em; height:auto; overflow:auto; overflow-x:auto; overflow-y:auto;\">\r\n&lt;component type=\"ResolveExternalLinksComponent\" assembly=\"..\"&gt;\r\n  &lt;mappings&gt;\r\n    &lt;url id=\"example.docs.item\" href=\"http://example.com/docs/item.html\" /&gt;\r\n    &lt;baseurl id=\"example\" href=\"http://example.com\" /&gt;\r\n  &lt;/mappings&gt;\r\n&lt;/component&gt;\r\n</pre>so that you could use the following two <span class=\"codeInline\" style=\"font-family:Consolas, Courier New, Courier, Monospace;\">&lt;see&gt;</span> elements to point to the same URL: <br /><br /><pre style=\"background-color:#ECECEC; border:dashed .1em #3E62A6; font-family:Consolas, Courier New, Courier, Monospace; font-size:1em; margin-top:0; padding:.5em; height:auto; overflow:auto; overflow-x:auto; overflow-y:auto;\">\r\n&lt;summary&gt;\r\n&lt;see xref=\"example.docs.item\"&gt;External Item&lt;/see&gt;\r\n&lt;see vref=\"{example}/docs/item.html\"&gt;External Item&lt;/see&gt;\r\n&lt;/summary&gt;\r\n</pre>The <i>x</i> in <i>xref</i> indicates an e<b>X</b>ternal URL mapping.<br />The <i>v</i> in <i>vref</i> indicates a <b>V</b>irtual URL, using <b>{example}</b> as the ID to look up its base.<br /><br />Personally, I like the <i>xref</i> approach better since URLs don't have to be known while authoring content.  The component's editor could provide a way to manage the list of URLs and the IDs to which they map, making configuration really simple.  Also, you could quickly make a change to the URL for any particular ID if it needs to be updated globally.<br /><br />- Dave<br />",
    "PostedDate": "2008-02-14T12:43:56.727-08:00",
    "UserRole": null,
    "MarkedAsAnswerDate": null
  },
  {
    "Id": "74011",
    "ThreadId": "22152",
    "Html": "\r\nSorry for this - but it seems when using FireFox, messages get posted twice. See below.<br />",
    "PostedDate": "2008-02-14T18:51:03.607-08:00",
    "UserRole": null,
    "MarkedAsAnswerDate": null
  },
  {
    "Id": "74012",
    "ThreadId": "22152",
    "Html": "\r\nHi Dave,<br /><div class=\"quote\" style=\"border: dotted .1em #aaa; border-left: none; border-right: none; font-style: italic; margin: 1em 0em 2.5em 3em;padding: .2em;\"><br />davedev wrote:<br />but I wonder if the two ideas could be mixed: <br /><pre style=\"background-color:#ECECEC; border:dashed .1em #3E62A6; font-family:Consolas, Courier New, Courier, Monospace; font-size:1em; margin-top:0; padding:.5em; height:auto; overflow:auto; overflow-x:auto; overflow-y:auto;\">\r\n&lt;component type=\"ResolveExternalLinksComponent\" assembly=\"..\"&gt;\r\n  &lt;mappings&gt;\r\n    &lt;url id=\"example.docs.item\" href=\"http://example.com/docs/item.html\" /&gt;\r\n    &lt;baseurl id=\"example\" href=\"http://example.com\" /&gt;\r\n  &lt;/mappings&gt;\r\n&lt;/component&gt;\r\n</pre>so that you could use the following two <span class=\"codeInline\" style=\"font-family:Consolas, Courier New, Courier, Monospace;\">&lt;see&gt;</span> elements to point to the same URL: <br /><br /><pre style=\"background-color:#ECECEC; border:dashed .1em #3E62A6; font-family:Consolas, Courier New, Courier, Monospace; font-size:1em; margin-top:0; padding:.5em; height:auto; overflow:auto; overflow-x:auto; overflow-y:auto;\">\r\n&lt;summary&gt;\r\n&lt;see xref=\"example.docs.item\"&gt;External Item&lt;/see&gt;\r\n&lt;see vref=\"{example}/docs/item.html\"&gt;External Item&lt;/see&gt;\r\n&lt;/summary&gt;\r\n</pre>The <i>x</i> in <i>xref</i> indicates an e<b>X</b>ternal URL mapping.<br />The <i>v</i> in <i>vref</i> indicates a <b>V</b>irtual URL, using <b>{example}</b> as the ID to look up its base.<br /><br />Personally, I like the <i>xref</i> approach better since URLs don't have to be known while authoring content.  The component's editor could provide a way to manage the list of URLs and the IDs to which they map, making configuration really simple.  Also, you could quickly make a change to the URL for any particular ID if it needs to be updated globally.<br /><br /></div>Yes, I like the xref approach as well, it bothers me though, that it requires more work. Maybe some work could be saved through defaulting. We could for instance use the xref value (the id) itself as the href value that is appended to the base URI. We could also define a global base URL, and maybe individual group base URLs. Example:<br />Let's say we have<br /><pre style=\"background-color:#ECECEC; border:dashed .1em #3E62A6; font-family:Consolas, Courier New, Courier, Monospace; font-size:1em; margin-top:0; padding:.5em; height:auto; overflow:auto; overflow-x:auto; overflow-y:auto;\">\r\n&lt;summary&gt;\r\n&lt;see xref=\"/docs/regularitem.html\"&gt;Regular Item&lt;/see&gt;\r\n&lt;see xref=\"/docs/specialitem.html\"&gt;Special Item&lt;/see&gt;\r\n&lt;see xref=\"/docs/uniqueitem.html\"&gt;Unique Item&lt;/see&gt;\r\n&lt;/summary&gt;\r\n</pre>and we want as default a base URI of http://example.com - it should apply to the \"Regular Item\". We want as a special case use the base URI http://special.com for \"Special Item\" and as an extra special case we want to map \"Unique Item\" to an html file that does not correspond to its xref/id value:<br /><pre style=\"background-color:#ECECEC; border:dashed .1em #3E62A6; font-family:Consolas, Courier New, Courier, Monospace; font-size:1em; margin-top:0; padding:.5em; height:auto; overflow:auto; overflow-x:auto; overflow-y:auto;\">\r\n&lt;component type=\"ResolveExternalLinksComponent\" baseURI=\"http://example.com\" \"assembly=\"..\"&gt;\r\n  &lt;mappings baseURI=\"http://special.com\"&gt;\r\n    &lt;url id=\"/docs/specialitem.html\" /&gt;\r\n    . . .\r\n  &lt;/mappings&gt;\r\n  &lt;mappings baseURI=\"http://unique.com\"&gt;\r\n    &lt;url id=\"/docs/uniqueitem.html\" href=\"/docs/uniqueitem_V2.0.html\" /&gt;\r\n    . . .\r\n  &lt;/mappings&gt;\r\n&lt;/component&gt;\r\n</pre>This would give us the URI values<br /><ul><ul><li>http://example.com/docs/regularitem.html  - all defaulted</li><li>http://special.com/docs/specialitem.html  - base URI specified, the rest defaulted</li><li>http://unique.com/docs/uniqueitem_V2.0.html  - complete href value specified</li></ul></ul><br />Through this approach, the xref values are still not restricted in generality, but the defaulting rules give them a special interpretation through which work can be saved.<br /><br />Karl<br />",
    "PostedDate": "2008-02-14T18:51:06.607-08:00",
    "UserRole": null,
    "MarkedAsAnswerDate": null
  },
  {
    "Id": "74041",
    "ThreadId": "22152",
    "Html": "\r\nHi Karl, <br /><br /><div class=\"quote\" style=\"border: dotted .1em #aaa; border-left: none; border-right: none; font-style: italic; margin: 1em 0em 2.5em 3em;padding: .2em;\"><br />Yes, I like the xref approach as well, it bothers me though, that it requires more work. Maybe some work could be saved through defaulting. We could for instance use the xref value (the id) itself as the href value that is appended to the base URI.<br /><br /></div>I don't like the idea of having the ID as the virtual URL itself.  I understand why you think that managing an ID for each URL would be more work, but I think overall it would be less work in actuality, especially with a GUI to help configure mappings.<br /><br />For example, if you decided to use a pattern for IDs, such as setting them to the namespace and type name of third-party controls, then typing <span class=\"codeInline\" style=\"font-family:Consolas, Courier New, Courier, Monospace;\">&lt;see xref=\"ThirdPartyLib.CustomControl\"/&gt;</span> while authoring documentation would be quite easy and intuitive; more so than having to hard-code a long URL each time it's needed throughout all of your documentation (imagine a URL with a cryptic path and query string).<br /><br />And again, if the URL ever changes (which you have no control over since it's a third-party website) then you only need to change the URL mapping instead of every reference in every topic.<br /><br /><div class=\"quote\" style=\"border: dotted .1em #aaa; border-left: none; border-right: none; font-style: italic; margin: 1em 0em 2.5em 3em;padding: .2em;\"><br />and we want as default a base URI of http://example.com - it should apply to the \"Regular Item\". We want as a special case use the base URI http://special.com for \"Special Item\" and as an extra special case we want to map \"Unique Item\" to an html file that does not correspond to its xref/id value<br /><br /></div>This would save the trouble of having to type <i>http://domain.com</i> each time, which IMO isn't all that difficult anyway if you're already hard-coding the rest of a potentially <i>long</i> URL.<br /><br />But I think it's uncommon that the same virtual path would apply to different base URLs.  So if the ID is the URL itself then segregating mappings by base paths would never be required.  The component's only purpose would be to slap on a base path to virtual URLs hard-coded in the documentation.  I think we can get more value out of a component that resolves external links.<br /><br />Without mixing ID and URL semantics, grouping by base paths just to reduce the amount of redundancy in the mappings themselves might be useful though: <br /><br /><pre style=\"background-color:#ECECEC; border:dashed .1em #3E62A6; font-family:Consolas, Courier New, Courier, Monospace; font-size:1em; margin-top:0; padding:.5em; height:auto; overflow:auto; overflow-x:auto; overflow-y:auto;\">\r\n&lt;component type=\"ResolveExternalLinksComponent\" \"assembly=\"..\"&gt;\r\n  &lt;mappings base=\"http://special.com\"&gt;\r\n    &lt;url id=\"ThirdPartyControl.SomeType:1\" href=\"/docs/sometype_V1.0.html\" /&gt;\r\n    &lt;url id=\"ThirdPartyControl.AnotherType:1\" href=\"/docs/anothertype_V1.0.html\" /&gt;\r\n  &lt;/mappings&gt;\r\n  &lt;mappings base=\"http://unique.com\"&gt;\r\n    &lt;url id=\"ThirdPartyControl.SomeType:2\" href=\"/docs/sometype_V2.0.html\" /&gt;\r\n    &lt;url id=\"ThirdPartyControl.AnotherType:2\" href=\"/docs/anothertype_V2.0.html\" /&gt;\r\n  &lt;/mappings&gt;\r\n&lt;/component&gt;\r\n</pre>The <span class=\"codeInline\" style=\"font-family:Consolas, Courier New, Courier, Monospace;\">base</span> attribute would be optional, of course.<br /><br />I'll probably have the time to build this component over the weekend - it shouldn't take long.  I'll make sure it works without DocProject installed as well.<br /><br />- Dave<br />",
    "PostedDate": "2008-02-14T22:44:43.863-08:00",
    "UserRole": null,
    "MarkedAsAnswerDate": null
  },
  {
    "Id": "74105",
    "ThreadId": "22152",
    "Html": "\r\nHi Dave,<br /><br /><div class=\"quote\" style=\"border: dotted .1em #aaa; border-left: none; border-right: none; font-style: italic; margin: 1em 0em 2.5em 3em;padding: .2em;\"><br />davedev wrote:<br />I don't like the idea of having the ID as the virtual URL itself.  I understand why you think that managing an ID for each URL would be more work, but I think overall it would be less work in actuality, especially with a GUI to help configure mappings.<br /><br /></div><br />Actually, I didn't force the ID as the virtual URL, it could have been anything. Only, what I proposed was that if there was no explicit mapping from the xref/ID to a URL provided, it would be interpreted as representing a URL (or rather URI), which could be absolute (no base URL provided) or relative.<br /><br /><div class=\"quote\" style=\"border: dotted .1em #aaa; border-left: none; border-right: none; font-style: italic; margin: 1em 0em 2.5em 3em;padding: .2em;\"><br />For example, if you decided to use a pattern for IDs, such as setting them to the namespace and type name of third-party controls, then typing <span class=\"codeInline\" style=\"font-family:Consolas, Courier New, Courier, Monospace;\">&lt;see xref=\"ThirdPartyLib.CustomControl\"/&gt;</span> while authoring documentation would be quite easy and intuitive; more so than having to hard-code a long URL each time it's needed throughout all of your documentation (imagine a URL with a cryptic path and query string).<br /><br />And again, if the URL ever changes (which you have no control over since it's a third-party website) then you only need to change the URL mapping instead of every reference in every topic.<br /><br /></div><br />Well, that was the purpose of my base URLs. Maybe you understand better if I show you my concrete example.<br />The library I wrote (a while ago) is a .NET wrapper for Berkeley DB (http://www.oracle.com/database/berkeley-db/index.html).<br />Obviously I don't want to duplicate all the BDB docs, I only want to document my wrapper classes and for the actual functionality want to point back to the original documentation (which targets a C-API). The internal structure of these docs  will not change anymore, so I can hard code the relative URLs to the BDB documentation in my code. However, the actual location of the docs is variable. It could be on Oracle's web site (where it could move around), or it could be on your local hard disk where BDB is installed.<br /><br />So, in my case, the base URL would point to the location of the docs, and the relative URLs would be the IDs for the external documentation pages, which will never change for a specific version of BDB.<br /><br /><div class=\"quote\" style=\"border: dotted .1em #aaa; border-left: none; border-right: none; font-style: italic; margin: 1em 0em 2.5em 3em;padding: .2em;\"><br /><div class=\"quote\" style=\"border: dotted .1em #aaa; border-left: none; border-right: none; font-style: italic; margin: 1em 0em 2.5em 3em;padding: .2em;\"><br />and we want as default a base URI of http://example.com - it should apply to the \"Regular Item\". We want as a special case use the base URI http://special.com for \"Special Item\" and as an extra special case we want to map \"Unique Item\" to an html file that does not correspond to its xref/id value<br /><br /></div>This would save the trouble of having to type <i>http://domain.com</i> each time, which IMO isn't all that difficult anyway if you're already hard-coding the rest of a potentially <i>long</i> URL.<br /><br />But I think it's uncommon that the same virtual path would apply to different base URLs.  So if the ID is the URL itself then segregating mappings by base paths would never be required.  The component's only purpose would be to slap on a base path to virtual URLs hard-coded in the documentation.  I think we can get more value out of a component that resolves external links.<br /><br /></div><br />Actually, as you can see from my example, the same relative URL (which really can be seen as the documentation ID for a specific function or data structure in a C-API) can be applied to different base URL (the doc location), but of course no in the same instance of the document. Basically, what I want to do is re-run my doc build process with a different base URL in case Oracle changes their doc location.<br /><br /><div class=\"quote\" style=\"border: dotted .1em #aaa; border-left: none; border-right: none; font-style: italic; margin: 1em 0em 2.5em 3em;padding: .2em;\"><br />Without mixing ID and URL semantics, grouping by base paths just to reduce the amount of redundancy in the mappings themselves might be useful though: <br /><br /><pre style=\"background-color:#ECECEC; border:dashed .1em #3E62A6; font-family:Consolas, Courier New, Courier, Monospace; font-size:1em; margin-top:0; padding:.5em; height:auto; overflow:auto; overflow-x:auto; overflow-y:auto;\">\r\n&lt;component type=\"ResolveExternalLinksComponent\" \"assembly=\"..\"&gt;\r\n  &lt;mappings base=\"http://special.com\"&gt;\r\n    &lt;url id=\"ThirdPartyControl.SomeType:1\" href=\"/docs/sometype_V1.0.html\" /&gt;\r\n    &lt;url id=\"ThirdPartyControl.AnotherType:1\" href=\"/docs/anothertype_V1.0.html\" /&gt;\r\n  &lt;/mappings&gt;\r\n  &lt;mappings base=\"http://unique.com\"&gt;\r\n    &lt;url id=\"ThirdPartyControl.SomeType:2\" href=\"/docs/sometype_V2.0.html\" /&gt;\r\n    &lt;url id=\"ThirdPartyControl.AnotherType:2\" href=\"/docs/anothertype_V2.0.html\" /&gt;\r\n  &lt;/mappings&gt;\r\n&lt;/component&gt;\r\n</pre>The <span class=\"codeInline\" style=\"font-family:Consolas, Courier New, Courier, Monospace;\">base</span> attribute would be optional, of course.<br /><br /></div><br />From what I can tell you propose basically the same as I suggested, only you would not do any defaulting for those IDs where no mapping was provided. So the only difference really is that I proposed that for unmapped xref values, they will be interpreted as relative or absolute URLs. There could be two levels of being \"unmapped\": <br /><ol><li>no mapping at all: to be interpreted as URL, optionally using a global base URL (specified on component level)</li><li>mapping without href specified: use base URL from mappings group, interpreting xref/ID as relative URL</li></ol><br /><div class=\"quote\" style=\"border: dotted .1em #aaa; border-left: none; border-right: none; font-style: italic; margin: 1em 0em 2.5em 3em;padding: .2em;\"><br />I'll probably have the time to build this component over the weekend - it shouldn't take long.  I'll make sure it works without DocProject installed as well.<br /><br /></div><br />That would be great. I can always augment it with whatever special needs I have (e.g. add defaulting).<br /><br />Regards,<br /><br />Karl<br />",
    "PostedDate": "2008-02-15T06:28:24.59-08:00",
    "UserRole": null,
    "MarkedAsAnswerDate": null
  },
  {
    "Id": "74158",
    "ThreadId": "22152",
    "Html": "\r\nHi Karl, <br /><br />I think we're <i>basically</i> on the same page here.<br /><br />My last example is like the third case in your first example, where a URL-based ID could be overridden with a complete URL, although my example doesn't override a URL-based ID, it simply maps an ID to a URL (I think you get the idea though :).<br /><br />Here are the problems that I have with your solution: <br /><ol><li>I don't like the mixing of semantics.  An ID attribute should only be an ID, or it should be a URL, but not both.  You're trying to save typing but, as I mentioned previously, you may end up doing much more (see below).</li><li>Assuming that relative URLs will <i>never</i> change is a problem, and a corner-case if it just-so-happens to be true.</li></ol><br />You can't say for sure what Oracle will do with their website and you can't guarantee that the relative paths for documentation in subsequent releases will not change, even if it's installed locally.<br /><br />For example, the MSDN library has gone through changes of its entire URL-mapping structure in the past, so having assumed that only the base URL could change would have created a lot of work for you now since you'd have to update URLs in every single topic, for both local and online references.  And it doesn't matter whether they're being interpreted by the component as IDs or actual URLs, since they'll be invalid URLs now either way.  Updating the XML mappings to override invalid relative URLs with correct, full URLs, would mean that you'd be leaving broken relative URLs laced throughout your documentation.  Who wants to type broken URLs as an ID when creating new documentation?  Nobody, so you'll end up having documentation containing old URLs, being mapped to new ones, and new IDs that represent the latest URLs.  If they change, the cycle repeats and your documentation becomes a management nightmare full of URLs, when really it should only contain IDs (references) to begin with.<br /><br />My recommendation is to keep the URLs out of your documentation and place them in the mappings, even if you feel that only the base path may change.  It should be less work in the long run since you'll never have to adjust the IDs.  The mappings file will be the only place you need to go to update existing documentation if <i>any</i> of the paths change, base or relative.<br /><br />And again, typing an intuitive ID might actually be less work then having to look up a valid URL and then pull out the appropriate <i>relative</i> portion of it.<br /><br /><div class=\"quote\" style=\"border: dotted .1em #aaa; border-left: none; border-right: none; font-style: italic; margin: 1em 0em 2.5em 3em;padding: .2em;\"><br />That would be great. I can always augment it with whatever special needs I have (e.g. add defaulting).<br /><br /></div>Sounds like a plan.  But if you still feel that I'm being too hasty in rejecting your <i>ID can also be a URL</i> idea, then please let me know what I'm missing.  I don't want you to have to do extra work if it isn't necessary :)<br /><br />Thanks, <br />Dave<br />",
    "PostedDate": "2008-02-15T09:31:29.187-08:00",
    "UserRole": null,
    "MarkedAsAnswerDate": null
  },
  {
    "Id": "74176",
    "ThreadId": "22152",
    "Html": "<br /><div class=\"quote\" style=\"border: dotted .1em #aaa; border-left: none; border-right: none; font-style: italic; margin: 1em 0em 2.5em 3em;padding: .2em;\"><br />davedev wrote:<br />Here are the problems that I have with your solution: <br /><ol><li>I don't like the mixing of semantics.  An ID attribute should only be an ID, or it should be a URL, but not both.  You're trying to save typing but, as I mentioned previously, you may end up doing much more (see below).</li><li>Assuming that relative URLs will <i>never</i> change is a problem, and a corner-case if it just-so-happens to be true.</li></ol><br /></div><br />I agree in principle, but don't forget, the ultimate goal of an xref attribute is to map to an URI. From that perspective interpreting an unmapped ID as a URI (which, btw, is a form of ID: Uniform Resource Identifier) is quite natural. From a web oriented point of view you could even say that the ID <b>should</b> be a URI.<br /><br />To the second point: I am quite confident that in my case relative URLs for a given Berkeley DB release remain unchanged, as released BDB packages are not being changed anymore. So, whatever Oracle puts online is a copy of the released docs. Newer docs (for newer versions of BDB) may change of course. <br /><br /><div class=\"quote\" style=\"border: dotted .1em #aaa; border-left: none; border-right: none; font-style: italic; margin: 1em 0em 2.5em 3em;padding: .2em;\"><br />You can't say for sure what Oracle will do with their website and you can't guarantee that the relative paths for documentation in subsequent releases will not change, even if it's installed locally.<br /><br /></div><br />But as the relative URIs are already valid identifiers, all I have to do is add a mapping if the old URI is not valid anymore. Now, you could say that in such a case I would now have a possibly lengthy relative URI as xref/ID value, and you would be right. However, should that bother me, I can then simply replace the ID with a short value as I have to add a mapping anyway.<br /><br /><div class=\"quote\" style=\"border: dotted .1em #aaa; border-left: none; border-right: none; font-style: italic; margin: 1em 0em 2.5em 3em;padding: .2em;\"><br />Sounds like a plan.  But if you still feel that I'm being too hasty in rejecting your <i>ID can also be a URL</i> idea, then please let me know what I'm missing.  I don't want you to have to do extra work if it isn't necessary :)<br /><br /></div><br />Thanks for the friendly attitude. I also don't want you to do work you consider unnecessary.  ;-)<br /><br />Regards,<br /><br />Karl<br />",
    "PostedDate": "2008-02-15T10:27:36.933-08:00",
    "UserRole": null,
    "MarkedAsAnswerDate": null
  },
  {
    "Id": "74200",
    "ThreadId": "22152",
    "Html": "\r\nHi Karl, <br /><br /><div class=\"quote\" style=\"border: dotted .1em #aaa; border-left: none; border-right: none; font-style: italic; margin: 1em 0em 2.5em 3em;padding: .2em;\"><br />I agree in principle, but don't forget, the ultimate goal of an xref attribute is to map to an URI. From that perspective interpreting an unmapped ID as a URI (which, btw, is a form of ID: Uniform Resource Identifier) is quite natural. From a web oriented point of view you could even say that the ID should be a URI.<br /><br /></div>Just because a URL is unique doesn't mean that it's a good candidate for an ID.  I think IDs should be short and they should not contain any information about what they're referencing.  The purpose being what I've already stated: pulling the URLs out of the documentation will make managing them easier and authoring documentation might be quicker using intuitive IDs.  That would be the difference between <span class=\"codeInline\" style=\"font-family:Consolas, Courier New, Courier, Monospace;\">xref</span> and <span class=\"codeInline\" style=\"font-family:Consolas, Courier New, Courier, Monospace;\">href</span>.  If you want to use an actual URI instead, then you could use <span class=\"codeInline\" style=\"font-family:Consolas, Courier New, Courier, Monospace;\">href</span> like normal and set the <span class=\"codeInline\" style=\"font-family:Consolas, Courier New, Courier, Monospace;\">&lt;base&gt;</span> tag in the HTML header.<br /><br />Ok, let's try a different angle then since we can't seem to agree on this :)<br /><br />My guess is that you're not happy (edit) with a purely <i>ID to URL</i> mapping solution because it seems like it would be more work for you while authoring documentation.  Otherwise, there's no reason that I can see not to use it instead since it's simpler and intuitive.<br /><br />For example, here would be a few common scenarios with my solution.<br /><br /><b>Scenario 1</b><br />Task: Add a hyperlink in documentation that references an external topic.<br /><ol><li>Decide that you want to add an external link while authoring a topic.</li><li>Add the reference and specify a unique ID that's either completely arbitrary, or following some pre-determined pattern such as <i>company.product.topic</i> (recommended): <span class=\"codeInline\" style=\"font-family:Consolas, Courier New, Courier, Monospace;\">&lt;see xref=\"id\"/&gt;</span>.</li><li>Find the exact URL that you want.</li><li>Edit the mappings XML (via the component's GUI or notepad, for example) and add the new ID with its related URL.</li></ol><b>Scenario 2</b><br />Task: Add a hyperlink in documentation for an external topic that differs from the topic in <i>Scenario 1</i>, but shares the same <b>base</b> path.<br /><ol><li>Decide that you want to add an external link while authoring a topic.</li><li>Add the reference and specify a unique ID: <span class=\"codeInline\" style=\"font-family:Consolas, Courier New, Courier, Monospace;\">&lt;see xref=\"id2\"/&gt;</span>.</li><li>Find the exact URL that you want.</li><li>Edit the mappings XML (via the component's GUI or notepad, for example) and add the new ID with its related URL.</li></ol><b>Scenario 3</b><br />Task: The <b>relative</b> portion of the URL associated with the ID added in <i>Scenario 1</i> has changed and it must be updated everywhere it's been used.<br /><ol><li>Update the mappings XML to use the new URL for that particular ID; there should be only one occurrence since the ID is unique, and the change will automatically propagate to all topics that reference the ID.</li></ol><b>Scenario 4</b><br />Task: The <b>base</b> portion of the URL associated with the ID added in <i>Scenario 2</i> has changed and it must be updated everywhere it's been used.<br /><ol><li>Update the mappings XML to use the new URL for that particular ID; there should be only one occurrence since the ID is unique, and the change will automatically propagate to all topics that reference the ID.</li></ol>Now here are the same scenarios using your solution: <br /><br /><b>Scenario 1</b><br />Task: Add a hyperlink in documentation that references an external topic.<br />Pre: The <b>base</b> portion of the external topic's URL is the same that's being used for most or all of the external links in the entire documentation set.<br />One-time setup: Set the default base path in the mappings XML for unmapped IDs, which are actually relative URIs themselves.<br /><ol><li>Decide that you want to add an external link while authoring a topic.</li><li>Find the exact URL that you want.</li><li>Add the reference and specify the <b>relative</b> portion of the URL as the ID: <span class=\"codeInline\" style=\"font-family:Consolas, Courier New, Courier, Monospace;\">&lt;see xref=\"url1\"/&gt;</span>.</li><li>Alt: If the <b>base</b> portion is not the default used throughout the documentation set, then update the mappings to add the ID under the appropriate <span class=\"codeInline\" style=\"font-family:Consolas, Courier New, Courier, Monospace;\">&lt;mappings base=\"pathA\"&gt;</span> element.</li></ol><b>Scenario 2</b><br />Task: Add a hyperlink in documentation for an external topic that differs from the topic in <i>Scenario 1</i>, but shares the same <b>base</b> path.<br /><ol><li>Decide that you want to add an external link while authoring a topic.</li><li>Find the exact URL that you want.</li><li>Add the reference and specify the <b>relative</b> portion of the URL as the ID: <span class=\"codeInline\" style=\"font-family:Consolas, Courier New, Courier, Monospace;\">&lt;see xref=\"url2\"/&gt;</span>.</li><li>Alt: If the <b>base</b> portion is not the default used throughout the documentation set, then update the mappings to add the ID under the appropriate <span class=\"codeInline\" style=\"font-family:Consolas, Courier New, Courier, Monospace;\">&lt;mappings base=\"pathB\"&gt;</span> element.</li></ol><b>Scenario 3</b><br />Task: The <b>relative</b> portion of the URL associated with the ID added in <i>Scenario 1</i> has changed and it must be updated everywhere it's been used.<br /><ol><li>Update the mappings XML to use the new relative URL in place of the old URL by falling back to <i>Scenario 3</i> of the first solution (add an explicit <i>href</i> to the mapping).  The old, invalid URL, remains as the ID in all referencing topics.</li></ol><b>Scenario 4</b><br />Task: The <b>base</b> portion of the URL associated with the ID added in <i>Scenario 2</i> has changed and it must be updated everywhere it's been used.<br /><ol><li>Update the mappings XML by removing the <span class=\"codeInline\" style=\"font-family:Consolas, Courier New, Courier, Monospace;\">&lt;url /&gt;</span> element for the ID from its current <span class=\"codeInline\" style=\"font-family:Consolas, Courier New, Courier, Monospace;\">&lt;mappings base=\"path\"&gt;</span> element, if it exists, and add it to a new <span class=\"codeInline\" style=\"font-family:Consolas, Courier New, Courier, Monospace;\">&lt;mappings base=\"new_path\"&gt;</span> element.  If it doesn't exist, create it.</li></ol>The benefits of the first solution are:<br /><ol><li>Keeps topics clean.</li><li>Easy bookkeeping since all URLs are found in one place - the mappings XML.</li><li>Adapts easily to changes in URLs.</li><li>Allows an author to concentrate on the documentation instead of URLs while authoring a topic.  (Using a pattern for IDs would help tremendously.)</li></ol>It seems to boil down to this: The second solution solves the following issue that you might have with the first solution: <br /><ol><li>For external links that share the same <b>base</b> portion of URLs throughout the documentation, if the path is used more commonly than other paths, a single visit to the mappings XML is alleviated each time a new external hyperlink is introduced into the documentation.</li></ol>Although, if you gather all of the IDs in the first solution after a topic is finished, then you only need to make a single trip per topic, so the second solution might only alleviate a single trip per topic.<br /><br />Personally, I think the negatives far outweigh the positives with the second solution.  And just from reading the scenarios I think it's clear how simple the first solution is for handling all possibilities, and how the second solution can be more complex than it has to be, just to alleviate a single trip to the mappings XML while authoring each topic.<br /><br />So have I missed anything important?<br /><br />- Dave<br />",
    "PostedDate": "2008-02-15T12:19:11.547-08:00",
    "UserRole": null,
    "MarkedAsAnswerDate": null
  },
  {
    "Id": "74236",
    "ThreadId": "22152",
    "Html": "\r\nHi Dave,<br /><br />I had already written a longer reply, but then I realized<br /><ol><li>I will probably not convince you.</li><li>You do the work, you make the call.</li><li>In the actual implementation the difference between our approaches will likely be minimal. Basically, you will treat unmapped IDs as error, I will pass them through (after applying an optional base URI). So it should not be much work to modify your code to my needs.</li></ol><br />Regards,<br /><br />Karl<br />",
    "PostedDate": "2008-02-15T14:58:41.937-08:00",
    "UserRole": null,
    "MarkedAsAnswerDate": null
  },
  {
    "Id": "74244",
    "ThreadId": "22152",
    "Html": "\r\nHi Karl, <br /><br />Does this mean that I'm still missing important points or that it's all just a matter of opinion?  ;)<br /><br />I'm probably going to build the component tomorrow morning.  I'll consider including <i>vref</i> support so that it works like your idea: IDs are assumed to be URLs if they are not mapped.  Then at least you won't have to make the changes yourself and with two distinct terms, <i>xref</i> and <i>vref</i>, it would be explicit whether an ID was being used as an ID or <i>possibly</i> a URL instead (in the latter case you'd have to refer to the mappings to find out, whereas in the former it's obvious from within the topic).<br /><br />Otherwise, I'll keep your 3rd point in mind - that you may want to add <i>vref</i> behavior yourself.<br /><br />What do you think about supporting an optional boolean attribute named, <i>verify</i> on the component and individual <span class=\"codeInline\" style=\"font-family:Consolas, Courier New, Courier, Monospace;\">&lt;mappings&gt;</span> that when <i>true</i> URLs would be validated using the <b>System.Uri</b> class?  A simple way to catch typos, although I'm not sure how useful that would really be.  And should the default be <i>true</i> or <i>false</i>?  I'm leaning toward <i>true</i>.<br /><br />Thanks for the discussion.<br /><br />- Dave<br />",
    "PostedDate": "2008-02-15T15:32:17.93-08:00",
    "UserRole": null,
    "MarkedAsAnswerDate": null
  },
  {
    "Id": "74251",
    "ThreadId": "22152",
    "Html": "<div class=\"quote\" style=\"border: dotted .1em #aaa; border-left: none; border-right: none; font-style: italic; margin: 1em 0em 2.5em 3em;padding: .2em;\"><br />davedev wrote:<br />Hi Karl, <br /><br />Does this mean that I'm still missing important points or that it's all just a matter of opinion?  ;)<br /><br /></div>I think to a point it was turning into a philosophical discussion and leading us away from the simple matter at hand: Finding a way to solve a practical problem.<br /><br /><div class=\"quote\" style=\"border: dotted .1em #aaa; border-left: none; border-right: none; font-style: italic; margin: 1em 0em 2.5em 3em;padding: .2em;\"><br />I'm probably going to build the component tomorrow morning.  I'll consider including <i>vref</i> support so that it works like your idea: IDs are assumed to be URLs if they are not mapped.  Then at least you won't have to make the changes yourself and with two distinct terms, <i>xref</i> and <i>vref</i>, it would be explicit whether an ID was being used as an ID or <i>possibly</i> a URL instead (in the latter case you'd have to refer to the mappings to find out, whereas in the former it's obvious from within the topic).<br /><br />Otherwise, I'll keep your 3rd point in mind - that you may want to add <i>vref</i> behavior yourself.<br /><br /></div>Both is fine with me - I appreciate your work.<br /><br /><div class=\"quote\" style=\"border: dotted .1em #aaa; border-left: none; border-right: none; font-style: italic; margin: 1em 0em 2.5em 3em;padding: .2em;\"><br />What do you think about supporting an optional boolean attribute named, <i>verify</i> on the component and individual <span class=\"codeInline\" style=\"font-family:Consolas, Courier New, Courier, Monospace;\">&lt;mappings&gt;</span> that when <i>true</i> URLs would be validated using the <b>System.Uri</b> class?  A simple way to catch typos, although I'm not sure how useful that would really be.  And should the default be <i>true</i> or <i>false</i>?  I'm leaning toward <i>true</i>.<br /><br /></div><br />Isn't the end result something that should be a valid URI? What else should an ID be resolved to?<br />I am not sure it should even be optional.<br /><br /><br />Regards and Thanks,<br /><br />Karl<br />",
    "PostedDate": "2008-02-15T16:05:52.333-08:00",
    "UserRole": null,
    "MarkedAsAnswerDate": null
  },
  {
    "Id": "74252",
    "ThreadId": "22152",
    "Html": "\r\nHi Karl, <br /><br />I tried introducing scenarios to keep it practical.  But I guess it doesn't matter anymore :)<br /><br /><div class=\"quote\" style=\"border: dotted .1em #aaa; border-left: none; border-right: none; font-style: italic; margin: 1em 0em 2.5em 3em;padding: .2em;\"><br />Isn't the end result something that should be a valid URI?<br /><br /></div>I was thinking about script, so no not necessarily; e.g., <span class=\"codeInline\" style=\"font-family:Consolas, Courier New, Courier, Monospace;\">&lt;see xref=\"javascript:callme();\"&gt;Show Example&lt;/see&gt;</span>.<br /><br />EDIT: Bit of a mistake in my post: <i>xref</i> would be an ID that pointed to a mapping that contained the JavaScript in my example.<br /><br />The component doesn't <i>have</i> to verify the URLs anyway.  But since script is probably going to be used less often, I figured adding optional verification with a default of <i>true</i> would be acceptable.<br /><br />- Dave<br />",
    "PostedDate": "2008-02-15T16:16:13.02-08:00",
    "UserRole": null,
    "MarkedAsAnswerDate": null
  },
  {
    "Id": "74254",
    "ThreadId": "22152",
    "Html": "\r\nHi Dave,<br /><div class=\"quote\" style=\"border: dotted .1em #aaa; border-left: none; border-right: none; font-style: italic; margin: 1em 0em 2.5em 3em;padding: .2em;\"><br />davedev wrote:<br /><div class=\"quote\" style=\"border: dotted .1em #aaa; border-left: none; border-right: none; font-style: italic; margin: 1em 0em 2.5em 3em;padding: .2em;\"><br />Isn't the end result something that should be a valid URI?<br /><br /></div>I was thinking about script, so no not necessarily; e.g., <span class=\"codeInline\" style=\"font-family:Consolas, Courier New, Courier, Monospace;\">&lt;see xref=\"javascript:callme();\"&gt;Show Example&lt;/see&gt;</span>.<br /><br /></div>I believe even a Javascript link has to be a valid URI (which your example is, I think)!<br />However, the javascript: URI scheme is not officially registered (but that has nothing to do with URI validity).<br /><br />Regards,<br /><br />Karl<br />",
    "PostedDate": "2008-02-15T16:39:21.597-08:00",
    "UserRole": null,
    "MarkedAsAnswerDate": null
  },
  {
    "Id": "74264",
    "ThreadId": "22152",
    "Html": "\r\nHi Karl, <br /><br /><div class=\"quote\" style=\"border: dotted .1em #aaa; border-left: none; border-right: none; font-style: italic; margin: 1em 0em 2.5em 3em;padding: .2em;\"><br />I believe even a Javascript link has to be a valid URI.<br /><br /></div>Apparently the standard is that parsers must automatically escape reserved characters when they appear in the <i>JavaScript:</i> scheme.  So technically it's not a valid URI, per se, but it passes validation: <br /><br /><pre style=\"background-color:#ECECEC; border:dashed .1em #3E62A6; font-family:Consolas, Courier New, Courier, Monospace; font-size:1em; margin-top:0; padding:.5em; height:auto; overflow:auto; overflow-x:auto; overflow-y:auto;\">\r\nUri uri;\r\nif (Uri.TryCreate(\"javascript:alert('mailto:'+'dave@nowhere?body=#?hello@:#world@?');\", UriKind.RelativeOrAbsolute, out uri))\r\n  Console.WriteLine(\"Absolute={0}: {1}\", uri.IsAbsoluteUri, uri);\r\nelse\r\n  Console.WriteLine(\"Nope.\");\r\n</pre>Prints:<br /><br /><pre style=\"background-color:#ECECEC; border:dashed .1em #3E62A6; font-family:Consolas, Courier New, Courier, Monospace; font-size:1em; margin-top:0; padding:.5em; height:auto; overflow:auto; overflow-x:auto; overflow-y:auto;\">\r\nAbsolute=True: javascript:alert('mailto:'+'dave@nowhere?body=#?hello@:#world@?');\r\n</pre>surprisingly.<br /><br />I guess I can omit the <i>verify</i> attribute :)<br /><br />- Dave<br />",
    "PostedDate": "2008-02-15T17:52:58.26-08:00",
    "UserRole": null,
    "MarkedAsAnswerDate": null
  },
  {
    "Id": "74269",
    "ThreadId": "22152",
    "Html": "<br /><div class=\"quote\" style=\"border: dotted .1em #aaa; border-left: none; border-right: none; font-style: italic; margin: 1em 0em 2.5em 3em;padding: .2em;\"><br />davedev wrote:<br />Apparently the standard is that parsers must automatically escape reserved characters when they appear in the <i>JavaScript:</i> scheme.  So technically it's not a valid URI, per se, but it passes validation: <br /><br /></div>I guess it is a valid generic URI, just not a valid JavaScript URI (reserved characters only need to be escaped when they conflict with the URI's purpose), and the System.Uri class cannot know all possible URI schemes' rules.<br /><br />Regards,<br /><br />Karl<br />",
    "PostedDate": "2008-02-15T18:39:36.3-08:00",
    "UserRole": null,
    "MarkedAsAnswerDate": null
  },
  {
    "Id": "74710",
    "ThreadId": "22152",
    "Html": "\r\nHi Karl, <br /><br />I just uploaded the beta: <br /><br />ResolveExternalLinksComponent Beta 1<br /><a href=\"https://www.codeplex.com/Release/ProjectReleases.aspx?ProjectName=DocProject&amp;ReleaseId=10831\" class=\"externalLink\">https://www.codeplex.com/Release/ProjectReleases.aspx?ProjectName=DocProject&amp;ReleaseId=10831<span class=\"externalLinkIcon\" style=\"font-family:Consolas, Courier New, Courier, Monospace;\"></span></a><br /><br />Please let me know what you think :)<br /><br />- Dave<br />",
    "PostedDate": "2008-02-18T10:29:26.633-08:00",
    "UserRole": null,
    "MarkedAsAnswerDate": null
  },
  {
    "Id": "74712",
    "ThreadId": "22152",
    "Html": "\r\nAnd here's the preliminary documentation: <br /><br />ResolveExternalLinksComponent<br /><a href=\"http://www.codeplex.com/DocProject/Wiki/View.aspx?title=ResolveExternalLinksComponent\" class=\"externalLink\">http://www.codeplex.com/DocProject/Wiki/View.aspx?title=ResolveExternalLinksComponent<span class=\"externalLinkIcon\" style=\"font-family:Consolas, Courier New, Courier, Monospace;\"></span></a><br />",
    "PostedDate": "2008-02-18T10:31:09.757-08:00",
    "UserRole": null,
    "MarkedAsAnswerDate": null
  },
  {
    "Id": "74794",
    "ThreadId": "22152",
    "Html": "\r\nHi Dave,<br /><br /><div class=\"quote\" style=\"border: dotted .1em #aaa; border-left: none; border-right: none; font-style: italic; margin: 1em 0em 2.5em 3em;padding: .2em;\"><br />davedev wrote:<br />I just uploaded the beta: <br /><br />ResolveExternalLinksComponent Beta 1<br /><a href=\"https://www.codeplex.com/Release/ProjectReleases.aspx?ProjectName=DocProject&amp;ReleaseId=10831\" class=\"externalLink\">https://www.codeplex.com/Release/ProjectReleases.aspx?ProjectName=DocProject&amp;ReleaseId=10831<span class=\"externalLinkIcon\" style=\"font-family:Consolas, Courier New, Courier, Monospace;\"></span></a><br /><br />Please let me know what you think :)<br /><br /></div><br />Very nice work. Thank you!<br />It looks as if the vref attribute functionality does everything I need.<br /><br />I got it installed in SHFB with this component declaration in SandcastleBuilder.Components.config:<br /><pre style=\"background-color:#ECECEC; border:dashed .1em #3E62A6; font-family:Consolas, Courier New, Courier, Monospace; font-size:1em; margin-top:0; padding:.5em; height:auto; overflow:auto; overflow-x:auto; overflow-y:auto;\">\r\n    &lt;!-- External links custom component by Dave Sexton --&gt;\r\n    &lt;component id=\"Resolve External Links Component\"\r\n        type=\"DaveSexton.Sandcastle.ResolveExternalLinksComponent\"\r\n        assembly=\"{@ComponentsFolder}\\DaveSexton.Sandcastle.dll\"&gt;  \r\n      &lt;insert placement=\"before\" type=\"Microsoft.Ddue.Tools.TransformComponent\" /&gt;\r\n      &lt;configureMethod name=\"ConfigureComponent\" /&gt;\r\n    &lt;/component&gt;\r\n</pre>A few remarks:<br /><h5>\r\nGUI Editor\r\n</h5>It seems that the GUI configuration editor can't edit the top level attributes (base, target for the component element).  So I had to edit the SHFB project configuration file by hand.<br /><h5>\r\nMappings\r\n</h5>When only the component is defined, but no mappings, then BuildAssembler crashes with this exception:<br /><pre style=\"background-color:#ECECEC; border:dashed .1em #3E62A6; font-family:Consolas, Courier New, Courier, Monospace; font-size:1em; margin-top:0; padding:.5em; height:auto; overflow:auto; overflow-x:auto; overflow-y:auto;\">\r\nUnhandled Exception: System.Collections.Generic.KeyNotFoundException: The given key was not present in the dictionary.\r\n   at System.ThrowHelper.ThrowKeyNotFoundException()\r\n   at System.Collections.Generic.Dictionary`2.get_Item(TKey key)\r\n   at DaveSexton.Sandcastle.ResolveExternalLinksComponentConfiguration.GetMappingExact(String topicId, String id)\r\n   at DaveSexton.Sandcastle.ResolveExternalLinksComponentConfiguration.GetMapping(String topicId, String id)\r\n   at DaveSexton.Sandcastle.ResolveExternalLinksComponent.Apply(XmlDocument document, String topicId, ResolveExternalLinksComponentConfiguration configuration)\r\n   at DaveSexton.Sandcastle.ResolveExternalLinksComponent.Apply(XmlDocument document, String key)\r\n   at Microsoft.Ddue.Tools.BuildAssembler.Apply(IEnumerable`1 topics)\r\n   at Microsoft.Ddue.Tools.BuildAssembler.Apply(String manifestFile)\r\n   at Microsoft.Ddue.Tools.BuildAssemblerConsole.Main(String[] args)\r\n</pre>In my case, I didn't need to define any mappings!<br /><h5>\r\nSee Also\r\n</h5>It would be nice if the same attributes could also be used for the &lt;seealso&gt; tag.<br /><br />Best regards,<br /><br />Karl<br /><br /><br />",
    "PostedDate": "2008-02-18T17:30:15.787-08:00",
    "UserRole": null,
    "MarkedAsAnswerDate": null
  },
  {
    "Id": "74809",
    "ThreadId": "22152",
    "Html": "\r\nThe component should have its own component configuration file so that you don't have to merge it with the one supplied with SHFB.  Just drop it along with the assembly in the BuildComponents folder and SHFB will find it.<br /><br />Eric<br />",
    "PostedDate": "2008-02-18T19:06:19.35-08:00",
    "UserRole": null,
    "MarkedAsAnswerDate": null
  },
  {
    "Id": "74815",
    "ThreadId": "22152",
    "Html": "\r\nHi Karl, <br /><br />Thanks for the feedback.<br /><br /><div class=\"quote\" style=\"border: dotted .1em #aaa; border-left: none; border-right: none; font-style: italic; margin: 1em 0em 2.5em 3em;padding: .2em;\"><br />It seems that the GUI configuration editor can't edit the top level attributes.<br /><br /></div>Sorry, that was an oversight on my part because DocProject allows you to edit those attributes in the <b>DocProject Properties</b> window.  I'll see if I can make some room in the editor for them.<br /><br /><div class=\"quote\" style=\"border: dotted .1em #aaa; border-left: none; border-right: none; font-style: italic; margin: 1em 0em 2.5em 3em;padding: .2em;\"><br />When only the component is defined, but no mappings, then BuildAssembler crashes.<br /><br /></div>I was able to reproduce this.  However, it's not because there are no mappings, per se, but because there are no mappings in the <i>default topic scope</i>.  If you were to only add mappings that had a <span class=\"codeInline\" style=\"font-family:Consolas, Courier New, Courier, Monospace;\">topic</span> attribute you'd get the same error.<br /><br />I solved the problem by adding the following code to line <b>268</b> in <b>ResolveExternalLinksComponentConfiguration.cs</b>: <br /><br /><pre style=\"background-color:#ECECEC; border:dashed .1em #3E62A6; font-family:Consolas, Courier New, Courier, Monospace; font-size:1em; margin-top:0; padding:.5em; height:auto; overflow:auto; overflow-x:auto; overflow-y:auto;\">\r\n&amp;&amp; mappingScopes.ContainsKey(\"\")\r\n</pre><b>Note:</b> I just replaced the currently deployed version with the latest build since there's only one download anyway.  (Presumably, from you :)<br /><br /><div class=\"quote\" style=\"border: dotted .1em #aaa; border-left: none; border-right: none; font-style: italic; margin: 1em 0em 2.5em 3em;padding: .2em;\"><br />It would be nice if the same attributes could also be used for the &lt;seealso&gt; tag.<br /><br /></div>Good idea :)<br /><br />- Dave<br />",
    "PostedDate": "2008-02-18T19:24:38.85-08:00",
    "UserRole": null,
    "MarkedAsAnswerDate": null
  },
  {
    "Id": "74925",
    "ThreadId": "22152",
    "Html": "\r\nHi Eric,<br /><div class=\"quote\" style=\"border: dotted .1em #aaa; border-left: none; border-right: none; font-style: italic; margin: 1em 0em 2.5em 3em;padding: .2em;\"><br />EWoodruff wrote:<br />The component should have its own component configuration file so that you don't have to merge it with the one supplied with SHFB.  Just drop it along with the assembly in the BuildComponents folder and SHFB will find it.<br /><br /></div><br />Thanks for the tip.<br /><br />Karl<br />",
    "PostedDate": "2008-02-19T06:29:33.513-08:00",
    "UserRole": null,
    "MarkedAsAnswerDate": null
  },
  {
    "Id": "74931",
    "ThreadId": "22152",
    "Html": "\r\nHi Dave,<br /><div class=\"quote\" style=\"border: dotted .1em #aaa; border-left: none; border-right: none; font-style: italic; margin: 1em 0em 2.5em 3em;padding: .2em;\"><br />davedev wrote:<br />Sorry, that was an oversight on my part because DocProject allows you to edit those attributes in the <b>DocProject Properties</b> window.  I'll see if I can make some room in the editor for them.<br /><br /></div>That would be appreciated.<br /><div class=\"quote\" style=\"border: dotted .1em #aaa; border-left: none; border-right: none; font-style: italic; margin: 1em 0em 2.5em 3em;padding: .2em;\"><br /><div class=\"quote\" style=\"border: dotted .1em #aaa; border-left: none; border-right: none; font-style: italic; margin: 1em 0em 2.5em 3em;padding: .2em;\"><br />When only the component is defined, but no mappings, then BuildAssembler crashes.<br /><br /></div>I solved the problem by adding the following code to line <b>268</b> in <b>ResolveExternalLinksComponentConfiguration.cs</b>: <br /><pre style=\"background-color:#ECECEC; border:dashed .1em #3E62A6; font-family:Consolas, Courier New, Courier, Monospace; font-size:1em; margin-top:0; padding:.5em; height:auto; overflow:auto; overflow-x:auto; overflow-y:auto;\">\r\n&amp;&amp; mappingScopes.ContainsKey(\"\")\r\n</pre><br /></div>It works now.<br /><br />Thanks,<br /><br />Karl<br />",
    "PostedDate": "2008-02-19T06:47:33.81-08:00",
    "UserRole": null,
    "MarkedAsAnswerDate": null
  }
]