[
  {
    "Id": "487479",
    "ThreadId": "225601",
    "Html": "<div id=\"ctl00_ctl00_MasterContent_Content_PostRepeater_ctl00_BodyDiv\">\r\n<p>How can&nbsp;I do to get msHelp or chm file&nbsp;in Chinese?&nbsp;</p>\r\n</div>",
    "PostedDate": "2010-09-01T03:01:03.883-07:00",
    "UserRole": null,
    "MarkedAsAnswerDate": null
  },
  {
    "Id": "487813",
    "ThreadId": "225601",
    "Html": "<p>I replied to your other post here: <a href=\"http://shfb.codeplex.com/Thread/View.aspx?ThreadId=225600\">http://shfb.codeplex.com/Thread/View.aspx?ThreadId=225600</a></p>\r\n<p>Eric</p>\r\n<p>&nbsp;</p>",
    "PostedDate": "2010-09-01T12:52:12.833-07:00",
    "UserRole": null,
    "MarkedAsAnswerDate": null
  }
]