[
  {
    "Id": "166499",
    "ThreadId": "49747",
    "Html": "\r\n\r\n<div class=Section1>\r\n\r\n<p class=MsoNormal>With Sandcastle,</p>\r\n\r\n<p class=MsoNormal> </p>\r\n\r\n<p class=MsoNormal>Is there any way to collect things more than just by\r\nnamespace? Are there grouping tags of some sort?</p>\r\n\r\n<p class=MsoNormal> </p>\r\n\r\n<p class=MsoNormal>Thanks!</p>\r\n\r\n<p class=MsoNormal> </p>\r\n\r\n</div>\r\n\r\n",
    "PostedDate": "2009-03-10T09:51:33.33-07:00",
    "UserRole": null,
    "MarkedAsAnswerDate": null
  },
  {
    "Id": "166533",
    "ThreadId": "49747",
    "Html": "Hi, <br>\r\n<br>\r\nThere is no built-in support like <em>tags </em>for modifying the auto-generated TOC.  However, if you're building using your own script then there are a few things you could do to arrange the TOC differently.<br>\r\n<br>\r\nThe typical Sandcastle build process will produce a toc.xml file that is eventually used to produce a TOC file for the HTML Help Workshop tool.  If you're using the CreateVSToc.xsl transformation, for example, then you could simply modify that file to change the arrangement (you'll typically find it in, C:\\Program Files\\Sandcastle\\ProductionTransforms\\CreateVSToc.xsl, but I recommend backing up the original if you decide to change it).<br>\r\n<br>\r\nAlternatively, you could create another custom XSLT and apply it to the toc.xml file directly after it's been created.  Another option is to just modify the HTML Help Workshop TOC file (.hhc) directly after it's created.<br>\r\n<br>\r\n- Dave\r\n",
    "PostedDate": "2009-03-10T10:53:22.987-07:00",
    "UserRole": null,
    "MarkedAsAnswerDate": null
  }
]