[
  {
    "Id": "591882",
    "ThreadId": "252553",
    "Html": "\r\n<p>How should I document the following situation, which I hope I can explain clearly?</p>\r\n<p>&nbsp;</p>\r\n<p>I have a base class public instance method that calls internal polymorphic instance methods (ie. marked virtual in base class and overridden in derived class).&nbsp; By this means, the derived class inherits what is effectively a polymorphic method.&nbsp;\r\n It also inherits the xml documentation of this method but this unfortunately describes the behaviour of the method in the context of the base class, not the context of the inheriting class.</p>\r\n<p>&nbsp;</p>\r\n<p>I suppose what I want to do is somehow override the inherited documentation.&nbsp; The trouble is I have no method in the derived class to which I can attach the xml comments.&nbsp; Any suggestions will be welcome.</p>\r\n<p>&nbsp;</p>\r\n<p>Keith</p>\r\n",
    "PostedDate": "2011-04-05T02:44:19.31-07:00",
    "UserRole": null,
    "MarkedAsAnswerDate": null
  },
  {
    "Id": "592096",
    "ThreadId": "252553",
    "Html": "<p>Inherited members only show up on the member list pages for the derived class.&nbsp; The links on those pages will take you to the base class's method.&nbsp; Without a method in the derived class, there's no way to \"override\" the base class documentation.&nbsp; One possible solution is to put a note in the inherited member's remarks to see the documentation on the derived classes for details on changes in behavior for their particular context and then put such comments in the remarks on the derived classes themselves (the XML comments on the derived class declarations).</p>\r\n<p>Eric</p>\r\n<p>&nbsp;</p>",
    "PostedDate": "2011-04-05T08:03:22.633-07:00",
    "UserRole": null,
    "MarkedAsAnswerDate": null
  },
  {
    "Id": "592128",
    "ThreadId": "252553",
    "Html": "<p>Thanks for your as ever helpful reply.&nbsp; Your remark about there being no way to \"override\" the base class documentation without a method in the derived class confirms what I had feared.&nbsp; Adding remarks in both the base and derived class as you suggest is a possible but not elegant solution (IMO).</p>\r\n<p>&nbsp;</p>\r\n<p>I guess in posing the question I was &ldquo;fishing&rdquo; for some thoughts on whether there is a need for a general means of &ldquo;extending/overriding&rdquo; the comments attached to inherited members &ndash; possibly with some kind of &ldquo;false&rdquo; or &ldquo;pseudo&rdquo; target tag.&nbsp; It&rsquo;s sort of like what you can already do with the <span class=\"highlight-xml-bracket\">&lt;</span><span class=\"highlight-xml-tag\">inheritdoc /&gt; tag, but for already inherited documentation.</span>&nbsp; Or is what I&rsquo;m thinking beyond the pale?</p>\r\n<p>&nbsp;</p>\r\n<p>Regards</p>\r\n<p>Keith</p>",
    "PostedDate": "2011-04-05T08:43:48.633-07:00",
    "UserRole": null,
    "MarkedAsAnswerDate": null
  },
  {
    "Id": "592315",
    "ThreadId": "252553",
    "Html": "<p>In theory, I suppose it's possible that you could write a plug-in or tool that would search the XML comments for some sort of \"overrideMemberDoc\" tag and insert a fake member into the derived class's reflection information&nbsp;by cloning the inherited member's information so that the comments could be attached to it in the derived class.&nbsp; The comments would most likely have to be managed in a standalone XML comments file unless you could find a way to include them in the code for the class sort of like the NamespaceDoc class support in SHFB.</p>\r\n<p>Eric</p>\r\n<p>&nbsp;</p>",
    "PostedDate": "2011-04-05T12:46:06.03-07:00",
    "UserRole": null,
    "MarkedAsAnswerDate": null
  },
  {
    "Id": "592423",
    "ThreadId": "252553",
    "Html": "<p><span style=\"font-size: 12pt;\">Food for thought &ndash; many thanks.</span></p>\r\n<p><span style=\"font-size: 12pt;\">&nbsp;</span></p>\r\n<p><span style=\"font-size: 12pt;\">I guess the need for this is not all that common.&nbsp; The pragmatic solution in my case is to just override the inherited members to give me something to which I can attach the new comments.&nbsp; These overrides do nothing but simply call their overridden base class method - somewhat redundant but pragmatic.</span></p>\r\n<p><span style=\"font-size: 12pt;\">&nbsp;</span></p>\r\n<p><span style=\"font-size: 12pt;\">Keith</span></p>",
    "PostedDate": "2011-04-05T15:11:18.777-07:00",
    "UserRole": null,
    "MarkedAsAnswerDate": null
  }
]