[
  {
    "Id": "142521",
    "ThreadId": "42880",
    "Html": "Dear, All:<br>\r\n&nbsp;&nbsp;&nbsp;&nbsp;&nbsp;&nbsp;&nbsp;&nbsp;&nbsp; I am&nbsp; a jackaroo at SandCastle and my English is poor.<br>\r\n&nbsp;&nbsp;&nbsp;&nbsp;&nbsp;&nbsp;&nbsp;&nbsp;&nbsp; There is a small problem, but it's difficult for me:<br>\r\n<br>\r\n&nbsp;&nbsp;&nbsp;&nbsp;&nbsp;&nbsp;&nbsp;&nbsp;&nbsp; /// &lt;param name=&quot;hotelFiltInfo&quot;&gt;the filt&nbsp; conditions for hotel&lt;/param&gt;<br>\r\n<br>\r\n&nbsp;&nbsp;&nbsp;&nbsp;&nbsp;&nbsp;&nbsp;&nbsp; these codes above are the&nbsp; comment in a param which type is&nbsp; HotelFiltInfo.<br>\r\n&nbsp;&nbsp;&nbsp;&nbsp;&nbsp;&nbsp;&nbsp;&nbsp; I want the &quot;HotelFiltInfo&quot; in chm file can be click and see it's details. <br>\r\n&nbsp; &nbsp; &nbsp; &nbsp;&nbsp; the type of&nbsp; HotelFiltInfo is in other class project.<br>\r\n<br>\r\n&nbsp; &nbsp; &nbsp; &nbsp;&nbsp; How can I do this?<br>\r\n<br>\r\n&nbsp; &nbsp; &nbsp; &nbsp; &nbsp;Thank you in advance! <br>\r\n<br>\r\n<br>\r\n<br>\r\n",
    "PostedDate": "2008-12-22T23:47:15.96-08:00",
    "UserRole": null,
    "MarkedAsAnswerDate": null
  },
  {
    "Id": "142522",
    "ThreadId": "42880",
    "Html": "Do not worry about language. <br>\r\nWhich tool are you using to build your help? (I mean, are you using any GUI tool or just plain Sandcastle?).<br>\r\n<br>\r\nBest regards,<br>\r\nPaul.  \r\n",
    "PostedDate": "2008-12-23T00:09:53.037-08:00",
    "UserRole": null,
    "MarkedAsAnswerDate": null
  }
]