[
  {
    "Id": "560402",
    "ThreadId": "244566",
    "Html": "\r\n<p>Hi,</p>\r\n<p>I'm creating some tutorials that explain how to use our SDK using Visual Studio. &nbsp;On each topic I'd like to add a link to a zip file (or other archive) containing a sample Visual Studio solution.</p>\r\n<p>Is this possible using Sandcastle, and if so what's the correct way of adding it to the solution and how do I link to it from the XML file? &nbsp;</p>\r\n<p>I've tried adding the zip file to the solution, changed the build action to Content and also tried Embedded Resource, but the zip file never ends up in the Debug folder. &nbsp;I've also tried adding *.zip to the ChmBuilder.config file.</p>\r\n<p>Thanks for your help.</p>\r\n",
    "PostedDate": "2011-02-03T14:03:36.093-08:00",
    "UserRole": null,
    "MarkedAsAnswerDate": null
  },
  {
    "Id": "560474",
    "ThreadId": "244566",
    "Html": "\r\n<p>Hello,</p>\r\n<p>Are you including the zip file in conceptual or reference help?</p>\r\n<p>Are you using any GUI tool or directly building with Sandcastle command line tools?</p>\r\n<p>Best regards,<br>\r\nPaul.&nbsp;</p>\r\n",
    "PostedDate": "2011-02-03T18:09:22.903-08:00",
    "UserRole": null,
    "MarkedAsAnswerDate": null
  },
  {
    "Id": "560594",
    "ThreadId": "244566",
    "Html": "\r\n<p>Hi Paul,</p>\r\n<p>I believe it's conceptual (sorry I'm new to Sandcastle).&nbsp; Basically I'd just like the user to&nbsp;be able to download&nbsp;a zip file when they click on a link&nbsp;on a help page).&nbsp;</p>\r\n<p>We're using a Visual Studio project to hold all of the items in the conceptual help, this then uses the Sandcastle command line tools via Msbuild.</p>\r\n<p>Thanks,</p>\r\n<p>Neil</p>\r\n",
    "PostedDate": "2011-02-04T00:32:55.18-08:00",
    "UserRole": null,
    "MarkedAsAnswerDate": null
  },
  {
    "Id": "560674",
    "ThreadId": "244566",
    "Html": "\r\n<p>Hello Neil,</p>\r\n<p>Never mind, we are all still learning Sandcastle!</p>\r\n<p>You can use the&nbsp;<strong>externalLink</strong> tag to embed any local/external file into your help, including the zip file.<br>\r\nThe syntax should be similar to:</p>\r\n<div style=\"color:black; background-color:white\">\r\n<pre><span style=\"color:blue\">&lt;</span><span style=\"color:#a31515\">para</span><span style=\"color:blue\">&gt;</span>\r\n    <span style=\"color:blue\">&lt;</span><span style=\"color:#a31515\">externalLink</span><span style=\"color:blue\">&gt;</span>\r\n        <span style=\"color:blue\">&lt;</span><span style=\"color:#a31515\">linkText</span><span style=\"color:blue\">&gt;</span>Download BrowserApplication Sample<span style=\"color:blue\">&lt;/</span><span style=\"color:#a31515\">linkText</span><span style=\"color:blue\">&gt;</span>\r\n        <span style=\"color:blue\">&lt;</span><span style=\"color:#a31515\">linkAlternateText</span><span style=\"color:blue\">&gt;</span>Download BrowserApplication Sample<span style=\"color:blue\">&lt;/</span><span style=\"color:#a31515\">linkAlternateText</span><span style=\"color:blue\">&gt;</span>\r\n        <span style=\"color:blue\">&lt;</span><span style=\"color:#a31515\">linkUri</span><span style=\"color:blue\">&gt;</span><strong>samples</strong>/BrowserApplication.zip<span style=\"color:blue\">&lt;/</span><span style=\"color:#a31515\">linkUri</span><span style=\"color:blue\">&gt;</span>\r\n    <span style=\"color:blue\">&lt;/</span><span style=\"color:#a31515\">externalLink</span><span style=\"color:blue\">&gt;</span>\r\n<span style=\"color:blue\">&lt;/</span><span style=\"color:#a31515\">para</span><span style=\"color:blue\">&gt;</span></pre>\r\n</div>\r\n<p>In this case, I have used &quot;<strong>samples</strong>&quot; sub-directory to store the sample files. You will have to modify your<br>\r\nbuild system to copy the samples to your build output &quot;samples&quot; sub-directory before running the HtmlHelp 1.x compiler.</p>\r\n<p><strong>NOTE</strong>: Please use the relative path shown above, do not use the actual full local path to the files.</p>\r\n<p>Also, modify the ChmBuilder.config file to include in the&nbsp;<strong>[FILES]</strong> section, a line similar to</p>\r\n<div style=\"color:black; background-color:white\">\r\n<pre>    <span style=\"color:blue\">&lt;</span><span style=\"color:#a31515\">line</span><span style=\"color:blue\">&gt;</span>[FILES]<span style=\"color:blue\">&lt;/</span><span style=\"color:#a31515\">line</span><span style=\"color:blue\">&gt;</span>\r\n    <span style=\"color:blue\">&lt;</span><span style=\"color:#a31515\">line</span><span style=\"color:blue\">&gt;</span>samples\\*.zip<span style=\"color:blue\">&lt;/</span><span style=\"color:#a31515\">line</span><span style=\"color:blue\">&gt;</span></pre>\r\n</div>\r\n<p>If you have any further question or problem with this just ask. Have a nice weekend.</p>\r\n<p>Best regards,<br>\r\nPaul.&nbsp;</p>\r\n",
    "PostedDate": "2011-02-04T03:20:11.96-08:00",
    "UserRole": null,
    "MarkedAsAnswerDate": null
  },
  {
    "Id": "560836",
    "ThreadId": "244566",
    "Html": "\r\n<p>Hi Paul,</p>\r\n<p>That worked, many thanks for your help.</p>\r\n<p>Thanks,</p>\r\n<p>Neil</p>\r\n",
    "PostedDate": "2011-02-04T08:15:16.573-08:00",
    "UserRole": null,
    "MarkedAsAnswerDate": null
  }
]