[
  {
    "Id": "148881",
    "ThreadId": "44716",
    "Html": "Hello,<br>\r\n  We had been using NDoc, but have moved over to Sandcastle for almost everything.  The last function is not documentation exactly, but we use the documentation to accomplish it.  We are maintaining and enhancing an API that our customers use to talk to our hardware.  We need to pay close attention to changes we make to the API.  We had been using a custom application on top of NDoc to create a report of the changes.  It seems to me that it should be possible to compare the &quot;old&quot; XML documentation file and the &quot;new&quot; one to get the differences.  Obviously I could write a program to do this, but it seems like I should be able to do something similar with an XSL template.  I am not very familiar with XSL, but if someone could point me in the right direction I would really appreciate it.  Alternately does Sandcastle offer any type of diff tool to show the differences between doc file A and doc file B?<br>\r\n<br>\r\nPat O\r\n",
    "PostedDate": "2009-01-20T13:01:13.36-08:00",
    "UserRole": null,
    "MarkedAsAnswerDate": null
  },
  {
    "Id": "148942",
    "ThreadId": "44716",
    "Html": "&gt;&gt;Pat O: <em>Alternately does Sandcastle offer any type of diff tool to show the differences between doc file A and doc file B</em>?<br>\r\nNot directly, but the version information support may do, take a look<br>\r\n<br>\r\nPart 1: <a href=\"http://blogs.msdn.com/sandcastle/archive/2007/10/03/sandcastle-september-2007-release-versionbuilder.aspx\">http://blogs.msdn.com/sandcastle/archive/2007/10/03/sandcastle-september-2007-release-versionbuilder.aspx</a><br>\r\nPart 2: <a href=\"http://blogs.msdn.com/sandcastle/archive/2007/10/24/part-2-version-builder.aspx\">http://blogs.msdn.com/sandcastle/archive/2007/10/24/part-2-version-builder.aspx</a><br>\r\n<br>\r\nBest regards,<br>\r\nPaul.\r\n",
    "PostedDate": "2009-01-20T15:41:59.237-08:00",
    "UserRole": null,
    "MarkedAsAnswerDate": null
  },
  {
    "Id": "148977",
    "ThreadId": "44716",
    "Html": "Hi Pat, <br>\r\n<br>\r\nIf you want to track changes to the API then I suggest using a diff tool (like Windiff or the various tools provided with source control systems) to compare code files directly.  I'm not sure what value there is in comparing changes to XML documentation comments, but if you need it then just use a diff tool to compare the XML documentation file output from the code compiler itself.<br>\r\n<br>\r\nAlternatively, although I don't see this as adding any extra value, you could use a diff tool to compare the XML reflection files that Sandcastle's <strong>MRefBuilder.exe </strong>tool generates from two different versions of the same assembly.  (I think this is what Paul was recommending by pointing you to the version builder tool, but I don't think it will meet your needs if you're looking for a straight comparison of the changes between two versions of the same assembly.)<br>\r\n<br>\r\n- Dave\r\n",
    "PostedDate": "2009-01-20T17:44:59.04-08:00",
    "UserRole": null,
    "MarkedAsAnswerDate": null
  },
  {
    "Id": "149231",
    "ThreadId": "44716",
    "Html": "Thanks for the links Paul, I think that may give me the information I need.  At least some of it.  <br>\r\n<br>\r\nDave, I think you misunderstand what I mean by changes in the API.  I know there will be implementation changes in different versions of the SDK.  The information I am seeking is what changd in the parameters and methods available to the user of the SDK.  Obviously I will have a list of changes I expect happened, but I want a process in place to tell me all the changes that happened so I can check my work.  Running a diff on the code is essentially useless, because so much code changed and so little of it has to do with that public interface (API) to the SDK.  Sandcastle helps me in that I have already filtered the XML files to only include the documentaiton for the methods I expect people to use (in other words the API).  Still, doing a diff on the output XML from two different versions is not sufficient.  First I have noticed that they are not necessarily in the same order.  Even in the same order, addition of a single class is enought to cause the rest of the files to appear different.  So you see I need a tool that will attempt to line up the XML elements, then report what is new, what is missing and what has changed.  From there I plan to write a report and possibly release notes for each release of the SDK.<br>\r\n<br>\r\nPat O\r\n",
    "PostedDate": "2009-01-21T06:15:45.683-08:00",
    "UserRole": null,
    "MarkedAsAnswerDate": null
  },
  {
    "Id": "149255",
    "ThreadId": "44716",
    "Html": "Hi Pat, <br>\r\n<br>\r\nThere is no such tool.  I guess you can write an XSLT file that will take the version builder output (a single XML reflection file that contains additional version information for each API) to generate an XML file that contains what's <em>new </em>and what's <em>missing</em>, but you'll still have to write your own diff tool to discover what has <em>changed</em>; e.g., parameter names, return types, etc.<br>\r\n<br>\r\n- Dave\r\n",
    "PostedDate": "2009-01-21T06:54:44.573-08:00",
    "UserRole": null,
    "MarkedAsAnswerDate": null
  },
  {
    "Id": "149280",
    "ThreadId": "44716",
    "Html": "What does it take to write a component for Sandcastle?  Is there a doc someplace?  Can I get a look at the source for the VersionBuilder component?<br>\r\n<br>\r\nPat O\r\n",
    "PostedDate": "2009-01-21T07:45:11.62-08:00",
    "UserRole": null,
    "MarkedAsAnswerDate": null
  },
  {
    "Id": "149508",
    "ThreadId": "44716",
    "Html": "&gt;&gt;<strong>Pat O</strong>: <em>What does it take to write a component for Sandcastle</em>?<br>\r\nXPath :) that is all, it is that simple.<br>\r\n<br>\r\n&gt;&gt;<strong>Pat O</strong>: <em>Is there a doc someplace</em>?<br>\r\nThere is no official documentations - this is part of my effort with the Sandcastle Assist.<br>\r\nHowever, there is a good article by Eric on the custom component here...<br>\r\n<a href=\"http://www.codeproject.com/KB/cs/SandcastleComponents.aspx\">http://www.codeproject.com/KB/cs/SandcastleComponents.aspx</a><br>\r\n<br>\r\n&gt;&gt;<strong>Pat O</strong>: <em>Can I get a look at the source for the VersionBuilder component</em>?<br>\r\nThe source of some of the utility tools are not released, and I am not sure this one<br>\r\nis available - possibly it was created by another group at Microsoft, not the main Sandcastle team.<br>\r\nPlease, post a thread and request that or directly write to Anand, since he is currently updating the <br>\r\nsource code tree here at Codeplex, this may be considered.<br>\r\n<br>\r\nBest regards,<br>\r\nPaul.\r\n",
    "PostedDate": "2009-01-21T17:07:52.14-08:00",
    "UserRole": null,
    "MarkedAsAnswerDate": null
  },
  {
    "Id": "149600",
    "ThreadId": "44716",
    "Html": "Hi Pat, <br>\r\n<br>\r\nI see no advantage to performing a diff operation in a build component.  Build components are executed once for each topic and are supplied with an XML document that contains far more information than you'll need for a simple diff.<br>\r\n<br>\r\nI suggest running an out-of-band diff instead (like the Version Builder tool).  Sandcastle's build process is highly flexibly - you can inject your tasks before or after Build Assembler is executed.  If you're using a batch or MSBuild script, then it's quite easy to add additional tasks into the process.  If you're using a tool that automates Sandcastle, such as <a href=\"http://docproject.codeplex.com\">DocProject</a> or <a href=\"http://shfb.codeplex.com\">Sandcastle Help File Builder</a>, read their documentation for instructions on how to add new tasks into the build process.<br>\r\n<br>\r\n- Dave\r\n",
    "PostedDate": "2009-01-22T00:36:04.79-08:00",
    "UserRole": null,
    "MarkedAsAnswerDate": null
  }
]