[
  {
    "Id": "651343",
    "ThreadId": "267493",
    "Html": "<p>I'm using Sandcastle on a .NET framework 4 unit testing project. &nbsp;For some reason it's having trouble finding summary data for the test methods and test classes. &nbsp;In the compiled CHM it's saying \"[Missing &lt;summary&gt; documentation for \"T:MyNamespace.ShipmentDataTest\"]\"  (same thing for each method in the class).</p>\n<p>However, my code has &lt;summary&gt; XML documentation tags:</p>\n<p>&nbsp;</p>\n<div style=\"color: black; background-color: white;\">\n<pre><span style=\"color: blue;\">namespace</span> MyNamespace\n{\n    <span style=\"color: gray;\">///</span> <span style=\"color: gray;\">&lt;summary&gt;</span>\n    <span style=\"color: gray;\">///</span><span style=\"color: green;\"> Some comments here</span>\n    <span style=\"color: gray;\">///</span> <span style=\"color: gray;\">&lt;/summary&gt;</span>\n    [TestClass]\n    <span style=\"color: blue;\">public</span> <span style=\"color: blue;\">class</span> ShipmentDataTest\n    {\n        <span style=\"color: gray;\">///</span> <span style=\"color: gray;\">&lt;summary&gt;</span>\n        <span style=\"color: gray;\">///</span><span style=\"color: green;\"> A test for deleteShipment</span>\n        <span style=\"color: gray;\">///</span> <span style=\"color: gray;\">&lt;/summary&gt;</span>\n        [TestMethod]\n        <span style=\"color: blue;\">public</span> <span style=\"color: blue;\">void</span> deleteShipmentTest()\n        {\n             <span style=\"color: green;\">// some code</span>\n        }\n    }\n}\n</pre>\n</div>\n<p>&nbsp;</p>\n<p>&nbsp;</p>\n<p>Does Sandcastle not support those attributes or something? &nbsp;If not, can I somehow make Sandcastle aware of them?</p>\n<p>Thanks for any help you can offer.</p>",
    "PostedDate": "2011-08-02T12:58:07.627-07:00",
    "UserRole": null,
    "MarkedAsAnswerDate": null
  },
  {
    "Id": "651534",
    "ThreadId": "267493",
    "Html": "<p>You are doing something wrong. I have just tested and found it works without any problem, using the<br />default class generated by the Visual Studio 2010 Test Project.&nbsp;</p>\r\n<p>Is the comment file for the project generated?</p>\r\n<p>Best regards,<br />Paul.&nbsp;</p>",
    "PostedDate": "2011-08-02T23:35:53.62-07:00",
    "UserRole": null,
    "MarkedAsAnswerDate": null
  },
  {
    "Id": "651762",
    "ThreadId": "267493",
    "Html": "<p>*DOH*</p>\r\n<p>&nbsp;</p>\r\n<p>It's always the simple stuff isn't it. &nbsp;Thanks Paul.</p>",
    "PostedDate": "2011-08-03T07:27:56.753-07:00",
    "UserRole": null,
    "MarkedAsAnswerDate": null
  }
]