[
  {
    "Id": "80986",
    "ThreadId": "24169",
    "Html": "\r\nThe beta is available at <a href=\"https://www.codeplex.com/Release/ProjectReleases.aspx?ProjectName=SHFB&amp;ReleaseId=10445\" class=\"externalLink\">SHFB 1.6.0.6 Beta<span class=\"externalLinkIcon\" style=\"font-family:Consolas, Courier New, Courier, Monospace;\"></span></a>.  This release contains various new features and some fixes.  See the <b>Version History</b> in the help file for details.<br /><br />This release fixes a circular reference bug with the <span class=\"codeInline\" style=\"font-family:Consolas, Courier New, Courier, Monospace;\">&lt;inheritdoc /&gt;</span> tag support.  The <b>Standalone Build Components</b> now also contain a proper help file with the necessary information about the build components and the inherited documentation tool.<br /><br />Eric<br />",
    "PostedDate": "2008-03-16T20:25:12.053-07:00",
    "UserRole": null,
    "MarkedAsAnswerDate": null
  },
  {
    "Id": "81003",
    "ThreadId": "24169",
    "Html": "<div class=\"quote\" style=\"border: dotted .1em #aaa; border-left: none; border-right: none; font-style: italic; margin: 1em 0em 2.5em 3em;padding: .2em;\"><br />EWoodruff wrote:<br />This release contains various new features and some fixes.  See the <b>Version History</b> in the help file for details.<br /><br /></div>Thanks for the information. I do not know if it is a good idea to keep the update information in the help file, which<br />will mean one will have to install to see what is new and fixed.<br /><br />Best regards,<br />Paul.<br />",
    "PostedDate": "2008-03-16T23:28:59.167-07:00",
    "UserRole": null,
    "MarkedAsAnswerDate": null
  },
  {
    "Id": "81097",
    "ThreadId": "24169",
    "Html": "\r\nNormally, I do post a list of what's changed but since this isn't a production release, I didn't.  The beta is mainly to get feedback about the <span class=\"codeInline\" style=\"font-family:Consolas, Courier New, Courier, Monospace;\">&lt;inheritdoc /&gt;</span> tag support and some of the other stuff listed in the associated work items at the bottom of the Release page.<br /><br />Eric<br />",
    "PostedDate": "2008-03-17T09:38:17.627-07:00",
    "UserRole": null,
    "MarkedAsAnswerDate": null
  }
]