[
  {
    "Id": "128074",
    "ThreadId": "38606",
    "Html": "I just downloaded the source code zip, and installed the current installer.  When I get all the pieces compiling from source I noticed I don't see any source for the following three executables:<br>\r\nAggregateByNamespace.exe<br>\r\nSegregateByAssembly.exe<br>\r\nSegregateByNamespace.exe<br>\r\n<br>\r\nDoes anyone know if these are part of SandCastle or one of the GUI tools.  I have SandCastle Help File Builder also installed.<br>\r\n<br>\r\n",
    "PostedDate": "2008-10-27T11:53:33.55-07:00",
    "UserRole": null,
    "MarkedAsAnswerDate": null
  },
  {
    "Id": "128149",
    "ThreadId": "38606",
    "Html": "They are part of Sandcastle but I haven't heard of anyone actually using them.  Here's a related blog post:<br>\r\n<br>\r\n<a href=\"http://blogs.msdn.com/sandcastle/archive/2007/07/25/componentization-building-assembly-level-hxs-using-sandcastle.aspx\">http://blogs.msdn.com/sandcastle/archive/2007/07/25/componentization-building-assembly-level-hxs-using-sandcastle.aspx</a>\r\n",
    "PostedDate": "2008-10-27T16:33:18.31-07:00",
    "UserRole": null,
    "MarkedAsAnswerDate": null
  }
]