[
  {
    "Id": "227380",
    "ThreadId": "66877",
    "Html": "<p>In current MSDN, for each dependency property, a section named &quot;Dependency Property Information&quot; will be generated. For example:</p>\r\n<p>http://msdn.microsoft.com/en-us/library/system.windows.controls.canvas.left.aspx</p>\r\n<p><span> </span><span>\r\n<div>\r\n<div><strong>&nbsp;Dependency Property Information</strong></div>\r\n</div>\r\n</span></p>\r\n<table style=\"height:48px\" border=0 width=325>\r\n<tbody>\r\n<tr>\r\n<td>\r\n<p>Identifier field</p>\r\n</td>\r\n<td>\r\n<p><span><a id=\"ctl00_MTContentSelector1_mainContentContainer_ctl56_ctl00_ctl00\" href=\"http://msdn.microsoft.com/en-us/library/system.windows.controls.canvas.leftproperty.aspx\">LeftProperty</a></span></p>\r\n</td>\r\n</tr>\r\n<tr>\r\n<td>\r\n<p>Metadata properties set to <span><span>true</span></span></p>\r\n</td>\r\n<td>\r\n<p>None</p>\r\n</td>\r\n</tr>\r\n</tbody>\r\n</table>\r\n<p>I found there is string resource in reference_content.xml file (line 439):</p>\r\n<p>&lt;item id=&quot;dependencyPropertyInfoHeading&quot;&gt;Dependency Property Information&lt;/item&gt;</p>\r\n<p>And this string is used in xamlSyntax.xsl: (line 421)</p>\r\n<p>&lt;!-- the authored dependency Property Information section --&gt;<br>&nbsp; &lt;xsl:template match=&quot;ddue:section[starts-with(@address,'<strong>dependencyPropertyInfo</strong>')]&quot; mode=&quot;section&quot;&gt;<br>&nbsp;&nbsp;&nbsp; &lt;xsl:call-template name=&quot;section&quot;&gt;<br>&nbsp;&nbsp;&nbsp;&nbsp;&nbsp; &lt;xsl:with-param name=&quot;toggleSwitch&quot; select=&quot;'dependencyPropertyInfo'&quot;/&gt;<br>&nbsp;&nbsp;&nbsp;&nbsp;&nbsp; &lt;xsl:with-param name=&quot;title&quot;&gt;<br>&nbsp;&nbsp;&nbsp;&nbsp;&nbsp;&nbsp;&nbsp; &lt;include item=&quot;dependencyPropertyInfoHeading&quot; /&gt;<br>&nbsp;&nbsp;&nbsp;&nbsp;&nbsp; &lt;/xsl:with-param&gt;<br>&nbsp;&nbsp;&nbsp;&nbsp;&nbsp; &lt;xsl:with-param name=&quot;content&quot;&gt;<br>&nbsp;&nbsp;&nbsp;&nbsp;&nbsp;&nbsp;&nbsp; &lt;xsl:apply-templates select=&quot;ddue:content&quot; /&gt;<br>&nbsp;&nbsp;&nbsp;&nbsp;&nbsp; &lt;/xsl:with-param&gt;<br>&nbsp;&nbsp;&nbsp; &lt;/xsl:call-template&gt;<br>&nbsp; &lt;/xsl:template&gt;</p>\r\n<p>But, it seems this logic is never used. (I can not find where the 'dependencyPropertyInfo' is used.)</p>\r\n<p>Could you please tell me whether this feature is implemented?</p>\r\n<p>If yes, how to generate the help file with that section?</p>\r\n<p>&nbsp;</p>\r\n<p>Thanks</p>\r\n<p>-Jamebo</p>",
    "PostedDate": "2009-08-25T02:12:58.813-07:00",
    "UserRole": null,
    "MarkedAsAnswerDate": null
  },
  {
    "Id": "592395",
    "ThreadId": "66877",
    "Html": "<p>Did you find an answer? I'm also interested...</p>",
    "PostedDate": "2011-04-05T14:32:18.203-07:00",
    "UserRole": null,
    "MarkedAsAnswerDate": null
  }
]