[
  {
    "Id": "566368",
    "ThreadId": "246074",
    "Html": "\r\n<p>Hello!</p>\r\n<p>Could you instruct how to create navigation buttons in a SandCastle project? The following buttons are meant: Next, Previous, which are intended to allow end users to navigate between the topics - as an alternative way to the TOC window.</p>\r\n<p>I have a guess to make them as &lt;markup&gt; elements...but probably there is an easier solution.</p>\r\n<p>Thank you in advance.</p>\r\n",
    "PostedDate": "2011-02-15T01:51:17.753-08:00",
    "UserRole": null,
    "MarkedAsAnswerDate": null
  },
  {
    "Id": "566701",
    "ThreadId": "246074",
    "Html": "<p>If you just want links to the next and previous topics in conceptual content and don't mind manually setting up the links in each topic, a simple &lt;link&gt; element to the previous and next topic will suffice.&nbsp; If you're using the <a title=\"SHFB\" href=\"http://SHFB.CodePlex.com\" target=\"_blank\">Sandcastle Help File Builder</a>, you can specify \"Next\" or \"Previous\" as the inner text of the link elements so that it shows that text rather than the topic title.&nbsp; If you're not using SHFB, you can download the Standalone Build Components from the same project site and add the ResolveConceptualLinksComponent that it contains into your conceptual.config file to get the same feature.&nbsp; SHFB uses it by default so no extra setup is required if using it to manage your project.</p>\r\n<p>If you want a more generic solution that doesn't require you to specify the link targets and works across conceptual and API topics, you would need to write a custom&nbsp;build component since you'd have to load the intermediate TOC file, figure out which topic you were in, and then figure out whether or not to render next/previous links and to which topics, etc.</p>\r\n<p>Eric</p>\r\n<p>&nbsp;</p>",
    "PostedDate": "2011-02-15T12:44:02.103-08:00",
    "UserRole": null,
    "MarkedAsAnswerDate": null
  }
]