[
  {
    "Id": "843285",
    "ThreadId": "357896",
    "Html": "\r\n<p>The subject line says&nbsp;it all.&nbsp; Are there different versions of Sandcastle, for different versions of .NET?&nbsp; If so, where do I get the latest for .NET 3.5?&nbsp; How about 4.0?</p>\r\n",
    "PostedDate": "2012-05-31T12:57:53.96-07:00",
    "UserRole": null,
    "MarkedAsAnswerDate": null
  },
  {
    "Id": "843306",
    "ThreadId": "357896",
    "Html": "<p>Sandcastle will generate documentation for any version of .NET from 1.0 to the latest release.&nbsp; If using Sandcastle by itself, set the path to the framework folder in the MRefBuilder.config file.&nbsp; If using the <a title=\"SHFB\" href=\"http://SHFB.CodePlex.com\" target=\"_blank\">Sandcastle Help File Builder</a>, set the FrameworkVersion project property and it will take care of the rest.</p>\r\n<p>Eric</p>\r\n<p>&nbsp;</p>",
    "PostedDate": "2012-05-31T14:17:14.88-07:00",
    "UserRole": null,
    "MarkedAsAnswerDate": null
  },
  {
    "Id": "844582",
    "ThreadId": "357896",
    "Html": "<p>Thank you, EWoodruff.</p>",
    "PostedDate": "2012-06-04T12:10:06.153-07:00",
    "UserRole": null,
    "MarkedAsAnswerDate": null
  }
]