[
  {
    "Id": "72229",
    "ThreadId": "21678",
    "Html": "\r\nBefore I do a bunch of reading, installs, and testing, could you all please tell me if Sandcastle (and any combination of tools / add-ons that you know of) can:<br /><br /><ul><li>Create the Class / Method documentation from C# code and output <b>either</b> a CHM, <b>or</b> a web site?</li><li>Integrate conceptual and expository pages into the above with integrated navigation and TOC?</li><li>Regarding the conceptual stuff above, can it be edited in a VS editor (so dev's can edit without having to leave VS)?</li><li>Create a new doc set with each build (integrated into the build process / command line interfaces)?</li><li>End up simple enough that a dev team without a full-time writer can manage the build process and keep things up to date?</li></ul><br />I'm sure there'll be other things as I go along, but how about it? Is Sandcastle (and tools) my silver bullet?<br /><br />Thanks in advance! Keith<br />",
    "PostedDate": "2008-02-06T16:47:29.733-08:00",
    "UserRole": null,
    "MarkedAsAnswerDate": null
  },
  {
    "Id": "72232",
    "ThreadId": "21678",
    "Html": "\r\nHi Keith, <br /><br /><div class=\"quote\" style=\"border: dotted .1em #aaa; border-left: none; border-right: none; font-style: italic; margin: 1em 0em 2.5em 3em;padding: .2em;\"><br />Create the Class / Method documentation from C# code and output either a CHM, or a web site?<br /><br /></div>Sandcastle can generate HTML topics or .ASPX web pages and a basic ASP.NET website.  <a href=\"http://www.codeplex.com/SHFB\" class=\"externalLink\">Sandcastle Help File Builder<span class=\"externalLinkIcon\" style=\"font-family:Consolas, Courier New, Courier, Monospace;\"></span></a> can build an HTML-based website.  I'm not sure if it can build an ASP.NET site though.  <a href=\"http://www.codeplex.com/DocProject\" class=\"externalLink\">DocProject<span class=\"externalLinkIcon\" style=\"font-family:Consolas, Courier New, Courier, Monospace;\"></span></a> comes with an ASP.NET Web Application template, called a <a href=\"http://www.codeplex.com/DocProject/Wiki/View.aspx?title=DocSite%20Templates\" class=\"externalLink\">DocSite<span class=\"externalLinkIcon\" style=\"font-family:Consolas, Courier New, Courier, Monospace;\"></span></a>.<br /><br />You can produce a .CHM from Sandcastle's output, but you must install the HTML Help Workshop program first.  DocProject or SHFB can be used to automate the process.<br /><br /><div class=\"quote\" style=\"border: dotted .1em #aaa; border-left: none; border-right: none; font-style: italic; margin: 1em 0em 2.5em 3em;padding: .2em;\"><br />Integrate conceptual and expository pages into the above with integrated navigation and TOC?<br /><br /></div>Sandcastle supports MAML markup for conceptual documentation, but you can also include your own HTML topics if you'd like with a bit more effort.  SHFB provides functionality out-of-the-box for including additional HTML content, I'm not sure about MAML though.  The next release of DocProject will have first-class support for MAML documentation, but does not currently provide first-class support for including additional HTML topics, although it's possible.<br /><br /><div class=\"quote\" style=\"border: dotted .1em #aaa; border-left: none; border-right: none; font-style: italic; margin: 1em 0em 2.5em 3em;padding: .2em;\"><br />Regarding the conceptual stuff above, can it be edited in a VS editor (so dev's can edit without having to leave VS)?<br /><br /></div>Yes, help is text-based.   If you're adding custom HTML topics then you can edit them in VS using its HTML editor.  Same if you're creating MAML documentation; although, the XML editor is used in that case, with IntelliSense support for MAML schemas if you want (DocProject provides this functionality in the next release.)<br /><br /><div class=\"quote\" style=\"border: dotted .1em #aaa; border-left: none; border-right: none; font-style: italic; margin: 1em 0em 2.5em 3em;padding: .2em;\"><br />Create a new doc set with each build (integrated into the build process / command line interfaces)?<br /><br /></div>Sandcastle can be used on the command-line or with MSBuild on a build server.  SHFB supports a console-mode that can be used in the same way.  DocProject uses MSBuild templates and the projects can also be built in VS (they're actually VS project templates).<br /><br /><div class=\"quote\" style=\"border: dotted .1em #aaa; border-left: none; border-right: none; font-style: italic; margin: 1em 0em 2.5em 3em;padding: .2em;\"><br />End up simple enough that a dev team without a full-time writer can manage the build process and keep things up to date?<br /><br /></div>Yes, I think Sandcastle has reached that point.  You'll probably want to use DocProject or SHFB though to manage your content/settings and to automate the build process.<br /><br />- Dave<br />",
    "PostedDate": "2008-02-06T17:19:41.407-08:00",
    "UserRole": null,
    "MarkedAsAnswerDate": null
  },
  {
    "Id": "72245",
    "ThreadId": "21678",
    "Html": "\r\nTo expand on what Dave mentioned:<br /><br />SHFB can produce a a Help 1 file (CHM), Help 2 file (HXS), a website, or a combination of the three.  For the website, it includes a basic Index.html page as well as an basic Index.aspx page.  The ASPX page can perform basic searches on the content.  DocProject has a more extensive ASP.NET website project.<br /><br />Regarding additional content, SHFB has extensive support for it.  You can either add the additional content as HTML pages or you can create XML files (using a .topic extension) that will get transformed using XSL so that they look and feel like the API topics in the selected presentation style.  Basic transformation files are supplied or you can create and specify your own.  The TOC can be controlled automatically based on the file structure of the additional content or you can supply a sitemap file that defines the content and TOC layout.  It also supports colorizing code in &lt;pre&gt; tags, importing and colorizing code from external files, resolving links to API topics, and several other features.<br /><br />It doesn't support MAML documentation yet but I may add that to a future release.<br /><br />Eric<br />",
    "PostedDate": "2008-02-06T19:15:00.117-08:00",
    "UserRole": null,
    "MarkedAsAnswerDate": null
  },
  {
    "Id": "72248",
    "ThreadId": "21678",
    "Html": "\r\nExcellent - it looks like it's time to roll up my sleeves. I'm sure I'll have many more questions as I go along!<br /><br />Thanks to you both for the great feedback.<br /><br />Keith<br /><br />PS - (If anybody checks this again, I ashamed to say I don't have a clue what MAML is about. Some publishing XML extension?)<br />",
    "PostedDate": "2008-02-06T19:31:08.633-08:00",
    "UserRole": null,
    "MarkedAsAnswerDate": null
  },
  {
    "Id": "72291",
    "ThreadId": "21678",
    "Html": "\r\nHi Keith, <br /><br />I probably should also mention that DocProject supports building various output types (such as .CHM, .HxS, or proprietary) and provides a high level of extensibility, programmatic and configuration-based, providing complete control over every aspect of DocProject - see <a href=\"http://www.codeplex.com/DocProject/Wiki/View.aspx?title=About%20DocProject\" class=\"externalLink\">About DocProject<span class=\"externalLinkIcon\" style=\"font-family:Consolas, Courier New, Courier, Monospace;\"></span></a>.  (I believe that SHFB is extensible too and supports plug-ins that allow you to generate different types of output.)<br /><br />Adding custom HTML topics is also possible in DocProject, but it's not recommended (which is why I never added first-class support) because you have to define your own HTML template that looks sort of like Sandcastle's content (DocProject doesn't supply one).  Sandcastle's built-in support for generating conceptual content is a better choice, if you didn't already write hundreds of HTML topics, because you can inherently leverage Sandcastle features like expandable document sections and build component processing, without having to code or maintain it yourself (and neither do I :).  The benefit being that if Microsoft changes Sandcastle's various presentation styles or creates new ones, they'll also update the conceptual transformations, presumably.  Your conceptual documentation will always look like and behave like reference documentation.<br /><br />Sandcastle provides a Build Assembler configuration file, XSL transformations and shared content data that's specific to building conceptual content with MAML, so it looks just like reference documentation and provides the same flexibility in terms of process; e.g., build components and XSL transformations.  You can even add links between conceptual documentation and reference documentation.<br /><br />MAML is an XML documentation format, like XML documentation in code comments however much more extensive, defining schemas for various conceptual content document types such as <i>How To</i>, <i>Overview</i>, <i>Glossary</i>, and several others.  It allows you to write your documentation using <i>structured authoring</i> semantics instead of <i>format and display</i> semantics like HTML; although, even in HTML there's a choice between the <span class=\"codeInline\" style=\"font-family:Consolas, Courier New, Courier, Monospace;\">&lt;b&gt;</span> element and the <span class=\"codeInline\" style=\"font-family:Consolas, Courier New, Courier, Monospace;\">&lt;strong&gt;</span> element, the former describing the display style and the latter describing <i>importance</i>, which may be displayed however a browser is configured to display <i>important</i> elements - bold, italic, red, green, etc.  (MAML doesn't have any tags that are like HTML though, AFAIK.)  It also supports <a href=\"http://en.wikipedia.org/wiki/Xlink\" class=\"externalLink\">XML Linking<span class=\"externalLinkIcon\" style=\"font-family:Consolas, Courier New, Courier, Monospace;\"></span></a> and provides various mechanisms for describing documentation and metadata, allowing you to avoid the mixing of formatting and structure in favor of: author documentation now, format later.<br /><br />For an overview and some background information: <br /><a href=\"http://en.wikipedia.org/wiki/Microsoft_Assistance_Markup_Language\" class=\"externalLink\">Microsoft Assistance Markup Language<span class=\"externalLinkIcon\" style=\"font-family:Consolas, Courier New, Courier, Monospace;\"></span></a><br /><br />For comprehensive information about MAML schemas with examples: <br /><a href=\"http://www.help-info.de/en/Help_Info_AP_Help/longhorn_maml_example.htm\" class=\"externalLink\">MAML - Microsoft Assistance Markup Language<span class=\"externalLinkIcon\" style=\"font-family:Consolas, Courier New, Courier, Monospace;\"></span></a><br /><br />- Dave<br />",
    "PostedDate": "2008-02-07T00:13:21.073-08:00",
    "UserRole": null,
    "MarkedAsAnswerDate": null
  },
  {
    "Id": "72297",
    "ThreadId": "21678",
    "Html": "<div class=\"quote\" style=\"border: dotted .1em #aaa; border-left: none; border-right: none; font-style: italic; margin: 1em 0em 2.5em 3em;padding: .2em;\"><br />fnameKeith wrote:<br />PS - (If anybody checks this again, I ashamed to say I don't have a clue what MAML is about. Some publishing XML extension?)<br /><br /></div><br />I have an article on CodeProject to get you started with Conceptual Help. It gives you information about what works and how.<br />It also provides a \"hack\" documentation of the MAML schema. <br /><br />It is here <a href=\"http://www.codeproject.com/KB/winhelp/SandcastleConceptual.aspx\" class=\"externalLink\">http://www.codeproject.com/KB/winhelp/SandcastleConceptual.aspx<span class=\"externalLinkIcon\" style=\"font-family:Consolas, Courier New, Courier, Monospace;\"></span></a><br /><br />I think it is about time I give that a real project and get the <b>fun</b> up. <br />I will create a CodePlex project soon - stay tuned!<br /><br />Best regards,<br />Paul.<br />",
    "PostedDate": "2008-02-07T00:39:43.527-08:00",
    "UserRole": null,
    "MarkedAsAnswerDate": null
  }
]