[
  {
    "Id": "733469",
    "ThreadId": "288079",
    "Html": "\r\n<p>Hello Everyone.</p>\r\n<p>In case you don't know who I am, my name is Eric Woodruff and I'm currently the coordinator of the Sandcastle Help File Builder and Sandcastle Styles projects here on CodePlex.&nbsp; In the past couple of weeks I've been getting more and more inquiries about\r\n fixing bugs in the Sandcastle tools, specifically the executables such as MRefBuilder.exe, that aren't fixed by the Sandcastle Styles patch.&nbsp; In the past, I've avoided patching the executables as I didn't want to have to distribute a separate set of executables\r\n signed with a different key that wouldn't be compatible with the official tools or third-party components or front ends built against them, mine included.&nbsp; As such, my standard response has been to report the bugs here in the hope that they would be fixed\r\n in the next release of Sandcastle.&nbsp; However, as is quite obvious, that's been a lost cause so there's not much point in asking people to keep on doing it unless something changes.</p>\r\n<p>Forking a new, completely separate&nbsp;version was an option but I'd much rather see this project stay the official source so that we don't end up with multiple competing versions with no clear direction and the same lack of support that killed NDoc.&nbsp;\r\n With that in mind, about a week ago I started making inquiries about the status of the Sandcastle project on CodePlex and asked if it would be possible to be made a coordinator on this project so that it doesn't die.&nbsp; I'm happy to report that work is\r\n progressing on making that happen but, since the project is owned by Microsoft, there are a number of approvals that must occur first before I can be added to it so I'm just waiting for things to take their course.</p>\r\n<p>I wasn't planning on saying anything until it was official but given the inquiries about fixing the problems, I'm posting this now so that if I ask you&nbsp;to report the bug here, you have the assurance that it won't be ignored.&nbsp;&nbsp; In the meantime,\r\n I am working on fixing the existing known bugs in the executables so that when I am able to do so, I can publish a long awaited update to the Sandcastle tools that includes those fixes plus the ones from the Sandcastle Styles patch.&nbsp; I will post more\r\n information as it becomes available and we can address future updates and additions to Sandcastle once things have been finalized.&nbsp; Thank you.</p>\r\n<p>Eric</p>\r\n<p>&nbsp;</p>\r\n",
    "PostedDate": "2012-01-31T13:09:34.953-08:00",
    "UserRole": null,
    "MarkedAsAnswerDate": null
  },
  {
    "Id": "736668",
    "ThreadId": "288079",
    "Html": "<p>Looking forward to some active development on the Sandcastle project again. Hope you get the required approval.</p>",
    "PostedDate": "2012-02-02T05:30:57.69-08:00",
    "UserRole": null,
    "MarkedAsAnswerDate": null
  },
  {
    "Id": "736698",
    "ThreadId": "288079",
    "Html": "<p>Thanks for the information. About a year and half ago I proposed to fork this project<br /> and get real work done. I believe it is time, since MS is no longer ready to cut it.</p>\n<p><a href=\"http://sandcastle.codeplex.com/discussions/209712\">http://sandcastle.codeplex.com/discussions/209712</a></p>\n<p>Best regards,<br /> Paul.&nbsp;</p>",
    "PostedDate": "2012-02-02T05:51:12.043-08:00",
    "UserRole": null,
    "MarkedAsAnswerDate": null
  },
  {
    "Id": "737285",
    "ThreadId": "288079",
    "Html": "<p>It should take about three or four weeks for approval.&nbsp; In the meantime, I'm working on the fixes and getting everything ready.</p>\r\n<p>Eric</p>\r\n<p>&nbsp;</p>",
    "PostedDate": "2012-02-02T12:54:23.833-08:00",
    "UserRole": null,
    "MarkedAsAnswerDate": null
  },
  {
    "Id": "813755",
    "ThreadId": "288079",
    "Html": "<p>This is a great news!</p>",
    "PostedDate": "2012-03-21T14:15:51.99-07:00",
    "UserRole": null,
    "MarkedAsAnswerDate": null
  },
  {
    "Id": "813832",
    "ThreadId": "288079",
    "Html": "<p>I'm still waiting for approval to take over this project site. I'm trying to find out what's going on with that. Worst case, I may end up temorarily hosting the updated release on the Sandcastle Styles project site until things are squared away one way or the other. My intent is to keep it a separate project so that it isn't dependent upon or tied to the release cycle of any particular front end such as SHFB and it can be used standalone or with the front end tools of your choice as in the past.</p>\r\n<p>As it stands right now, I've fixed all of the known bugs but one including those in the executables as well as adding a few other requested features like support for optional parameters, the \"fixed\" keyword, and showing numeric attribute values, etc. The one I couldn't fix is related to certain interop attributes not showing up and that appears to be because the information just isn't there in the expected place (the member's attributes collection).</p>\r\n<p>Also, Don Fehr has been working independently on creating a VS2010 presentation style. He sent me a copy yesterday and I haven't had a chance to play with it yet, but with luck I hope to get it in the initial release too. I need to create an installer project since one isn't included in the source and, once that's done, I should be ready to go. It'll probably be another week or two before I'm ready to publish it.</p>\r\n<p>Eric</p>\r\n<p>&nbsp;</p>",
    "PostedDate": "2012-03-21T19:51:52.14-07:00",
    "UserRole": null,
    "MarkedAsAnswerDate": null
  },
  {
    "Id": "816274",
    "ThreadId": "288079",
    "Html": "<p>I am hoping to get the permissions for Eric approved this week so that he can post his updates. Thanks Eric.</p>\r\n<p>Anand..</p>",
    "PostedDate": "2012-03-27T15:07:56.863-07:00",
    "UserRole": null,
    "MarkedAsAnswerDate": null
  },
  {
    "Id": "816281",
    "ThreadId": "288079",
    "Html": "<p>Eric is now an editor for Sandcastle project. He should be able to contribute :)</p>\r\n<p>Anand..</p>",
    "PostedDate": "2012-03-27T15:33:13.35-07:00",
    "UserRole": null,
    "MarkedAsAnswerDate": null
  },
  {
    "Id": "824153",
    "ThreadId": "288079",
    "Html": "<p>Unfortunately, being an editor only gives me the ability to edit the wiki content.&nbsp; To create and manage releases,&nbsp;I need at least developer access.&nbsp; Since I am ready to issue the update and Anand seems to be unavailable at the moment, I am going with my back up plan and will temporarily publish the release on the <a title=\"Sandcastle Styles\" href=\"http://SandcastleStyles.CodePlex.com\" target=\"_blank\">Sandcastle Styles</a> project site.&nbsp; Once the access issue is resolved, I can move everything back into this project and retire Sandcastle Styles.</p>\n<p>See the <a title=\"Release Notes\" href=\"http://sandcastle.codeplex.com/documentation\" target=\"_blank\">Sandcastle 2.7.0.0 Release Notes</a> for details on all of the changes.</p>\n<p>Eric</p>\n<p>&nbsp;</p>",
    "PostedDate": "2012-04-15T19:39:31.593-07:00",
    "UserRole": null,
    "MarkedAsAnswerDate": null
  },
  {
    "Id": "824248",
    "ThreadId": "288079",
    "Html": "<p>Thank you so much for taking care of this project, Eric.&nbsp; So Microsoft has no intention of ever again updating their own official .NET help compiler, and they can't even be bothered to inform us or transition the project to someone else?&nbsp; Well, that certainly clarifies the company's attitude on both developer relations and the future of .NET technologies.</p>",
    "PostedDate": "2012-04-16T00:52:15.313-07:00",
    "UserRole": null,
    "MarkedAsAnswerDate": null
  },
  {
    "Id": "824788",
    "ThreadId": "288079",
    "Html": "<p>Hello Anand,</p>\r\n<p>Please can you state clearly the state and direction of the Sandcastle project?</p>\r\n<p>I do not like the direction this new release is going, and some of the things being<br />thrown in.&nbsp;</p>\r\n<p>Best regards,<br />Paul.&nbsp;</p>",
    "PostedDate": "2012-04-17T04:25:22.19-07:00",
    "UserRole": null,
    "MarkedAsAnswerDate": null
  },
  {
    "Id": "824856",
    "ThreadId": "288079",
    "Html": "<p>Yes, we all would like to hear about a statement from Microsoft about their support for the Sandcastle project. And at the current state of&nbsp;involvement&nbsp;from Microsoft in this project I think that the best thing to do would be to give the project to the community.</p>\r\n<p>Or perhaps community should make a new Sandcatle2 fork here on Codeplex and begin developing a new version, because this project looks completely dead right now.</p>\r\n<p>Best regards,</p>\r\n<p>Jozef.</p>",
    "PostedDate": "2012-04-17T06:31:25.62-07:00",
    "UserRole": null,
    "MarkedAsAnswerDate": null
  },
  {
    "Id": "825053",
    "ThreadId": "288079",
    "Html": "<p>Hi Jozef,</p>\r\n<p>As I stated in my first post in this thread, forking a new, completely separate version is an option but I'd much rather see this project stay the official source for the reasons stated therein.&nbsp; That's why I'm working with Anand to open it up and I know he is willing to do that.&nbsp; I think he made an honest mistake in only giving me editor privileges so I'm willing to wait and see how that gets resolved.</p>\r\n<p>My main reason for releasing now on the Sandcastle Styles site rather than waiting is that I know Anand has been away a lot lately and that it may take a while to get access here.&nbsp; The bug fixes and additions are the same ones I've been making for years so there's nothing really new there with the exception of the tool bug fixes.&nbsp; I had several people waiting on the tool fixes as they were being affected by crash issues in MRefBuilder.&nbsp; Don had progressed as far as he could in testing the new VS2010 style so it was time to put it out there and let real users start working with it to find any issues so that they could be resolved.</p>\r\n<p>I fully intend to continue work on the Sandcastle tools with community help be it here or over in a repurposed Sandcastle Styles site.&nbsp; Consider this new release a potential fork.&nbsp; Sandcastle isn't dead yet and I think forking yet another copy is premature.</p>\r\n<p>Eric</p>\r\n<p>&nbsp;</p>",
    "PostedDate": "2012-04-17T13:10:13.933-07:00",
    "UserRole": null,
    "MarkedAsAnswerDate": null
  },
  {
    "Id": "825071",
    "ThreadId": "288079",
    "Html": "<p>Thanks Eric. I was away travelling out of the country. I have reached ut to the Codeplex team about Eric's permission. I am hoping to have an answer soon. I do not control the project perms</p>\r\n<p>Anand..</p>",
    "PostedDate": "2012-04-17T13:32:18.237-07:00",
    "UserRole": null,
    "MarkedAsAnswerDate": null
  },
  {
    "Id": "825073",
    "ThreadId": "288079",
    "Html": "<p>I saw this page <a href=\"http://codeplex.codeplex.com/wikipage?title=Adding%20Users%20to%20Microsoft%20Projects\">http://codeplex.codeplex.com/wikipage?title=Adding%20Users%20to%20Microsoft%20Projects</a>&nbsp;and will ahve to follow the steps to get Eric added as Coordinator/Developer.</p>\r\n<p>&nbsp;</p>\r\n<p>Anand..</p>",
    "PostedDate": "2012-04-17T13:35:14.943-07:00",
    "UserRole": null,
    "MarkedAsAnswerDate": null
  },
  {
    "Id": "825085",
    "ThreadId": "288079",
    "Html": "<p>Hello Anand,</p>\r\n<p>You still have not provided the information we are humbling asking. What is the state of the project<br />and Microsoft's direction on it?</p>\r\n<p>Best regards,<br />Paul.&nbsp;</p>",
    "PostedDate": "2012-04-17T13:49:41.007-07:00",
    "UserRole": null,
    "MarkedAsAnswerDate": null
  },
  {
    "Id": "825089",
    "ThreadId": "288079",
    "Html": "<p>Sorry about this Paul. I will check with Darren Parker from Microsoft to see if he is&nbsp;planning any new releases and will ask him to comment here..</p>\r\n<p>Anand..</p>",
    "PostedDate": "2012-04-17T13:55:24.073-07:00",
    "UserRole": null,
    "MarkedAsAnswerDate": null
  },
  {
    "Id": "858219",
    "ThreadId": "288079",
    "Html": "<p>Hey Anand -</p>\r\n<p>Is there any update from Darren? Eric is still only an Editor and can't publish releases.</p>",
    "PostedDate": "2012-07-06T00:55:31.947-07:00",
    "UserRole": null,
    "MarkedAsAnswerDate": null
  },
  {
    "Id": "880492",
    "ThreadId": "288079",
    "Html": "<p>You guys at Microsoft need to give it up.&nbsp; Eric is the most helpful person out here.&nbsp; I would contibute if I knew my time/effort would go somewhere.</p>",
    "PostedDate": "2012-07-20T10:27:30.467-07:00",
    "UserRole": null,
    "MarkedAsAnswerDate": null
  },
  {
    "Id": "892223",
    "ThreadId": "288079",
    "Html": "<p>Eric,</p>\r\n<p>Thanks so much for your commitment to this project and your efforts to keep it harmonious and simpler for the community by avoiding a fork.</p>\r\n<p>Anand/Microsoft: please do the responsible thing and make this handover happen. You've left us in the lurch. An explanation is not only appreciated - it is required.</p>\r\n<p>Kent</p>",
    "PostedDate": "2012-07-27T05:29:27.85-07:00",
    "UserRole": null,
    "MarkedAsAnswerDate": null
  },
  {
    "Id": "895982",
    "ThreadId": "288079",
    "Html": "<p>It would also be appreciated if which of the source trees in the latest source file download was to be used. The file sandcastle-54478.zip contains two source trees, neither of which readily compile in VS2010.</p>\r\n<p>I have been investigating MREFBUILDER with a view to making it tolerant of missing DLL's. Please see <a href=\"http://sandcastlestyles.codeplex.com/discussions/360116\" target=\"_blank\">http://sandcastlestyles.codeplex.com/discussions/360116</a></p>",
    "PostedDate": "2012-08-06T04:52:50.663-07:00",
    "UserRole": null,
    "MarkedAsAnswerDate": null
  },
  {
    "Id": "896072",
    "ThreadId": "288079",
    "Html": "<p>As indicated in this thread, I'm still trying to take ownership of this project.&nbsp; Until I get more than editor privileges, I can't maintain the source tree here.&nbsp; Until that time, the source code for my updated release (2.7.0.0) can be downloaded from the Sandcastle Styles site: <a href=\"http://sandcastlestyles.codeplex.com/releases/view/86091\">http://sandcastlestyles.codeplex.com/releases/view/86091</a>.&nbsp; The code from that download will build under VS 2010.</p>\r\n<p>Eric</p>\r\n<p>&nbsp;</p>",
    "PostedDate": "2012-08-06T08:09:59.44-07:00",
    "UserRole": null,
    "MarkedAsAnswerDate": null
  },
  {
    "Id": "898800",
    "ThreadId": "288079",
    "Html": "<p>Thank you Eric, for making VS2010 compatible source available. It was very useful in allowing me to fix a issue with MRefBuilder that I reported at <a href=\"http://sandcastlestyles.codeplex.com/discussions/360116\" target=\"_blank\">http://sandcastlestyles.codeplex.com/discussions/360116</a></p>",
    "PostedDate": "2012-08-13T08:03:50.137-07:00",
    "UserRole": null,
    "MarkedAsAnswerDate": null
  },
  {
    "Id": "982847",
    "ThreadId": "288079",
    "Html": "\r\n<p>Hello</p>\r\n<p>I'm unable to find the download and install of the special patch that fixes many revealed problems after the release of sandcastle (Version 2.6.1062.1). It is called &quot;Sandcastle Styles&quot;, and its home page is http://sandcastlestyles.codeplex.com/. The patch\r\n for the abovementioned version of Sandcastle was said to be placed on the following page: http://sandcastlestyles.codeplex.com/releases/view/47767<br>\r\n<br>\r\nHowever I am unable to find it, could you please tell me how I can get it.&nbsp; <br>\r\n<br>\r\nI downloaded the sandcastle (Version 2.6.1062.1) today but I don't know if it includes fixes from the special patch.&nbsp; Can you help, thanks!<br>\r\n<br>\r\nMamadou</p>\r\n",
    "PostedDate": "2013-01-03T15:03:59.487-08:00",
    "UserRole": null,
    "MarkedAsAnswerDate": null
  },
  {
    "Id": "982873",
    "ThreadId": "288079",
    "Html": "\r\n<p>As noted on the home page for this project, Microsoft has ceased development of Sandcastle and all future development has been moved to the\r\n<a title=\"SHFB\" href=\"http://SHFB.CodePlex.com\" target=\"_blank\">Sandcastle Help File Builder</a> project.&nbsp; I'd suggest downloading the lasted release of SHFB as it contains the most recent version of Sandcastle with all the patches and several additional fixes.&nbsp;\r\n It can still be used in a standalone fashion if you choose to do so.&nbsp; There's a new Sandcastle Tools help file included with a\r\n<a title=\"Sandcastle Tools version history\" href=\"http://www.ewoodruff.us/sandcastletools/?topic=html/e0636c2c-3da0-4d5e-9e86-6fb3f0c83eef.htm\" target=\"_blank\">\r\nversion history</a> that shows all changes made since the last Microsoft release..&nbsp; You can download it from:\r\n<a href=\"http://shfb.codeplex.com/releases\">http://shfb.codeplex.com/releases</a>.&nbsp; If you do need the patches from the old Sandcastle Styles site, you can find them in the Legacy Downloads release at the SHFB project site:\r\n<a href=\"http://shfb.codeplex.com/releases/view/95952\">http://shfb.codeplex.com/releases/view/95952</a></p>\r\n<p>Eric</p>\r\n<p>&nbsp;</p>\r\n",
    "PostedDate": "2013-01-03T16:03:58.357-08:00",
    "UserRole": null,
    "MarkedAsAnswerDate": null
  }
]