[
  {
    "Id": "203291",
    "ThreadId": "60060",
    "Html": "<p>A lot of the MSDN documentation has sections for Platforms and Versions for the class help pages.&nbsp;&nbsp; How can I get Sandcastle/SHFB to create these sections?&nbsp; I can see references to platform, platformName, etc in the various help files, .xsd and .xlt files for Sandcastle but nothing for version.</p>\r\n<p>Andy</p>",
    "PostedDate": "2009-06-19T03:24:32.417-07:00",
    "UserRole": null,
    "MarkedAsAnswerDate": null
  },
  {
    "Id": "203432",
    "ThreadId": "60060",
    "Html": "<p>You can add version information by adding the Version Builder plug-in the PlugInConfigurations project property.&nbsp; See the plug-in help topic for usage.&nbsp; Platform information isn't supported as the platform information is currently hard-coded in the Sandcastle transformation files.</p>\r\n<p>Eric</p>",
    "PostedDate": "2009-06-19T10:21:18.507-07:00",
    "UserRole": null,
    "MarkedAsAnswerDate": null
  }
]