[
  {
    "Id": "138845",
    "ThreadId": "41835",
    "Html": "The first public preview of the Sandcastle Helpers library is now available...<br>\r\n<br>\r\n<a href=\"http://www.codeplex.com/SandAssist/Release/ProjectReleases.aspx?ReleaseId=20308\">http://www.codeplex.com/SandAssist/Release/ProjectReleases.aspx?ReleaseId=20308</a><br>\r\n<br>\r\nThe Sandcastle Helpers is a documentation library, built on the Sandcastle and simplifies most of the <br>\r\n&quot;difficult&quot; tasks of working with the Sandcastle. It is very easy to extend and customize, using a simple<br>\r\nto understand OOP model.<br>\r\nIt is not designed for any particular GUI or project/content file format, so you can easily used it with your<br>\r\nown project file format.<br>\r\nIt is released under the the same license as the Sandcastle, Ms-PL, so you are free to take it to any height.<br>\r\n<br>\r\nPlease this is <strong>not</strong> a GUI tool or library and may not be useful to users requiring a GUI access to the Sandcastle.<br>\r\nThe current test sample is a simple console application.<br>\r\n<br>\r\nAnyone requiring such a library is welcomed to provide suggestions and ideas for improvements.<br>\r\n<br>\r\nBest regards,<br>\r\nPaul. \r\n",
    "PostedDate": "2008-12-08T20:35:21.563-08:00",
    "UserRole": null,
    "MarkedAsAnswerDate": null
  }
]