[
  {
    "Id": "68847",
    "ThreadId": "20718",
    "Html": "\r\nHello..<br /><br />First of all the ideea using an automated tool that creats an .CHM file from an assembly, it's very good!<br /><br />Well... I am using the October CTP Sandcastle and SandcastleGUI on a test class that has a summary description(made with ///) and a method :<br /><br /><br />/// &lt;summary&gt;<br /><br />/// MyMethod Method<br /><br />/// &lt;/summary&gt;<br /><br />/// &lt;param name=\"a\"&gt;param a&lt;/param&gt;<br /><br />public void MyMethod(int a)<br /><br />{ }<br /><br /><br /><br />After the build from SandcastleGUI(C# syntax declaration, VS2005 Template) , I get a CHM file, but I can't see the summary description of the class and of the method.<br /><br />What am I doing wrong?<br /><br />Thanks..<br />",
    "PostedDate": "2008-01-19T06:31:13.97-08:00",
    "UserRole": null,
    "MarkedAsAnswerDate": null
  },
  {
    "Id": "68865",
    "ThreadId": "20718",
    "Html": "\r\nSee my reply to you here: <a href=\"https://www.codeplex.com/Thread/View.aspx?ProjectName=SHFB&amp;ThreadId=20711\" class=\"externalLink\">https://www.codeplex.com/Thread/View.aspx?ProjectName=SHFB&amp;ThreadId=20711<span class=\"externalLinkIcon\" style=\"font-family:Consolas, Courier New, Courier, Monospace;\"></span></a><br /><br />Eric<br />",
    "PostedDate": "2008-01-19T10:47:31.663-08:00",
    "UserRole": null,
    "MarkedAsAnswerDate": null
  }
]