[
  {
    "Id": "159292",
    "ThreadId": "47566",
    "Html": "<p>I got yet another issue...<br>\r\n<br>\r\nIn my doc comments i got the following html tag and the png file is included in the vsproj. But all i see in the chm file is a red cross and i tried to keep an eye on the working folder and it dosnt seem to get copied there... What to do!?<span style=\"font-size:13px;color:#0000ff\">\r\n<p>&nbsp;</p>\r\n<p>&lt;</p>\r\n</span></p>\r\n<p><span style=\"font-size:13px;color:#800000\">img</span><span style=\"font-size:13px;color:#0000ff\"> </span><span style=\"font-size:13px;color:#ff0000\">src</span><span style=\"font-size:13px;color:#0000ff\">=</span><span style=\"font-size:13px\">&quot;</span><span style=\"font-size:13px;color:#0000ff\">overview.png</span><span style=\"font-size:13px\">&quot;</span><span style=\"font-size:13px;color:#0000ff\">/&gt;\r\n<p>&nbsp;</p>\r\n</span></p>\r\n",
    "PostedDate": "2009-02-19T00:37:57.89-08:00",
    "UserRole": null,
    "MarkedAsAnswerDate": null
  },
  {
    "Id": "159297",
    "ThreadId": "47566",
    "Html": "Hello,<br>\r\n<strong>img</strong> is an HTML tag and like all the other HTML tags it is not supported by the Sandcastle. <br>\r\nThe reference build allows the HTML tags to pass through to the output, but does not process them.<br>\r\n<br>\r\nNow, since you are using SHFB (by your other posts), use the Additional Contents property to let<br>\r\nthe SHFB copy the images to the output folder for you, and in time for the compiler to see.<br>\r\n<br>\r\nBest regards,<br>\r\nPaul.\r\n",
    "PostedDate": "2009-02-19T00:53:12.877-08:00",
    "UserRole": null,
    "MarkedAsAnswerDate": null
  },
  {
    "Id": "159302",
    "ThreadId": "47566",
    "Html": "Thank you for your very fast answer Paul!<br>\r\nI looked in the documentation but cant find any info on how to do this, u got some reference for this?\r\n",
    "PostedDate": "2009-02-19T01:26:07.133-08:00",
    "UserRole": null,
    "MarkedAsAnswerDate": null
  },
  {
    "Id": "159314",
    "ThreadId": "47566",
    "Html": "&gt;&gt;<em>I looked in the documentation but cant find any info on how to do this, u got some reference for this</em>?<br>\r\n<br>\r\nIn the Version 1.7.x, which is the one I have installed: <br>\r\nYou will find it in the documentations as...<br>\r\n(-) The GUI Project Manager<br>\r\n        (-) Additional and Conceptual Contents<br>\r\n              (-) Additional Content Properties<br>\r\nWell, it is stated that is deprecated - it seems that it is not well explained, that should be only the additional<br>\r\nHTML files, which both SHFB and DocProject introduced until the conceptual help support was released<br>\r\nby the Sandcastle.<br>\r\nOtherwise, I do not know if Eric is providing another means of handling this.<br>\r\nIn my build library (Sandcastle Assist), I refer to this operation as Help Resources, and it is well supported. <br>\r\nHopefully, both SHFB and DocProject will improve their support for this operation.<br>\r\n<br>\r\nBest regards,<br>\r\nPaul.\r\n",
    "PostedDate": "2009-02-19T01:47:45.643-08:00",
    "UserRole": null,
    "MarkedAsAnswerDate": null
  },
  {
    "Id": "159320",
    "ThreadId": "47566",
    "Html": "Oh yes i agree. The issue is that im not using the gui but only the console application because i calling it from my buildscripts. <br>\r\nThis might be a long shot, but do you know if its possible to pass the additionalcontent property through commandline to the consoleapllication?\r\n",
    "PostedDate": "2009-02-19T02:08:57.957-08:00",
    "UserRole": null,
    "MarkedAsAnswerDate": null
  },
  {
    "Id": "159344",
    "ThreadId": "47566",
    "Html": "&gt;&gt;<em>but do you know if its possible to pass the additionalcontent property through <br>\r\n&gt;&gt;commandline to the consoleapllication</em>?<br>\r\nIt might depend on the format or version of the SHFB. I think Eric might help here. Another way is to <br>\r\ncreate a sample with the GUI and see how the project format handles it.<br>\r\n<br>\r\nFor my personal work, I currently use my own build library, which I am improving and enhancing as the <br>\r\nSandcastle Helpers (currently only in Alpha stage and recommended only for testing) in the Sandcastle Assist project.<br>\r\n<br>\r\nBest regards,<br>\r\nPaul.<br>\r\n",
    "PostedDate": "2009-02-19T03:03:36.86-08:00",
    "UserRole": null,
    "MarkedAsAnswerDate": null
  },
  {
    "Id": "159505",
    "ThreadId": "47566",
    "Html": "Okay thanks for your help Paul. The issue is that we got like 25 vsproj which all gets build through msbuild and they all got different images to include in the docs. <br>\r\n<br>\r\nSo i should create a sample with the gui for each project, dont want to do that.<br>\r\n<br>\r\nI figured out another way to include the pictures, meybe not pretty but hey it works. I made a target which finds the images to include and copy them to sandcastle icon dir, because its included in the chm.<br>\r\nAnd now it works, but im still looking for a much more pretty solution :-)\r\n",
    "PostedDate": "2009-02-19T03:54:03.69-08:00",
    "UserRole": null,
    "MarkedAsAnswerDate": null
  },
  {
    "Id": "159662",
    "ThreadId": "47566",
    "Html": "&gt;&gt;<em>So i should create a sample with the gui for each project, dont want to do that</em>.<br>\r\nWhy? you only need to know the format used by the SHFB and do a similar thing since you are using the SHFB.<br>\r\n<br>\r\n&gt;&gt;<em>I figured out another way to include the pictures, meybe not pretty but hey it works</em>.<br>\r\nSince you are using MSBuild, you can use the copy task to copy the images, and you should not have any<br>\r\nproblem since you are writing your own script.<br>\r\n<br>\r\nNormally, you should not use just &lt;img src=&quot;imageFile.xxx&quot;/&gt; in your project, <br>\r\nbut something like  &lt;img src=&quot;folderName/imageFile.xxx&quot;/&gt; then you can copy the images to the <br>\r\nfolderName directory.<br>\r\nThe &quot;images&quot; directory is commonly used and supported by most Sandcastle builds. I am not sure, the icon dir<br>\r\nwill work in other cases, since the CHM compiler does a lot to resolve the links.<br>\r\n<br>\r\nBest regards,<br>\r\nPaul.<br>\r\n",
    "PostedDate": "2009-02-19T04:44:16.65-08:00",
    "UserRole": null,
    "MarkedAsAnswerDate": null
  },
  {
    "Id": "159711",
    "ThreadId": "47566",
    "Html": "What i end up doing to make a bit more pretty was to copy the images automaticly by script to icons/images og then i deleted the images afterward. My html code from the code looks like this, and it works :)<span style=\"font-size:13px;color:#0000ff\">\r\n<p>&lt;</p>\r\n</span>\r\n<p><span style=\"font-size:13px;color:#800000\">img</span><span style=\"font-size:13px;color:#0000ff\"> </span><span style=\"font-size:13px;color:#ff0000\">src</span><span style=\"font-size:13px;color:#0000ff\">=</span><span style=\"font-size:13px\">&quot;</span><span style=\"font-size:13px;color:#0000ff\">icons/images/PositionFormatClassDiagram.png</span><span style=\"font-size:13px\">&quot;</span><span style=\"font-size:13px;color:#0000ff\">/&gt;\r\n<p>&nbsp;</p>\r\n</span></p>\r\n",
    "PostedDate": "2009-02-19T06:49:26.307-08:00",
    "UserRole": null,
    "MarkedAsAnswerDate": null
  },
  {
    "Id": "159719",
    "ThreadId": "47566",
    "Html": "&gt;&gt;<em>My html code from the code looks like this, and it works</em> :)<br>\r\nIt should work, unless not done well.<br>\r\nI do not know if there is any need to use the extra &quot;icons&quot; directory, though.<br>\r\n<br>\r\nBest regards,<br>\r\nPaul.\r\n",
    "PostedDate": "2009-02-19T07:19:33.337-08:00",
    "UserRole": null,
    "MarkedAsAnswerDate": null
  },
  {
    "Id": "159755",
    "ThreadId": "47566",
    "Html": "If you're using SHFB 1.7, you can use the <strong>-addcontent</strong> command line parameter to define additional content such as images that need to be included in the help file.  With SHFB 1.8, the project format is MSBuild based so images and HTML files added to the project with a <strong>Content</strong> build action are included as content by default.  Files in the root of the project end up in the root of the help file.  Files in sub-folders end up in like-named subfolders in the help file.  This is a much cleaner approach than the prior version's method via the <strong>AdditionalContent</strong> property since what you see in the project explorer is what you get in the help file with regard to layout for content items.  The deprecation reference only concerns HTML content as MAML is now the preferred way of adding non-API topics to the help file though HTML continues to be supported for backward compatibility.<br>\r\n<br>\r\nWith the MSBuild format in v1.8, you can still override any project property from the command line.  You can also use one or more response files or more likely target override files (set using the <strong>CustomBeforeSHFBTargets</strong> property override) to make it easier to do this.  Target override files are the better approach for the XML-based properties such as documentation sources and component configurations.  See the <a href=\"http://www.ewoodruff.us/shfbdocs/Index.aspx?topic=html/8ffc0d37-0215-4609-b6f8-dba53a6c5063.htm\"><span style=\"color:#3e62a6\">Building Projects Outside the GUI</span></a> help file topic for more information.<br>\r\n<br>\r\nEric<br>\r\n",
    "PostedDate": "2009-02-19T08:37:01.507-08:00",
    "UserRole": null,
    "MarkedAsAnswerDate": null
  },
  {
    "Id": "160049",
    "ThreadId": "47566",
    "Html": "That was exactly what i need! Thank you both for help!\r\n",
    "PostedDate": "2009-02-19T23:41:05.207-08:00",
    "UserRole": null,
    "MarkedAsAnswerDate": null
  }
]