[
  {
    "Id": "462669",
    "ThreadId": "218152",
    "Html": "<p>Please forgive me -- I've used SandCastle with DocProject about a year ago and everything seemed to work okay. I am now using VS 2010 RTM and was trying to generate a Website help file based off of a Web service (asmx). I saw there was a SandcastleGUI.exe file so I clicked it, chose the folder where the assmblies were located, typed a name in, and chose VS2005 Website output. It generates the files but both the web.sitemap and api/web.sitemap files seem to be empty. Any help on what is wrong? Thanks.</p>",
    "PostedDate": "2010-07-02T07:59:05.923-07:00",
    "UserRole": null,
    "MarkedAsAnswerDate": null
  }
]