[
  {
    "Id": "90471",
    "ThreadId": "27109",
    "Html": "\r\nIs there an easy way to have a Reference item still included in the help index, but not listed in the Table of Contents?<br /><br />I attempted to use ApiFilter, however this excludes the item from the help index completely, which I do not want.  My SDK has a lot of structures and constants which I want people to be able to view through method params, but I don't want them in the TOC.<br /><br />If nothing currently exists then I was thinking of a custom build component which would run after the GenerateTOC function and use a new XSLT to strip them.  Would this be a proper route to take?<br /><br />Thanks!<br />",
    "PostedDate": "2008-05-04T21:21:39.517-07:00",
    "UserRole": null,
    "MarkedAsAnswerDate": null
  },
  {
    "Id": "90479",
    "ThreadId": "27109",
    "Html": "\r\nIf you are using the <a href=\"http://www.codeplex.com/SHFB\" class=\"externalLink\">Sandcastle Help File Builder<span class=\"externalLinkIcon\" style=\"font-family:Consolas, Courier New, Courier, Monospace;\"></span></a>, the next release will contain a TOC Exclusion Plug-in that lets you do this.  It'll be out shortly after the next release of Sandcastle.<br /><br />Eric<br />",
    "PostedDate": "2008-05-04T22:08:17.18-07:00",
    "UserRole": null,
    "MarkedAsAnswerDate": null
  },
  {
    "Id": "90481",
    "ThreadId": "27109",
    "Html": "\r\nI actually had been using the production release of SHFB, however I just installed the beta and noticed this feature myself.  I am testing it now, but it does seem to be exactly what I was looking for.  Thanks!<br />",
    "PostedDate": "2008-05-04T22:18:14.383-07:00",
    "UserRole": null,
    "MarkedAsAnswerDate": null
  },
  {
    "Id": "90482",
    "ThreadId": "27109",
    "Html": "<br /><div class=\"quote\" style=\"border: dotted .1em #aaa; border-left: none; border-right: none; font-style: italic; margin: 1em 0em 2.5em 3em;padding: .2em;\"><br />Eternal wrote:<br />I attempted to use ApiFilter, however this excludes the item from the help index completely, which I do not want.  My SDK has a lot of structures and constants which I want people to be able to view through method params, but I don't want them in the TOC.<br /><br /></div>Constants? Do these appear in the TOC?<br /><br />For the structures...how about considering one of these solutions<br /><ul><li>A namespace that groups the common structures?</li><li>A rewrite of the TOC that will group Classes, Interfaces, Enumerations and Structures?</li></ul><br />As a user, I may want access any structure anytime I want, but if I have to go through a method/property using it before I could get an information on it, I do not see any advantage.<br /><br />Best regards,<br />Paul.<br />",
    "PostedDate": "2008-05-04T22:19:23.363-07:00",
    "UserRole": null,
    "MarkedAsAnswerDate": null
  },
  {
    "Id": "90485",
    "ThreadId": "27109",
    "Html": "<div class=\"quote\" style=\"border: dotted .1em #aaa; border-left: none; border-right: none; font-style: italic; margin: 1em 0em 2.5em 3em;padding: .2em;\"><br />Constants? Do these appear in the TOC?<br /></div><br />Sorry, I didn't mean constants, I meant Enums.  Been working on this problem all weekend, and lack of sleep has finally caught up it seems...<br /><br /><div class=\"quote\" style=\"border: dotted .1em #aaa; border-left: none; border-right: none; font-style: italic; margin: 1em 0em 2.5em 3em;padding: .2em;\"><br />For the structures...how about considering one of these solutions<br /><ul><li>A namespace that groups the common structures?</li><li>A rewrite of the TOC that will group Classes, Interfaces, Enumerations and Structures?</li></ul><br /></div><br />I had considered adding them to their own namespace, or moving them around a bit, however due to the way our code is organized and the number of customers with existing projects this is not really an option.  While the API may seem messy at first glance, it is laid out so that all languages use a common API.  The underlying code is unmanaged C<u>+, but we have an automated generator that builds out the managed code library, as well as the COM interfaces/etc.  Allows the SDK to be used from any of 10</u> languages w/ ease.<br /><br />Rewriting the TOC so they group would have worked for me, however excluding them from the TOC entirely has made the help a LOT cleaner looking.  (We already have 50+ classes documented, we didn't need to display 250+ enums and structures there.)<br /><br /><div class=\"quote\" style=\"border: dotted .1em #aaa; border-left: none; border-right: none; font-style: italic; margin: 1em 0em 2.5em 3em;padding: .2em;\"><br />As a user, I may want access any structure anytime I want, but if I have to go through a method/property using it before I could get an information on it, I do not see any advantage.<br /><br /></div><br />Agreed, but simply clicking on the namespace itself will show you the enums/structures.  This just keeps the TOC organized.  With the amount of \"high level\" objects we have, combined with 15 topics and over 100 subtopics, we already have a large TOC.<br /><br />Thanks again for the help all.  The beta of SHFB already has my TOC in order, and it took less than 10 minutes to drop in the exclude tags.<br />",
    "PostedDate": "2008-05-04T22:55:28.617-07:00",
    "UserRole": null,
    "MarkedAsAnswerDate": null
  },
  {
    "Id": "90488",
    "ThreadId": "27109",
    "Html": "<br /><div class=\"quote\" style=\"border: dotted .1em #aaa; border-left: none; border-right: none; font-style: italic; margin: 1em 0em 2.5em 3em;padding: .2em;\"><br />Eternal wrote:<br />...but simply clicking on the namespace itself will show you the enums/structures.<br /><br /></div>I think I missed this part, it will still be listed in the summary.<br /><br />Best regards,<br />Paul.<br />",
    "PostedDate": "2008-05-04T23:31:12.923-07:00",
    "UserRole": null,
    "MarkedAsAnswerDate": null
  }
]