[
  {
    "Id": "221354",
    "ThreadId": "64996",
    "Html": "<p>I want to generate help file for my WPF library and want to know whether current version of Sandcastle (2.4.10522.00) has supported XAML Syntax very well?<br>I tried to generate a help for a wpf demo library and found some properties can not be generated with XAML Syntax.</p>\r\n<p>For example:</p>\r\n<p><span style=\"color:#008000\">public static readonly DependencyProperty LengthProperty = DependencyProperty.Register(&quot;Length&quot;, typeof(int), typeof(MyControl), new UIPropertyMetadata(0));</span></p>\r\n<p>I checked the following source code and found:<br>SyntaxComponnet -&gt; XamlUsageSyntaxGenerator -&gt; DoesParentSupportXaml will check whether the parent class has a default constructor or not through : HasDefaultConstructor method.<br>And in that method, this XPath will be checked<br><span style=\"color:#008000\">private XPathExpression hasDefaultConstructorExpression = XPathExpression.Compile(&quot;boolean(</span><a href=\"mailto:typedata/@defaultConstructor\"><span style=\"color:#008000\">typedata/@defaultConstructor</span></a><span style=\"color:#008000\">)&quot;);</span></p>\r\n<p>But that method will always retrun empty.<br>I checked the reflection schema: reflection.xsd. And there is no definition of <a href=\"mailto:typedata/@defaultConstructor\">typedata/@defaultConstructor</a>.</p>\r\n<p>&nbsp;It seems the features for XAML supports have not finished yet, am I right?<br>If yes, when this feature (XAML Syntax) can be provided ?&nbsp; (Now, more WPF applications are developed and I think this one will be requested more and more.)</p>\r\n<p>If no, are there some tips for generate the XAML syntax with correct results?</p>\r\n<p>&nbsp;</p>\r\n<p>Thanks</p>\r\n<p>-Jamebo</p>",
    "PostedDate": "2009-08-09T18:39:30.65-07:00",
    "UserRole": null,
    "MarkedAsAnswerDate": null
  },
  {
    "Id": "221356",
    "ThreadId": "64996",
    "Html": "<p>&gt;&gt;<strong>Jamebo</strong> : <em>If no, are there some tips for generate the XAML syntax with correct results</em>?<br>Is XamlAttachedMembersAddIn enabled in your MRefBuilder.config file?</p>\r\n<p>Best regards,<br>Paul.</p>",
    "PostedDate": "2009-08-09T18:52:17.603-07:00",
    "UserRole": null,
    "MarkedAsAnswerDate": null
  },
  {
    "Id": "221358",
    "ThreadId": "64996",
    "Html": "<p>Yes, the addin is enabled in my MRefBuilder.config, like this:</p>\r\n<p>&lt;addins&gt;<br>&nbsp;&nbsp;&nbsp;&nbsp;&nbsp; &lt;addin type=&quot;Microsoft.Ddue.Tools.XamlAttachedMembersAddIn&quot; assembly=&quot;MRefBuilder.exe&quot; /&gt;<br>&nbsp;&nbsp;&nbsp;&nbsp;&nbsp; &lt;addin type=&quot;Microsoft.Ddue.Tools.ExtensionMethodAddIn&quot; assembly=&quot;MRefBuilder.exe&quot; /&gt;<br>&lt;/addins&gt;</p>\r\n<p>And xaml stytax for attached property/event can be generated, like this:</p>\r\n<table border=0>\r\n<tbody>\r\n<tr>\r\n<th>XAML Attribute Usage</th>\r\n</tr>\r\n<tr>\r\n<td>\r\n<pre>&lt;object MyControl.RowCount=&quot;<a href=\"http://msdn2.microsoft.com/ja-jp/library/td2s409d\">int</a>&quot; .../&gt;</pre>\r\n</td>\r\n</tr>\r\n</tbody>\r\n</table>\r\n<p>But for the dependency property(a LengthProperty with int type ), the result is:</p>\r\n<table border=0>\r\n<tbody>\r\n<tr>\r\n<th>C#</th>\r\n</tr>\r\n<tr>\r\n<td>\r\n<pre>public <a href=\"http://msdn2.microsoft.com/ja-jp/library/td2s409d\">int</a> Length { get; set; }</pre>\r\n</td>\r\n</tr>\r\n</tbody>\r\n</table>\r\n<table border=0>\r\n<tbody>\r\n<tr>\r\n<th>Visual Basic (Declaration)</th>\r\n</tr>\r\n<tr>\r\n<td>\r\n<pre>Public Property Length As <a href=\"http://msdn2.microsoft.com/ja-jp/library/td2s409d\">Integer</a></pre>\r\n</td>\r\n</tr>\r\n</tbody>\r\n</table>\r\n<table border=0>\r\n<tbody>\r\n<tr>\r\n<th>Visual Basic (Usage)</th>\r\n</tr>\r\n<tr>\r\n<td>\r\n<pre>Dim instance As <a href=\"http://sandcastle.codeplex.com/Thread/ea776f41-6dfa-5292-8324-251c76f5b773.htm\">MyControl</a>\r\nDim value As <a href=\"http://msdn2.microsoft.com/ja-jp/library/td2s409d\">Integer</a>\r\n\r\nvalue = instance.Length\r\n\r\ninstance.Length = value</pre>\r\n</td>\r\n</tr>\r\n</tbody>\r\n</table>\r\n<table border=0>\r\n<tbody>\r\n<tr>\r\n<th><span style=\"color:#ff0000\">XAML</span></th>\r\n</tr>\r\n<tr>\r\n<td>\r\n<pre><span style=\"color:#ff0000\">You cannot set this property in XAML.</span></pre>\r\n</td>\r\n</tr>\r\n</tbody>\r\n</table>\r\n<p>&nbsp;</p>\r\n<p>Best Regards</p>\r\n<p>-Jamebo</p>",
    "PostedDate": "2009-08-09T19:00:50.243-07:00",
    "UserRole": null,
    "MarkedAsAnswerDate": null
  },
  {
    "Id": "222288",
    "ThreadId": "64996",
    "Html": "<p>Let me answer this question by myself after reading the source code.</p>\r\n<p>Sandcastle has implemented the xaml sytax in this build. The key file is AddXamlSyntaxData.xsl whichi is located in \\ProductionTransforms folder.</p>\r\n<p>Through this tramsform, the orginal reflection.xml&nbsp; will be converted and can get xaml sytax output.</p>\r\n<p>Now, it seems all about xaml are okay for sandcastle (xaml syntax and xaml example source code).</p>\r\n<p>Thanks</p>\r\n<p>-Jamebo</p>",
    "PostedDate": "2009-08-11T18:56:11.833-07:00",
    "UserRole": null,
    "MarkedAsAnswerDate": null
  },
  {
    "Id": "222340",
    "ThreadId": "64996",
    "Html": "<p>Hello jamebo, I use Sandcastle May 2008 release (Version 2.4.10520) and Help File Builder Ver.1.8.0.2.</p>\r\n<p>I don't seem to able to get the xaml syntax code block out, is there anything besides adding the XamlUsageSyntaxGenerator to the &lt;Sandcastle install&gt;\\Presentation\\vs2005\\configuration\\sandcastle.config file (I use VS2005 presentation):</p>\r\n<p>&lt;component type=&quot;Microsoft.Ddue.Tools.SyntaxComponent&quot; assembly=&quot;%DXROOT%\\ProductionTools\\BuildComponents.dll&quot;&gt;<br>&nbsp;&nbsp;&nbsp;&nbsp;&nbsp;&nbsp;&nbsp;&nbsp;&nbsp;&nbsp;&nbsp;&nbsp;&nbsp; &lt;syntax input=&quot;/document/reference&quot; output=&quot;/document/syntax&quot; /&gt;<br>&nbsp;&nbsp;&nbsp;&nbsp;&nbsp;&nbsp;&nbsp;&nbsp;&nbsp;&nbsp;&nbsp;&nbsp;&nbsp; &lt;generators&gt;</p>\r\n<p>&nbsp;&nbsp;&nbsp;&nbsp;&nbsp;&nbsp;&nbsp;&nbsp;&nbsp;&nbsp;&nbsp;&nbsp;&nbsp;&nbsp;&nbsp;&nbsp;&nbsp;&nbsp;&nbsp;&nbsp;&nbsp;&nbsp;&nbsp;&nbsp;&nbsp;&nbsp;&nbsp;&nbsp;&nbsp;&nbsp;&nbsp; ((Other generators...))</p>\r\n<p>&nbsp;&nbsp; &lt;generator type=&quot;Microsoft.Ddue.Tools.XamlUsageSyntaxGenerator&quot; assembly=&quot;%DXROOT%\\ProductionTools\\SyntaxComponents.dll&quot;&gt;<br>&nbsp;&nbsp; &nbsp;&lt;filter files=&quot;%DXROOT%\\Presentation\\shared\\configuration\\xamlSyntax.config&quot;/&gt;<br>&nbsp;&nbsp; &lt;/generator&gt;</p>\r\n<p>Since you mention you use 2.4.10522, perhaps I should use a later build. Is there a later build&nbsp;after 2.4.10520?</p>\r\n<p>Thanks,<br>yagimay</p>",
    "PostedDate": "2009-08-11T23:08:58.97-07:00",
    "UserRole": null,
    "MarkedAsAnswerDate": null
  },
  {
    "Id": "222361",
    "ThreadId": "64996",
    "Html": "<p>I just noticed you had to add the assemblies and namespaces to the &lt;Sandcastle install&gt;\\Presentation\\Shared\\configuration\\xamlSyntag.config. Xaml syntax code blocks are now produced.</p>\r\n<p>I'm sorry for the fuss! please forget my question.</p>\r\n<p>yagimay</p>",
    "PostedDate": "2009-08-12T00:05:49.873-07:00",
    "UserRole": null,
    "MarkedAsAnswerDate": null
  }
]