[
  {
    "Id": "1450720",
    "ThreadId": "646926",
    "Html": "I'm trying to extract comments from the function body like below but have no idea... \r<br />\n<br />\n[source code] \r<br />\npublic void TestMethod() \r<br />\n{\r<br />\n// 1. check the settings<br />\n<pre><code>....</code></pre>\n\n// 2. check the connection<br />\n<pre><code>....</code></pre>\n\n// 3. connect database<br />\n<pre><code>....</code></pre>\n\n} \r<br />\n<br />\n[help file]<br />\n<ol>\n<li>check the settings</li>\n<li>check the connection</li>\n<li>\nconnect database<br />\n</li>\n</ol>\nI don't want to put those comments above the function declaration \r<br />\n///&lt;remarks&gt; \r<br />\n/// 1. check the settings \r<br />\n/// 2. check the connection \r<br />\n// 3. connect database \r<br />\n///&lt;/remarks&gt; \r<br />\npublic void TestMethod() \r<br />\n{<br />\n<pre><code>// 1. check the settings\n...\n// 2. check the connection\n...\n// 3. conncect database\n...</code></pre>\n\n} \r<br />\n<br />\nWe use the help document to communicate with each other.\r<br />\n<br />\nBut we still need to write comments in the function body for the reason of coding convention.\r<br />\n<br />\nSo I need to write the same text twice and the remarks section is too large to read easily. \r<br />\n<br />\nYour help is highly appreciated \r<br />\n<br />\nThanks<br />\n",
    "PostedDate": "2015-11-03T00:42:56.273-08:00",
    "UserRole": null,
    "MarkedAsAnswerDate": null
  },
  {
    "Id": "1450756",
    "ThreadId": "646926",
    "Html": "Answered here:  <a href=\"https://shfb.codeplex.com/discussions/646892\" rel=\"nofollow\">https://shfb.codeplex.com/discussions/646892</a><br />\n",
    "PostedDate": "2015-11-03T12:28:24.213-08:00",
    "UserRole": null,
    "MarkedAsAnswerDate": null
  }
]