[
  {
    "Id": "461178",
    "ThreadId": "217726",
    "Html": "When creating a helpfile for a C# project, using the release version of .Net v4.0.30319, some classes are completely missing any information on class members, except for the inherited base object members.\r\ni..e Equals, GetHashCode, GetType, ToString\r\n\r\nAny ideas on this? Almost all class members are public and yet none of them are listed.\r\nOther classes are listed correctly.",
    "PostedDate": "2010-06-29T06:32:17.83-07:00",
    "UserRole": null,
    "MarkedAsAnswerDate": null
  },
  {
    "Id": "461219",
    "ThreadId": "217726",
    "Html": "<p>It's a problem with the May 2008 release of Sandcastle.&nbsp; The latest release, June 2010, fixes the issue.&nbsp; If you're using a front end such as the Sandcastle Help File Builder or DocProject, you'll need to wait for a release that supports the June 2010 version of Sandcastle.&nbsp; Work is under way on them.</p>\r\n<p>Eric</p>\r\n<p>&nbsp;</p>",
    "PostedDate": "2010-06-29T08:21:07.25-07:00",
    "UserRole": null,
    "MarkedAsAnswerDate": null
  },
  {
    "Id": "461237",
    "ThreadId": "217726",
    "Html": "<div class=WordSection1><p class=MsoNormal><span style=\"font-size:11.0pt;font-family:'Calibri','sans-serif';color:#1F497D\">Thanks very much.</span></p><p class=MsoNormal><span style=\"font-size:11.0pt;font-family:'Calibri','sans-serif';color:#1F497D\"> </span></p><p class=MsoNormal><span style=\"font-size:11.0pt;font-family:'Calibri','sans-serif';color:#1F497D\">Regards</span></p><p class=MsoNormal><span style=\"font-size:11.0pt;font-family:'Calibri','sans-serif';color:#1F497D\">Adrian Gould.</span></p><p class=MsoNormal><span style=\"font-size:11.0pt;font-family:'Calibri','sans-serif';color:#1F497D\"> </span></p><div><div style=\"border:none;border-top:solid #B5C4DF 1.0pt;padding:3.0pt 0cm 0cm 0cm\"><p class=MsoNormal><b><span lang=EN-US style=\"font-size:10.0pt;font-family:'Tahoma','sans-serif'\">From:</span></b><span lang=EN-US style=\"font-size:10.0pt;font-family:'Tahoma','sans-serif'\"> EWoodruff [mailto:notifications@codeplex.com] <br><b>Sent:</b> 29 June 2010 16:21<br><b>To:</b> age@numedia.tv<br><b>Subject:</b> Re: Missing Members [Sandcastle:217726]</span></p></div></div><p class=MsoNormal> </p><p><span style=\"font-size:9.0pt;font-family:'Verdana','sans-serif'\">From: EWoodruff</span></p><div style=\"margin-bottom:24.0pt\" id=ThreadNotificationPostBody><p><span style=\"font-size:9.0pt;font-family:'Verdana','sans-serif'\">It's a problem with the May 2008 release of Sandcastle.  The latest release, June 2010, fixes the issue.  If you're using a front end such as the Sandcastle Help File Builder or DocProject, you'll need to wait for a release that supports the June 2010 version of Sandcastle.  Work is under way on them.</span></p><p><span style=\"font-size:9.0pt;font-family:'Verdana','sans-serif'\">Eric</span></p><p><span style=\"font-size:9.0pt;font-family:'Verdana','sans-serif'\"> </span></p></div><div style=\"border:none;border-top:solid #CCCCCC 1.0pt;padding:0cm 0cm 0cm 0cm\" id=ThreadNotificationFooter><p><span style=\"font-size:9.0pt;font-family:'Verdana','sans-serif';color:gray\">Read the <a href=\"http://sandcastle.codeplex.com/Thread/View.aspx?ThreadId=217726&ANCHOR#Post461219\">full discussion online</a>.</span></p><p><span style=\"font-size:9.0pt;font-family:'Verdana','sans-serif';color:gray\">To add a post to this discussion, reply to this email (<a href=\"mailto:Sandcastle@discussions.codeplex.com?subject=[Sandcastle:217726]\">Sandcastle@discussions.codeplex.com</a>)</span></p><p><span style=\"font-size:9.0pt;font-family:'Verdana','sans-serif';color:gray\">To start a new discussion for this project, email <a href=\"mailto:Sandcastle@discussions.codeplex.com\">Sandcastle@discussions.codeplex.com</a></span></p><p><span style=\"font-size:9.0pt;font-family:'Verdana','sans-serif';color:gray\">You are receiving this email because you subscribed to this discussion on CodePlex. You can <a href=\"http://www.codeplex.com/site/discussions/thread/unsubscribe/217726\">unsubscribe</a> on CodePlex.com.</span></p><p><span style=\"font-size:9.0pt;font-family:'Verdana','sans-serif';color:gray\">Please note: Images and attachments will be removed from emails. Any posts to this discussion will also be available online at CodePlex.com</span></p></div></div>",
    "PostedDate": "2010-06-29T08:51:32.02-07:00",
    "UserRole": null,
    "MarkedAsAnswerDate": null
  }
]