[
  {
    "Id": "229964",
    "ThreadId": "67656",
    "Html": "<p>I have the full length version of this question on <a href=\"http://stackoverflow.com/questions/1363532/what-is-the-proper-way-to-reference-embedded-resources-in-net-xmldoc-comments\">StackOverFlow</a>.</p>\r\n<p>Basically, it seems like its completely allowable to put a fully qualified resource name as a cref attribute to a &lt;see/&gt; tag. However, the generated chm file from Sandcastle via sandcastle help file builder doesn't properly reflect that. Is there any support for embedded resource annotation in sandcastle?</p>",
    "PostedDate": "2009-09-01T17:32:37.317-07:00",
    "UserRole": null,
    "MarkedAsAnswerDate": null
  },
  {
    "Id": "229989",
    "ThreadId": "67656",
    "Html": "<p>You can use an HTML anchor tag to achieve the same result.&nbsp; It's like referencing image files using an &lt;img&gt; tag in the XML comments.</p>\r\n<p>/// The resources are loaded from &lt;a href=&quot;../Resources.TextFile.txt&quot;&gt;Resources.TextFile.txt&lt;/a&gt;.</p>\r\n<p>Include the resource file as a content item in the project.&nbsp; The example above assumes it's in the root folder.&nbsp; HTML files are always in the ./html folder so it needs to go up one level.&nbsp; If you put the file in a subfolder off of the root folder, add its name&nbsp;to the href target: &quot;../FolderName/Resources.TextFile.txt&quot;.</p>\r\n<p>If you've applied the <a title=\"Sandcastle Styles\" href=\"http://SandcastleStyles.CodePlex.com\">Sandcastle Styles</a> patch, you can use an href attribute instead of a cref attribute on the &lt;see&gt; tag.&nbsp; The file location info would be the same.</p>\r\n<p>/// The resources are loaded from &lt;see href=&quot;../Resources.TextFile.txt&quot; /&gt;.</p>\r\n<p>Eric</p>\r\n<p>&nbsp;</p>",
    "PostedDate": "2009-09-01T19:09:48.04-07:00",
    "UserRole": null,
    "MarkedAsAnswerDate": null
  }
]