[
  {
    "Id": "115963",
    "ThreadId": "34912",
    "Html": "hi,<br>\r\nis there any way to switch off the info messages that BuildAssembler.exe outputs<br>\r\neg &quot;Info: BuildAssembler: Building topic  .........&quot;<br>\r\n<br>\r\nthanks, Barry<br>\r\n",
    "PostedDate": "2008-09-04T04:16:59.427-07:00",
    "UserRole": null,
    "MarkedAsAnswerDate": null
  },
  {
    "Id": "115966",
    "ThreadId": "34912",
    "Html": "&gt;&gt;<strong>Barry</strong>:&nbsp;is there any way to switch off the info messages that BuildAssembler.exe outputs<br>\r\nYes, it does on how you are building or running this. If you are using one of the tools, SHFB or<br>\r\nDocProject, they provide ways to control this output.<br>\r\n<br>\r\nIf not, please indicate how you running the BuildAssembler.exe.<br>\r\n<br>\r\nBest regards,<br>\r\nPaul.\r\n",
    "PostedDate": "2008-09-04T04:36:15.77-07:00",
    "UserRole": null,
    "MarkedAsAnswerDate": null
  },
  {
    "Id": "115972",
    "ThreadId": "34912",
    "Html": "I have a Nant script for creating my help files<br>\r\n<br>\r\n&nbsp;&nbsp;&nbsp; &nbsp;&nbsp;&nbsp; &lt;exec program=&quot;${sandcastle.buildassembler.exe}&quot; workingdir=&quot;${sandcastle.working.dir}&quot; &gt;<br>\r\n&nbsp;&nbsp;&nbsp; &nbsp;&nbsp;&nbsp; &nbsp;&nbsp;&nbsp; &lt;arg value=&quot;manifest.xml&quot; /&gt;<br>\r\n&nbsp;&nbsp;&nbsp; &nbsp;&nbsp;&nbsp; &nbsp;&nbsp;&nbsp; &lt;arg value=&quot;/config:Sandcastle.config&quot; /&gt;<br>\r\n&nbsp;&nbsp;&nbsp; &nbsp;&nbsp;&nbsp; &lt;/exec&gt;<br>\r\n<br>\r\nthanks, Barry<br>\r\n<br>\r\n",
    "PostedDate": "2008-09-04T04:58:28.95-07:00",
    "UserRole": null,
    "MarkedAsAnswerDate": null
  },
  {
    "Id": "116011",
    "ThreadId": "34912",
    "Html": "Hi Barry, <br>\r\n<br>\r\nBuild assembler does not provide any command line option that I know of for controlling&nbsp;its trace output.&nbsp;&nbsp;However, it does&nbsp;accept a delegate&nbsp;in the main classes's constructor for programmatic notification.<br>\r\n<br>\r\n- Dave\r\n",
    "PostedDate": "2008-09-04T06:54:26.847-07:00",
    "UserRole": null,
    "MarkedAsAnswerDate": null
  },
  {
    "Id": "116040",
    "ThreadId": "34912",
    "Html": "thanks for the info, seems a bit of an oversight not have an option on the command line or in the config file<br>\r\nI've a&nbsp; 4Mb log file and its pretty much all Info,<br>\r\n<br>\r\n&gt;&gt; However, it does&nbsp;accept a delegate&nbsp;in the main classes's constructor for programmatic notification.<br>\r\n<br>\r\ncould you point me in the direction of further info on this,<br>\r\n<br>\r\nthanks, Barry<br>\r\n",
    "PostedDate": "2008-09-04T08:14:56.427-07:00",
    "UserRole": null,
    "MarkedAsAnswerDate": null
  },
  {
    "Id": "116061",
    "ThreadId": "34912",
    "Html": "&gt;&gt;<strong>Barry</strong>: <em>could you point me in the direction of further info on this</em>...<br>\r\nYou will have to read the source codes for the BuildAssembler, it is very short and simple.<br>\r\n<br>\r\nHowever, for the NAnt, try setting the&nbsp;Spawn attribute to true, I think that will not log the output.<br>\r\nIf this does not work,&nbsp;consider a&nbsp;rewrite of&nbsp;the ExecTask for the NAnt, and control the output.<br>\r\n<br>\r\nBest regards,<br>\r\nPaul.\r\n",
    "PostedDate": "2008-09-04T08:58:41.957-07:00",
    "UserRole": null,
    "MarkedAsAnswerDate": null
  },
  {
    "Id": "116071",
    "ThreadId": "34912",
    "Html": "Hi Barry, <br>\r\n<br>\r\nAs Paul pointed out, looking at the source&nbsp;may be preferable since there's&nbsp;no formal documentation yet.&nbsp; Although, you can take a look at DocProject's code&nbsp;to see a working example of using&nbsp;a message handler&nbsp;with the <strong>BuildAssembler </strong>class.<br>\r\n<br>\r\n<span id=\"ctl00_ctl00_Content_TabContentPanel_Content_BreadCrumb_BreadCrumbRepeater_ctl12_BreadCrumbLabel\">BuildAssemblerStep.cs</span><br>\r\n<a href=\"http://www.codeplex.com/DocProject/SourceControl/FileView.aspx?itemId=453987&changeSetId=34004\">http://www.codeplex.com/DocProject/SourceControl/FileView.aspx?itemId=453987&amp;changeSetId=34004</a>&nbsp;<br>\r\n<br>\r\n(See the <strong>ExecuteAssembler</strong> method.)<br>\r\n<br>\r\n- Dave\r\n",
    "PostedDate": "2008-09-04T09:39:04.103-07:00",
    "UserRole": null,
    "MarkedAsAnswerDate": null
  }
]