[
  {
    "Id": "79829",
    "ThreadId": "23819",
    "Html": "\r\nI am running Sandcastle on our web project, and get the following:<br /><br />Warn: ResolveReferenceLinksComponent2: Unknown reference link target 'T:AjaxControlToolkit.ModalPopupExtender'.<br /><br />I have tried:<br />MRefBuilder \"%SOURCEDIR%\\User Interface\\bin\\AjaxControlToolkit.dll\" /out:\"%OUTDIR%\\AjaxControlToolkit.org\"<br /><br />XslTransform /xsl:\"%TRANSFORMS%\\ApplyVSDocModel.xsl\" /xsl:\"%TRANSFORMS%\\AddFriendlyFilenames.xsl\" \"%OUTDIR%\\AjaxControlToolkit.org\" /out:\"%OUTDIR%\\dep_AjaxControlToolkit.xml\" /arg:IncludeAllMembersTopic=true /arg:IncludeInheritedOverloadTopics=true<br /><br />To try and get the information for the toolkit to be linked in to the help file, but it still reports the error.<br /><br />Any advice?<br />",
    "PostedDate": "2008-03-11T14:31:43.99-07:00",
    "UserRole": null,
    "MarkedAsAnswerDate": null
  },
  {
    "Id": "79873",
    "ThreadId": "23819",
    "Html": "\r\nHi, <br /><br />Have you updated the <i>sandcastle.config</i> file to load the reflection XML file that you generated?<br /><br />For example, add another <span class=\"codeInline\" style=\"font-family:Consolas, Courier New, Courier, Monospace;\">&lt;targets/&gt;</span> element like this: <br /><br /><pre style=\"background-color:#ECECEC; border:dashed .1em #3E62A6; font-family:Consolas, Courier New, Courier, Monospace; font-size:1em; margin-top:0; padding:.5em; height:auto; overflow:auto; overflow-x:auto; overflow-y:auto;\">\r\n&lt;!-- resolve reference links --&gt;\r\n&lt;component type=\"Microsoft.Ddue.Tools.ResolveReferenceLinksComponent2\"\r\n                    assembly=\"%DXROOT%\\ProductionTools\\BuildComponents.dll\"&gt;\r\n  &lt;targets base=\"%DXROOT%\\Data\\Reflection\" recurse=\"true\" files=\"*.xml\" type=\"msdn\" /&gt;\r\n  &lt;targets files=\".\\reflection.xml\" type=\"local\" /&gt;\r\n \r\n  &lt;targets files=\"Output\\dep_AjaxControlToolkit.xml\" /&gt;\r\n&lt;/component&gt;\r\n</pre>- Dave<br />",
    "PostedDate": "2008-03-11T17:53:05.573-07:00",
    "UserRole": null,
    "MarkedAsAnswerDate": null
  }
]