[
  {
    "Id": "91191",
    "ThreadId": "27347",
    "Html": "<br />I dont know how this is generated as for master pages that are included in my project it shows <br />MasterPage class on the top and in the remark it shows Auto generated in the sandcastle documenatation generated<br />Over and above I have quite a few user controls in wherein I have written the summary for the user control class <br />In some its show 'CRButtons Class(My user control name) ' and then the summary that I have written, in some user controls iy shows my summary on top and the user control name below the summary and last and not the least it few of them it shows only the summary that I need and not the Class name that is auto generated .By the way I m using the June sandcastle 2007 CTP release and help file builder version 1.5.0.1 and .net framework 2.0.One last thing I don't know from where its is getting this __default class and its attributes(in remarks it gives me auto generated class) ,that are not present in my solutions itself.I don't have any class name _default in my web project.<br />Please help its urgent <br />",
    "PostedDate": "2008-05-08T05:33:48.03-07:00",
    "UserRole": null,
    "MarkedAsAnswerDate": null
  },
  {
    "Id": "91237",
    "ThreadId": "27347",
    "Html": "\r\nThe June 2007 release is way out of date and there have been a number of fixes since then.  At the very least you should update to the January 2008 release of Sandcastle and SHFB 1.6.0.4.  You may find that they fix some of the issues you are seeing with the presentation.  Be sure to apply the Jan 2008 Presentation Style Patch also found at the SHFB site on the Releases page.<br /><br />Auto-generated classes are created by Visual Studio to take care of stuff such as properties and settings, strongly typed data sets, etc.  The ASP.NET compiler may also generate classes to support the pages.   You can use the <b>ApiFilter</b> project property in SHFB to remove them as well as any other members that you do not want to see in the help file.<br /><br />Eric<br />",
    "PostedDate": "2008-05-08T08:14:04.457-07:00",
    "UserRole": null,
    "MarkedAsAnswerDate": null
  }
]