[
  {
    "Id": "186575",
    "ThreadId": "55262",
    "Html": "I'm documenting a service interface that looks like:<br>\r\n<br>\r\n[ServiceContract()]<br>\r\ninterface IMyService{<br>\r\n<br>\r\n   [OperationContract()]<br>\r\n   [FaultContract(typeof(InvalidInputFault))]<br>\r\n   [FaultContract(typeof(MyBusinessRuleFault))]<br>\r\n   int DoSomething(int i, int j);<br>\r\n<br>\r\n}<br>\r\n<br>\r\nsince Sandcastle isn't WCF-aware, I need to document the operation's faults from a .NET perspective.  This means that the operation can throw a FaultException&lt;InvalidInputFault&gt; (which derived from exception) or a FaultException&lt;MyBusinessRuleFault&gt;<br>\r\n<br>\r\nI've tried:<br>\r\n<span style=\"font-size:13px;color:#808080\">\r\n<p>///</p>\r\n</span>\r\n<p><span style=\"font-size:13px;color:#008000\"></span><span style=\"font-size:13px;color:#808080\">&lt;exception cref=&quot;System.ServiceModel.FaultException{InvalidInputFault}&quot;&gt;</span><span style=\"font-size:13px;color:#008000\">Means something bad happened</span><span style=\"font-size:13px;color:#808080\">&lt;/exception&gt;\r\n<p> </p>\r\n</span></p>\r\n<p>&nbsp;</p>\r\n<span style=\"font-size:13px\">\r\n<p>And I've tried</p>\r\n<p>///<span style=\"font-size:13px;color:#008000\"> </span><span style=\"font-size:13px;color:#808080\">&lt;exception cref=&quot;System.ServiceModel.FaultException&lt;InvalidInputFault&gt;&quot;&gt;</span><span style=\"font-size:13px;color:#008000\">Means something bad happened</span><span style=\"font-size:13px;color:#808080\">&lt;/exception&gt;\r\n<p> </p>\r\n<p> </p>\r\n</span></p>\r\n<p>&nbsp;</p>\r\n<p>But neither have worked.  Any Ideas??</p>\r\n</span>\r\n",
    "PostedDate": "2009-05-04T08:42:39.18-07:00",
    "UserRole": null,
    "MarkedAsAnswerDate": null
  },
  {
    "Id": "186645",
    "ThreadId": "55262",
    "Html": "Using a specific concrete type for a generic isn't supported in a cref target since it's something the compiler creates.  Use &quot;FaultException{T}&quot; instead so that it can link to the base generic type.  You can note the specific type name in the inner text if necessary.  For example:<br>\r\n<br>\r\n/// &lt;exception cref=&quot;System.ServiceModel.FaultException{T}&quot;&gt;When the type is<br>\r\n/// &lt;see cref=&quot;InvalidInputFault&quot; /&gt;, something bad happened.&lt;/exception&gt;<br>\r\n<br>\r\nEric<br>\r\n",
    "PostedDate": "2009-05-04T12:17:35.207-07:00",
    "UserRole": null,
    "MarkedAsAnswerDate": null
  },
  {
    "Id": "186666",
    "ThreadId": "55262",
    "Html": "Looks Good.  I'll go with that.\r\n",
    "PostedDate": "2009-05-04T13:06:01.943-07:00",
    "UserRole": null,
    "MarkedAsAnswerDate": null
  }
]