[
  {
    "Id": "854944",
    "ThreadId": "361269",
    "Html": "\r\n<p>Hi!</p>\r\n<p>I'm documenting a WebSite following the instructions of WebCodeProviders, and I would like to know if it is possible to change the name of the\r\n<strong><em>(global) namespace</em></strong>.</p>\r\n<p>It shows as (Default Namespace) ... How can I change it?</p>\r\n",
    "PostedDate": "2012-06-28T05:21:51.77-07:00",
    "UserRole": null,
    "MarkedAsAnswerDate": null
  },
  {
    "Id": "855148",
    "ThreadId": "361269",
    "Html": "<p>If you want to change it permanently for all projects, you can modify the resource item file that contains it in Sandcastle.&nbsp; Edit the defaultNamespace element in the C:\\Program Files (x86)\\Sandcastle\\Presentation\\VS2005\\Content\\reference_content.xml file.&nbsp; Edit the respective file in the other presentation styles folders as needed if using one of them.</p>\r\n<p>If you want to vary the text by project or don't want to modify the Sandcastle files and you are using SHFB, you can add a new Resource Items file to the SHFB project, open it for editing, locate the defaultNamespace item and change the text for it there.</p>\r\n<p>Eric</p>\r\n<p>&nbsp;</p>",
    "PostedDate": "2012-06-28T12:44:56.037-07:00",
    "UserRole": null,
    "MarkedAsAnswerDate": null
  },
  {
    "Id": "855423",
    "ThreadId": "361269",
    "Html": "<p>Hi again!</p>\r\n<p>I've changed the reference_content.xml file in Presentation\\VS2005, but I have to modify it in Presentation\\Prototype.</p>\r\n<p>I've already copied reference_content.xml file from VS2005 (just changed) and put it into Presentation\\Shared and Presentation\\Prototype. When I'm trying to generate documentation and view the CHM file, it doesn't appear the change at all. Should I have to do something more?</p>\r\n<p>Thanks in advance!</p>",
    "PostedDate": "2012-06-29T05:38:23.553-07:00",
    "UserRole": null,
    "MarkedAsAnswerDate": null
  },
  {
    "Id": "855589",
    "ThreadId": "361269",
    "Html": "<p>Copying the files between presentation styles is a bad idea as they are not interchangeable.&nbsp; As it is, you've probably broken some of the Prototype style items.&nbsp; Putting the file in the shared folder won't have any effect.&nbsp; I'd suggest deleting those two files and repairing or reinstalling Sandcastle to put things back in order.&nbsp; I did some checking and the Prototype style does not support changing the text of the default namespace.&nbsp; The text you are seeing is coming from a build component that defaults it to that value.&nbsp; I tried adding the XSL and the item from the VS 2005 style to the Prototype style in the appropriate locations but it didn't make a difference.&nbsp; It may be possible somehow but I can't say for certain.&nbsp; Bear in mind that the Prototype style has been deprecated and, if you have the option, switch to the VS2005 style.&nbsp; It does support changing the text as described above.</p>\r\n<p>Eric</p>\r\n<p>&nbsp;</p>",
    "PostedDate": "2012-06-29T12:09:21.07-07:00",
    "UserRole": null,
    "MarkedAsAnswerDate": null
  }
]