[
  {
    "Id": "584854",
    "ThreadId": "250804",
    "Html": "\r\n<p>Hello All,</p>\r\n<p>It seems the current Sandcastle presentation style is broken in the new Microsoft Help Viewer 1.1.<br>\r\nIt particular, all tables including that in the header now displays border lines.</p>\r\n<p>Please can anyone confirm this?</p>\r\n<p>Best regards,<br>\r\nPaul.&nbsp;</p>\r\n",
    "PostedDate": "2011-03-23T01:20:40.007-07:00",
    "UserRole": null,
    "MarkedAsAnswerDate": null
  },
  {
    "Id": "584904",
    "ThreadId": "250804",
    "Html": "<p>Yes, I've already noticed it... This is also broken if you view the pages with an external browser, so I guess the server is transforming the document differently now - our own html, i.e. which don't use the presentation style, also display borders around images and tables.</p>",
    "PostedDate": "2011-03-23T02:57:28.31-07:00",
    "UserRole": null,
    "MarkedAsAnswerDate": null
  },
  {
    "Id": "584993",
    "ThreadId": "250804",
    "Html": "<p>Hello J.Moeller, thanks for the confirmation.</p>\r\n<p>I do not know if a new SDK will be released for this 1.1, otherwise, we will have to get there the hard way :(</p>\r\n<p>Best regards,<br />Paul.&nbsp;</p>",
    "PostedDate": "2011-03-23T06:13:23.263-07:00",
    "UserRole": null,
    "MarkedAsAnswerDate": null
  },
  {
    "Id": "630406",
    "ThreadId": "250804",
    "Html": "<p>One can wonder if there will ever be support for 1.1 in Sandcastle or if it has been deprecated...</p>\n<p>Anyway, I added the following&nbsp;to the Presentation.css file to remove the ugly borders. Not an optimal solution, but it somewhat works.</p>\n<pre style=\"font-family: Consolas; color: black; font-size: 16px;\"><span style=\"color: maroon;\">DIV.OH_outerContent</span>&nbsp;<span style=\"color: maroon;\">TABLE</span>\r\n{\r\n&nbsp;&nbsp;&nbsp;&nbsp;<span style=\"color: red;\">border</span>:&nbsp;<span style=\"color: blue;\">0px</span>;\r\n}\r\n \r\n<span style=\"color: maroon;\">DIV.OH_outerContent</span>&nbsp;<span style=\"color: maroon;\">TABLE</span>&nbsp;<span style=\"color: maroon;\">TH</span>\r\n{\r\n&nbsp;&nbsp;&nbsp;&nbsp;<span style=\"color: red;\">border</span>:&nbsp;<span style=\"color: blue;\">0px</span>;\r\n}\r\n&nbsp;&nbsp;&nbsp;&nbsp;\r\n<span style=\"color: maroon;\">DIV.OH_outerContent</span>&nbsp;<span style=\"color: maroon;\">TABLE</span>&nbsp;<span style=\"color: maroon;\">TD</span>\r\n{\r\n&nbsp;&nbsp;&nbsp;&nbsp;<span style=\"color: red;\">border</span>:&nbsp;<span style=\"color: blue;\">0px</span>;\r\n}\r\n</pre>\n<p>/Staffan</p>",
    "PostedDate": "2011-06-21T00:32:23.833-07:00",
    "UserRole": null,
    "MarkedAsAnswerDate": null
  },
  {
    "Id": "630417",
    "ThreadId": "250804",
    "Html": "<p>Hello Staffan,</p>\r\n<div>\r\n<p>I understand the frustration. It is about time the Sandcastle Team tell us what we should expect.</p>\r\n<p>Currently, I am not working on any commercial developer product, and do not need the MSDN integration,<br />but for those requiring it, it could be frustrating.</p>\r\n<p>It is unfortunately the Help 3 team broke their own contract of self-branding, causing even the<br />current Sandcastle output to fail in the Help Viewer 1.1.</p>\r\n<p>By the self-branding (set to true), the source is responsible for its display, but the current release still inserts <br />the MSDN script&nbsp;and style into the self-branded help. I was thinking about a fix that will remove/replace the<br />added style-sheet on load.&nbsp;</p>\r\n<p>Anyway, thanks for the quick fix, I will test it later today. The last time I checked the syntax and source code tables&nbsp;<br />were broken too,&nbsp;if you find the fix please post it.&nbsp;</p>\r\n<p>Best regards,<br />Paul.&nbsp;</p>\r\n</div>",
    "PostedDate": "2011-06-21T00:49:51.437-07:00",
    "UserRole": null,
    "MarkedAsAnswerDate": null
  },
  {
    "Id": "630535",
    "ThreadId": "250804",
    "Html": "<p>Hello Staffan,</p>\n<p>I have just verified the fix and it works. Even the syntax and code sections work correctly, thank you.</p>\n<p>The only problem is the invalid XHTML the Help Library Agent is generating. It currently turns<br /> link break &lt;br/&gt; to &lt;br&gt;&lt;/br&gt;, breaking some of the formatting.</p>\n<p>Even in MS own documentation the output XHTML is highly invalid with&nbsp;div-tag outside &lt;body&gt;&lt;/body&gt;,<br /> can't tell how this passed their quality control. The content generator has no idea which HTML tags are empty<br /> elements.&nbsp;Interestingly, the line breaks here work correctly, so cannot&nbsp;tell how this could be fixed.&nbsp;</p>\n<p>Best regards,<br /> Paul.&nbsp;</p>",
    "PostedDate": "2011-06-21T05:36:15.497-07:00",
    "UserRole": null,
    "MarkedAsAnswerDate": null
  }
]