[
  {
    "Id": "249809",
    "ThreadId": "73120",
    "Html": "<p>I have n number of html help content files and I want to convert them into online help using Sandcastle. I have downloaded and installed SandCastle help builder on my machine. I have create one new web application and in build option, I have checked the xml configuration checkbox true. In my web application I have one default.aspx page and the htlp help content files. When I create a sandcastle project using reference of web application, it create .chm file. But it shows the help for managed class libraries such as page_load method etc and it is not showing help from html content files. I don't want to generate help for managed class libraries. So, I tried to use conceptual hlp builder. But even that is not working correctly. It is just creating icons but not showing actual TOC contents and respective pages. Any one please help me in how to create an online help using html contents. It is really very urgent.</p>\r\n<p>&lt;input id=&quot;gwProxy&quot; type=&quot;hidden&quot; /&gt;&lt;input id=&quot;jsProxy&quot; onclick=&quot;jsCall();&quot; type=&quot;hidden&quot; /&gt;</p>",
    "PostedDate": "2009-10-26T09:22:14.79-07:00",
    "UserRole": null,
    "MarkedAsAnswerDate": null
  }
]