[
  {
    "Id": "88217",
    "ThreadId": "26366",
    "Html": "\r\n(This issue has been redirected from the SHFB forum)<br /><br />Hi,<br /><br />I'm using the current SHFB 1.6.0.6 beta (we need the inheritdoc feature, the problem also occurs with 1.6.0.4, though) together with the current sandcastle CTP. Our presentation style is VS 2005. MsHelp2 documentation builds fine, however, I noticed that there is a separate constructor entry in the index. It looks like that:<br /><br />AbstractEdgeStyle (&lt;- dysfunctional, i.e. no topic found)<br />constructor (&lt;- dysfunctional, i.e. no topic found)<br />constructor (&lt;- this is the constructor entry or the overloads page)<br />AbstractEdgeStyle class<br />about AbstractEdgeStyle class<br />all members<br />methods<br />properties<br /><br />All entries below \"AbstractEdgeStyle class\" work fine, except that the constructors entry seems to be split off... The TOC entries on the content page are fine. Also, the problem occurs both in H2Viewer and in MS Document explorer, so I'm confident it's not an issue with help2 registration.<br /><br />The problem seems to be related to the VS 2005 presentation style (hana and prototype are fine, however, we don't like these styles...).<br /><br />Does anyone know how to work around that problem?<br /><br />TIA<br /><br />JM<br />",
    "PostedDate": "2008-04-22T02:46:47.853-07:00",
    "UserRole": null,
    "MarkedAsAnswerDate": null
  },
  {
    "Id": "88264",
    "ThreadId": "26366",
    "Html": "\r\nHi JM, <br /><br />The problem appears to be in the <i>utilities_metadata.xsl</i> file.  If you search for <i>constructorIndexEntry</i> you'll find where the K index item entry is added.  A nested <span class=\"codeInline\" style=\"font-family:Consolas, Courier New, Courier, Monospace;\">&lt;include&gt;</span> tag is duplicating the content item, so it should be removed.<br /><br />This is what the XSL should look like after being fixed: <br /><br /><pre style=\"background-color:#ECECEC; border:dashed .1em #3E62A6; font-family:Consolas, Courier New, Courier, Monospace; font-size:1em; margin-top:0; padding:.5em; height:auto; overflow:auto; overflow-x:auto; overflow-y:auto;\">\r\n&lt;MSHelp:Keyword Index=\"K\"&gt;\r\n  &lt;includeAttribute name=\"Term\" item=\"constructorIndexEntry\"&gt;\r\n    &lt;parameter&gt;\r\n      &lt;xsl:value-of select=\".\" /&gt;\r\n    &lt;/parameter&gt;\r\n  &lt;/includeAttribute&gt;\r\n&lt;/MSHelp:Keyword&gt;\r\n</pre>Note that I don't know if this fix will cause any negative side effects.<br /><br />I'll file a bug report.<br /><br />- Dave<br />",
    "PostedDate": "2008-04-22T07:28:39.04-07:00",
    "UserRole": null,
    "MarkedAsAnswerDate": null
  },
  {
    "Id": "88265",
    "ThreadId": "26366",
    "Html": "\r\nBug report: <br /><br /><a href=\"http://www.codeplex.com/Sandcastle/WorkItem/View.aspx?WorkItemId=2072\">Invalid K Index entry for constructor APIs</a><br />",
    "PostedDate": "2008-04-22T07:33:03.563-07:00",
    "UserRole": null,
    "MarkedAsAnswerDate": null
  }
]