[
  {
    "Id": "921335",
    "ThreadId": "397911",
    "Html": "\r\n<p>We are just starting to use Sandcastle to generate help web pages that can be uploaded to a common dev wiki.</p>\r\n<p>What is considered &quot;best practice&quot; in terms of what should be stored from the sandcastle project file folder?</p>\r\n",
    "PostedDate": "2012-10-03T09:14:36.943-07:00",
    "UserRole": null,
    "MarkedAsAnswerDate": null
  },
  {
    "Id": "921444",
    "ThreadId": "397911",
    "Html": "<p>Just my preference, but if it's in the project, it's in source control.&nbsp; I'd exclude the content of the output folder (typically .\\Help under the project folder&nbsp;if using SHFB) and the working folder if it's not under .\\Help as that's all temporary stuff and output which typically isn't under source control.</p>\r\n<p>Eric</p>\r\n<p>&nbsp;</p>",
    "PostedDate": "2012-10-03T12:12:26.5-07:00",
    "UserRole": null,
    "MarkedAsAnswerDate": null
  },
  {
    "Id": "921834",
    "ThreadId": "397911",
    "Html": "<p>We have settled on storing the project file only and have set up .gitignore for the output folder. Thanks!</p>",
    "PostedDate": "2012-10-04T05:15:18.607-07:00",
    "UserRole": null,
    "MarkedAsAnswerDate": null
  }
]