[
  {
    "Id": "494681",
    "ThreadId": "227529",
    "Html": "<p>Hello,</p>\r\n<p>In the table of contents, my methods are missing a parameter type.&nbsp; I have a method signature as such:</p>\r\n<div style=\"color:black;background-color:white\">\r\n<pre><span style=\"color:blue\"><div style=\"color:black;background-color:white\"><pre><span style=\"color:blue\">protected</span> <span style=\"color:blue\">static</span> <span style=\"color:blue\">internal</span> AddressData MapData(iDB2DataReader reader)\r\n<span style=\"color:blue\">protected</span> <span style=\"color:blue\">static</span> <span style=\"color:blue\">internal</span> AddressData MapData(iDB2DataReader reader, <span style=\"color:blue\">bool</span> expandUdc)\r\n</pre>\r\n</div>\r\n</span></pre>\r\n</div>\r\n<p>Once generated via Sandcastle, the TOC document is listing the method signatures as such:</p>\r\n<p>&nbsp;</p>\r\n<pre>MapData Method ()\r\nMapData Method (, Boolean)</pre>\r\n<pre>The iDB2DataReader is an IBM DataReader object.</pre>\r\n<pre>Any thoughts as to why this is happening?</pre>\r\n<pre>Thanks! </pre>",
    "PostedDate": "2010-09-16T15:02:58.693-07:00",
    "UserRole": null,
    "MarkedAsAnswerDate": null
  }
]