[
  {
    "Id": "1233467",
    "ThreadId": "542074",
    "Html": "Hi,\r<br />\n<br />\nI am trying to add XML code snippets to the Conceptual topics, is there a way I can do that?\r<br />\nThe code snippets file does not have XML as one of the options.\r<br />\n<br />\nI tried using &lt;code&gt; tag also but it throws an error :(\r<br />\n<br />\nThanks,\r<br />\nAnita<br />\n",
    "PostedDate": "2014-04-12T05:29:26.227-07:00",
    "UserRole": null,
    "MarkedAsAnswerDate": null
  },
  {
    "Id": "1233506",
    "ThreadId": "542074",
    "Html": "Can you be more specific?  There's the codeReference element and the code element.  The code element is preferred as it will colorize the code and can import code from a give file and optionally a specific region.  If the latter is what you are trying to use, be aware that the root folder for relative paths is the project folder.  The error, if it's complaining about missing code files will tell you where it's looking.  You can add the Code Block Component to the project and change the configuration to tell it what path to use as the root folder for finding code.  See the <a href=\"http://www.ewoodruff.us/mamlguide\" rel=\"nofollow\">Sandcastle MAML Guide</a> for details on the MAML elements.  See the <a href=\"http://www.ewoodruff.us/shfbdocs/?topic=html/7f03ba39-09f8-4320-bdbd-ed31a3bd885f.htm\" rel=\"nofollow\">Code Block Component</a> topic in the SHFB help file for details on its extended options.<br />\n<br />\nPlease note that this project site has been discontinued and may not be monitored as frequently. For future questions or issues concerning Sandcastle or SHFB, post them over on the <a href=\"http:://SHFB.CodePlex.com\" rel=\"nofollow\">Sandcastle Help File Builder</a> project's discussion page. Thanks. <br />\n<br />\n Eric<br />\n",
    "PostedDate": "2014-04-12T11:31:30.48-07:00",
    "UserRole": null,
    "MarkedAsAnswerDate": null
  }
]