[
  {
    "Id": "942168",
    "ThreadId": "403350",
    "Html": "\r\n<p>hello,</p>\r\n<p>i have the following token definition&nbsp;</p>\r\n<p>&lt;item id=&quot;IP_ERR_MANDATORY_FIELD&quot;&gt;Field {0} is required.&lt;/item&gt;</p>\r\n<p>when i'm trying to buld sandcastle project, i see in the build log an error:</p>\r\n<p>BUILDASSEMBLER : error : SharedContentComponent: The shared content item &#39;ip_err_mandatory_field&#39; could not be formatted with 0 parameters. [%MY_SECRET_PATH_HERE%\\Main\\Doc\\Services\\Help\\Working\\BuildReferenceTopics.proj]</p>\r\n<p>looks like an issue? or should i encode somehow curly brackets? any help is appreciated. if i remove curly brackets then no any error&nbsp;occurred.</p>\r\n<p>&nbsp;</p>\r\n<p>thanks,</p>\r\n<p>max</p>\r\n",
    "PostedDate": "2012-11-15T08:03:54.25-08:00",
    "UserRole": null,
    "MarkedAsAnswerDate": null
  },
  {
    "Id": "942173",
    "ThreadId": "403350",
    "Html": "\r\n<p>Items can have parameters and they are formatted using the standard .NET formatting conventions.&nbsp; As such, if your intent is to show a literal &quot;{0}&quot;, encode the braces as you would in code (&quot;{{0}}&quot;).&nbsp; If you want to format parameters into the message,\r\n you need to have the XSL transformation pass them to the item.&nbsp; There are several examples in the existing tranformations.&nbsp; If you need an example, I can post one.</p>\r\n<p>Please note that this project has been discontinued and may not be monitored as frequently. For future questions concerning Sandcastle, post them over on the\r\n<a title=\"SHFB\" href=\"http://shfb.codeplex.com/\" target=\"_blank\">Sandcastle Help File Builder</a> project's discussion page. Thanks.</p>\r\n<p>Eric</p>\r\n<p>&nbsp;</p>\r\n",
    "PostedDate": "2012-11-15T08:09:55.047-08:00",
    "UserRole": null,
    "MarkedAsAnswerDate": null
  },
  {
    "Id": "942175",
    "ThreadId": "403350",
    "Html": "\r\n<p>ok, thanks, sounds good.</p>\r\n",
    "PostedDate": "2012-11-15T08:11:46.18-08:00",
    "UserRole": null,
    "MarkedAsAnswerDate": null
  }
]