[
  {
    "Id": "436983",
    "ThreadId": "210975",
    "Html": "<p>Hello</p>\r\n<p>I'm creating documentation for a class library that makes use of the .NET Entity Framework but Sandcastle does not recognize these classes.<br>As far as i can see noting that lies within the System.Data.Entity.dll is recognized.</p>\r\n<p>Is it possible to fix this?</p>",
    "PostedDate": "2010-04-29T02:34:57.943-07:00",
    "UserRole": null,
    "MarkedAsAnswerDate": null
  },
  {
    "Id": "437286",
    "ThreadId": "210975",
    "Html": "<p>Sandcastle doesn't have any reflection information for the newer assemblies such as System.Data.Entity.&nbsp; There's an fxReflection.proj MSBuild project in the C:\\Program Files\\Sandcastle\\Examples\\Sandcastle folder that will let you rebuild the reflection data files so that it does include the new assemblies.&nbsp; However, it will need updating to support generating reflection data for .NET 4.0 assemblies as opposed to just those for .NET 2.0-3.5 as it currently does.&nbsp; An alternative to rebuilding all of the data files would be to run MRefBuilder and XslTransform for just those assemblies that you need.&nbsp; You can pull the necessary commands out of the noted project file.&nbsp; Use the VS2005 style for the transforms as it includes more information necessary to the other transformations than the other two styles.</p>\r\n<p>Eric</p>\r\n<p>&nbsp;</p>",
    "PostedDate": "2010-04-29T12:22:44.953-07:00",
    "UserRole": null,
    "MarkedAsAnswerDate": null
  }
]