[
  {
    "Id": "219557",
    "ThreadId": "64499",
    "Html": "<p>Hello,</p>\r\n<p>I'd like to customize my table content of the assembly reference to generate subnodes beneath the namespace such as &quot;Classes&quot;, &quot;Interfaces&quot;, &quot;Enumerations&quot;... and group by the members beneath these subnodes.<br>I belive Sandcastle follows the CreateVSToc.xsl to generate the TOC.xml, however, it is difficult to get the idea how to customize this file to achieve the desired result. It would be helpful if there are any kind of reference or examples&nbsp;I could refer to on the customization of the&nbsp;CreateVSToc.xsl.</p>\r\n<p>Thanks in advance - May</p>",
    "PostedDate": "2009-08-04T22:35:31.21-07:00",
    "UserRole": null,
    "MarkedAsAnswerDate": null
  },
  {
    "Id": "219738",
    "ThreadId": "64499",
    "Html": "<p>Hi May,</p>\r\n<p>The output is an XML file.&nbsp; You can write a command-line tool that uses&nbsp;the legacy XML class model&nbsp;or&nbsp;LINQ to XML to rearrange the XML elements and produce the TOC that you want.</p>\r\n<p>- Dave</p>",
    "PostedDate": "2009-08-05T06:48:05.943-07:00",
    "UserRole": null,
    "MarkedAsAnswerDate": null
  },
  {
    "Id": "220195",
    "ThreadId": "64499",
    "Html": "<p>Thanks Dave for the help. Sure, that's a good way.</p>\r\n<p>I was wondering if this could be achieved by some customization on the CreateVSToc.xsl.<br>Since the namespaces get grouped, expected if similar behavior could be achieved by classes, enumerations, etc with small customization...<br>Perhaps this is not easy as I thought.</p>",
    "PostedDate": "2009-08-06T00:30:05.39-07:00",
    "UserRole": null,
    "MarkedAsAnswerDate": null
  },
  {
    "Id": "220307",
    "ThreadId": "64499",
    "Html": "<p>Hi May,</p>\r\n<p>Well it's possible to&nbsp;update the CreateVSToc.xsl file directly, but then you'll have to maintain your own version moving forward.&nbsp; If you create a tool that modifies its output instead, then it will be easier to maintain when MS releases new&nbsp;versions of Sandcastle, assuming that they might modify this file and also assuming that they will release new versions of&nbsp;Sandcastle ;)</p>\r\n<p>- Dave</p>",
    "PostedDate": "2009-08-06T05:09:20.687-07:00",
    "UserRole": null,
    "MarkedAsAnswerDate": null
  },
  {
    "Id": "265548",
    "ThreadId": "64499",
    "Html": "<p>Hello,</p>\r\n<p><span>\r\n<p><br>I'd like&nbsp;to modify the <span>CreateVSToc.xsl that the elements be grouped. <br></span><span>But to tell the truth I do not really understand XSL. Would you be able to help please?</span></p>\r\n</span></p>\r\n<p><span><span>Thanks in advance.</span></span></p>\r\n<p><span><span>Maci</span></span></p>",
    "PostedDate": "2009-12-09T21:38:26.103-08:00",
    "UserRole": null,
    "MarkedAsAnswerDate": null
  }
]