[
  {
    "Id": "1262570",
    "ThreadId": "550552",
    "Html": "Normally, a copyright note includes an HTML symbol used to display the copyright sign (such as &copy;). Is there a way to use the HTML code instead of the codepage-dependent plain text?<br />\n",
    "PostedDate": "2014-07-03T14:19:42.643-07:00",
    "UserRole": null,
    "MarkedAsAnswerDate": null
  },
  {
    "Id": "1262591",
    "ThreadId": "550552",
    "Html": "As noted in the <a href=\"http://www.ewoodruff.us/shfbdocs/html/1b2dff59-92cc-4578-b261-f3849f30c26c.htm#CopyrightProps\" rel=\"nofollow\">help topic</a>, the property value is treated as plain text but you can use hex encoded values such as \\xA9 to insert symbols.\r<br />\n<br />\nEric<br />\n",
    "PostedDate": "2014-07-03T15:09:59.023-07:00",
    "UserRole": null,
    "MarkedAsAnswerDate": "2014-07-03T15:21:10.63-07:00"
  },
  {
    "Id": "1262596",
    "ThreadId": "550552",
    "Html": "Great, I'll try that. Thanks. UPDATE: Tried it and it works. Also noticed  that it is described in the documentation. Thanks again.<br />\n",
    "PostedDate": "2014-07-03T15:21:06.88-07:00",
    "UserRole": null,
    "MarkedAsAnswerDate": null
  }
]