[
  {
    "Id": "115083",
    "ThreadId": "34654",
    "Html": "Hi,<br>\r\n<br>\r\nbasically, the subject already says it all: Does SC support C++/CLI?<br>\r\n<br>\r\nCheerio,<br>\r\n<br>\r\n<br>\r\nGolo\r\n",
    "PostedDate": "2008-09-01T01:16:33.397-07:00",
    "UserRole": null,
    "MarkedAsAnswerDate": null
  },
  {
    "Id": "115087",
    "ThreadId": "34654",
    "Html": "&gt;&gt;<strong>Golo</strong>: <em>basically, the subject already says it all: Does SC support C++/CLI</em>?<br>\r\n<br>\r\nBasically, yes. There are, however, some issues, which are not Sandcastle problems but the <br>\r\nC++/CLI issues - but these could be fixed easily in the tools.<br>\r\n<br>\r\nIf the main source is in C# or VB.NET there may be issues with some of the syntactic sugar<br>\r\nstuff&nbsp;like&nbsp;the extension method support, since this is not supported in C++/CLI.<br>\r\nHowever, if the main source is in C++/CLI any compiler issue/limitation can be fixed by tools.<br>\r\n<br>\r\nBest regards,<br>\r\nPaul.\r\n",
    "PostedDate": "2008-09-01T01:44:21.443-07:00",
    "UserRole": null,
    "MarkedAsAnswerDate": null
  },
  {
    "Id": "115096",
    "ThreadId": "34654",
    "Html": "Hi Golo, <br>\r\n<br>\r\nSandcastle's <strong>MRefBuilder&nbsp;</strong>tool&nbsp;uses&nbsp;CCI to inspect&nbsp;managed assemblies&nbsp;and then&nbsp;generates&nbsp;a reflection file from which&nbsp;HTML documentation&nbsp;is inferred&nbsp;for each API.&nbsp; Therefore, if you use C++/CLI, or any managed language for that matter, then Sandcastle can document&nbsp;the assemblies.&nbsp; In other words, Sandcastle documents .NET assemblies regardless of the language in which they were written.<br>\r\n<br>\r\nIf you also have XML documentation that the compiler produced from code comments, Sandcastle will include it as well.&nbsp;&nbsp;Compilers output XML documentation&nbsp;using a&nbsp;sort of well-known schema, although there are issues with some compilers,&nbsp;such as C++ and VB.NET,&nbsp;not&nbsp;properly resolving <em>cref</em> attributes in&nbsp;certain scenarios.<br>\r\n<br>\r\nThe syntax section that is included in the auto-generated HTML topics don't account for all managed languages, however.&nbsp; Although there is a C++ syntax declaration included already in the out-of-the-box configuration files.<br>\r\n<br>\r\n- Dave\r\n",
    "PostedDate": "2008-09-01T03:13:10.403-07:00",
    "UserRole": null,
    "MarkedAsAnswerDate": null
  }
]