[
  {
    "Id": "479825",
    "ThreadId": "223390",
    "Html": "I have a VS 2010 project, that I am using Sandcastle (along with the Sandcastle help file builder - http://shfb.codeplex.com/) to generate docs for. I have the latest versions of both. I am running into an issue with enums - the docs contain the enum description, but not the enum field descriptions. For example:\r\n\r\n    /// &lt;summary&gt;\r\n    /// The gender of the user.\r\n    /// &lt;/summary&gt;\r\n    public enum Gender\r\n    {\r\n        /// &lt;summary&gt;\r\n        /// Male.\r\n        /// &lt;/summary&gt;\r\n        Male,\r\n\r\n        /// &lt;summary&gt;\r\n        /// Female.\r\n        /// &lt;/summary&gt;\r\n        Female\r\n    }\r\n\r\nThe docs for this enum contain the first sentence &quot;The gender of the user.&quot;, but the members Male and Female don't have descriptions.\r\n\r\nAny ideas what's going on here?\r\n\r\nThank you!",
    "PostedDate": "2010-08-12T10:49:20.41-07:00",
    "UserRole": null,
    "MarkedAsAnswerDate": null
  },
  {
    "Id": "479846",
    "ThreadId": "223390",
    "Html": "<p>There's a bug in the Sandcastle transformations that causes it to omit the description.&nbsp; Download and apply the <a title=\"Sandcastle Styles\" href=\"http://SandcastleStyles.CodePlex.com\">Sandcastle Styles</a> patch to fix it and some other issues.</p>\r\n<p>Eric</p>\r\n<p>&nbsp;</p>",
    "PostedDate": "2010-08-12T11:29:28.43-07:00",
    "UserRole": null,
    "MarkedAsAnswerDate": null
  },
  {
    "Id": "479850",
    "ThreadId": "223390",
    "Html": "<p>Yay, it worked - thanks a lot!</p>",
    "PostedDate": "2010-08-12T11:36:02.193-07:00",
    "UserRole": null,
    "MarkedAsAnswerDate": null
  },
  {
    "Id": "1082012",
    "ThreadId": "223390",
    "Html": "Hi Eric, \r<br />\n<br />\n   I have the same issue . Trouble in generating docs for enums in VS 2010 project and I am using Sandcastle 1.9.7.0 and Sandcastle Compiler tool  2.7.3.0. \r<br />\nI tried to download the Sandcastle Styles patch to fix it,  but link is not available anymore. Can You give me solution for that.\r<br />\n<br />\nThanks.<br />\n",
    "PostedDate": "2013-08-19T00:13:59.533-07:00",
    "UserRole": null,
    "MarkedAsAnswerDate": null
  },
  {
    "Id": "1082266",
    "ThreadId": "223390",
    "Html": "Replied here: <a href=\"https://shfb.codeplex.com/discussions/453786\" rel=\"nofollow\">https://shfb.codeplex.com/discussions/453786</a>\r<br />\n<br />\nEric<br />\n",
    "PostedDate": "2013-08-19T09:56:37.097-07:00",
    "UserRole": null,
    "MarkedAsAnswerDate": null
  }
]