[
  {
    "Id": "235288",
    "ThreadId": "69152",
    "Html": "<p>In this issue <a title=\"CHMBuilder Inserts BOM\" href=\"http://sandcastle.codeplex.com/WorkItem/View.aspx?WorkItemId=2505\">http://sandcastle.codeplex.com/WorkItem/View.aspx?WorkItemId=2505</a>&nbsp;a problem is found and&nbsp;two fixes suggested for the case where the CHMBuilder inserts a BOM character in the file it generates that causes this error in the HHC</p>\r\n<pre>HHC4003: Warning: The following option line does not contain an '=' character separating the option and its value: &cap;╗┐[OPTIONS].</pre>\r\n<p>However, this condition only occurs on some systems, apparently responding to some difference in configuration.&nbsp;&nbsp;&nbsp; Does anyone have any leads on what that configuration might be so that we can avoid the issue rather than having to build a local instance of sandcastle with the fixes (and then build the tools that use Sandcastle, like DocProject)?</p>",
    "PostedDate": "2009-09-16T12:41:25.293-07:00",
    "UserRole": null,
    "MarkedAsAnswerDate": null
  },
  {
    "Id": "235322",
    "ThreadId": "69152",
    "Html": "<p>Hello,<br>I have said in the work item, the problem is only with the CHM project file (*.hhp), and it occurs on<br>systems with non-English locale.</p>\r\n<p>&gt;&gt;SHFB:&nbsp;&nbsp;Does not use the Sandcastle generated&nbsp;CHM project file so you will not experience this.<br><br>&gt;&gt;DocProject: I am not very sure. It, however, provides you access to the build&nbsp;process in the <br>BuildProcess class&nbsp;(may&nbsp;not be correct name, do not have it installed on my current system), so you can<br>easily open the *.hhp file and save it as I suggested with the work item. You do not need any fix to<br>the Sandcastle tool to correct this. Something similar to this...(you can&nbsp;directly use&nbsp;StreamReader/StreamWriter).</p>\r\n<p>string fileContent = File.ReadAllText(<strong>YourProjectFile</strong>);<br>if (String.IsNullOrEmpty(fileContent) == false)<br>{<br>&nbsp;&nbsp;&nbsp;&nbsp;&nbsp;&nbsp; File.WriteAllText(<strong>YourProjectFile</strong>, fileContent, new UTF8Encoding(false));<br>}<br><br>&gt;&gt;Sandcastle Assist does not currently use the CHMBuilder.</p>\r\n<p>If you are not using any of those tools, then as I have said: before compiling the CHM file, open the<br>file and save it with the correct encoding, using the above code.</p>\r\n<p>Best regards,<br>Paul.</p>",
    "PostedDate": "2009-09-16T13:54:19.073-07:00",
    "UserRole": null,
    "MarkedAsAnswerDate": null
  },
  {
    "Id": "235525",
    "ThreadId": "69152",
    "Html": "<blockquote style=\"border:solid .1em #ccc;font-style:italic;margin:.25em 1em 0 1em;padding:0 .25em 0 .25em\"><strong>SelormeyPaul wrote:</strong><br>\r\n<p>Hello,<br>I have said in the work item, the problem is only with the CHM project file (*.hhp), and it occurs on<br>systems with non-English locale.</p>\r\n</blockquote>\r\n<p>Actually, my system is an American English system that has occasionally been used to develop &amp; test software for non-English locales. If I knew which setting in Windows was causing this behavior in CHMBuilder, I'd change it.</p>",
    "PostedDate": "2009-09-17T04:49:36.72-07:00",
    "UserRole": null,
    "MarkedAsAnswerDate": null
  },
  {
    "Id": "235549",
    "ThreadId": "69152",
    "Html": "<p>&gt;&gt;If I knew which setting in Windows was causing this behavior in CHMBuilder, I'd change it.</p>\r\n<p>You do not need to change the system. Just tell me which GUI tool you are currently using,<br>and I will guide you through it.<br>If you are not using any GUI tool, just tell me how&nbsp;you are using the Sandcastle.</p>\r\n<p>If you need to&nbsp;verify your&nbsp;system locale, then take a look at the Regional and Language Options <br>(Region and Language in Win7)&nbsp;in the control panel. In Vista/Win7 it will be the <br>Administrative tab, in XP the Advanced tab.</p>\r\n<p>Best regards,<br>Paul.</p>",
    "PostedDate": "2009-09-17T05:57:03.37-07:00",
    "UserRole": null,
    "MarkedAsAnswerDate": null
  },
  {
    "Id": "237397",
    "ThreadId": "69152",
    "Html": "<p>when I build the ConceptualExample project provided by the SandCastle install by executing &quot;build_conceptual.bat&quot;, I get this error:</p>\r\n<p>C:\\Program Files\\Sandcastle\\Examples\\conceptualExample&gt;hhc chm\\test.hhp<br>Microsoft HTML Help Compiler 4.74.8702</p>\r\n<p>Compiling c:\\Program Files\\Sandcastle\\Examples\\conceptualExample\\chm\\test.chm</p>\r\n<p>HHC4003: Warning: The following option line does not contain an '=' character separating the option and its value: &cap;╗┐[OPTIONS].</p>\r\n<p>but the process does generate a test.chm</p>\r\n<hr>\r\n<p>My locale is English (US).</p>",
    "PostedDate": "2009-09-22T09:27:03.143-07:00",
    "UserRole": null,
    "MarkedAsAnswerDate": null
  }
]