[
  {
    "Id": "907802",
    "ThreadId": "394212",
    "Html": "\r\n<p>Hello,</p>\r\n<p>I would like to make documentation about the configuration file's content(like\r\n<a href=\"http://msdn.microsoft.com/en-us/library/532aee0e(v=vs.100)\">http://msdn.microsoft.com/en-us/library/532aee0e(v=vs.100)</a>), but I didn't find any solution for it.</p>\r\n<p>Is there any way, how sandcastle can support this?</p>\r\n<p>Thanks for any solution!</p>\r\n<p>Regards</p>\r\n<p>&nbsp;</p>\r\n<p>&nbsp;</p>\r\n",
    "PostedDate": "2012-09-03T07:23:32.187-07:00",
    "UserRole": null,
    "MarkedAsAnswerDate": null
  },
  {
    "Id": "907847",
    "ThreadId": "394212",
    "Html": "<p>If your configuration file has an XML schema and you are using SHFB, you can use the <a title=\"XML Schema Documenter\" href=\"http://xsddoc.codeplex.com/\" target=\"_blank\">XML Schema Documenter</a> plug-in which may do what you need.&nbsp; Sandcastle's primary use is for documenting assemblies so that's probably as close as you can get for documenting configuration files.</p>\r\n<p>Eric</p>\r\n<p>&nbsp;</p>",
    "PostedDate": "2012-09-03T10:26:17.383-07:00",
    "UserRole": null,
    "MarkedAsAnswerDate": null
  }
]