[
  {
    "Id": "147368",
    "ThreadId": "44283",
    "Html": "For those interested, Anand (the Sandcastle Manager), has posted a new blog on the <br>\r\nSandcastle Update...<br>\r\n<br>\r\n<a href=\"http://blogs.msdn.com/sandcastle/archive/2009/01/15/sandcastle-update.aspx\">http://blogs.msdn.com/sandcastle/archive/2009/01/15/sandcastle-update.aspx</a><br>\r\n<br>\r\nBest regards,<br>\r\nPaul.\r\n",
    "PostedDate": "2009-01-15T06:17:58.21-08:00",
    "UserRole": null,
    "MarkedAsAnswerDate": null
  }
]