[
  {
    "Id": "717393",
    "ThreadId": "284226",
    "Html": "\r\n<p>Hi,</p>\r\n<p>I have a class that implements many internal interfaces and I would like that documentation reader cannot see that class implements all those internal interfaces because this information is irrelevant for the readers.</p>\r\n<p>For example, if I have the following class:</p>\r\n<p></p>\r\n<div style=\"color:black; background-color:white\">\r\n<pre><span style=\"color:blue\">public</span> <span style=\"color:blue\">class</span> MyPublicClass : MyBasePublicClass, MyPublicInterface, MyInternalInterface1, MyInternalInterface2, MyInternalInterface3\r\n{\r\n\r\n}\r\n\r\n<span style=\"color:blue\">public</span> <span style=\"color:blue\">class</span> MyBasePublicClass\r\n{\r\n\r\n}\r\n\r\n<span style=\"color:blue\">public</span> <span style=\"color:blue\">interface</span> MyPublicInterface\r\n{\r\n    <span style=\"color:green\">// Interface members...</span>\r\n}\r\n\r\n<span style=\"color:blue\">internal</span> <span style=\"color:blue\">interface</span> MyInternalInterface1\r\n{\r\n    <span style=\"color:green\">// Interface members...</span>\r\n}\r\n\r\n<span style=\"color:blue\">internal</span> <span style=\"color:blue\">interface</span> MyInternalInterface2\r\n{\r\n    <span style=\"color:green\">// Interface members...</span>\r\n}\r\n\r\n<span style=\"color:blue\">internal</span> <span style=\"color:blue\">interface</span> MyInternalInterface3\r\n{\r\n    <span style=\"color:green\">// Interface members...</span>\r\n}\r\n</pre>\r\n</div>\r\nI want that documentation reader sees MyPublicClass as this:\r\n<p></p>\r\n<p></p>\r\n<div style=\"color:black; background-color:white\">\r\n<pre><span style=\"color:blue\">public</span> <span style=\"color:blue\">class</span> MyPublicClass : MyBasePublicClass, MyPublicInterface\r\n{\r\n\r\n}\r\n</pre>\r\n</div>\r\n<p></p>\r\n<p>Is this possible to achieve with Sandcastle or SHFB and how?</p>\r\n<p>Thank you!</p>\r\n",
    "PostedDate": "2011-12-27T02:47:11.603-08:00",
    "UserRole": null,
    "MarkedAsAnswerDate": null
  },
  {
    "Id": "717496",
    "ThreadId": "284226",
    "Html": "<p>You can use the API Filter project property to remove unwanted elements from the help file.&nbsp; I don't remember if they are removed as base classes in the class's heirarchy and syntax sections but they won't be included in the help file TOC or member pages.</p>\r\n<p>Eric</p>\r\n<p>&nbsp;</p>",
    "PostedDate": "2011-12-27T09:04:39.163-08:00",
    "UserRole": null,
    "MarkedAsAnswerDate": null
  },
  {
    "Id": "717855",
    "ThreadId": "284226",
    "Html": "<p>Hi,</p>\r\n<p>my problem was that internal interfaces are not removed in syntax sections. API Filter doesn't remove them from syntax sections.</p>\r\n<p>Anyway, I solved my problem by creating custom SHFB plug-in that hooks into SHFB after reflection info is generated. It then opens reflection info file and removes the information about implementing internal interfaces from types that implement internal interfaces and saves modified reflection info file.</p>\r\n<p><a href=\"http://www.ewoodruff.us/shfbdocs/html/a14e026e-642f-4ce6-9506-341e57cc3d1f.htm\"><span id=\"nsrTitle\">Creating Build Process Plug-Ins</span></a> page was very helpful. Thanks!</p>",
    "PostedDate": "2011-12-28T06:45:19.177-08:00",
    "UserRole": null,
    "MarkedAsAnswerDate": null
  },
  {
    "Id": "1248994",
    "ThreadId": "284226",
    "Html": "I'm glad to hear that you solved your problem on your own. Would you mind to share your solution with us? That would help others too.<br />\n",
    "PostedDate": "2014-05-23T10:31:20.493-07:00",
    "UserRole": null,
    "MarkedAsAnswerDate": null
  }
]