[
  {
    "Id": "1275822",
    "ThreadId": "552739",
    "Html": "In a conceptual topic, I have an externalLink element under topic - developerConceptualDocument - section - content - para. The linkUri looks like this: <a href=\"https://server.company.com/Page.aspx?ObjectID=0123456789&amp;Latest=True\" rel=\"nofollow\">https://server.company.com/Page.aspx?ObjectID=0123456789&Latest=True</a> . When I try to build the project, I get the following errors:<br />\n<ul>\n<li>Entity 'Latest' not defined.</li>\n<li>\nExpecting ';'.<br />\n</li>\n</ul>\nIf I remove the &amp;Latest=True part from the query string in the linkUri value, then it builds fine. Is this a known issue? Any workarounds? Thanks.<br />\n",
    "PostedDate": "2014-07-23T16:55:19.97-07:00",
    "UserRole": null,
    "MarkedAsAnswerDate": null
  },
  {
    "Id": "1276056",
    "ThreadId": "552739",
    "Html": "As noted in the <a href=\"http://www.ewoodruff.us/mamlguide/html/d0c9ce6d-115b-4c70-891c-69b4af944dea.htm\" rel=\"nofollow\">externalLink</a> topic, XML entities such as '&amp;' will need to be encoded (<code>&amp;amp;</code>).\r<br />\n<br />\nEric<br />\n",
    "PostedDate": "2014-07-23T19:08:53.22-07:00",
    "UserRole": null,
    "MarkedAsAnswerDate": null
  },
  {
    "Id": "1276429",
    "ThreadId": "552739",
    "Html": "Oh, duh. Can't believe I missed it. Thanks Eric.<br />\n",
    "PostedDate": "2014-07-23T21:05:31.09-07:00",
    "UserRole": null,
    "MarkedAsAnswerDate": null
  }
]