[
  {
    "Id": "241290",
    "ThreadId": "70820",
    "Html": "<p>Hi,</p>\r\n<p>I am currently in the process of completing the inline code documentation of our application to hand it over to our client. So far, Sandcastle does a good job at it. There's just one thing I didn't manage to get to work: Summaries linking to another member's summary. Here's an example:</p>\r\n<p>\r\n<div style=\"color:Black;background-color:White\">\r\n<pre><span style=\"color:Gray\">///</span> <span style=\"color:Gray\">&lt;summary&gt;</span>\r\n<span style=\"color:Gray\">///</span><span style=\"color:Green\"> A's summary</span>\r\n<span style=\"color:Gray\">///</span> <span style=\"color:Gray\">&lt;/summary&gt;</span>\r\n<span style=\"color:Blue\">public</span> <span style=\"color:Blue\">void</span> A()\r\n{\r\n}\r\n\r\n<span style=\"color:Gray\">///</span> <span style=\"color:Gray\">&lt;summary cref=&quot;A&quot;/&gt;</span>\r\n<span style=\"color:Blue\">public</span> <span style=\"color:Blue\">void</span> B()\r\n{\r\n    <span style=\"color:Green\">// Does the same as A(), so give it the same documentation</span>\r\n}\r\n</pre>\r\n</div>\r\nThe VS2008 compiler doesn't mark this as a warning, so it can resolve the link target. (It would rise a warning if I changed the link target to something invalid.) This syntax is also used in the MSDN library where it talks about the &lt;see&gt; tag.</p>\r\n<p>I would expect that B() has the same summary as A() in the generated documentation, but instead B() has no summary at all.</p>\r\n<p>This is all that is left in the resulting HTML file: &lt;div class=&quot;summary&quot;&gt; \\n &lt;/div&gt; (where \\n is a line break and a few spaces in the file)</p>\r\n<p>Since the &lt;summary cref=&quot;...&quot;/&gt; is contained as-is in the comments.xml file, I assume it would be Sandcastle's job to resolve those links.</p>\r\n<p>Any idea about what I can do to make it work, or is it a bug?</p>",
    "PostedDate": "2009-10-02T06:54:04.217-07:00",
    "UserRole": null,
    "MarkedAsAnswerDate": null
  },
  {
    "Id": "241323",
    "ThreadId": "70820",
    "Html": "<p>&gt;&gt;<em>The VS2008 compiler doesn't mark this as a warning, so it can resolve the link target</em>.<br>I think it is worth reading the documentation of stuff you use since that is the&nbsp;easy&nbsp;way to minimize<br>coding bugs in your program.&nbsp;</p>\r\n<p>&gt;&gt;<em>This syntax is also used in the MSDN library where it talks about the &lt;see&gt; tag</em>.<br>Please read the documentation well, there is nothing like that.</p>\r\n<p>&gt;&gt;Since the &lt;summary cref=&quot;...&quot;/&gt; is contained as-is in the comments.xml file<br>Is this what the specification says...</p>\r\n<p>&gt;&gt;I assume it would be Sandcastle's job to resolve those links.<br>No, it is your job to document your codes well. So, learn how to do it.</p>\r\n<p>&gt;&gt;<em>Any idea about what I can do to make it work, or is it a bug</em>?<br>The closest you can get is extended tag named&nbsp;&lt;inheritdoc/&gt;.</p>\r\n<p>If you use a lot of such documentations, then&nbsp;use external documentations and the&nbsp;&lt;include/&gt;&nbsp;tag.</p>\r\n<p>Best regards,<br>Paul.</p>",
    "PostedDate": "2009-10-02T08:17:56.24-07:00",
    "UserRole": null,
    "MarkedAsAnswerDate": null
  },
  {
    "Id": "241375",
    "ThreadId": "70820",
    "Html": "<blockquote style=\"border:solid .1em #ccc;font-style:italic;margin:.25em 1em 0 1em;padding:0 .25em 0 .25em\"><strong>SelormeyPaul wrote:</strong><br>\r\n<p>&gt;&gt;<em>The VS2008 compiler doesn't mark this as a warning, so it can resolve the link target</em>.<br>&gt; I think it is worth reading the documentation of stuff you use since that is the&nbsp;easy&nbsp;way to minimize<br>&gt; coding bugs in your program.&nbsp;</p>\r\n<p>What stuff?</p>\r\n<p>&gt;&gt;<em>This syntax is also used in the MSDN library where it talks about the &lt;see&gt; tag</em>.<br>&gt; Please read the documentation well, there is nothing like that.</p>\r\n<p>Please open your MSDN library and enter this URL:</p>\r\n<p>ms-help://MS.VSCC.v90/MS.MSDNQTR.v90.de/dv_csref/html/0200de01-7e2f-45c4-9094-829d61236383.htm</p>\r\n<p>If that doesn't work for you, go to the index, select &quot;&lt;see&gt; (C# XML tag)&quot; and scroll down to the example. That is exactly the place I mean. Don't tell me it's not there.</p>\r\n&gt;&gt;<em>Any idea about what I can do to make it work, or is it a bug</em>?\r\n<p>&gt;The closest you can get is extended tag named&nbsp;&lt;inheritdoc/&gt;.</p>\r\n<p>That indeed looks good.I've tried it out, but it only works half way: The summary and remarks sections are added to the member page, but the summary on the All Members list page is empty for that property. So it's also not quite what I was looking for.</p>\r\n<p>BTW, as I was further investigating things, I did find something that looks like a Sandcastle reference, at ewoodruff.us. Why isn't that linked from the Sandcastle homepage at CodePlex? The only thing I can see here is missing Wiki pages. From what I get to see here on the project homepage, I get the impression that Sandcastle is very poorly documented. I came this far today only by trying out things on my own, not by reading any kind of hidden documentation.</p>\r\n<p>And here's another web link that seems to relate to this topic: <a title=\"http://social.msdn.microsoft.com/forums/en-US/devdocs/thread/2aae0bfb-4d4a-4b1b-912e-c9121385a4c9\" href=\"http://social.msdn.microsoft.com/forums/en-US/devdocs/thread/2aae0bfb-4d4a-4b1b-912e-c9121385a4c9\">http://social.msdn.microsoft.com/forums/en-US/devdocs/thread/2aae0bfb-4d4a-4b1b-912e-c9121385a4c9</a> But it's also unresolved.</p>\r\n<p>Maybe I'll just forget about such content copying for now and copy those two lines in the source code in the first place until there's a real documentation on stuff.</p>\r\n</blockquote>",
    "PostedDate": "2009-10-02T09:38:49.053-07:00",
    "UserRole": null,
    "MarkedAsAnswerDate": null
  },
  {
    "Id": "241455",
    "ThreadId": "70820",
    "Html": "<p>Sandcastle provides basic support for the &lt;inheritDoc /&gt;&nbsp;tag.&nbsp; I wrote a standalone tool that provides more support for it including support for the cref attribute and filtering.&nbsp; It will solve the problem of the documentation not showing up on the member list pages too.&nbsp; If you are using the Sandcastle Help File Builder, support for it is built in.&nbsp; If using Sandcastle by itself or with another community tool, you can download it as part of the Standalone Build Components.&nbsp; Both can be downloaded <a title=\"Sandcastle Help File Builder\" href=\"http://SHFB.CodePlex.com\">here</a>.&nbsp; More info on the extended support for the inheritDoc tag can be found <a title=inheritDoc href=\"http://www.ewoodruff.us/shfbdocs/Index.aspx?topic=html/79897974-ffc9-4b84-91a5-e50c66a0221d.htm\">here</a>.</p>\r\n<p>I believe that at one time, the online MSDN documentation for either &lt;summary&gt; or the example for &lt;see&gt; was incorrect and did show a cref on a summary element in the example but that has since been corrected.&nbsp; The Sandcastle Help File Builder you found reference to at ewoodruff.us (my site) is linked to from the home page of the Sandcastle project.&nbsp; You'll find it in the Related Projects box along with other related projects near the bottom right of the home page.&nbsp; These are tools developed by community members to make using Sandcastle much easier and aren't produced by Microsoft.</p>\r\n<p>Eric</p>",
    "PostedDate": "2009-10-02T12:30:01.017-07:00",
    "UserRole": null,
    "MarkedAsAnswerDate": null
  },
  {
    "Id": "241485",
    "ThreadId": "70820",
    "Html": "<p>Eric,</p>\r\n<p>thank you for your reply.</p>\r\n<p>I don't exactly know what tool I am using. I just found Sandcastle, downloaded it, read the requirements and installation documentation and ran the installer. There was no start menu entry after it and no more documentation pages written, so I started to look around on my hard disk and figure out on my own what I could do. I found that example directory and took the batch file in it to generate a CHM file for our application. It worked quite well, I could apply the &quot;remember code language selection&quot; patch from another thread here, translate things to German like in the MSDN library. It's just a bit slow, 13 minutes for ~1 MB .exe assembly.</p>\r\n<p>But after all I still don't really know much about the Sandcastle project or its structure. From the developers list, I assume it's managed or developed by Microsoft, although it's not the usual Microsoft product release quality. There's nothing more to learn from the <a href=\"http://sandcastle.codeplex.com/\">homepage</a>. Nothing about community projects, nothing about derived versions that may add features or fix bugs, nothing about how to use it to do things right. Maybe it's about time for somebody who knows it to write a documentation...</p>\r\n<p>A colleague I talked to today was surprised that I managed to get Sandcastle to working. Others have given up on it, too, before. They either dropped that task or used NDoc again. That's faster, has a GUI and seems to have more features. From what I've seen, it has other bugs, comes with an older MSDN page design and may be less flexible. Either way, .NET source code documentation generation doesn't seem to be a mature matter, even in 3.5 days.</p>",
    "PostedDate": "2009-10-02T13:24:29.8-07:00",
    "UserRole": null,
    "MarkedAsAnswerDate": null
  },
  {
    "Id": "241563",
    "ThreadId": "70820",
    "Html": "<p>You're using just the Sandcastle tools by themselves.&nbsp; They can be hard to use due to lack of documentation.&nbsp; Most of the info on usage is spread throughout the various posts on the <a title=\"Sandcastle Blog\" href=\"http://blogs.msdn.com/sandcastle/default.aspx\">Sandcastle blog</a>.&nbsp; That's why it is better to use one of the community tools such as the Sandcastle Help File Builder or DocProject.&nbsp; SHFB is a standalone GUI that provides a set of features similar to NDoc.&nbsp; DocProject is a Visual Studio add-in.&nbsp; Using either of those lets you use Sandcastle without having to know how to make it work.&nbsp; If you can set some project properties and push the Build button, you can get a fairly decent looking help file.&nbsp; Both also provide many features over and above the stock Sandcastle tools.&nbsp; I'd encourage you to look at them before giving up on Sandcastle altogether.</p>\r\n<p>SHFB contains a help file with all the necessary details about its project settings, the additional build components, plug-ins, and walkthroughs on getting started.&nbsp; As for bug fixes, download and apply the <a title=\"Sandcastle Styles\" href=\"http://SandcastleStyles.CodePlex.com\">Sandcastle Styles</a> patch.&nbsp; You'll find that it takes care of the common problems and adds some new features that make the help files look better.&nbsp; You'll also find some other tools and a MAML guide (Microsoft Assistance Markup Language) that will help you get familiar with it if you need to write conceptual content for your help file (additional topics such as introductions, How-Tos, Walkthroughs, etc.).</p>\r\n<p>Sandcastle is slower than NDoc mainly due to its architecture.&nbsp; BuildAssembler, which actually renders the topics, is the slowest step.&nbsp; It's written to be extensible and is composed of many different build components.&nbsp; You can add new build components to add new functionality.&nbsp; With that flexibility comes a performance penalty but overall it is worth it.&nbsp; The ResolveReferenceLinks2 component can slow things down considerably because it contacts the MSDN web service to resolve links to the online base framework member topics.&nbsp; This can be mitigated to a certain extent by using the cached build components available in the standalone build components I mentioned.&nbsp; If building a Help 2 file you can configure it to render index links to the API topics instead so that it links to the local MSDN topics when your help file is merged into the main help collection which bypasses the need to look them up via the web service at build time.</p>\r\n<p>Eric</p>\r\n<p>&nbsp;</p>",
    "PostedDate": "2009-10-02T19:40:39.277-07:00",
    "UserRole": null,
    "MarkedAsAnswerDate": null
  },
  {
    "Id": "241595",
    "ThreadId": "70820",
    "Html": "<p>&gt;&gt;<strong>lonelypixel</strong>:&nbsp;Don't tell me it's not there.<br>I see. Yes, it is there, and that is why I say read well. If you are just copying what you see and<br>making no effort to understand it, then you need to be cautioned.</p>\r\n<p>I read your post and could not determine where you are; newbie, hobbyist&nbsp;or professional.<br>I checked your profile, and even though that was your first post you have registered at CodePlex since<br>February and in the very first statement you are about to release a product!</p>\r\n<p>So, I decided to treat you as a professional and question your approach. <br>Sorry, that was what&nbsp;I thought was good for you. Off course, I know you will not like it.</p>\r\n<p>Documentation is part of the planning process when designing a software product, so I found it<br>difficult to understand that you are now going through this process when you are about to release the<br>product.</p>\r\n<p>Please take the time and get this process well, otherwise you will face more problems with your clients,<br>and if they are as noisy as Japanese clients then you could easily loose your income.</p>\r\n<p>There is enough information on Sandcastle. It is a bit slow because of what it does. The&nbsp;new MSDN format is<br>more complex - one of the main reasons why NDoc does not cut it, ...&nbsp;using the&nbsp;GUI&nbsp;tools<br>is&nbsp;going to make it even slower, since they&nbsp;add more layers/processing to the base (in some cases more<br>memory&nbsp;requirements)&nbsp;- for now, you will have to accept this.<br><br>If you need more information on the XML comments and how the various tools NDoc, Sandcastle extended it,<br>please read the documentations here</p>\r\n<p><span><a href=\"http://www.dynicity.com/products/XmlDocComments.aspx\">http://www.dynicity.com/products/XmlDocComments.aspx</a></span></p>\r\n<p><span>Best regards,<br>Paul.&nbsp;</span></p>",
    "PostedDate": "2009-10-03T00:03:47.833-07:00",
    "UserRole": null,
    "MarkedAsAnswerDate": null
  },
  {
    "Id": "242451",
    "ThreadId": "70820",
    "Html": "<p>The &lt;inheritdoc/&gt; tag does it well (at least using SHFB), thank you.</p>\r\n<p>The PDF reference you pointed to doesn't include the &lt;inheritdoc/&gt; tag at all, it looks like it could need an update...</p>\r\n<p>&nbsp;</p>",
    "PostedDate": "2009-10-06T01:12:02.467-07:00",
    "UserRole": null,
    "MarkedAsAnswerDate": null
  }
]