[
  {
    "Id": "113181",
    "ThreadId": "34144",
    "Html": "is it possible to attach a document to the help file,please let me know.\r\n",
    "PostedDate": "2008-08-23T10:49:22.25-07:00",
    "UserRole": null,
    "MarkedAsAnswerDate": null
  },
  {
    "Id": "113182",
    "ThreadId": "34144",
    "Html": "Hi, <br>\r\n<br>\r\nWhich version of help?&nbsp; (.chm, .HxS or both?)<br>\r\nWhat do you mean by <em>attach</em>?<br>\r\n<br>\r\nAssuming that you want to compile&nbsp;a document into a .chm file and then provide a link to it in your help topics, see the following&nbsp;article:&nbsp;<br>\r\n<br>\r\nHTML Help 1.x FAQ, Linking to Embedded PDF Files<br>\r\n<a href=\"http://www.helpware.net/FAR/far_faq.htm#pdflink\">http://www.helpware.net/FAR/far_faq.htm#pdflink</a><br>\r\n<br>\r\n- Dave\r\n",
    "PostedDate": "2008-08-23T11:11:20.427-07:00",
    "UserRole": null,
    "MarkedAsAnswerDate": null
  },
  {
    "Id": "113192",
    "ThreadId": "34144",
    "Html": "Hi dave here is my requirement,<br>\r\n&nbsp;&nbsp;&nbsp;&nbsp;&nbsp;&nbsp;&nbsp;&nbsp;&nbsp;&nbsp;&nbsp;&nbsp;&nbsp;&nbsp;&nbsp;&nbsp;&nbsp;&nbsp;&nbsp;&nbsp;&nbsp;&nbsp;&nbsp;&nbsp;&nbsp;&nbsp;&nbsp;&nbsp;&nbsp;&nbsp;&nbsp;&nbsp;&nbsp;&nbsp;&nbsp;&nbsp;&nbsp;&nbsp;&nbsp;&nbsp;&nbsp;&nbsp;&nbsp;&nbsp;&nbsp;&nbsp;&nbsp;&nbsp;&nbsp;&nbsp;&nbsp; i generate a chm file on my source assembly.I have a document for which i need to provide a link from my chm file.Please help me.\r\n",
    "PostedDate": "2008-08-23T14:12:55.563-07:00",
    "UserRole": null,
    "MarkedAsAnswerDate": null
  },
  {
    "Id": "113205",
    "ThreadId": "34144",
    "Html": "Hi, <br>\r\n<br>\r\nIs the document <em>inside </em>the .chm?<br>\r\n<br>\r\n- Dave\r\n",
    "PostedDate": "2008-08-23T18:45:20.427-07:00",
    "UserRole": null,
    "MarkedAsAnswerDate": null
  },
  {
    "Id": "113208",
    "ThreadId": "34144",
    "Html": "Hi,&nbsp;<br>\r\n<br>\r\nSee this&nbsp;discussion: <br>\r\n<br>\r\n<a href=\"http://forums.msdn.microsoft.com/en-US/devdocs/thread/8c4d8e35-796b-4f1d-8ee9-ee3865199469/\">http://forums.msdn.microsoft.com/en-US/devdocs/thread/8c4d8e35-796b-4f1d-8ee9-ee3865199469/</a>&nbsp;<br>\r\n<br>\r\n- Dave\r\n",
    "PostedDate": "2008-08-23T19:29:05.457-07:00",
    "UserRole": null,
    "MarkedAsAnswerDate": null
  },
  {
    "Id": "113609",
    "ThreadId": "34144",
    "Html": "thank u dave i got the solution from the you link.....thanks a lot..\r\n",
    "PostedDate": "2008-08-25T15:16:29.353-07:00",
    "UserRole": null,
    "MarkedAsAnswerDate": null
  }
]