[
  {
    "Id": "71956",
    "ThreadId": "21592",
    "Html": "\r\nI have looked over the documentation and I cannot seem to find a clean way to document XML within examples, or remarks etc.   I am writing a web service and the return values are in XML format.   <br /><br />What I would like do, is to show some examples of the returned XML data, given a sample method call, but obviously, there is a conflict here with what I want to present and what Sandcastle needs.<br /><br />Any suggestions?<br /><br />Perhaps a tag which says \"Ignore xml processing until closing tag\", and then formatting is dictated by outer tags?<br />",
    "PostedDate": "2008-02-05T16:54:43.363-08:00",
    "UserRole": null,
    "MarkedAsAnswerDate": null
  },
  {
    "Id": "71974",
    "ThreadId": "21592",
    "Html": "\r\nAny special characters like angle brackets and ampersands within XML comments need to be encoded.  For example:<br /><br />&lt;example&gt;<br />&lt;code&gt;<br />&amp;lt;FirstElement&amp;gt;<br />    &amp;lt:NextElement value=\"1\" /&amp;gt;<br />&amp;lt;/FirstElement&amp;gt;<br />&lt;/code&gt;<br />&lt;/example&gt;<br /><br />Using the custom build components available in the Sandcastle Help File Builder project (<a href=\"http://www.codeplex.com/SHFB\" class=\"externalLink\">http://www.codeplex.com/SHFB<span class=\"externalLinkIcon\" style=\"font-family:Consolas, Courier New, Courier, Monospace;\"></span></a>), you can use the extended attribute \"source\" on the &lt;code&gt; tag to import code from an external file including an XML fragment.  That will allow you to maintain the XML as it normally appears and will retain the necessary formatting.  For example:<br /><br />&lt;example&gt;<br />&lt;code source=\"MyExternalFile.xml\" /&gt;<br />&lt;/example&gt;<br /><br />If you are using SHFB, the build components are added by default and you can edit their configurations via the project settings.  If you aren't using SHFB, you can download the build components alone from the same URL and integrate the CodeBlockComponent and PostTransformComponent into your sandcastle.config file to provide the same functionality manually.  See the Code Block Component documentation in the SHFB help file or the included documentation files with the build component download for full details.  It provides several other features such as importing specific regions, code colorization, and snippet merging too.<br /><br />Eric<br />",
    "PostedDate": "2008-02-05T19:16:39.183-08:00",
    "UserRole": null,
    "MarkedAsAnswerDate": null
  },
  {
    "Id": "71997",
    "ThreadId": "21592",
    "Html": "<br />I am using SHFB, so I will give the extended attribute method a try.   I guess I am being a little lazy by not wanting to create a bunch of files, but, it is probably a better practice to use external files anyway.  <br /><br />Still, I would like to put in a plug for a tag which does not interpret embedded XML.   ;-)  <br /><br /><div class=\"quote\" style=\"border: dotted .1em #aaa; border-left: none; border-right: none; font-style: italic; margin: 1em 0em 2.5em 3em;padding: .2em;\"><br />EWoodruff wrote:<br />Any special characters like angle brackets and ampersands within XML comments need to be encoded.  For example:<br /><br />&lt;example&gt;<br />&lt;code&gt;<br />&amp;lt;FirstElement&amp;gt;<br />    &amp;lt:NextElement value=\"1\" /&amp;gt;<br />&amp;lt;/FirstElement&amp;gt;<br />&lt;/code&gt;<br />&lt;/example&gt;<br /><br />Using the custom build components available in the Sandcastle Help File Builder project (<a href=\"http://www.codeplex.com/SHFB\" class=\"externalLink\">http://www.codeplex.com/SHFB<span class=\"externalLinkIcon\" style=\"font-family:Consolas, Courier New, Courier, Monospace;\"></span></a>), you can use the extended attribute \"source\" on the &lt;code&gt; tag to import code from an external file including an XML fragment.  That will allow you to maintain the XML as it normally appears and will retain the necessary formatting.  For example:<br /><br />&lt;example&gt;<br />&lt;code source=\"MyExternalFile.xml\" /&gt;<br />&lt;/example&gt;<br /><br />If you are using SHFB, the build components are added by default and you can edit their configurations via the project settings.  If you aren't using SHFB, you can download the build components alone from the same URL and integrate the CodeBlockComponent and PostTransformComponent into your sandcastle.config file to provide the same functionality manually.  See the Code Block Component documentation in the SHFB help file or the included documentation files with the build component download for full details.  It provides several other features such as importing specific regions, code colorization, and snippet merging too.<br /><br />Eric<br /><br /><br /></div>",
    "PostedDate": "2008-02-05T21:53:29.797-08:00",
    "UserRole": null,
    "MarkedAsAnswerDate": null
  },
  {
    "Id": "72001",
    "ThreadId": "21592",
    "Html": "\r\nHi, <br /><br />You can use <span class=\"codeInline\" style=\"font-family:Consolas, Courier New, Courier, Monospace;\">&lt;![CDATA[   ]]</span> sections instead of hard-coding entities such as &amp;lt; and &amp;gt;.   For example: <br /><br /><pre style=\"background-color:#ECECEC; border:dashed .1em #3E62A6; font-family:Consolas, Courier New, Courier, Monospace; font-size:1em; margin-top:0; padding:.5em; height:auto; overflow:auto; overflow-x:auto; overflow-y:auto;\">\r\n&lt;example&gt;\r\n  &lt;para&gt;Here's an example of an invalid XML file:&lt;/para&gt;\r\n  &lt;code&gt;\r\n&lt;![CDATA[&lt;?xml version=\"1.0\" encoding=\"utf-8\"?&gt;\r\n&lt;root&gt;\r\n  &lt;hello&gt;world&lt;/hello&gt;\r\n  &lt;no.closing.tag&gt;No closing tag\r\n  &lt;500invalid.name&gt;Bad name&lt;/500invalid.name&gt;\r\n&lt;/root&gt;]]&gt;\r\n  &lt;/code&gt;\r\n&lt;/example&gt;\r\n</pre><br />If you're not using SHFB (i.e., if you're using the command-line or another tool) then you may want to try the <span class=\"codeInline\" style=\"font-family:Consolas, Courier New, Courier, Monospace;\">&lt;include&gt;</span> element, which tells the compiler to pull in documentation sections from an XML file.  For an example, see <a href=\"http://forums.microsoft.com/MSDN/ShowPost.aspx?PostID=2743390&amp;SiteID=1\" class=\"externalLink\">this thread<span class=\"externalLinkIcon\" style=\"font-family:Consolas, Courier New, Courier, Monospace;\"></span></a><br /><br />The markup being pulled into the XML documentation must be valid XML, however you can use <b>CDATA</b> sections in the XML document, as in the example above, if you need large blocks of text with escaped XML.<br /><br />- Dave<br />",
    "PostedDate": "2008-02-05T22:26:29.863-08:00",
    "UserRole": null,
    "MarkedAsAnswerDate": null
  },
  {
    "Id": "72087",
    "ThreadId": "21592",
    "Html": "\r\ndavedev,<br /><br />Thank you, that is exactly what I needed.   I also added to the &lt;code&gt; tag the lang=xml attribute and it works wonderfully.   Coloring and the like is all done!<br /><br />Here is what I ended up doing:<br /><br />        /// &lt;example&gt;<br />        /// &lt;para&gt;Running the Option function will return the following&lt;/para&gt;<br />        /// &lt;code lang=\"xml\"&gt;<br />        ///     &lt;![CDATA[<br />        ///         &lt;?xml version=\"1.0\" encoding=\"utf-8\" ?&gt; <br />        ///         &lt;Option&gt;<br />        ///             &lt;LogFile Value=\"C:\\logs\\ServiceLog.xml\" /&gt; <br />        ///         &lt;/Option&gt;<br />        ///     ]]&gt;<br />        /// &lt;/code&gt;<br />        /// &lt;/example&gt;<br /><br />And then for longer XML results, I also liked the idea of using a file.   What I ended up with was:<br /><br />        /// &lt;example&gt;<br />        /// &lt;para&gt;Running the Option function will return the following&lt;/para&gt;<br />        /// &lt;code lang=\"xml\" source=\"WebService/Help/Sample1.xml\"&gt;&lt;/code&gt;<br />        /// &lt;/example&gt;<br /><br />Thanks again!<br />",
    "PostedDate": "2008-02-06T07:04:41.057-08:00",
    "UserRole": null,
    "MarkedAsAnswerDate": null
  },
  {
    "Id": "72107",
    "ThreadId": "21592",
    "Html": "<br /><b>An update for those who wish to use CDATA tags in their code</b><br /><br />Apparently the inclusion of &lt;!CDATA[]]&gt; tag anywhere in the code comments causes visual studio 2005 to lock up when you type a '&lt;' within a comment block.  :-(<br /><br />However, there is a hotfix for this problem and it can be found at:<br /><a href=\"https://connect.microsoft.com/VisualStudio/Downloads/DownloadDetails.aspx?DownloadID=9646\" class=\"externalLink\">https://connect.microsoft.com/VisualStudio/Downloads/DownloadDetails.aspx?DownloadID=9646<span class=\"externalLinkIcon\" style=\"font-family:Consolas, Courier New, Courier, Monospace;\"></span></a><br />",
    "PostedDate": "2008-02-06T08:09:53.88-08:00",
    "UserRole": null,
    "MarkedAsAnswerDate": null
  },
  {
    "Id": "72126",
    "ThreadId": "21592",
    "Html": "\r\nYikes!  Thanks for the tip ;)<br /><br />Although, I tested it before I posted it here and it worked fine for me, but I may have pasted in the comments instead of typing them.  I don't remember :|<br /><br />- Dave<br />",
    "PostedDate": "2008-02-06T08:52:11.613-08:00",
    "UserRole": null,
    "MarkedAsAnswerDate": null
  },
  {
    "Id": "76908",
    "ThreadId": "21592",
    "Html": "\r\nRe: &lt;code&gt; tag and source attribute.<br />I think my issue is related if not the same as here.<br />The documentation and various online posts suggest that you can use something like the following to pull code from your source files to use in the documentation generated by Sandcastle. I have tried to import form both both xml and c# files.<br />Here is what I tried for an xml file:<br />    /// &lt;example&gt;<br />    ///    Import the code from a region within the source code file <br />    ///    &lt;code lang=\"xml\" source=\"C:\\Heliscope\\trunk\\src\\Windows\\HeliscopeApiDocProject\\bin\\Debug\\Helicos.Heliscope.SystemServerAPI.xml\" /&gt; <br />    /// &lt;/example&gt;<br />Here is what I tried for a cs file (including one effort to use regions)<br />    /// &lt;example&gt;<br />    ///    Import the code from a region within the source code file <br />    ///    &lt;code lang=\"cs\" title=\"DocProjectFolder\" source=\"C:\\Heliscope\\trunk\\src\\Windows\\HeliscopeApiDocProject\\BuildProcess.cs\"/&gt; <br />    ///    &lt;code lang=\"cs\" title=\"Relative URL\" source=\"..\\Windows\\SystemServerDll\\HeliscopeAPIService.cs\" region=\"Snippet1Fault\"/&gt; <br />    /// &lt;/example&gt;<br /><br />In both the case of the xml file and the cs file the chm documentation has the first line of text followed by a code box, including the \"copy code\" button, but no lines of code.<br /><br />It makes me think I am not using a proper path to the file, but I would expect the full path name to work.<br />I am using the company provided vs2005 docproject and sandcastle installs (not SHFB) and appear to be use the sept '07 Sandcastle.<br /><br />Does the source attribute work to pull in lines of code from a .cs file?<br />",
    "PostedDate": "2008-02-27T16:03:53.597-08:00",
    "UserRole": null,
    "MarkedAsAnswerDate": null
  },
  {
    "Id": "76930",
    "ThreadId": "21592",
    "Html": "\r\nHi, <br /><br />The <span class=\"codeInline\" style=\"font-family:Consolas, Courier New, Courier, Monospace;\">source</span> attribute is a <b>Code Block Component</b> extension, which is part of Eric Woodruff's <a href=\"http://www.codeplex.com/SHFB/Release/ProjectReleases.aspx\" class=\"externalLink\">Sandcastle Standalone Build Components<span class=\"externalLinkIcon\" style=\"font-family:Consolas, Courier New, Courier, Monospace;\"></span></a> download.  Read the component's documentation for more information.<br /><br />See <a href=\"http://www.codeplex.com/DocProject/Wiki/View.aspx?title=How%20To%20Use%20Third-Party%20Build%20Components%20In%20DocProject\" class=\"externalLink\">How To Use Third-Party Build Components In DocProject<span class=\"externalLinkIcon\" style=\"font-family:Consolas, Courier New, Courier, Monospace;\"></span></a> to integrate it into a <i>DocProject</i> or <i>DocSite</i>.<br /><br />Note however that the article was written for features that were added to DocProject 1.9.0 RC, so if you're using an older version of DocProject then you must add the component manually to the <b>sandcastle.help1x.config</b> and/or <b>sandcastle.help2x.config</b> files, which are located in your project's <i>Help\\Presentation\\Style\\Configuration\\</i> folder.<br /><br />- Dave<br />",
    "PostedDate": "2008-02-27T17:56:55.09-08:00",
    "UserRole": null,
    "MarkedAsAnswerDate": null
  },
  {
    "Id": "77967",
    "ThreadId": "21592",
    "Html": "\r\nThat helps, but raises more questions than it answers. I am still totally failing to add this code block component to my project. I find that I really do not understand what to do. I think I need to paste in code in the config file for the codeblockcomponent and the posttransform component. Good enough except that the \"assembly\" needs to be set to an assembly containing the component and such an assembly does not exist.  I am unsure how to create it.<br /><br />II have the downloaded code block components,  xml, gif, xsl and css  files, but I have to admit I don't know what to do with them. I don't know how to get them included in the necessary assembly, point to that assemble and get the \"component\" added to the Vs docproject..  All of the comments and instructions seem to assume the readers knows what the process here is, I don't. i am definitely missing some essential part of the process.<br /><br />I feel really dumb but I think I need a step 1, 2, 3. Download the files, do something with them, add new code to the config file, change the specified directories in the sample to the directory where the downloaded files live or where you build a dll using them or something.<br /><br />Any such explicit information would be MOST helpful.<br /><br />Thanks<br />DDewitt<br />",
    "PostedDate": "2008-03-03T20:58:44.823-08:00",
    "UserRole": null,
    "MarkedAsAnswerDate": null
  },
  {
    "Id": "77979",
    "ThreadId": "21592",
    "Html": "\r\nHi DDewitt, <br /><br />I understand that all of this can be confusing and I'm sorry that the instructions aren't clear enough for you.  Unfortunately, I have not used the <i>Code Block Component</i> yet so I can't comment on how it should be set up, specifically, but as for DocProject, the <i>How To...</i> article that I mentioned in this thread does explain the process of how to add build components to your project.<br /><br />Basically, you'll need to: <br /><ol><li>Open the <b>DocProject Properties</b> window for your <i>DocProject</i> or <i>DocSite</i>.</li><li>Identify the <i>build component stack(s)</i> that you're using to build documentation (under the <b>Configuration</b> category).</li><ol><li>If you're building a .chm file, then you're using a <i>Help 1.x</i> stack.</li><li>If you're building an .HxS file, then you're using a <i>Help 2.x</i> stack.</li><li>Identify whether the component must be added to a <i>reference</i> stack or a <i>conceptual</i> stack; one exists for each version of compiled help.</li><ol><li>I'm almost sure that the <i>Code Block Component</i> must be added to a <i>reference</i> stack; Help 1.x, Help 2.x or both depending upon your needs.</li></ol></ol><li>Click the ellipses button (...) on the right-hand side of the stack property to open its editor.</li><li>In the editor, click the <i>add</i> button (green plus sign).</li><li>In the <i>Add Build Components</i> dialog, click the <b>Browse...</b> button.</li><li>Find the assembly (.dll) that contains the <i>Code Block Component</i>.  Click <b>Open</b> when you find it.</li><ol><li>This is probably something that you must download - you shouldn't have to create it yourself.</li></ol><li>If the assembly defines any valid <i>Sandcastle build component</i> types they will appear at the bottom of the <b>Available</b> list.  You may have to scroll down to see them.</li><li>Select the components that you want to add, such as <i>Code Block Component</i> by double-clicking or right-mouse click and choose <b>Select</b> in the context menu.  Selected components will be added to the <b>Selected</b> list.</li><li>When you are done choosing components, click <b>OK</b>.</li><li>A dialog will open that allows you to paste in the component's XML configuration.  Check the documentation for <i>Code Block Component</i>.  When you're done, click <b>OK</b>.  The component will be appended to the end of the stack.</li><ol><li><b>Note:</b> You can edit the configuration at a later time instead.</li></ol><li>Using the up and down arrows, move the component to the proper place in the stack.  Refer to the component's documentation for instructions.  When you're done, click <b>OK</b>.</li><ol><li>Typically, the instructions will be similar to, \"after Copy in comments and before TransformComponent\", or something similar.</li></ol><li>Click Visual Studio's <b>Save All</b> button or the <a href=\"http://www.codeplex.com/Sandcastle/Wiki/View.aspx?title=DocProject%20External%20UI\">DocProject External UI</a>'s <b>Save</b> button to save the project and the <i>build component stack</i>.</li><ol><li><b>Note:</b> Editing a build component stack configuration file directly is not recommended, if it can be avoided, since DocProject has already loaded the configuration file into memory.  Changes that you make manually will be overwritten with the in-memory version of the configuration file if you save changes again that were made using the <b>DocProject Properties</b> window.</li></ol></ol>To verify that the component was added and to configure it using its DocProject-compatible editor or Visual Studio's XML editor: <br /><ol><li>Expand the <i>build component stack</i> property that you just edited in the <b>DocProject Properties</b> window; i.e., click the plus sign before the stack's name under the <b>Configuration</b> category.</li><li>You should see the components that you added as sub properties.  If you don't then set the <b>Configuration</b> &gt; <b>Show entire build component stack</b> option to <b>True</b> so that components without DocProject-compatible editors are shown as sub properties.  If you still don't see the component, please report the bug to me :)</li><li>Click the ellipses button (...) on the right-hand side of a component to open its editor.</li><ol><li>If the component provides a DocProject-compatible editor then it will be shown.</li><ol><li>Refer to the component's documentation for instructions.</li></ol><li>If the component does not provide a DocProject-compatible editor, then the <i>build component stack</i> configuration file, to which you added the component, will be opened in Visual Studio's XML editor.  The component's configuration will be selected and scrolled into view.</li><ol><li>Refer to the component's documentation for information about its configuration's XML schema.</li></ol></ol></ol>- Dave<br />",
    "PostedDate": "2008-03-03T22:59:11.947-08:00",
    "UserRole": null,
    "MarkedAsAnswerDate": null
  },
  {
    "Id": "78228",
    "ThreadId": "21592",
    "Html": "\r\nOk, I downloaded the dll's. They weren't on our company site initially.That resolves that confusion and just goes to show that delegating work doesn't  always work smoothly.<br /><br />However, the instructions convince me there is still some basic fact I am missing. When I click the DocProject ellipse (we are running 1.9) I have yet to get a browser, I have yet to get an add button( green plus), and I have yet to get an add component dialogue. We have the dll's in a spearate folder. It looks like the dll's need to go to a specific place. Maybe that is the problem? Or perhaps we have a problem with our DocProject setup.<br /><br />Which kinda leaves me hanging.<br />",
    "PostedDate": "2008-03-04T17:10:26.973-08:00",
    "UserRole": null,
    "MarkedAsAnswerDate": null
  },
  {
    "Id": "78230",
    "ThreadId": "21592",
    "Html": "\r\nSome success.<br />Turns out my GUI is not as described. There is an add button, but it is not labeled and appears as a half blue and half white blob-gear-like thingy. There also seemed to be a problem saving added components when I edited the XML configuration. It was saved everytime when I did not edit the XML.<br /><br />So I am working my way through the XML now and am confident something will happen.<br /><br />Thanks<br />",
    "PostedDate": "2008-03-04T18:06:51.033-08:00",
    "UserRole": null,
    "MarkedAsAnswerDate": null
  },
  {
    "Id": "78236",
    "ThreadId": "21592",
    "Html": "\r\nHi, <br /><br /><div class=\"quote\" style=\"border: dotted .1em #aaa; border-left: none; border-right: none; font-style: italic; margin: 1em 0em 2.5em 3em;padding: .2em;\"><br />Turns out my GUI is not as described<br /><br /></div>Sorry, I changed the icon for the <i>add</i> button to a green plus sign in 1.10.0 RC.  That should be the only difference though.<br /><br /><div class=\"quote\" style=\"border: dotted .1em #aaa; border-left: none; border-right: none; font-style: italic; margin: 1em 0em 2.5em 3em;padding: .2em;\"><br />There also seemed to be a problem saving added components when I edited the XML configuration. It was saved everytime when I did not edit the XML<br /><br /></div>I'm not sure what you mean here, but if it's a bug in the dialog then it may have been fixed already in 1.10.0 RC.  You can <a href=\"http://www.codeplex.com/DocProject/Wiki/View.aspx?title=How%20to%20Diagnose%20and%20Resolve%20Issues#eventlog\" class=\"externalLink\">check the Application event log<span class=\"externalLinkIcon\" style=\"font-family:Consolas, Courier New, Courier, Monospace;\"></span></a> for error information anyway if you feel like it.<br /><br />If you're referring to editing the configuration file itself, I did mention already to either use the GUI or edit the configuration file manually, but I don't recommend doing both if you can avoid it.  If you do use the GUI and then edit the configuration file manually, do not use the GUI again until the project is reloaded.<br /><br />- Dave<br /><br />(EDIT: Fixed broken link)<br />",
    "PostedDate": "2008-03-04T18:25:34.683-08:00",
    "UserRole": null,
    "MarkedAsAnswerDate": null
  },
  {
    "Id": "78476",
    "ThreadId": "21592",
    "Html": "\r\nOK, the process seems clear.<br />I am editing the config file for the components I added using DocProject.<br />I have added the CodeBlock Component and the PostTransform component.<br /><br />I am using the file in the download (SandcastleBuilder.Components.config) as a model for my component configuration.<br />When I add the following:<br />&lt;component id=\"Code Block Component\" type=\"SandcastleBuilder.Components.CodeBlockComponent\" assembly=\"{@SHFBFolder}SandcastleBuilder.Components.dll\"&gt;<br /><br /> and save it (using the VS Save All), the following is what is saved:<br />&lt;component id=\"Code Block Component\"&gt;<br /><br />When I build the project I do not see the component added to the config file.<br />Same thing happens for the PostTransform component, no assembly path is saved to the config file.<br /><br />It would seem the assembly path is required, but it is not accepted.<br />Anyone know what is supposed to happen with the component element?<br /><br />",
    "PostedDate": "2008-03-05T11:24:33.99-08:00",
    "UserRole": null,
    "MarkedAsAnswerDate": null
  },
  {
    "Id": "78489",
    "ThreadId": "21592",
    "Html": "\r\n(for the previous post)<br />Not that I think it makes a difference but, The actual assembly path entered (but apparently not saved) is <br />C:\\Heliscope\\trunk\\src\\ThirdPartyLibraries\\Sandcastle Standalone Build Components\\SandcastleBuilder.Components.dll<br />",
    "PostedDate": "2008-03-05T11:54:35.797-08:00",
    "UserRole": null,
    "MarkedAsAnswerDate": null
  },
  {
    "Id": "78503",
    "ThreadId": "21592",
    "Html": "\r\nSHFB handles the details of merging custom build components into its configuration file at build time.  The \"{@SHFBFolder}\" reference is specific to SHFB and acts as a tag that gets replaced at  build time with the actual path to the SHFB folder where the assembly resides by default.  For non-SHFB config files, use an actual path.  The same would be true for any other \"{@XXXX}\" references within the configuration.  Replace them with a literal path or option value.<br /><br />Have you tried using notepad or some other text editor to alter the file?  Perhaps VS or DocProject is stripping the attributes for some reason.<br /><br />Eric<br />",
    "PostedDate": "2008-03-05T12:48:26.077-08:00",
    "UserRole": null,
    "MarkedAsAnswerDate": null
  },
  {
    "Id": "78565",
    "ThreadId": "21592",
    "Html": "\r\nHi DDewitt, <br /><br /><div class=\"quote\" style=\"border: dotted .1em #aaa; border-left: none; border-right: none; font-style: italic; margin: 1em 0em 2.5em 3em;padding: .2em;\"><br />When I add the following:<br />&lt;component id=\"Code Block Component\" type=\"SandcastleBuilder.Components.CodeBlockComponent\" assembly=\"{@SHFBFolder}SandcastleBuilder.Components.dll\"&gt;<br /><br />and save it (using the VS Save All), the following is what is saved:<br />&lt;component id=\"Code Block Component\"&gt;<br /><br /></div>I assume that you're using the default component editor by clicking the ellipses button from within a <i>stack</i> editor dialog, correct?  (I mean, instead of editing the configuration file manually.)<br /><br />The default component editor does not accept the <span class=\"codeInline\" style=\"font-family:Consolas, Courier New, Courier, Monospace;\">type</span> and <span class=\"codeInline\" style=\"font-family:Consolas, Courier New, Courier, Monospace;\">assembly</span> attributes on the <span class=\"codeInline\" style=\"font-family:Consolas, Courier New, Courier, Monospace;\">&lt;component&gt;</span> element since it knows what they are already - you told DocProject which component to use by loading an assembly with the <i>Browse</i> dialog.  If you add them, they are stripped out.  When you open the editor again they will be gone.<br /><br />However, the attributes should have been written to the actual config file.  Please verify by opening the file manually.  I assume that you're editing <i>Help\\Presentation\\Style\\Configuration\\sandcastle.help1x.config</i>.<br /><br /><div class=\"quote\" style=\"border: dotted .1em #aaa; border-left: none; border-right: none; font-style: italic; margin: 1em 0em 2.5em 3em;padding: .2em;\"><br />When I build the project I do not see the component added to the config file.<br />Same thing happens for the PostTransform component, no assembly path is saved to the config file.<br /><br /></div>The component isn't added during a build, it's added as soon as your changes are saved.<br /><br />Again, please confirm whether you're checking the actual configuration file on disc or just using the default component editor and assuming that the attributes are not being saved properly.<br /><br />- Dave<br />",
    "PostedDate": "2008-03-05T17:00:10.5-08:00",
    "UserRole": null,
    "MarkedAsAnswerDate": null
  },
  {
    "Id": "78582",
    "ThreadId": "21592",
    "Html": "\r\nI do appreciate the input. It has been quite a process (and comedy of errors) getting as far as I have.<br /><br />I did try pasting in the text from notepad and it still wasn't save when I used the VS \"SaveAll\".<br /><br />davedev's assumptions are correct.<br />1. I am using the default component editor by clicking the ellipses button from within a stack editor dialog<br />2. I select \"Help 1.x build component stack {sandcastle.help1x.config}\"<br />3. I am looking at   Help\\Presentation\\Style\\Configuration\\sandcastle.help1x.config for my edits.<br />4. When I open the file manually nothing is saved, not even the codeblock component, much less the assembly attribute.<br /><br />Which explains why nothing is changed in the build. <br />It appears the VS DocProject edits are not making it to the file.<br /><br />I can go back to VS and \\tools\\options\\docproject,  <br />Activeproject, <br />Help 1.x build component stack {sandcastle.help1x.config} <br />select the ellipse<br />and the components are there.<br /><br />Ddewitt<br />",
    "PostedDate": "2008-03-05T18:21:43.713-08:00",
    "UserRole": null,
    "MarkedAsAnswerDate": null
  },
  {
    "Id": "78603",
    "ThreadId": "21592",
    "Html": "\r\nI think I am nearly there.<br /><br />I focused on why the config file wasn't showing any edits. <br />VS wasn't saving the file. It had to be explicitly checked out of source control and open in VS. Then the config edits got saved.<br /><br />It is breaking on the path to the files right now, but I think I just need to sort out what are valid paths for DocProject and Sandcastle.<br /><br />Thanks<br />Dennis<br />",
    "PostedDate": "2008-03-05T20:39:40.723-08:00",
    "UserRole": null,
    "MarkedAsAnswerDate": null
  },
  {
    "Id": "78636",
    "ThreadId": "21592",
    "Html": "\r\nHi Dennis, <br /><br /><div class=\"quote\" style=\"border: dotted .1em #aaa; border-left: none; border-right: none; font-style: italic; margin: 1em 0em 2.5em 3em;padding: .2em;\"><br />VS wasn't saving the file. It had to be explicitly checked out of source control and open in VS. Then the config edits got saved<br /><br /></div>Can you check the <a href=\"http://www.codeplex.com/DocProject/Wiki/View.aspx?title=How%20to%20Diagnose%20and%20Resolve%20Issues#eventlog\" class=\"externalLink\">Application event log<span class=\"externalLinkIcon\" style=\"font-family:Consolas, Courier New, Courier, Monospace;\"></span></a> for errors please?  A stack trace may help me to determine where it's failing and, if possible, I'll have DocProject check-out the file automatically to prevent this issue.<br /><br />Actually, automatically checking out files was on my to-do list for a while now, but I think you're the first person to actually report an issue that depended on it.<br /><br /><div class=\"quote\" style=\"border: dotted .1em #aaa; border-left: none; border-right: none; font-style: italic; margin: 1em 0em 2.5em 3em;padding: .2em;\"><br />It is breaking on the path to the files right now, but I think I just need to sort out what are valid paths for DocProject and Sandcastle.<br /><br /></div>If the component allows it, relative paths should be used to the various folders in the project.  For example, to reference the <i>Art</i> folder you would use: <i>..\\..\\Help\\Art</i>.  Look at the other components for examples.<br /><br />Thanks for the feedback, <br />Dave<br />",
    "PostedDate": "2008-03-06T00:20:52.7-08:00",
    "UserRole": null,
    "MarkedAsAnswerDate": null
  },
  {
    "Id": "78824",
    "ThreadId": "21592",
    "Html": "\r\nCode is being pulled into my doc set!! Sweet.<br />This is a GREAT feature. <br /><br />I did check the event log and the only logged failures were the build failures.<br />It appears that the DocProject save fails silently.<br /><br />I made new saves without the file checked out, the save failed to save, nothing appears in the event log (that I see).<br /><br />Thanks for the help guys, even when you didn't know precisely what was wrong you got me looking at the right issue.<br /><br />",
    "PostedDate": "2008-03-06T13:06:48.563-08:00",
    "UserRole": null,
    "MarkedAsAnswerDate": null
  },
  {
    "Id": "78854",
    "ThreadId": "21592",
    "Html": "\r\nHi Dennis, <br /><br />Nice to hear that you got it working :)<br /><br /><div class=\"quote\" style=\"border: dotted .1em #aaa; border-left: none; border-right: none; font-style: italic; margin: 1em 0em 2.5em 3em;padding: .2em;\"><br />I did check the event log and the only logged failures were the build failures.<br />It appears that the DocProject save fails silently.<br /><br /></div>What source control provider are you using?  I tried to reproduce the issue with Visual Source Safe but I couldn't.<br /><br />With the <i>sandcastle.help1x.config</i> file checked in, I opened the stack editor and added a new build component.  After closing the stack editor dialog I clicked <b>Save All</b> in Visual Studio and got an error message box: <br /><br /><div class=\"quote\" style=\"border: dotted .1em #aaa; border-left: none; border-right: none; font-style: italic; margin: 1em 0em 2.5em 3em;padding: .2em;\"><br />Error saving project: TestDocSite.  Access to the path \"...\\sandcastle.help1x.config\" is denied.<br /><br /></div>Obviously it's because the file is read-only.  I also got a stack trace in the Application event log that indicated the origin of the error.  Not surprisingly it was: <span class=\"codeInline\" style=\"font-family:Consolas, Courier New, Courier, Monospace;\">DaveSexton.DocProject.Sandcastle.BuildComponents.SandcastleBuildComponentManager.SaveChanges()</span>.<br /><br />After clicking OK on the error dialog I immediately tried <b>Save All</b> again and got the same error.  So I checked out the config file manually and then tried <b>Save All</b> one last time - it saved the changes correctly.<br /><br />It's not the best behavior, but it works.  Is it safe to assume that you didn't get any error dialog?<br /><br />I guess it's possible that I inadvertently fixed the issue in 1.10.0 RC, although I think it's unlikely.  (You're using 1.9.0, right?)<br /><br />- Dave<br />",
    "PostedDate": "2008-03-06T16:03:54.907-08:00",
    "UserRole": null,
    "MarkedAsAnswerDate": null
  },
  {
    "Id": "78893",
    "ThreadId": "21592",
    "Html": "\r\nVictory is sweet. <br />It likes like they are using source depot (I see the source depot browser in the install tree).<br />And, we both made it work so...<br /><br />Yes, they are using 1.9.0.<br /><br />Thanks again, I'll look brilliant on the next contract.<br />",
    "PostedDate": "2008-03-06T20:47:08.36-08:00",
    "UserRole": null,
    "MarkedAsAnswerDate": null
  },
  {
    "Id": "78918",
    "ThreadId": "21592",
    "Html": "\r\nHi Dennis, <br /><br />I just added an update to DocProject that will be part of 1.11.0 RC.  It provides a way to automatically check-out a file before it's edited.  I added the fix to <span class=\"codeInline\" style=\"font-family:Consolas, Courier New, Courier, Monospace;\">SandcastleBuildComponentManager.SaveChanges()</span> and tested it with Visual Source Safe.  The result was that when I clicked <b>Save All</b>, Visual Studio's <i>Checking out...</i> dialog popped up and checked out the file immediately before the code that writes to it could execute, solving the problem.<br /><br />If <i>Source Depot</i> is a <b>Microsoft Source Code Control Interface</b> (MSSCCI) provider then I believe that it should work the same way.<br /><br />Here's the work item: <br /><br />Source Control: Automatic Check-Out Before Writes<br /><a href=\"http://www.codeplex.com/DocProject/WorkItem/View.aspx?WorkItemId=15496\" class=\"externalLink\">http://www.codeplex.com/DocProject/WorkItem/View.aspx?WorkItemId=15496<span class=\"externalLinkIcon\" style=\"font-family:Consolas, Courier New, Courier, Monospace;\"></span></a><br /><br />I'm going to add the same fix to various other file-write operations in DocProject as well.<br /><br />In case you want to update the 1.9.0 source code yourself (<a href=\"http://www.codeplex.com/DocProject/Wiki/View.aspx?title=How%20To%20Use%20The%20Source%20Code\" class=\"externalLink\">How To Use The Source Code<span class=\"externalLinkIcon\" style=\"font-family:Consolas, Courier New, Courier, Monospace;\"></span></a>), the first change that I made was to add a new method to the <a href=\"http://www.codeplex.com/DocProject/SourceControl/FileView.aspx?itemId=309363&amp;changeSetId=30985\" class=\"externalLink\">DaveSexton.DocProject.IProjectItem<span class=\"externalLinkIcon\" style=\"font-family:Consolas, Courier New, Courier, Monospace;\"></span></a> interface: <br /><br /><pre style=\"background-color:#ECECEC; border:dashed .1em #3E62A6; font-family:Consolas, Courier New, Courier, Monospace; font-size:1em; margin-top:0; padding:.5em; height:auto; overflow:auto; overflow-x:auto; overflow-y:auto;\">\r\nbool CheckOut();\r\n</pre>I then created an abstract method in <span class=\"codeInline\" style=\"font-family:Consolas, Courier New, Courier, Monospace;\">ProjectItemBase</span> and added the following implementation to <span class=\"codeInline\" style=\"font-family:Consolas, Courier New, Courier, Monospace;\">VSProjectItem</span>: <br /><br /><pre style=\"background-color:#ECECEC; border:dashed .1em #3E62A6; font-family:Consolas, Courier New, Courier, Monospace; font-size:1em; margin-top:0; padding:.5em; height:auto; overflow:auto; overflow-x:auto; overflow-y:auto;\">\r\npublic override bool CheckOut()\r\n{\r\n  if (project.DTE.SourceControl.IsItemUnderSCC(Path))\r\n    return project.DTE.SourceControl.CheckOutItem(Path);\r\n  else\r\n    return true;\r\n}\r\n</pre>Here's the <i>DaveSexton.DocProject.MSBuild.MSBuildProjectItem</i> implementation: <br /><br /><pre style=\"background-color:#ECECEC; border:dashed .1em #3E62A6; font-family:Consolas, Courier New, Courier, Monospace; font-size:1em; margin-top:0; padding:.5em; height:auto; overflow:auto; overflow-x:auto; overflow-y:auto;\">\r\npublic override bool CheckOut()\r\n{\r\n  FileAttributes attributes = File.GetAttributes(Path);\r\n \r\n  if ((attributes &amp; FileAttributes.ReadOnly) == FileAttributes.ReadOnly)\r\n    File.SetAttributes(Path, attributes &amp; ~FileAttributes.ReadOnly);\r\n \r\n  return true;\r\n}\r\n</pre>And finally, immediately before the <i>using</i> block that creates an <i>XmlWriter</i> in the <span class=\"codeInline\" style=\"font-family:Consolas, Courier New, Courier, Monospace;\">SandcastleBuildComponentManager.SaveChanges</span> method, I added the following code: <br /><br /><pre style=\"background-color:#ECECEC; border:dashed .1em #3E62A6; font-family:Consolas, Courier New, Courier, Monospace; font-size:1em; margin-top:0; padding:.5em; height:auto; overflow:auto; overflow-x:auto; overflow-y:auto;\">\r\nif (!options.Project.GetItem(configFile).CheckOut())\r\n  throw new CheckoutException();\r\n</pre><br />- Dave<br />",
    "PostedDate": "2008-03-07T01:36:21.08-08:00",
    "UserRole": null,
    "MarkedAsAnswerDate": null
  }
]