[
  {
    "Id": "111230",
    "ThreadId": "33570",
    "Html": "This morning and for the last 4 weeks my SHFB project has been working fine. I'm building a HtmlHelp1.x file only.<br>\r\nThis afternoon, I went to do a build and hhc.exe keeps crashing. I get the old &quot;Microsoft HTML Help Compiler has stopped working&quot; dialog about 4 minutes into the build.<br>\r\nI haven't changed any settings that I'm aware of, however I noticed that Windows Update installed some goodies last night (I have Vista Ultimate).<br>\r\nThinking I needed to reinstall HtmlHelp again, I downloaded the latest version from microsoft's site, tried installing it and got a &quot;your computer has a more recent version of HtmlHelp&quot;.<br>\r\n<br>\r\nSo I'm stuck.<br>\r\n<br>\r\nIs there anywhere to see what the problem is? There is nothing in the SHFB logs that indicates a failure. Could it be some malformed/illegal Xml that hhc is choking on?<br>\r\n<br>\r\nAny help would be greatly appreciated.&nbsp; <br>\r\nRoger<br>\r\n<br>\r\n",
    "PostedDate": "2008-08-14T16:37:57.69-07:00",
    "UserRole": null,
    "MarkedAsAnswerDate": null
  },
  {
    "Id": "111258",
    "ThreadId": "33570",
    "Html": "I'm running Vista Ultimate and have all the current OS updates and don't have any problems building Help 1 projects.&nbsp; You might try a different project to see if it happens to others and also try building on a different PC if that's an option.&nbsp; That should help isolate it to either the PC or the project.&nbsp; If it's a multi-assembly project, you might try removing assemblies to see if one in particular causes the problem.&nbsp; You can also use the API filter to eliminate namespaces and/or classes to see if there's something in particular that causes the issue.<br>\r\n<br>\r\nEric<br>\r\n",
    "PostedDate": "2008-08-14T18:56:34.377-07:00",
    "UserRole": null,
    "MarkedAsAnswerDate": null
  },
  {
    "Id": "111267",
    "ThreadId": "33570",
    "Html": "Hello,<br>\r\nThat there is no error message will make it difficult for Eric to help. Please try this....<br>\r\n<br>\r\nI think SHFB will generate a HtmlHelp 1.x project file. Go to the working directory, open<br>\r\nthis project file in the Microsoft Help Workshop and build it directly.<br>\r\n<br>\r\nBest regards,<br>\r\nPaul.\r\n",
    "PostedDate": "2008-08-14T19:42:37.31-07:00",
    "UserRole": null,
    "MarkedAsAnswerDate": null
  },
  {
    "Id": "111278",
    "ThreadId": "33570",
    "Html": "Hi Eric,<br>\r\n<br>\r\nSo here's what I've discovered:<br>\r\nI can build my project as a website or in HtmlHelp2.x format, but hhc.exe crashes when I try to build a HtmlHelp1.<br>\r\nI created a simple 'Hello World' app and documented it using HtmlHelp1. It worked.<br>\r\nI tried building my original project on another PC (WinXP) and hhc.exe crashed!<br>\r\nSo it must be my project and not a corrupt install of HtmlHelp.<br>\r\nIn SHFB I enabled the 'Additional Content Only' plugin. It still crashed.<br>\r\nI created a new project, and added the same assemblies I am documenting, but did not add the conceptual content. It did NOT crash.<br>\r\nSo must be something in my conceptual help. I'm in the process now of unwinding every topic I've added. Very frustrating, but intriguing as well.<br>\r\nI'll let you know what I find.<br>\r\n<br>\r\nRoger<br>\r\n<br>\r\n",
    "PostedDate": "2008-08-14T21:49:45.703-07:00",
    "UserRole": null,
    "MarkedAsAnswerDate": null
  },
  {
    "Id": "111385",
    "ThreadId": "33570",
    "Html": "I figured out what is causing my problem, but I still don't understand why...<br>\r\nIt turns out I had an image called &quot;Phoenix.HttpHandlers.png&quot; that was causing hhc to crash. I thought maybe the extra period might have something <br>\r\nto do with it, so I renamed it to &quot;Phoenix_HttpHandlers.png&quot; and voila it worked.<br>\r\nBut I have several images that have periods in the filenames. &quot;Phoenix.DAL.png&quot;, &quot;Phoenix.Utilities.png&quot; etc. and they all work fine. <br>\r\nSo I don't know why just that one would be a problem.<br>\r\n<br>\r\nBut anyways, the HtmlHelp1 compiles now so I'm happy. <br>\r\n<br>\r\nIf anyone else notices hhc mysteriously crashing, check the filenames of your images!&nbsp; :)<br>\r\n<br>\r\nRoger<br>\r\n<br>\r\n",
    "PostedDate": "2008-08-15T09:19:25.967-07:00",
    "UserRole": null,
    "MarkedAsAnswerDate": null
  },
  {
    "Id": "111411",
    "ThreadId": "33570",
    "Html": "Thanks for the info.&nbsp; I'll add it to the FAQ.&nbsp; There's a known issue where if your path contains a folder name that ends with &quot;.help&quot; or &quot;.hlp&quot;, it can cause lots of spurious&nbsp;HHC3002 and HHC3004 errors.&nbsp; The fix is the same (change the period to an underscore in the folder name).&nbsp; This may be related but in this case a filename with &quot;.H&quot; in it causes it to crash rather than generate errors.<br>\r\n<br>\r\nEric<br>\r\n",
    "PostedDate": "2008-08-15T12:13:10.927-07:00",
    "UserRole": null,
    "MarkedAsAnswerDate": null
  }
]