[
  {
    "Id": "106553",
    "ThreadId": "32096",
    "Html": "Sorry about the off-topic post...but it might be of interest to some.<br>\r\n<br>\r\nWhat spell checker are people using for authoring their MAML documents? I'm looking for a good, preferably open source checker that either plugs into VisualStudio or the SHFB conceptual help editor. <br>\r\n<br>\r\nFor those that are writing wysiwyg MAML editors, this would be a great feature!<br>\r\n<br>\r\nRoger<br>\r\n<br>\r\n",
    "PostedDate": "2008-07-23T08:34:18.44-07:00",
    "UserRole": null,
    "MarkedAsAnswerDate": null
  },
  {
    "Id": "106631",
    "ThreadId": "32096",
    "Html": "Hi Roger, <br>\r\n<br>\r\nI'm currently writing a WYSIWYG editor for MAML based on WPF, which provides spell checking out-of-the-box.&nbsp; The screen shot in the following blog post shows the red squigglies :)<br>\r\n<br>\r\nMAML Editor Progress II<br>\r\n<a href=\"http://davesexton.com/blog/blogs/blog/archive/2008/07/08/maml-editor-progress-ii.aspx\">http://davesexton.com/blog/blogs/blog/archive/2008/07/08/maml-editor-progress-ii.aspx</a><br>\r\n<br>\r\nIn the mean time though I haven't been using a spell checker in VS when authoring MAML, although I probably should be :)<br>\r\n<br>\r\nA quick search on the Visual Studio Gallery reveals some candidate packages: <br>\r\n<br>\r\n<a href=\"http://www.visualstudiogallery.com/Results.aspx?query=spell\">http://www.visualstudiogallery.com/Results.aspx?query=spell</a><br>\r\n<br>\r\n- Dave\r\n",
    "PostedDate": "2008-07-23T14:18:53.52-07:00",
    "UserRole": null,
    "MarkedAsAnswerDate": null
  },
  {
    "Id": "106670",
    "ThreadId": "32096",
    "Html": "For Visual Studio, I use one installed by Visual Assist and freeware by the&nbsp;Visual Studio Web Team:&nbsp;<br>\r\n<a href=\"http://blogs.msdn.com/webdevtools/archive/2007/12/13/spell-checker-for-html-asp-net-jscript-vb-c-css-and-c-for-visual-studio-2005-and-2008.aspx\">Spell Checker Add-In to Visual Studio 2005/2008</a>.<br>\r\n<br>\r\nBest regards,<br>\r\nPaul.\r\n",
    "PostedDate": "2008-07-23T17:31:46.513-07:00",
    "UserRole": null,
    "MarkedAsAnswerDate": null
  },
  {
    "Id": "107538",
    "ThreadId": "32096",
    "Html": "Hi Dave,<br>\r\n<br>\r\nYour MAML editor looks great and I can't wait to test drive it!&nbsp; I'm getting a bit bug-eyed from using the Xml editor in VisualStudio. Although my new favourite shortcut key is now CTRL+K, CTRL+S which surrounds the highlighted text in an Xml element... which is great for turning text into &lt;link&gt;s.&nbsp; :)<br>\r\n<br>\r\nRoger<br>\r\n<br>\r\n",
    "PostedDate": "2008-07-28T12:03:58.267-07:00",
    "UserRole": null,
    "MarkedAsAnswerDate": null
  },
  {
    "Id": "107671",
    "ThreadId": "32096",
    "Html": "Thanks Roger.&nbsp; I'll continue to post&nbsp;updates in my blog until I've prepared a preview version of the MAML editor as an initial release.<br>\r\n<br>\r\nNote that I have fallen behind in my plans due to unexpected&nbsp;employment (with strict deadlines)&nbsp;but I'm still working on some stuff in the editor&nbsp;that is absolutely necessary before I can deploy the first release.&nbsp; Hopefully with a couple of full-time days next weekend I'll be able to get something out into the community next week.<br>\r\n<br>\r\nI know people are&nbsp;anticipating this (I've received a few emails :) and I just want to thank everyone for their patience while I continue to develop&nbsp;it.<br>\r\n<br>\r\n- Dave\r\n",
    "PostedDate": "2008-07-29T02:44:56.153-07:00",
    "UserRole": null,
    "MarkedAsAnswerDate": null
  }
]