[
  {
    "Id": "496027",
    "ThreadId": "227860",
    "Html": "<p>I have some classes that are generated from an Entity Framework data model (.edmx file).&nbsp; I'd like to comment them with Sandcastle.&nbsp; The most natural course would be to enter the comments in the edmx's Documentation section, but Sandcastle is not picking up those comments.</p>\r\n<p>How can I make Sandcastle document classes that are generated from the Entity Framework?</p>",
    "PostedDate": "2010-09-20T07:41:28.68-07:00",
    "UserRole": null,
    "MarkedAsAnswerDate": null
  },
  {
    "Id": "497037",
    "ThreadId": "227860",
    "Html": "<p>As long as you've enabled generation of the XML comments file for the project containing the Entity Framework model classes, you should see their comments in the XML comments file generated by the build.&nbsp; Note that only the &lt;summary&gt; element comments will get used.&nbsp; the &lt;LongDescription&gt; element isn't a valid XML comments element and Sandcastle will not pick it up.&nbsp; Support for it could be added to the Sandcastle XSL transformations to treat it like a &lt;remarks&gt; element if needed.&nbsp; I'm not sure where you'd put documentation for the object context class itself and its members as there doesn't appear to be a place to add documentation for those items and they end up with the generic &quot;no metadata available&quot; comments.</p>\r\n<p>Eric</p>\r\n<p>&nbsp;</p>",
    "PostedDate": "2010-09-22T08:20:15.017-07:00",
    "UserRole": null,
    "MarkedAsAnswerDate": null
  },
  {
    "Id": "497225",
    "ThreadId": "227860",
    "Html": "<p>Thanks.&nbsp; I didn't realize that one more aspect of my situation may be important, namely that I'm creating self-tracking entities per <a href=\"http://msdn.microsoft.com/en-us/library/ee789839.aspx\">http://msdn.microsoft.com/en-us/library/ee789839.aspx</a>.&nbsp; Perhaps because of the extra links in the chain, the XML comments do not even include the summary information from the edmx.</p>\r\n<p>Fortunately, the post at <a href=\"http://joyofexcellence.com/blog/index.php/2010/01/16/xml-comments-for-entity-framework/\">http://joyofexcellence.com/blog/index.php/2010/01/16/xml-comments-for-entity-framework/</a>&nbsp;came to my rescue just moments ago.&nbsp; It tells how to modify the .tt file to carry both the Summary and LongDescription into the XML comments.</p>",
    "PostedDate": "2010-09-22T14:13:53.397-07:00",
    "UserRole": null,
    "MarkedAsAnswerDate": null
  }
]