[
  {
    "Id": "489692",
    "ThreadId": "226201",
    "Html": "<div id=\"ctl00_ctl00_MasterContent_Content_PostRepeater_ctl00_BodyDiv\">\r\n<p>I've been using Sandcastle for some  time with plugins and producing output correctly.</p>\r\n<p>I recently added in some extra content pages to the eventual CHM but  the links to the files in the reference guide have to be hard coded to  the pages using href tags. This means that I can't run my plugins  through the extra pages.</p>\r\n<p>I recently started tryin to mix the conceptual content into the mix  to solve this problem, but so far have been unsuccessful.</p>\r\n<p>Has anyone got an example of successully mixing conceptual help with  the reference guide help? i.e. mixing the sandcastle.config an  conceptual.config into a single.config?</p>\r\n<p>The table of contents is something I can worry about later (along  with the chm which will be ok), but for now i just want to process the  content from both into a single config file so that my files can cross  link between the two sets of documentation.</p>\r\n</div>",
    "PostedDate": "2010-09-06T05:08:19.69-07:00",
    "UserRole": null,
    "MarkedAsAnswerDate": null
  },
  {
    "Id": "489885",
    "ThreadId": "226201",
    "Html": "<p>&gt;&gt;<span style=\"color:#30332d\"><em>&nbsp;I recently started tryin to mix the conceptual content into the mix to solve this problem, but so far have been unsuccessful</em>.</span></p>\r\n<p><span style=\"color:#30332d\">The conceptual content is really powerful and extensible, and should be able to meet your needs.</span></p>\r\n<p><span style=\"color:#30332d\"><span>&gt;&gt;<em>Has anyone got an example of successully mixing conceptual help with the reference guide help</em>?</span></span></p>\r\n<p><span style=\"color:#30332d\"><span>Combining the conceptual and reference topics is simply. You do not need to combine the configuration files<br>since each is designed to act separately and differently.</span></span></p>\r\n<p><span style=\"color:#30332d\"><span>What you will need to do is to split the build steps.</span></span></p>\r\n<ol>\r\n<li><span style=\"color:#30332d\">The first set of steps create the reflections, combining the XML document comments and generating the reference TOC.</span></li>\r\n<li><span style=\"color:#30332d\">You will need the reference files above to resolve the links in the conceptual topics.</span></li>\r\n<li><span style=\"color:#30332d\">Create the conceptual TOC and merge that with the reference to form the final TOC.</span></li>\r\n<li><span style=\"color:#30332d\">Build the conceptual topics to generate the HTML (running BuildAssembler the conceptual.config)</span></li>\r\n<li><span style=\"color:#30332d\">Build the reference topics to generate the HTML (running BuildAssembler on the sandcastle.config)</span></li>\r\n<li><span style=\"color:#30332d\">Making sure the output directory is the same for both the conceptual and reference tools.</span></li>\r\n<li><span style=\"color:#30332d\">Finally run your build tools like the CHM and HXS compilers to complete the process.</span></li>\r\n</ol>\r\n<p><span style=\"color:#30332d\">You may use tools like SHFB and DocProject, which will perform these steps and more for you.<br></span><span style=\"color:#30332d\">However, if you wish to completely control the build steps you can use my library at <a title=\"Sandcastle Assist Project\" href=\"http://sandassist.codeplex.com/\">Sandcastle Assist</a>.</span></p>\r\n<p><span style=\"color:#30332d\">NOTE: Splitting the build steps is all you need if you want to integrate your own contents, which are not Sandcastle<br>conceptual topics, since after running the BuildAssembler on the conceptual.config, you will get the HTML similar to<br>your own contents, so it is essentially the same.&nbsp;</span></p>\r\n<p><span style=\"color:#30332d\">Both the DocProject and the Sandcastle Assist do not yet support the current Sandcastle release. <br>I have completed the support in the Sandcastle Assist, and was trying to complete some other changes in the build process this<br>weekend to upload the codes. However, I will be busy this weekend helping with a fun-raising concert for&nbsp;orphans. &nbsp;The updates<br>will definitely be uploaded by Sept. 20.</span></p>\r\n<p><span style=\"color:#30332d\">Best regards,<br>Paul.&nbsp;</span></p>",
    "PostedDate": "2010-09-06T18:33:11.877-07:00",
    "UserRole": null,
    "MarkedAsAnswerDate": null
  },
  {
    "Id": "490347",
    "ThreadId": "226201",
    "Html": "<p>Can you describe your scenario in more detail?&nbsp; You say you are using plug-ins to produce the output.&nbsp; In what way?&nbsp; Are you generating the conceptual topics at build time?&nbsp; Linking from a MAML topic to an API topic is accomplished using the &lt;codeEntityReference&gt; element.&nbsp; There is no equivalent for linking from an API topic (XML comments) to a MAML topic.&nbsp; As you mentioned, you need to use an anchor tag with an href attribute that references the topic's page name (topic ID + &quot;.htm&quot;).</p>\r\n<p>The conceptual and API topic builds are distinct and must be done separately.&nbsp; I doubt you could combine them into a single build using one configuration file.&nbsp; In theory, you could put the configuration for just the ResolveConceptualLinksComponent from conceptual.config in sandcastle.config so that it handles any &lt;conceptualLink&gt; elements that it finds in the XML comments.&nbsp; It would probably go just above the ResolveReferenceLinksComponent2.&nbsp; You'd have to use &lt;conceptualLink&gt;&nbsp;elements rather than anchor tags to reference the MAML topics in the XML comments.&nbsp; You'd still need to know the topic's ID so there's not much difference really and it may not be worth the effort since the anchor tag accomplishes the same thing.</p>\r\n<p>Eric</p>\r\n<p>&nbsp;</p>",
    "PostedDate": "2010-09-07T13:13:01.407-07:00",
    "UserRole": null,
    "MarkedAsAnswerDate": null
  },
  {
    "Id": "494483",
    "ThreadId": "226201",
    "Html": "<p>Ok I've found a way. Trick seems to be to use the IFThenComponent to switch between the two forms of document then resolve all other xml in the sandcastle config in a similar way.</p>\r\n<p>This does mean you need to have a specific first few hex characters for the conceptual ids as well as different index names for the conceptual documentation from the VS generated xml.</p>\r\n<p>for example the skeleton is:</p>\r\n<p>&nbsp;&nbsp;&nbsp; &nbsp;&nbsp;&nbsp; &nbsp;&nbsp;&nbsp; &nbsp;&nbsp;&nbsp; &lt;component type=&quot;Microsoft.Ddue.Tools.IfThenComponent&quot; assembly=&quot;%DXROOT%\\ProductionTools\\BuildComponents.dll&quot;&gt;<br>&nbsp;&nbsp;&nbsp; &nbsp;&nbsp;&nbsp; &nbsp;&nbsp;&nbsp; &nbsp;&nbsp;&nbsp; &nbsp;&nbsp;&nbsp; &lt;if condition=&quot;starts-with($key, '1234567')&quot; /&gt;<br>&nbsp;&nbsp;&nbsp; &nbsp;&nbsp;&nbsp; &nbsp;&nbsp;&nbsp; &nbsp;&nbsp;&nbsp; &nbsp;&nbsp;&nbsp; &lt;then&gt;<br>&nbsp;&nbsp;&nbsp; &nbsp;&nbsp;&nbsp; &nbsp;&nbsp;&nbsp; &nbsp;&nbsp;&nbsp; &nbsp;&nbsp;&nbsp; &nbsp;&nbsp;&nbsp; &lt;!-- Create skeleton document --&gt;<br>&nbsp;&nbsp;&nbsp; &nbsp;&nbsp;&nbsp; &nbsp;&nbsp;&nbsp; &nbsp;&nbsp;&nbsp; &nbsp;&nbsp;&nbsp; &nbsp;&nbsp;&nbsp; &lt;component type=&quot;Microsoft.Ddue.Tools.CopyFromFileComponent&quot; assembly=&quot;%DXROOT%\\ProductionTools\\BuildComponents.dll&quot;&gt;<br>&nbsp;&nbsp;&nbsp; &nbsp;&nbsp;&nbsp; &nbsp;&nbsp;&nbsp; &nbsp;&nbsp;&nbsp; &nbsp;&nbsp;&nbsp; &nbsp;&nbsp;&nbsp; &nbsp;&nbsp;&nbsp; &lt;data file=&quot;%DXROOT%\\Presentation\\Vs2005\\Transforms\\skeleton_conceptual.xml&quot; /&gt;<br>&nbsp;&nbsp;&nbsp; &nbsp;&nbsp;&nbsp; &nbsp;&nbsp;&nbsp; &nbsp;&nbsp;&nbsp; &nbsp;&nbsp;&nbsp; &nbsp;&nbsp;&nbsp; &nbsp;&nbsp;&nbsp; &lt;copy source=&quot;/*&quot; target=&quot;/&quot; /&gt;<br>&nbsp;&nbsp;&nbsp; &nbsp;&nbsp;&nbsp; &nbsp;&nbsp;&nbsp; &nbsp;&nbsp;&nbsp; &nbsp;&nbsp;&nbsp; &nbsp;&nbsp;&nbsp; &lt;/component&gt;<br>&nbsp;&nbsp;&nbsp; &nbsp;&nbsp;&nbsp; &nbsp;&nbsp;&nbsp; &nbsp;&nbsp;&nbsp; &nbsp;&nbsp;&nbsp; &lt;/then&gt;<br>&nbsp;&nbsp;&nbsp; &nbsp;&nbsp;&nbsp; &nbsp;&nbsp;&nbsp; &nbsp;&nbsp;&nbsp; &nbsp;&nbsp;&nbsp; &lt;else&gt;<br>&nbsp;&nbsp;&nbsp; &nbsp;&nbsp;&nbsp; &nbsp;&nbsp;&nbsp; &nbsp;&nbsp;&nbsp; &nbsp;&nbsp;&nbsp; &nbsp;&nbsp;&nbsp; &lt;!-- Create skeleton document --&gt;<br>&nbsp;&nbsp;&nbsp; &nbsp;&nbsp;&nbsp; &nbsp;&nbsp;&nbsp; &nbsp;&nbsp;&nbsp; &nbsp;&nbsp;&nbsp; &nbsp;&nbsp;&nbsp; &lt;component type=&quot;Microsoft.Ddue.Tools.CopyFromFileComponent&quot; assembly=&quot;%DXROOT%\\ProductionTools\\BuildComponents.dll&quot;&gt;<br>&nbsp;&nbsp;&nbsp; &nbsp;&nbsp;&nbsp; &nbsp;&nbsp;&nbsp; &nbsp;&nbsp;&nbsp; &nbsp;&nbsp;&nbsp; &nbsp;&nbsp;&nbsp; &nbsp;&nbsp;&nbsp; &lt;data file=&quot;%DXROOT%\\Presentation\\vs2005\\Transforms\\skeleton.xml&quot; /&gt;<br>&nbsp;&nbsp;&nbsp; &nbsp;&nbsp;&nbsp; &nbsp;&nbsp;&nbsp; &nbsp;&nbsp;&nbsp; &nbsp;&nbsp;&nbsp; &nbsp;&nbsp;&nbsp; &nbsp;&nbsp;&nbsp; &lt;copy source=&quot;/*&quot; target=&quot;/&quot; /&gt;<br>&nbsp;&nbsp;&nbsp; &nbsp;&nbsp;&nbsp; &nbsp;&nbsp;&nbsp; &nbsp;&nbsp;&nbsp; &nbsp;&nbsp;&nbsp; &nbsp;&nbsp;&nbsp; &lt;/component&gt;<br>&nbsp;&nbsp;&nbsp; &nbsp;&nbsp;&nbsp; &nbsp;&nbsp;&nbsp; &nbsp;&nbsp;&nbsp; &nbsp;&nbsp;&nbsp; &lt;/else&gt;<br>&nbsp;&nbsp;&nbsp; &nbsp;&nbsp;&nbsp; &nbsp;&nbsp;&nbsp; &nbsp;&nbsp;&nbsp; &lt;/component&gt;</p>\r\n<p>&nbsp;</p>\r\n<p>also need to remove the syntax generators:</p>\r\n<p>&nbsp;&nbsp;&nbsp; &nbsp;&nbsp;&nbsp; &nbsp;&nbsp;&nbsp; &nbsp;&nbsp;&nbsp; &lt;!-- Generate syntax --&gt;<br>&nbsp;&nbsp;&nbsp; &nbsp;&nbsp;&nbsp; &nbsp;&nbsp;&nbsp; &nbsp;&nbsp;&nbsp; &lt;component type=&quot;Microsoft.Ddue.Tools.IfThenComponent&quot; assembly=&quot;%DXROOT%\\ProductionTools\\BuildComponents.dll&quot;&gt;<br>&nbsp;&nbsp;&nbsp; &nbsp;&nbsp;&nbsp; &nbsp;&nbsp;&nbsp; &nbsp;&nbsp;&nbsp; &nbsp;&nbsp;&nbsp; &lt;if condition=&quot;not(starts-with($key,'Overload:') or starts-with($key,'R:')) and not(starts-with($key, '1234567'))&quot; /&gt;<br>&nbsp;&nbsp;&nbsp; &nbsp;&nbsp;&nbsp; &nbsp;&nbsp;&nbsp; &nbsp;&nbsp;&nbsp; &nbsp;&nbsp;&nbsp; &lt;then&gt;<br>&nbsp;&nbsp;&nbsp; &nbsp;&nbsp;&nbsp; &nbsp;&nbsp;&nbsp; &nbsp;&nbsp;&nbsp; &nbsp;&nbsp;&nbsp; &nbsp;&nbsp;&nbsp; &lt;component type=&quot;Microsoft.Ddue.Tools.SyntaxComponent&quot; assembly=&quot;%DXROOT%\\ProductionTools\\BuildComponents.dll&quot;&gt;<br>&nbsp;&nbsp;&nbsp; &nbsp;&nbsp;&nbsp; &nbsp;&nbsp;&nbsp; &nbsp;&nbsp;&nbsp; &nbsp;&nbsp;&nbsp; &nbsp;&nbsp;&nbsp; &nbsp;&nbsp;&nbsp; &lt;syntax input=&quot;/document/reference&quot; output=&quot;/document/syntax&quot; /&gt;<br>&nbsp;&nbsp;&nbsp; &nbsp;&nbsp;&nbsp; &nbsp;&nbsp;&nbsp; &nbsp;&nbsp;&nbsp; &nbsp;&nbsp;&nbsp; &nbsp;&nbsp;&nbsp; &nbsp;&nbsp;&nbsp; &lt;generators&gt;<br>&nbsp;&nbsp;&nbsp; &nbsp;&nbsp;&nbsp; &nbsp;&nbsp;&nbsp; &nbsp;&nbsp;&nbsp; &nbsp;&nbsp;&nbsp; &nbsp;&nbsp;&nbsp; &nbsp;&nbsp;&nbsp; &nbsp;&nbsp;&nbsp; &lt;generator type=&quot;Microsoft.Ddue.Tools.VisualBasicDeclarationSyntaxGenerator&quot; assembly=&quot;%DXROOT%\\ProductionTools\\SyntaxComponents.dll&quot; /&gt;<br>&nbsp;&nbsp;&nbsp; &nbsp;&nbsp;&nbsp; &nbsp;&nbsp;&nbsp; &nbsp;&nbsp;&nbsp; &nbsp;&nbsp;&nbsp; &nbsp;&nbsp;&nbsp; &nbsp;&nbsp;&nbsp; &nbsp;&nbsp;&nbsp; &lt;generator type=&quot;Microsoft.Ddue.Tools.CSharpDeclarationSyntaxGenerator&quot; assembly=&quot;%DXROOT%\\ProductionTools\\SyntaxComponents.dll&quot; /&gt;<br>&nbsp;&nbsp;&nbsp; &nbsp;&nbsp;&nbsp; &nbsp;&nbsp;&nbsp; &nbsp;&nbsp;&nbsp; &nbsp;&nbsp;&nbsp; &nbsp;&nbsp;&nbsp; &nbsp;&nbsp;&nbsp; &nbsp;&nbsp;&nbsp; &lt;generator type=&quot;Microsoft.Ddue.Tools.CPlusPlusDeclarationSyntaxGenerator&quot; assembly=&quot;%DXROOT%\\ProductionTools\\SyntaxComponents.dll&quot; /&gt;<br>&nbsp;&nbsp;&nbsp; &nbsp;&nbsp;&nbsp; &nbsp;&nbsp;&nbsp; &nbsp;&nbsp;&nbsp; &nbsp;&nbsp;&nbsp; &nbsp;&nbsp;&nbsp; &nbsp;&nbsp;&nbsp; &nbsp;&nbsp;&nbsp; &lt;!--&lt;generator type=&quot;Microsoft.Ddue.Tools.ScriptSharpDeclarationSyntaxGenerator&quot; assembly=&quot;%DXROOT%\\ProductionTools\\SyntaxComponents.dll&quot; /&gt;--&gt;<br>&nbsp;&nbsp;&nbsp; &nbsp;&nbsp;&nbsp; &nbsp;&nbsp;&nbsp; &nbsp;&nbsp;&nbsp; &nbsp;&nbsp;&nbsp; &nbsp;&nbsp;&nbsp; &nbsp;&nbsp;&nbsp; &lt;/generators&gt;<br>&nbsp;&nbsp;&nbsp; &nbsp;&nbsp;&nbsp; &nbsp;&nbsp;&nbsp; &nbsp;&nbsp;&nbsp; &nbsp;&nbsp;&nbsp; &nbsp;&nbsp;&nbsp; &lt;/component&gt;<br>&nbsp;&nbsp;&nbsp; &nbsp;&nbsp;&nbsp; &nbsp;&nbsp;&nbsp; &nbsp;&nbsp;&nbsp; &nbsp;&nbsp;&nbsp; &lt;/then&gt;<br>&nbsp;&nbsp;&nbsp; &nbsp;&nbsp;&nbsp; &nbsp;&nbsp;&nbsp; &nbsp;&nbsp;&nbsp; &lt;/component&gt;</p>\r\n<p>&nbsp;</p>\r\n<p>certain bits you might want to be conceptual Only:</p>\r\n<p>&nbsp;&nbsp;&nbsp; &nbsp;&nbsp;&nbsp; &nbsp;&nbsp;&nbsp; &lt;component type=&quot;Microsoft.Ddue.Tools.IfThenComponent&quot; assembly=&quot;%DXROOT%\\ProductionTools\\BuildComponents.dll&quot;&gt;<br>&nbsp;&nbsp;&nbsp; &nbsp;&nbsp;&nbsp; &nbsp;&nbsp;&nbsp; &nbsp;&nbsp;&nbsp; &nbsp;&nbsp;&nbsp; &lt;if condition=&quot;starts-with($key, '1234567')&quot; /&gt;<br>&nbsp;&nbsp;&nbsp; &nbsp;&nbsp;&nbsp; &nbsp;&nbsp;&nbsp; &nbsp;&nbsp;&nbsp; &nbsp;&nbsp;&nbsp; &lt;then&gt;<br>&nbsp;&nbsp;&nbsp; &nbsp;&nbsp;&nbsp; &nbsp;&nbsp;&nbsp; &nbsp;&nbsp;&nbsp; &nbsp;&nbsp;&nbsp; &nbsp;&nbsp;&nbsp; &lt;component type=&quot;Microsoft.Ddue.Tools.CopyFromFilesComponent&quot; assembly=&quot;%DXROOT%\\ProductionTools\\BuildComponents.dll&quot;&gt;<br>&nbsp;&nbsp;&nbsp; &nbsp;&nbsp;&nbsp; &nbsp;&nbsp;&nbsp; &nbsp;&nbsp;&nbsp; &nbsp;&nbsp;&nbsp; &nbsp;&nbsp;&nbsp; &nbsp;&nbsp;&nbsp; &lt;copy base=&quot;%maml_dir%\\metadata&quot; file=&quot;concat($key,'.cmp.xml')&quot; source=&quot;/metadata/topic[@id=$key]/*&quot; target=&quot;/document/metadata&quot; /&gt;<br>&nbsp;&nbsp;&nbsp; &nbsp;&nbsp;&nbsp; &nbsp;&nbsp;&nbsp; &nbsp;&nbsp;&nbsp; &nbsp;&nbsp;&nbsp; &nbsp;&nbsp;&nbsp; &lt;/component&gt;<br>&nbsp;&nbsp;&nbsp; &nbsp;&nbsp;&nbsp; &nbsp;&nbsp;&nbsp; &nbsp;&nbsp;&nbsp; &nbsp;&nbsp;&nbsp; &lt;/then&gt;<br>&nbsp;&nbsp;&nbsp; &nbsp;&nbsp;&nbsp; &nbsp;&nbsp;&nbsp; &nbsp;&nbsp;&nbsp; &lt;/component&gt;</p>\r\n<p>&nbsp;</p>",
    "PostedDate": "2010-09-16T07:40:13.307-07:00",
    "UserRole": null,
    "MarkedAsAnswerDate": null
  },
  {
    "Id": "494486",
    "ThreadId": "226201",
    "Html": "<p>forgot to add, thanks to you both for your suggestions.</p>\r\n<p>&nbsp;</p>\r\n<p>Kind Regards</p>\r\n<p>Les Baker</p>",
    "PostedDate": "2010-09-16T07:42:59.363-07:00",
    "UserRole": null,
    "MarkedAsAnswerDate": null
  }
]