[
  {
    "Id": "1079104",
    "ThreadId": "453048",
    "Html": "I've added a &lt;summary&gt; for my main class, however that same summary text then goes on to appear on all of the public structure Members help pages as well.\r<br />\n<br />\nThis would seem to be a bug to me? or is there some configuration option that I'm missing?\r<br />\n<br />\nDoes anyone know a way to prevent the class summary from reappearing on these Structure Members pages.<br />\n",
    "PostedDate": "2013-08-10T12:40:06.873-07:00",
    "UserRole": null,
    "MarkedAsAnswerDate": null
  },
  {
    "Id": "1079126",
    "ThreadId": "453048",
    "Html": "I'm not seeing that behavior with either the VS2005 or VS2010 style.  Are you using the latest release?  Can you provide an example class the reproduces the problem?<br />\n<br />\nAlso, please note that this project has been discontinued and may not be monitored as frequently. For future questions or issues concerning Sandcastle or SHFB, post them over on the <a href=\"http://SHFB.CodePlex.com\" rel=\"nofollow\">Sandcastle Help File Builder</a> project's discussion page. Thanks. <br />\n<br />\n<br />\nEric<br />\n",
    "PostedDate": "2013-08-10T15:36:36.153-07:00",
    "UserRole": null,
    "MarkedAsAnswerDate": null
  },
  {
    "Id": "1079512",
    "ThreadId": "453048",
    "Html": "Hi Eric, <br />\n<br />\nThanks for your quick response,<br />\n<br />\nI'm using SHFB v1.9.7.0 and SDCT v2.7.3.0 i believe these are the latest.<br />\n<br />\nI've created an example class that demonstrates the problem (I tried to add an example project as an attachment, but can't find any option for including attachments) Hope the below example will be enough for you to reproduce the issue:<br />\n<br />\nOnce the help file is compiled you'll see that the text &quot;This is my summary for the class&quot; is also appearing in the &quot;Class1.TestValues Members&quot; page.<br />\n<pre><code>using System;\nusing System.Collections.Generic;\nusing System.Linq;\nusing System.Text;\nusing System.Threading.Tasks;\n\n\nnamespace ClassLibrary1\n{\n    /// &lt;summary&gt;\n    /// This is my summary for the class\n    /// &lt;/summary&gt;\n    public class Class1\n    {\n        /// &lt;summary&gt;\n        /// This is my summary for the struct\n        /// &lt;/summary&gt;\n        public struct TestValues\n        {\n            int x;\n            int y;\n        }\n    }\n}</code></pre>\n\nInterestingly the problem is only present in the 2010 style.<br />\n<br />\nRegards,  James<br />\n",
    "PostedDate": "2013-08-12T05:05:06.663-07:00",
    "UserRole": null,
    "MarkedAsAnswerDate": null
  },
  {
    "Id": "1080215",
    "ThreadId": "453048",
    "Html": "For some reason, the header template for list pages includes an xsl:if statement to include the comments from the parent class for member list pages.  I've removed it for the next release.  For the time being, you can remove the xsl:if statements from the t_putMemberIntro template in %ProgramFiles(x86)%\\Sandcastle\\Presentation\\VS2010\\Transforms\\main_sandcastle.xsl.\r<br />\n<br />\nEric<br />\n",
    "PostedDate": "2013-08-13T12:00:50.927-07:00",
    "UserRole": null,
    "MarkedAsAnswerDate": null
  },
  {
    "Id": "1080902",
    "ThreadId": "453048",
    "Html": "Thank you, That solved the problem.\r<br />\n<br />\nJames<br />\n",
    "PostedDate": "2013-08-15T04:41:32.697-07:00",
    "UserRole": null,
    "MarkedAsAnswerDate": null
  }
]