[
  {
    "Id": "73401",
    "ThreadId": "22007",
    "Html": "\r\nHi Everyone, <br /><br />I've just released <a href=\"https://www.codeplex.com/Release/ProjectReleases.aspx?ProjectName=DocProject&amp;ReleaseId=8349\" class=\"externalLink\">Sandcastle Build Component Templates 1.1<span class=\"externalLinkIcon\" style=\"font-family:Consolas, Courier New, Courier, Monospace;\"></span></a><br /><br />Two distinct <i>Visual Studio C# Item Templates</i> are provided as separate downloads.<br /><br />The <b>Basic Sandcastle Build Component</b> item template provides a foundation on which authors can create a custom build component for use with or without the <i>Sandcastle Help File Builder</i> or <i>DocProject</i>.  It also provides a working implementation that can take advantage of optional features in <i>DocProject</i>, such as dynamic sub properties.<br /><br />The <b>Hosted Sandcastle Build Component</b> item template is the same as the first, but it's also designed to take advantage of host-specific services in the component's editor when a host is available.  The default implementation is wired-up to detect DocProject's host API, if it's available, and gather information that can be used to provide automatic configuration and to apply appropriate default values in the component's editor.<br /><br />Both templates have been tested in an environment where DocProject was not installed and they both functioned properly.  (Note that the <i>Hosted</i> template requires DocProject to be installed during the <i>development</i> of new build components, however.  At runtime, fall-back initialization is used if DocProject is not installed.)<br /><br />- Dave<br />",
    "PostedDate": "2008-02-12T14:04:02.183-08:00",
    "UserRole": null,
    "MarkedAsAnswerDate": null
  }
]