[
  {
    "Id": "90816",
    "ThreadId": "27223",
    "Html": "\r\nDoes anyone know when the next release will be? I read somewhere on a blog that it was planned for end of April, but I haven't seen it yet.<br />Also, will the next release support the .Net 3.5 framework?<br />Thanks<br />",
    "PostedDate": "2008-05-06T11:16:34.593-07:00",
    "UserRole": null,
    "MarkedAsAnswerDate": null
  },
  {
    "Id": "90824",
    "ThreadId": "27223",
    "Html": "\r\nHi, <br /><br />The current release supports the .NET 3.5 Framework as far as I know.  What exactly do you mean by that?  (If you're referring to the syntax sections, I don't think there needs to be anything different from the 2.0 Framework...)<br /><br /><a href=\"http://www.codeplex.com/Sandcastle/Thread/View.aspx?ThreadId=26714\">Anand mentioned on Apr. 30th</a> that he was targeting a release for this week but that it's unlikely now.<br /><br />- Dave<br />",
    "PostedDate": "2008-05-06T12:12:40.347-07:00",
    "UserRole": null,
    "MarkedAsAnswerDate": null
  },
  {
    "Id": "90829",
    "ThreadId": "27223",
    "Html": "<div class=\"quote\" style=\"border: dotted .1em #aaa; border-left: none; border-right: none; font-style: italic; margin: 1em 0em 2.5em 3em;padding: .2em;\"><br />davedev wrote:<br />Hi, <br /><br />The current release supports the .NET 3.5 Framework as far as I know.  What exactly do you mean by that?  (If you're referring to the syntax sections, I don't think there needs to be anything different from the 2.0 Framework...)<br /><br /><a href=\"http://www.codeplex.com/Sandcastle/Thread/View.aspx?ThreadId=26714\">Anand mentioned on Apr. 30th</a> that he was targeting a release for this week but that it's unlikely now.<br /><br />- Dave<br /><br /></div><br />Thanks Dave. We are set to release our product this Friday, and I wanted to generate the code documentation using the most current release of Sandcastle. Our application is built on .Net3.5 that's why I was wondering. Quoting the Sandcastle home page it says:<br /><br /><ul><li>Works with or without authored comments</li><li>Supports Generics and .NET Framework 2.0</li><li>Sandcastle has 2 main components (MrefBuilder and Build Assembler)</li><li>MrefBuilder generates reflection xml file for Build Assembler</li><li>Build Assembler includes syntax generation, transformation, etc</li><li>Sandcastle is used internally to build .Net Framework documentation</li></ul><br />...but doesn't mention 3.5.<br />",
    "PostedDate": "2008-05-06T12:23:48.903-07:00",
    "UserRole": null,
    "MarkedAsAnswerDate": null
  },
  {
    "Id": "90830",
    "ThreadId": "27223",
    "Html": "\r\nHi, <br /><br />I think that Sandcastle feature set is a bit outdated.  FYI, I've built help for applications that rely on the 3.5 Framework and I didn't notice any issues - probably because .NET 3.5 is built on .NET 2.0 anyway :)<br /><br />- Dave<br />",
    "PostedDate": "2008-05-06T12:28:32.997-07:00",
    "UserRole": null,
    "MarkedAsAnswerDate": null
  },
  {
    "Id": "93831",
    "ThreadId": "27223",
    "Html": "<br>\r\n<div style=\"border-right:medium none;padding-right:0.2em;border-top:#aaa 0.1em dotted;padding-left:0.2em;padding-bottom:0.2em;margin:1em 0em 2.5em 3em;border-left:medium none;padding-top:0.2em;border-bottom:#aaa 0.1em dotted;font-style:italic\"><br>\r\ndavedev wrote:<br>\r\nHi, <br>\r\n<br>\r\nI think that Sandcastle feature set is a bit outdated. FYI, I've built help for applications that rely on the 3.5 Framework and I didn't notice any issues - probably because .NET 3.5 is built on .NET 2.0 anyway :)<br>\r\n<br>\r\n- Dave<br>\r\n<br>\r\n<br>\r\n</div>\r\n<br>\r\nI will update to include 3.0, 3.5..etc. We are starting to build 4.0 internally. I expect to release a new version by next week (before May 30th).<br>\r\n<br>\r\nAnand..\r\n",
    "PostedDate": "2008-05-20T22:32:10.12-07:00",
    "UserRole": null,
    "MarkedAsAnswerDate": null
  }
]