[
  {
    "Id": "417185",
    "ThreadId": "204698",
    "Html": "<p style=\"margin:0in 0in 10pt\"><span style=\"font-family:'Times New Roman', 'serif'\"><span style=\"font-size:small\">Sandcastle will generate the document with summery comments in a paragraph style. Is there any way where we can get the commented summery and <span>&nbsp;</span>remarks in separate lines as like it is in the code. </span></span></p>\r\n<p style=\"margin:0in 0in 10pt\"><span style=\"font-family:'Times New Roman', 'serif'\"><span style=\"font-size:small\">I tried to show the commented portion of my code in separate lines by using &ldquo;\\n&rdquo; and line break &lt;br&gt; </span></span></p>\r\n<p style=\"margin:0in 0in 10pt\"><span style=\"font-family:'Times New Roman', 'serif'\"><span style=\"font-size:small\">But the sandcastle is displaying these tags as it like that in the comments.</span></span></p>\r\n<p style=\"margin:0in 0in 10pt\"><span style=\"font-family:'Times New Roman', 'serif';color:#333333\"><span style=\"font-size:small\">Can anyone tell me the different ways which we need to follow?</span></span></p>\r\n<p style=\"margin:0in 0in 10pt\"><span style=\"font-family:'Times New Roman', 'serif';color:#333333\"><br><span style=\"font-size:small\">Thank you in advance.</span></span></p>",
    "PostedDate": "2010-03-11T14:21:19.967-08:00",
    "UserRole": null,
    "MarkedAsAnswerDate": null
  },
  {
    "Id": "417187",
    "ThreadId": "204698",
    "Html": "<p>Adding the html tag line break &lt;/br&gt; at the end of each line&nbsp;will works. But the problem with this is we need to add these tags at the end of each comment line.<br><br><br>Is there any other way ?</p>",
    "PostedDate": "2010-03-11T14:29:36.403-08:00",
    "UserRole": null,
    "MarkedAsAnswerDate": null
  },
  {
    "Id": "417223",
    "ThreadId": "204698",
    "Html": "<p>Hello,</p>\r\n<p>Are you using the &lt;para&gt; tag for your summary and remarks?</p>\r\n<p>Best regards,<br>Paul.&nbsp;</p>",
    "PostedDate": "2010-03-11T16:48:39.273-08:00",
    "UserRole": null,
    "MarkedAsAnswerDate": null
  },
  {
    "Id": "417482",
    "ThreadId": "204698",
    "Html": "<p>Hi Paul,</p>\r\n<p>I didn't used any paragraph tags out side of summary comments.</p>\r\n<p>My code comments are like this.</p>\r\n<p><span style=\"font-family:'Segoe UI','sans-serif';color:gray;font-size:10pt\">//&lt;summary&gt;</span><span style=\"color:#008000;font-size:x-small\"><span style=\"font-family:'Segoe UI','sans-serif';color:green;font-size:10pt\">&nbsp;</span><span style=\"color:#008000;font-size:x-small\"> </span><span style=\"font-family:'Segoe UI','sans-serif';color:black;font-size:10pt\">&nbsp;</span></span></p>\r\n<p><span style=\"font-family:'Segoe UI','sans-serif';color:black;font-size:10pt\">&nbsp;</span><span style=\"font-family:'Segoe UI','sans-serif';color:green;font-size:10pt\">// This class performs the validations of Allocation Buckets relative to other related entities.'''</span><span style=\"font-family:'Segoe UI','sans-serif';color:black;font-size:10pt\">&nbsp;</span></p>\r\n<p><span style=\"color:#008000\"><span style=\"font-family:'Segoe UI','sans-serif';color:green;font-size:10pt\">// New Asset Name is required.</span></span><span style=\"font-family:'Segoe UI','sans-serif';color:black;font-size:10pt\">&nbsp;</span></p>\r\n<p><span style=\"color:#808080;font-size:x-small\"><span style=\"color:#808080;font-size:x-small\"><span style=\"font-family:'Segoe UI','sans-serif';color:gray;font-size:10pt\">//&lt;/summary&gt;</span></span></span><span style=\"color:#008000;font-size:x-small\"><span style=\"font-family:'Segoe UI','sans-serif';color:green;font-size:10pt\"><span style=\"color:#008000;font-size:x-small\"> </span><span style=\"font-family:'Segoe UI','sans-serif';color:black;font-size:10pt\">&nbsp;</span></span></span></p>\r\n<p>\r\n<p><span style=\"color:#008000;font-size:x-small\">&nbsp;</span></p>\r\n<span style=\"color:black;font-size:10pt\">And the Sandcastle document is&nbsp;c<span style=\"color:black;font-size:10pt\">ombining</span> these two lines in to a paragraph.</span></p>\r\n<p><span style=\"color:black;font-size:10pt\">like : This class performs the validations of Allocation Buckets relative to other related entities. New Asset Name is required.</span></p>\r\n<p>&nbsp;</p>",
    "PostedDate": "2010-03-12T07:33:43.86-08:00",
    "UserRole": null,
    "MarkedAsAnswerDate": null
  },
  {
    "Id": "417520",
    "ThreadId": "204698",
    "Html": "<p>Hi,,</p>\r\n<p>So what's wrong with Paul's suggestion?</p>\r\n<div style=\"color:Black;background-color:White\">\r\n<pre><span style=\"color:Gray\">///</span><span style=\"color:Gray\">&lt;summary&gt;</span>\r\n<span style=\"color:Gray\">///</span> <span style=\"color:Gray\">&lt;para&gt;</span>\r\n<span style=\"color:Gray\">///</span><span style=\"color:Green\"> This class performs the validations of Allocation Buckets relative to other related entities.</span>\r\n<span style=\"color:Gray\">///</span> <span style=\"color:Gray\">&lt;/para&gt;</span><span style=\"color:Gray\">&lt;para&gt;</span>\r\n<span style=\"color:Gray\">///</span><span style=\"color:Green\"> New Asset Name is required. </span>\r\n<span style=\"color:Gray\">///</span> <span style=\"color:Gray\">&lt;/para&gt;</span>\r\n<span style=\"color:Gray\">///</span><span style=\"color:Gray\">&lt;/summary&gt;</span>\r\n</pre>\r\n</div>\r\n<p><a href=\"http://msdn.microsoft.com/en-us/library/5ast78ax.aspx\">http://msdn.microsoft.com/en-us/library/5ast78ax.aspx</a></p>\r\n<p>- Dave</p>",
    "PostedDate": "2010-03-12T08:38:12.967-08:00",
    "UserRole": null,
    "MarkedAsAnswerDate": null
  },
  {
    "Id": "417569",
    "ThreadId": "204698",
    "Html": "<p>Hi Dave and Paul,</p>\r\n<p>Yes the best is just to let the text flow as it does and insert paragraph tags where&nbsp;we need them to start new paragraphs.</p>\r\n<p>Regards,</p>\r\n<p>Sasi</p>\r\n<p>&nbsp;</p>",
    "PostedDate": "2010-03-12T10:33:35.107-08:00",
    "UserRole": null,
    "MarkedAsAnswerDate": null
  }
]