[
  {
    "Id": "263664",
    "ThreadId": "77125",
    "Html": "<p>Do you plan to release a version of&nbsp;SandCastle that would be compatible with VS 2010 beta 2 in a near futur? or does the build of the source code 26202 would be fine?</p>",
    "PostedDate": "2009-12-04T08:00:18.937-08:00",
    "UserRole": null,
    "MarkedAsAnswerDate": null
  },
  {
    "Id": "263764",
    "ThreadId": "77125",
    "Html": "<p>The current May 2008 release and the the July 2009 source code release will work with .NET 4.0 if you create a configuration file for MRefBuilder.&nbsp; See this thread for details: <a href=\"http://sandcastle.codeplex.com/Thread/View.aspx?ThreadId=70373\">http://sandcastle.codeplex.com/Thread/View.aspx?ThreadId=70373</a></p>\r\n<p>Eric</p>\r\n<p>&nbsp;</p>",
    "PostedDate": "2009-12-04T12:21:25.07-08:00",
    "UserRole": null,
    "MarkedAsAnswerDate": null
  }
]