[
  {
    "Id": "190304",
    "ThreadId": "56332",
    "Html": "<p>I tried to use Sandcastle (with help of DocProject) on my project.</p>\r\n<p>It takes me 6 hours. Here's some statictics:</p>\r\n<p>-----------------------[ begin ]---------------------------<br> Step 1 of 21: Change Directory<br>Step 1 Time Elapsed: 00:00:00.0060000<br><br>Step 2 of 21: Execute MRefBuilder<br>Info: Wrote information on 263 namespaces, 3596 types, and 21126 members<br>Step 2 Time Elapsed: 00:00:24.6910000<br><br>Step 3 of 21: Execute XslTransform<br>Step 3 Time Elapsed: 00:05:02.4590000<br><br>Step 4 of 21: Copy File<br>Step 4 Time Elapsed: 00:00:07.9290000<br><br>Step 5 of 21: Execute XslTransform<br>XslTransform (v2.4.10520.1)<br>Info: Applying XSL transformation 'C:\\Program Files (x86)\\Sandcastle\\ProductionTransforms\\ReflectionToManifest.xsl'.<br>Step 5 Time Elapsed: 00:00:37.4430000<br><br>Step 6 of 21: Execute XslTransform<br>XslTransform (v2.4.10520.1)<br>Info: Applying XSL transformation 'C:\\Program Files (x86)\\Sandcastle\\ProductionTransforms\\CreateVSToc.xsl'.<br>Step 6 Time Elapsed: 00:00:45.2580000<br><br>Step 7 of 21: Build Assembler {sandcastle.help1x.config}<br>Topics processed: 38204<br>Step 7 Time Elapsed: 00:38:06.7290000<br><br>Step 8 of 21: Copy Directory<br>Step 8 Time Elapsed: 00:00:01.4480000<br><br>Step 9 of 21: Change Directory<br>Step 9 Time Elapsed: 00:00:00.0380000<br><br>Step 10 of 21: Execute ChmBuilder<br>Processed 38200 files.<br>Step 10 Time Elapsed: 00:17:51.5250000<br><br>Step 11 of 21: Execute DBCSFix<br>Step 11 Time Elapsed: 00:00:02.8080000<br><br>Step 12 of 21: Compile Help 1.x<br>Compile time: 12 minutes, 24 seconds<br>38,200&nbsp;&nbsp;&nbsp; Topics<br>474,568&nbsp;&nbsp;&nbsp; Local links<br>0&nbsp;&nbsp;&nbsp; Internet links<br>0&nbsp;&nbsp;&nbsp; Graphics<br>Created c:\\myfile\\xxx.chm, 54,384,144 bytes<br>Compression decreased file by 435,299,207 bytes.<br>Step 12 Time Elapsed: 00:12:31.0950000<br><br>Step 13 of 21: Prepare Working Directory<br>Step 13 Time Elapsed: 00:01:54.6570000<br><br>Step 14 of 21: Execute XslTransform<br>Step 14 Time Elapsed: 00:00:29.3000000<br><br>Step 15 of 21: Import missing Help 2.x files<br>Step 15 Time Elapsed: 00:00:00.4770000<br><br>Step 16 of 21: Execute XslTransform<br>XslTransform (v2.4.10520.1)<br>Info: Applying XSL transformation 'C:\\Program Files (x86)\\Sandcastle\\ProductionTransforms\\TocToHxSContents.xsl'.<br>Step 16 Time Elapsed: 00:00:03.5060000<br><br>Step 17 of 21: Build Assembler {sandcastle.help2x.config}<br>Topics processed: 38204<br>Step 17 Time Elapsed: <strong>04:00:34.9940000</strong><br><br>Step 18 of 21: Copy Directory<br>Step 18 Time Elapsed: 00:15:36.3390000<br><br>Step 19 of 21: Copy Directory<br>Step 19 Time Elapsed: 00:00:00.1380000<br><br>Step 20 of 21: Updating Help 2.x TOC<br>Step 20 Time Elapsed: 00:00:02.4660000<br><br>Step 21 of 21: Compile Help 2.x<br>Step 21 Time Elapsed: 00:26:16.8300000<br><br>Total Time Elapsed: <strong>06:00:34.5310000</strong><br>-----------------------[ end ]---------------------------</p>\r\n<p>I known Sandcastle has very extensible design like pipeline, it's great. But <strong>6 </strong>hours! It's too much.</p>\r\n<p>It would be very nice to see some kind of optimization in near future.</p>\r\n<p>What does it do on &quot;Build Assembler&quot; stage?</p>",
    "PostedDate": "2009-05-14T09:06:08.787-07:00",
    "UserRole": null,
    "MarkedAsAnswerDate": null
  },
  {
    "Id": "190390",
    "ThreadId": "56332",
    "Html": "<p>Hi,</p>\r\n<p>As you've pointed out, the time of the second run of Build Assembler (which rebuilds the topics specifically for Help 2.x output using the <strong>Index </strong>MSDN link type)&nbsp;is&nbsp;quite a big difference from the first.&nbsp;&nbsp;Seems like something is going wrong in the second&nbsp;pass - perhaps an issue with memory usage.</p>\r\n<p>First you could try buildling on the command-line using MSBuild: <a href=\"http://docproject.codeplex.com/Wiki/View.aspx?title=How To Build Compiled Help With MSBuild\">http://docproject.codeplex.com/Wiki/View.aspx?title=How%20To%20Build%20Compiled%20Help%20With%20MSBuild</a></p>\r\n<p>Note that you can also gain some performance by setting <strong>Build </strong>| <strong>Build assembler options </strong>to <em>Trace Errors, Cancelable</em> only, in the <strong>DocProject Properties</strong> window.&nbsp; If the issue with the second pass slowing down is related to available memory then this may also work around it.</p>\r\n<p>Also, if you're not&nbsp;going to be using the MS Help (.HxS) output type then simply exclude it (set <strong>Build </strong>| <strong>Help 2.x</strong> to <em>Disabled</em>).&nbsp; Then the&nbsp;build will end around step 12.</p>\r\n<p>Alternatively, if&nbsp;don't need the Help 1.x (.chm) output, then simply exclude it (set <strong>Build </strong>| <strong>Help 1.x</strong> to <em>Disabled</em>).&nbsp; You may want to try excluding Help 1.x output anyway just to see if it has any affect on the build time for .HxS output.</p>\r\n<p>There's also the possibility to combine the two Build Assembler configuration files (one for each output type) into a single configuration file to improve performance even more and possibly work around whatever issue is causing the slow-down for the second pass; however, DocProject is not yet designed to take advantage of this possibility so you may have to play around with some things.&nbsp; See the following discussion for more information if you're interested:</p>\r\n<p>Tips: Introducing CloneComponent<br><a href=\"http://sandcastle.codeplex.com/Thread/View.aspx?ThreadId=33002\">http://sandcastle.codeplex.com/Thread/View.aspx?ThreadId=33002</a></p>\r\n<p>- Dave</p>",
    "PostedDate": "2009-05-14T11:54:00.243-07:00",
    "UserRole": null,
    "MarkedAsAnswerDate": null
  }
]