[
  {
    "Id": "456403",
    "ThreadId": "216296",
    "Html": "<p>I have installed Sandcastle on two different machines and I get the same warning message on both of them.</p>\r\n<p>SHFB : warning BHT0001: Unable to get executing project: Unable to obtain internal reference.&nbsp;<br>The specified project will be loaded but command line property overrides will be ignored. [c:\\xxx\\Docs\\xxx.shfbproj]</p>\r\n<p>The documentation does not explain what this means or how to resolve it. Can anyone give me some suggestions?</p>\r\n<p>Trevor</p>\r\n<p>&nbsp;</p>",
    "PostedDate": "2010-06-16T15:56:03.917-07:00",
    "UserRole": null,
    "MarkedAsAnswerDate": null
  },
  {
    "Id": "456764",
    "ThreadId": "216296",
    "Html": "<p>This is a Sancastle Help File Builder issue.&nbsp; For such issues, please post over in the SHFB discussion forum (<a href=\"http://SHFB.CodePlex.com\">http://SHFB.CodePlex.com</a>).&nbsp; In this particular case, you are most likely trying to build a SHFB project with MSBuild 4.0 which is not supported yet.&nbsp; SHFB is build against .NET 3.5 and uses MSBuild 3.5.&nbsp; As such, use MSBuild 3.5 to build the SHFB project.&nbsp; MSBuild 4.0 will be supported in the next release.</p>\r\n<p>Eric</p>\r\n<p>&nbsp;</p>",
    "PostedDate": "2010-06-17T08:21:34.843-07:00",
    "UserRole": null,
    "MarkedAsAnswerDate": null
  },
  {
    "Id": "456892",
    "ThreadId": "216296",
    "Html": "<p>Thanks Eric. Yes, we recently updated to&nbsp;VS2010 and &nbsp;.NET 4.0 so you are probably right. I look forward to the new version.</p>\r\n<p>Trevor</p>\r\n<p>&nbsp;</p>",
    "PostedDate": "2010-06-17T12:19:07.893-07:00",
    "UserRole": null,
    "MarkedAsAnswerDate": null
  },
  {
    "Id": "805940",
    "ThreadId": "216296",
    "Html": "<p><span>I am also getting the same warning message \"Warning BHT0001: Unable to get executing project: Unable to obtain internal reference.\" with MSbuild 4.0</span>.</p>\r\n<p>So i have following questions:</p>\r\n<p>1) Is this a severe warning, which can cause any functionality to stop?</p>\r\n<p>2) When the newer version will get released with MSBuild 4.0 comapatibilty?</p>\r\n<p><span>Divyesh.</span></p>",
    "PostedDate": "2012-03-05T20:36:42.7-08:00",
    "UserRole": null,
    "MarkedAsAnswerDate": null
  },
  {
    "Id": "806253",
    "ThreadId": "216296",
    "Html": "<p>This is a Sandcastle Help File Builder warning.&nbsp; Download the latest stable release (v1.9.3.0) or the latest beta release (v.1.9.3.4) from the SHFB project site (<a href=\"http://shfb.codeplex.com/\">http://SHFB.CodePlex.com</a>) as they are fully compatible with MSBuild 4.0.&nbsp; Note that you may need to open and resave your SHFB project in the latest release so that it updates the project file settings to use MSBuild 4.0.</p>\r\n<p>Eric</p>\r\n<p>&nbsp;</p>",
    "PostedDate": "2012-03-06T08:00:55.777-08:00",
    "UserRole": null,
    "MarkedAsAnswerDate": null
  }
]