[
  {
    "Id": "1021923",
    "ThreadId": "438209",
    "Html": "Hi! I'm trying to link the &quot;All methods&quot;/members page of a class from the conceptual.\r<br />\n<br />\n*The one that says The &quot;class&quot; type exposes the following members.\r<br />\n<br />\nSomething like this:\r<br />\n<br />\n&lt;codeEntityReference qualifyHint=&quot;false&quot; autoUpgrade=&quot;true&quot;&gt;Methods:NameSpace.Class&lt;/codeEntityReference&gt;<br />\n",
    "PostedDate": "2013-03-27T10:31:34.697-07:00",
    "UserRole": null,
    "MarkedAsAnswerDate": null
  },
  {
    "Id": "1021988",
    "ThreadId": "438209",
    "Html": "You just need to get the ID in the correct format:<br />\n<div style=\"color:Black;background-color:White;\"><pre>\r\n<span style=\"color:Blue;\">&lt;</span><span style=\"color:#A31515;\">codeEntityReference</span> <span style=\"color:Red;\">qualifyHint</span><span style=\"color:Blue;\">=</span><span style=\"color:Black;\">&quot;</span><span style=\"color:Blue;\">false</span><span style=\"color:Black;\">&quot;</span><span style=\"color:Blue;\">&gt;</span>AllMembers.T:NameSpace.Class<span style=\"color:Blue;\">&lt;/</span><span style=\"color:#A31515;\">codeEntityReference</span><span style=\"color:Blue;\">&gt;</span>\n\n<span style=\"color:Blue;\">&lt;</span><span style=\"color:#A31515;\">codeEntityReference</span> <span style=\"color:Red;\">qualifyHint</span><span style=\"color:Blue;\">=</span><span style=\"color:Black;\">&quot;</span><span style=\"color:Blue;\">false</span><span style=\"color:Black;\">&quot;</span><span style=\"color:Blue;\">&gt;</span>Methods.T:NameSpace.Class<span style=\"color:Blue;\">&lt;/</span><span style=\"color:#A31515;\">codeEntityReference</span><span style=\"color:Blue;\">&gt;</span>\r\n</pre></div>Also, please note that this project has been discontinued and may not be monitored as frequently.  For future questions concerning Sandcastle or SHFB, post them over on the <a href=\"http://SHFB.CodePlex.com\" rel=\"nofollow\">Sandcastle Help File Builder</a> project's discussion page. Thanks.\r<br />\n<br />\nEric<br />\n",
    "PostedDate": "2013-03-27T12:32:50.827-07:00",
    "UserRole": null,
    "MarkedAsAnswerDate": null
  },
  {
    "Id": "1022394",
    "ThreadId": "438209",
    "Html": "thanks!\r<br />\n<br />\nThe same way. How could I get the list of classes only?<br />\n",
    "PostedDate": "2013-03-28T06:37:18.54-07:00",
    "UserRole": null,
    "MarkedAsAnswerDate": null
  },
  {
    "Id": "1022600",
    "ThreadId": "438209",
    "Html": "You can use the namespace ID to go to its page (N:NamespaceId).  You can use the <a href=\"http://www.ewoodruff.us/shfbdocs/?topic=html/e49eea91-a9ef-4aa5-ad8f-16ebd61b798a.htm\" rel=\"nofollow\">Entity References Window</a> in the SHFB standalone GUI or Visual Studio package to add references to API members such as namespaces, types, and methods, etc.  Select the Code Entities option in its drop down.  It won't list the group entries such as AllMembers though since they are added at build time by the presentation style if it supports them.\r<br />\n<br />\nEric<br />\n",
    "PostedDate": "2013-03-28T12:32:03.577-07:00",
    "UserRole": null,
    "MarkedAsAnswerDate": null
  },
  {
    "Id": "1022603",
    "ThreadId": "438209",
    "Html": "I meant something like this:\r<br />\n<br />\n<br />\n&lt;codeEntityReference qualifyHint=&quot;false&quot;&gt;Classes.T:NameSpace.Class&lt;/codeEntityReference&gt;\r<br />\n<br />\nBut it doesn't seem to work<br />\n",
    "PostedDate": "2013-03-28T12:35:18.397-07:00",
    "UserRole": null,
    "MarkedAsAnswerDate": null
  },
  {
    "Id": "1022604",
    "ThreadId": "438209",
    "Html": "If you want a list of all classes in a namespace, the namespace ID will work as noted above.  If you want a list of all namespaces, the R:Project_[ProjectName] ID should do it.  Replace &quot;[ProjectName]&quot; with the name from your SHFB Project's Help Name property with any spaces replaced by underscores.\r<br />\n<br />\nIf your intent is to list classes nested within some other arbitrary class, there isn't a way to do that since the presentation styles don't generate anything for nested classes within another class.  Each class gets its own top-level entry in the TOC and the namespace list pages even if it's nested within another class.  The nested classes are prefixed with their parent class's name.\r<br />\n<br />\nEric<br />\n",
    "PostedDate": "2013-03-28T12:40:21.88-07:00",
    "UserRole": null,
    "MarkedAsAnswerDate": null
  },
  {
    "Id": "1222833",
    "ThreadId": "438209",
    "Html": "<strong>EWoodruff wrote:</strong><br />\n<blockquote>\nIf you want a list of all classes in a namespace, the namespace ID will work as noted above.  If you want a list of all namespaces, the R:Project_[ProjectName] ID should do it.  Replace &quot;[ProjectName]&quot; with the name from your SHFB Project's Help Name property with any spaces replaced by underscores.<br />\n<br />\nIf your intent is to list classes nested within some other arbitrary class, there isn't a way to do that since the presentation styles don't generate anything for nested classes within another class.  Each class gets its own top-level entry in the TOC and the namespace list pages even if it's nested within another class.  The nested classes are prefixed with their parent class's name.<br />\n<br />\nEric<br />\n</blockquote>\nWhen I use R:Project_[ProjectName]  I have no control how the link text will look, I get [R:Project_[ProjectName]] as output. Is there a way to set the text or to make the actual root container title or project name be displayed instead?<br />\n",
    "PostedDate": "2014-03-14T10:11:10.987-07:00",
    "UserRole": null,
    "MarkedAsAnswerDate": null
  },
  {
    "Id": "1222890",
    "ThreadId": "438209",
    "Html": "This was brought up in a recent thread in the SHFB project.  I added support for a linkText attribute that lets you override the default member name link text.  It'll be in the next release.  See this thread for the update needed: <a href=\"https://shfb.codeplex.com/discussions/538726\" rel=\"nofollow\">https://shfb.codeplex.com/discussions/538726</a>\r<br />\n<br />\nEric<br />\n",
    "PostedDate": "2014-03-14T12:27:35.203-07:00",
    "UserRole": null,
    "MarkedAsAnswerDate": null
  }
]