[
  {
    "Id": "272214",
    "ThreadId": "79510",
    "Html": "<p>Hello All,<br>According to the documentations, the above new conceptual component in the July 2, 2009 codes...</p>\r\n<p>&quot;Contains code to insert snippets directly from the source files without using any&nbsp;intermediate XML files&quot;</p>\r\n<p>This is a welcome replacement for the current XML Files-based ExampleComponent. However, after<br>many failed attempt and having confirmed with others on regular expression forums, the expected<br>input for this component is</p>\r\n<div style=\"color:Black;background-color:White\">\r\n<pre><span style=\"color:Green\">// &lt;snippet1&gt;</span>\r\n<span style=\"color:Blue\">using</span> System;\r\n<span style=\"color:Blue\">using</span> System.Collections.Generic;\r\n<span style=\"color:Blue\">using</span> System.Linq;\r\n<span style=\"color:Blue\">using</span> System.Text;\r\n<span style=\"color:Green\">// &lt;/snippet1&gt;</span>\r\n<span style=\"color:Blue\">namespace</span> ConsoleApplication5\r\n{\r\n    <span style=\"color:Blue\">#region</span> Sample &lt;snippetdx&gt;\r\n    <span style=\"color:Blue\">class</span> Program\r\n    {\r\n        <span style=\"color:Blue\">static</span> <span style=\"color:Blue\">void</span> Main(<span style=\"color:Blue\">string</span>[] args)\r\n        {\r\n        }\r\n    }\r\n    <span style=\"color:Blue\">#endregion</span>     &lt;/snippetdx&gt;\r\n}\r\n</pre>\r\n</div>\r\n<p>The expression after the <strong>snippet</strong>, say <strong>1</strong> in the snippet1 and <strong>dx</strong> in the snippetdx, the identifier of the snippet.</p>\r\n<p>I am still trying but could not find any advantage this format has over the<br>original identifier: <strong>ExampleID#SnippetID</strong>, which allows us to create code references<br>like <strong>exampleId#snippetIdcs,snippetIdvb</strong>, where for instance, the <strong>snippetIdcs</strong> and <strong>snippetIdvb</strong><br>refer to the same example code in different languages.</p>\r\n<p>Can anyone, please, throw more light on this component?</p>\r\n<p>Best regards,<br>Paul.&nbsp;</p>",
    "PostedDate": "2010-01-01T11:18:39.21-08:00",
    "UserRole": null,
    "MarkedAsAnswerDate": null
  },
  {
    "Id": "272232",
    "ThreadId": "79510",
    "Html": "<p>Hi Paul,</p>\r\n<p>Great&nbsp;find!&nbsp; I hadn't noticed this new component yet but it's a welcomed addition, if it works :)&nbsp; I'll play around with it soon as I get the chance.</p>\r\n<p>- Dave</p>",
    "PostedDate": "2010-01-01T12:32:10.097-08:00",
    "UserRole": null,
    "MarkedAsAnswerDate": null
  },
  {
    "Id": "272243",
    "ThreadId": "79510",
    "Html": "<p>Hello Dave,</p>\r\n<p>See also the updated conceptual.config file, in the July 2 code, for its configuration.</p>\r\n<p>Best regards,<br>Paul.&nbsp;</p>",
    "PostedDate": "2010-01-01T13:37:05.827-08:00",
    "UserRole": null,
    "MarkedAsAnswerDate": null
  }
]