[
  {
    "Id": "840537",
    "ThreadId": "357029",
    "Html": "\r\n<p>I'm new to Sandcastle. I need to document a RESTful API and PowerShell cmdlets. I'd like the API to have online documentation, and the cmdlets need MAML for get-help. Both also need to be published to a framemaker document as well. They all share many of\r\n the same concepts so I want to make heavy use of shared content across them. I'm trying to get Sandcastle to help but don't see quite how to get things to come together.&nbsp;For example:</p>\r\n<ul>\r\n<li>Can I have a build that simply replaces tokens in a MAML file (to doc the cmdlets)?\r\n</li><li>Is there a path to framemaker? </li></ul>\r\n<p>Or, should I be taking a totally different path?</p>\r\n",
    "PostedDate": "2012-05-24T10:18:08.717-07:00",
    "UserRole": null,
    "MarkedAsAnswerDate": null
  },
  {
    "Id": "842766",
    "ThreadId": "357029",
    "Html": "<p>Sandcastle uses reflection data generated from assemblies along with the related XML comments files to produce help files in Help 1 (CHM), Help 2 (HxS), MS Help Viewer, or website formats.&nbsp; MAML topics used for conceptual content can also be included but, like the reflection and comments data, they are converted to HTML files.&nbsp; I'm not familiar with documenting PowerShell cmdlets so if they need raw MAML files, Sandcastle probably won't be of much help.&nbsp; I don't know what FrameMaker is and Sandcastle doesn't support it as an end result or tool that can be used.</p>\r\n<p>Eric</p>\r\n<p>&nbsp;</p>",
    "PostedDate": "2012-05-30T12:41:59.373-07:00",
    "UserRole": null,
    "MarkedAsAnswerDate": null
  },
  {
    "Id": "843381",
    "ThreadId": "357029",
    "Html": "<p>Thanks Eric,</p>\r\n<p>PowerShell cmdlets use MAML. I'd like to leverage Sandcastles tokens to eliminate redundancy. If only I could modify how it runs to produce MAML instead of HTML (shortcut most of the transforms, save the intermediate expanded token MAML). Before posting I thought I had an approach that might work but got blocked when the name I used didn't include one of the preexisting styles and it defaulted to prototype. For me it would be nice if the pipeline was more configurable.</p>\r\n<p>FrameMaker is an adobe product used by some for documentation (not passing judgement either way here, I'm not trying to start anything :)). It supports an import/export mechanism called MIF. I was thinking that if I could figure out how to add my own transforms I could get there...</p>\r\n<p>Before running into that, I set up two projects sharing the same folder structure (but different output folders) and that proved to me that I could leverage the same tokens for more than one output. That was sweet, but unfortunately I don't see how to add/extend the output formats to get what I need. And, my timeframe is probably too short to spend much more time on it. If anyone has some ideas, perhaps that could change?</p>",
    "PostedDate": "2012-05-31T20:26:33.18-07:00",
    "UserRole": null,
    "MarkedAsAnswerDate": null
  }
]