[
  {
    "Id": "175247",
    "ThreadId": "52181",
    "Html": "A number of the links on the Codeplex Sandcastle project Homepage are pointing at pages that just say &quot;<span>The page will be created the first time you edit it.</span>&quot;<br>\r\n<br>\r\nThat is not very helpful to someone that is tying to learn how Sandcastle is used. Has it always been like this, or is there some kind of fault in the wiki?\r\n",
    "PostedDate": "2009-04-03T05:37:06.78-07:00",
    "UserRole": null,
    "MarkedAsAnswerDate": null
  },
  {
    "Id": "175250",
    "ThreadId": "52181",
    "Html": "&gt;&gt;there some kind of fault in the wiki?<br>\r\nNo, there is no contents yet - the documentations for the Sandcastle is just started, so give it time.<br>\r\n<br>\r\nBest regards,<br>\r\nPaul.\r\n",
    "PostedDate": "2009-04-03T05:43:51.85-07:00",
    "UserRole": null,
    "MarkedAsAnswerDate": null
  }
]