[
  {
    "Id": "102973",
    "ThreadId": "30969",
    "Html": "I just downloaded and run a couple of quick proof of concept projects and really like what I saw.&nbsp; Of course as soon as&nbsp;a developer see something they like they want more.<br>\r\n<br>\r\nA large portion of our project is in XSLT.&nbsp; I can write an XSLT to produce the documentation I want from the production XSLT files.&nbsp; However, I do not know which of the XSD formats to use to integrate with sandcastle.<br>\r\n<br>\r\nI am sure that at some future point I will be asking how to automate the production of the documentation, but for know I would just like to know how to produce pieces that will fit in.<br>\r\n<br>\r\nThanks<br>\r\n<br>\r\nGreg\r\n",
    "PostedDate": "2008-07-06T16:51:30.153-07:00",
    "UserRole": null,
    "MarkedAsAnswerDate": null
  },
  {
    "Id": "102986",
    "ThreadId": "30969",
    "Html": "<p>Hi Greg, <br>\r\n<br>\r\nSo you have XSLT files and you'd like to produce HTML documentation for them using Sandcastle?<br>\r\n<br>\r\nThe&nbsp;three presentation styles that come with Sandcastle are designed to build HTML documentation for application programming interfaces (APIs).&nbsp;&nbsp;Technically, they are designed&nbsp;only for managed&nbsp;APIs, but they can also be used to document&nbsp;other platforms as well, such as&nbsp;AJAX, for example.<br>\r\n<br>\r\nIf you want to document XSLT&nbsp;using the three built-in presentation styles then you must: </p>\r\n<ul>\r\n    <li>Generate a <strong>reflection.org</strong> file that uses the same schema that is used&nbsp;when reflecting into managed APIs.&nbsp; (The schema is located in Sandcastle's <strong>Schemas\\Reflection </strong>folder.)</li>\r\n    <li>Generate an XML documentation file that uses the same schema as&nbsp;the compiler-generated XML documentation files&nbsp;that contain code comments.</li>\r\n</ul>\r\n<p>I can't say whether&nbsp;XSLT&nbsp;will fit nicely into the existing schema that Sandcastle requires, but it's doubtful.&nbsp; In this case you'd have to roll your own solution by creating a custom presentation style.<br>\r\n<br>\r\nBasically you'd have to write a program that could&nbsp;parse&nbsp;information about the structure and entities in an XSLT file and also any comments that you'd like included in the HTML documentation.&nbsp; From here the process would be similar to building documentation for managed APIs, although you'd have to use&nbsp;custom&nbsp;XSL files for your presentation style&nbsp;that could produce the HTML documentation from the&nbsp;XSLT &quot;reflection&quot; information.&nbsp; A custom Build Assembler configuation file&nbsp;would&nbsp;need to be created as well.<br>\r\n<br>\r\nIf&nbsp;you plan on trying this out I suggest starting with an existing presentation style by copying it to another directory.&nbsp; Then modify its parts, starting with the XSL transformations that produce the final&nbsp;HTML documentation.&nbsp; Once you&nbsp;determine what the final documentation should look like you can infer the schema for the XSLT reflection information and the XML documentation.<br>\r\n<br>\r\n- Dave</p>\r\n",
    "PostedDate": "2008-07-06T20:47:06.66-07:00",
    "UserRole": null,
    "MarkedAsAnswerDate": null
  },
  {
    "Id": "102989",
    "ThreadId": "30969",
    "Html": "&gt;&gt;<strong>Greg</strong>: <em>However, I do not know which of the XSD formats to use to integrate with sandcastle</em>.<br>\r\nA simple way that will give you more control over the formating is to use the conceptual help topic,<br>\r\nin particular there is&nbsp;<span class=highlight-xml-tag><strong>developerXmlReference</strong> topic type.<br>\r\n</span>The&nbsp;<span class=highlight-xml-tag>developerXmlReference topic type currently as some issues but&nbsp;we could help you through the<br>\r\n</span>Sandcastle Styles effort to resolve them.<br>\r\n<br>\r\n&gt;&gt;<strong>Greg</strong>:&nbsp;<em>...future point I will be asking how to automate the production of the documentation</em>.<br>\r\nI am also working/researching on automating the documentations of XSD. The priority is, however, low <br>\r\n(compared to the other work I am doing&nbsp;with Sandcastle through the Sandcastle Assist effort) mainly because <br>\r\nI do not have a project immediately requiring this. I could coordinate with you to find a&nbsp;<strong>reusable</strong> solution, if required.<br>\r\n<br>\r\nBest regards,<br>\r\nPaul.\r\n",
    "PostedDate": "2008-07-06T21:17:01.917-07:00",
    "UserRole": null,
    "MarkedAsAnswerDate": null
  }
]