[
  {
    "Id": "728527",
    "ThreadId": "286900",
    "Html": "\r\n<p>I don't see a way of changing the path to the documentation sources so that one project handles documentation sources in different locations for different configurations, specifically different for debug and release builds.&nbsp; How might I do that, without\r\n copying the files to a common location?</p>\r\n",
    "PostedDate": "2012-01-20T18:28:04.193-08:00",
    "UserRole": null,
    "MarkedAsAnswerDate": null
  },
  {
    "Id": "728759",
    "ThreadId": "286900",
    "Html": "<p>If you're referring to SHFB, just change the configuration and platform settings in the toolbar or pass them in on the command line.&nbsp; As long as you are using a solution or project file as the documentation source, SHFB will pick up the assembly and XML comments files based on the current platform and configuration settings.</p>\r\n<p>Eric</p>\r\n<p>&nbsp;</p>",
    "PostedDate": "2012-01-21T12:28:08.937-08:00",
    "UserRole": null,
    "MarkedAsAnswerDate": null
  },
  {
    "Id": "729050",
    "ThreadId": "286900",
    "Html": "<p>Thanks Eric, the problem was that I was using the assembly and XML files explicitly instead of the project files.&nbsp; Now it works fine :).</p>",
    "PostedDate": "2012-01-22T17:32:36.327-08:00",
    "UserRole": null,
    "MarkedAsAnswerDate": null
  }
]