[
  {
    "Id": "803289",
    "ThreadId": "346751",
    "Html": "\r\n<p>Is it possible to control where a namespace appears in the table of contents? Right now they all appear at the bottom of the table of contents (with my &quot;custom&quot; pages at the top).</p>\r\n",
    "PostedDate": "2012-02-29T10:43:21.987-08:00",
    "UserRole": null,
    "MarkedAsAnswerDate": null
  },
  {
    "Id": "803528",
    "ThreadId": "346751",
    "Html": "<p>It depends on what you're using to build the help file.&nbsp; For example, if you are using SHFB, there are a number of options available.&nbsp; The ContentPlacement project property will let you place the API content above or below the conceptual content.&nbsp; The content layout file provides options to parent the API content within the conceptual content which provides finer control over its placement.&nbsp; If build MS Help Viewer output there are also options available for parenting your content within the collection.&nbsp; See the <a title=\"Content Placement Options\" href=\"http://www.ewoodruff.us/shfbdocs/Index.aspx?topic=html/ba42b2c2-985d-46f1-ba4c-3d921edcafe3.htm\" target=\"_blank\">Content Placement Options</a> topic for details.</p>\r\n<p>If you want to spread various individual namespaces throughout the conceptual content, there isn't currently a way to do that.&nbsp; However, I have been sent a plug-in for SHFB that provides support for doing that.&nbsp; I haven't had a chance to look at it yet and merge it but I will eventually.</p>\r\n<p>Eric</p>\r\n<p>&nbsp;</p>",
    "PostedDate": "2012-02-29T19:10:37.503-08:00",
    "UserRole": null,
    "MarkedAsAnswerDate": null
  }
]