[
  {
    "Id": "235340",
    "ThreadId": "69170",
    "Html": "<p>I am trying to create a Sandcastle project where the additional content is comprised of HTML pages. I am trying to use  CSS from a CSS file. Now while my pages look fine in a browser, when compiled via Sandcastle none of the features in the CSS file are applied. To get the styles applied I seem to have to physically include the contents of the style sheet in the &lt;style&gt; section in the header.</p>\r\n<p>I am using referencing the style sheet in the following manner:</p>\r\n<p>&lt;html&gt;<br>&nbsp;&nbsp; &nbsp;&lt;head&gt;<br>&nbsp;&nbsp; &nbsp;&nbsp;&nbsp;&nbsp;&nbsp;&nbsp;&nbsp; &lt;title&gt;nnnn Details&lt;/title&gt;<br>&nbsp;&nbsp; &nbsp;&nbsp;&nbsp; &nbsp;&nbsp;&nbsp; &lt;link rel=&quot;StyleSheet&quot; href=&quot;.\\nnn.css&quot; type=&quot;text/css&quot;&gt;<br>&nbsp;&nbsp;&nbsp; &lt;/head&gt;</p>\r\n<p>...</p>\r\n<p>Is it possible to use a stylehseet with Sandcastle and if so how does one do this?</p>\r\n<p>&nbsp;</p>",
    "PostedDate": "2009-09-16T14:46:10.513-07:00",
    "UserRole": null,
    "MarkedAsAnswerDate": null
  },
  {
    "Id": "235364",
    "ThreadId": "69170",
    "Html": "<p>&gt;&gt;<strong>neridan</strong>: <em>Is it possible to use a stylehseet with Sandcastle and if so how does one do this</em>?</p>\r\n<p>Even though there is no official release yet, the PostTransComponents (Reference and Conceptual)<br>in the Sandcastle Assist build components, allow you to include your own styles and scripts:</p>\r\n<p><a href=\"http://sandassist.codeplex.com/Wiki/View.aspx?title=Sandcastle Build Components\">http://sandassist.codeplex.com/Wiki/View.aspx?title=Sandcastle%20Build%20Components</a><br><br>Best regards,<br>Paul.</p>",
    "PostedDate": "2009-09-16T16:20:42.897-07:00",
    "UserRole": null,
    "MarkedAsAnswerDate": null
  },
  {
    "Id": "235403",
    "ThreadId": "69170",
    "Html": "<p>The most likely cause for the styles not being applied is that it can't find the stylesheet file.&nbsp; You might check to be sure that you included the stylesheet file in the project and that it is a content item.&nbsp; You need to make sure that the path to the CSS file is correct too.&nbsp; If the the stylesheet is in the same folder as the HTML files, it should find it.&nbsp; If the stylesheet is in&nbsp;another folder, you will need to provider a proper relative path to the file:</p>\r\n<p>If the stylesheet file is in a subfolder relative to the current folder in which the HTML files are stored:</p>\r\n<p>&lt;link rel=&quot;stylesheet&quot; type=&quot;text/css&quot; href=&quot;styles/MyStyles.css&quot; /&gt;</p>\r\n<p>If the stylesheet file is in a subfolder and the HTML files are in a different subfolder (i.e. html\\CustomPage.html), you need to go up one level:</p>\r\n<p>&lt;link rel=&quot;stylesheet&quot; type=&quot;text/css&quot; href=&quot;../styles/MyStyles.css&quot; /&gt;</p>\r\n<p>If you are using the Sandcastle Help File Builder, build a website version of the project and see if the stylesheet is there and in the expected location.</p>\r\n<p>Eric</p>\r\n<p>&nbsp;</p>",
    "PostedDate": "2009-09-16T19:34:56.683-07:00",
    "UserRole": null,
    "MarkedAsAnswerDate": null
  },
  {
    "Id": "240253",
    "ThreadId": "69170",
    "Html": "<p>The problem was that I was not including the css file in my sitemap. Once I included it there all styles worked.</p>",
    "PostedDate": "2009-09-29T21:27:14.517-07:00",
    "UserRole": null,
    "MarkedAsAnswerDate": null
  }
]