[
  {
    "Id": "520183",
    "ThreadId": "234220",
    "Html": "\r\n<p>Hi,</p>\r\n<p>&nbsp; I currently have VS2010 and VS2008 installed.&nbsp; I would like to install SandCastle to generate help/documentation files.&nbsp; Where do I start?</p>\r\n<p>&nbsp; For what I could read so far, I should need to download and install the following:</p>\r\n<p>&nbsp;&nbsp;&nbsp; - Sandcastle-June 2010 Release Version 2.6.1062.1 (Sandcastle.msi)&nbsp;\r\n<a href=\"http://sandcastle.codeplex.com/releases/view/47665#DownloadId=128770\">http://sandcastle.codeplex.com/releases/view/47665#DownloadId=128770</a></p>\r\n<p>&nbsp;&nbsp;&nbsp; - Latest Source Code (Sandcastle-54478.zip) <a href=\"http://sandcastle.codeplex.com/SourceControl/changeset/view/54478\">\r\nhttp://sandcastle.codeplex.com/SourceControl/changeset/view/54478</a>#</p>\r\n<p>&nbsp;&nbsp; - Sandcastle June 2010 (2.6.10621.1) Patch - Rev 1 (SCPatch_Jun2010_2_6_10621_1_Rev1.zip)\r\n<a href=\"http://sandcastlestyles.codeplex.com/\">http://sandcastlestyles.codeplex.com/</a></p>\r\n<p>&nbsp;&nbsp; - <span id=\"x_TitleLabel\">Change Set 61048 (SandcastleStyles-61048.zip)\r\n<a href=\"http://sandcastlestyles.codeplex.com/SourceControl/changeset/changes/61048\">\r\nhttp://sandcastlestyles.codeplex.com/SourceControl/changeset/changes/61048</a></span></p>\r\n<p><span>&nbsp;&nbsp; - DocProject for SandCastle 1.11.0 Release Candidate (DocProject-1110RC.exe)\r\n<a href=\"http://docproject.codeplex.com/releases/10744/download/36424\">http://docproject.codeplex.com/releases/10744/download/36424</a></span></p>\r\n<p><span>My questions:</span></p>\r\n<p><span>&nbsp;&nbsp; 1.&nbsp; From the&nbsp;items listed here, is there any I should not install?&nbsp;If so which one(s) and why?</span></p>\r\n<p><span>&nbsp;&nbsp; 2.&nbsp; Is there any other parts I should download and install?&nbsp; If so which one(s)?&nbsp; Any weblink from where to download?</span></p>\r\n<p><span>&nbsp;&nbsp; 3. Will this setup works fine along with Visual Studio 2008 and Visual Studio 2010?</span></p>\r\n<p><span>Thanks in advance for your help.</span></p>\r\n",
    "PostedDate": "2010-11-10T12:37:51.88-08:00",
    "UserRole": null,
    "MarkedAsAnswerDate": null
  },
  {
    "Id": "520672",
    "ThreadId": "234220",
    "Html": "\r\n<p>Unless you want to rebuild the projects, you can pretty much ignore all of the source code downloads.&nbsp; If you want to use DocProject, you'll need the prior release of Sandcastle (May 2008) since it hasn't been updated to support the latest release of\r\n Sandcastle and the Sandcastle Styles patch yet.&nbsp; You can find more information and ask question about it at its project site (<a href=\"http://DocProject.CodePlex.com\">http://DocProject.CodePlex.com</a>).&nbsp; The\r\n<a title=\"SHFB\" href=\"http://SHFB.CodePlex.com\" target=\"_blank\">Sandcastle Help File Builder</a> is also available.&nbsp; It's a standalone GUI that provides a front-end for Sandcastle and works with the latest release.&nbsp; If you want to use it, see the\r\n topics in the <a title=\"Getting Started\" href=\"http://www.ewoodruff.us/shfbdocs/Index.aspx?topic=html/b772e00e-1705-4062-adb6-774826ce6700.htm\" target=\"_blank\">\r\nGetting Started</a> section of its help file as they will guide you through what to install and creating your first project.&nbsp; For a more indepth walkthrough see\r\n<a title=\"Taming Sandcastle\" href=\"http://www.simple-talk.com/dotnet/.net-tools/taming-sandcastle-a-.net-programmers-guide-to-documenting-your-code\" target=\"_blank\">\r\nthis article</a> on Simple Talk.</p>\r\n<p>Eric</p>\r\n<p>&nbsp;</p>\r\n",
    "PostedDate": "2010-11-11T09:29:00.537-08:00",
    "UserRole": null,
    "MarkedAsAnswerDate": null
  },
  {
    "Id": "520732",
    "ThreadId": "234220",
    "Html": "\r\n<p>Hi Eric,</p>\r\n<p>&nbsp; Thanks for reply.&nbsp; I appreciate.</p>\r\n<p>&nbsp; For what I understand, I should first install the following:</p>\r\n<p>&nbsp;&nbsp;&nbsp; - Sandcastle-June 2010 Release Version 2.6.1062.1 (Sandcastle.msi)&nbsp;\r\n<a href=\"http://sandcastle.codeplex.com/releases/view/47665#DownloadId=128770\">http://sandcastle.codeplex.com/releases/view/47665#DownloadId=128770</a><br>\r\n&nbsp;&nbsp;&nbsp; - Sandcastle June 2010 (2.6.10621.1) Patch - Rev 1 (SCPatch_Jun2010_2_6_10621_1_Rev1.zip)\r\n<a href=\"http://sandcastlestyles.codeplex.com/\">http://sandcastlestyles.codeplex.com/</a><br>\r\n&nbsp;&nbsp;&nbsp; - Change Set 61048 (SandcastleStyles-61048.zip) <a href=\"http://sandcastlestyles.codeplex.com/SourceControl/changeset/changes/61048\">\r\nhttp://sandcastlestyles.codeplex.com/SourceControl/changeset/changes/61048</a></p>\r\n<p>&nbsp; Next, concerning wrapper application, I read your article and should finally go&nbsp;with:</p>\r\n<p>&nbsp;&nbsp; - SandCastle Help File Builder (which should replace DocProject I chose in first place)</p>\r\n<p>&nbsp; I also read something&nbsp;about GhostDoc and would appreciate your opinion:<br>\r\n&nbsp;&nbsp;&nbsp;&nbsp;&nbsp;&nbsp; Is it doing anything similar to previous items I will install or does it bring more &quot;meat&quot; to the table?&nbsp; If so what?<br>\r\n&nbsp;&nbsp;&nbsp;&nbsp;&nbsp;&nbsp; Would you recommend installing it?</p>\r\n<p>&nbsp; Finally, any other items you would recommend to install before closing the loop?</p>\r\n<p>Thanks again for helping,</p>\r\n<p>St&eacute;phane</p>\r\n",
    "PostedDate": "2010-11-11T11:37:41.14-08:00",
    "UserRole": null,
    "MarkedAsAnswerDate": null
  },
  {
    "Id": "521180",
    "ThreadId": "234220",
    "Html": "\r\n<p>You don't need the change set 61048 since it's the same as the Rev 1 Sandcastle Styles patch.&nbsp; If you will be building Help 1 (CHM) files, you'll need to install the HTML Help Workshop.&nbsp; If you will be building Help 2 (HxS) files, you'll need to\r\n install one of the Visual Studio SDKs to get the Help 2 compiler stuff.&nbsp; See the SHFB installation instructions for download locations.&nbsp; One update though, for the VS2008 SDK, you need to download the v1.0 version from\r\n<a href=\"http://www.microsoft.com/downloads/details.aspx?familyid=30402623-93ca-479a-867c-04dc45164f5b&amp;displaylang=en\">\r\nhttp://www.microsoft.com/downloads/details.aspx?familyid=30402623-93ca-479a-867c-04dc45164f5b&amp;amp;displaylang=en</a>&nbsp;since the v1.1 SDK doesn't contain the Help 2 compiler anymore.&nbsp; If you install the SDK, it contains an outdated version of Sandcastle\r\n and you'll need to fix the DXROOT environment variable.&nbsp; The SHFB installation instructions contain info on how to fix it.</p>\r\n<p>Regarding GhostDoc, I've never used it but some people like it.&nbsp; As I recall, it's mainly for use while coding to automatically insert boilerplate XML comments for class members.&nbsp; The H2Viewer and H3Viewer are handy for viewer Help 2 and MS Help\r\n Viewer output if you are producing them.</p>\r\n<p>Eric</p>\r\n<p>&nbsp;</p>\r\n",
    "PostedDate": "2010-11-12T09:40:06.367-08:00",
    "UserRole": null,
    "MarkedAsAnswerDate": null
  },
  {
    "Id": "521205",
    "ThreadId": "234220",
    "Html": "\r\n<p>Hi Eric,</p>\r\n<p>&nbsp; Thanks again for reply.&nbsp;</p>\r\n<p>&nbsp; 1. <em><span style=\"color:#008000\">&quot;You don't need the change set 61048&quot;</span></em></p>\r\n<p style=\"padding-left:30px\"><em>OK will remove this item from install list!</em></p>\r\n<p><em>&nbsp; 2. Visual Studio SDKs...&nbsp;</em></p>\r\n<p style=\"padding-left:30px\">I actually have VS2008 SDK v1.1 as well as VS2010 SDK installed.&nbsp; You recommend to download VS2008 SDK v1.0.&nbsp; Is there a way to get the Help2 compiler without installing the whole SDK?&nbsp; If not, can SDK v1.0 be installed\r\n &quot;aside&quot; SDK v1.1?</p>\r\n<p><em>&nbsp; </em>3.&nbsp; Outdated version of SandCastle...</p>\r\n<p style=\"padding-left:30px\">While&nbsp;installing both VS2008 and VS2010 SDKs, I honestly do not remember anything about SandCastle or if so, I probably didn't select anything accordingly at that moment.&nbsp; Is there a way I can check the presence or not\r\n of SandCastle (or maybe setup files for eventual installs)?</p>\r\n<p><em>&nbsp; </em>4. H2Viewer/H3Viewer</p>\r\n<p style=\"padding-left:30px\">I actually have H3Viewer installed.&nbsp; Very handy indeed as it helps me see help files the good old way!</p>\r\n<p>&nbsp; 5. Eventual updates</p>\r\n<p style=\"padding-left:30px\">How does SandCastle manage updates?&nbsp; Will I eventually have to uninstall and then reinstall in case of new version of SandCastle?</p>\r\n<p>&nbsp;</p>\r\n<p>Thanks again for helping,</p>\r\n<p>St&eacute;phane</p>\r\n",
    "PostedDate": "2010-11-12T10:26:08.767-08:00",
    "UserRole": null,
    "MarkedAsAnswerDate": null
  },
  {
    "Id": "521277",
    "ThreadId": "234220",
    "Html": "\r\n<p>I don't know whether the Help 2 compiler is available separately.&nbsp; That's a better question for the\r\n<a title=\"MSDN Dev Doc\" href=\"http://social.msdn.microsoft.com/forums/en-US/devdocs/threads/\" target=\"_blank\">\r\nMSDN&nbsp;Dev Doc</a>&nbsp;forum.&nbsp; I'm not sure about installing the earlier SDK side-by-side either.&nbsp; You can check the DXROOT environment variable to see if it's pointing to the correct location for Sandcastle.&nbsp; There should only be a system\r\n enviroment variable for DXROOT and it should point to C:\\Program Files\\Sandcastle or C:\\Program Files (x86)\\Sandcastle depending on whether you are using a 32-bit or 64-bit version Windows.&nbsp; When a new release of Sandcastle is issued, you uninstall the\r\n current version, install the new one and, if using a community tool such as SHFB, download and install the new version of it too.&nbsp; The Sandcastle Styles patch is usually updated and published shortly after the new Sandcastle release.&nbsp; Not much appears\r\n to be happening right now and the last update took 2 years so it may be a while before we see anything new.</p>\r\n<p>Eric</p>\r\n<p>&nbsp;</p>\r\n",
    "PostedDate": "2010-11-12T13:00:28.407-08:00",
    "UserRole": null,
    "MarkedAsAnswerDate": null
  },
  {
    "Id": "521574",
    "ThreadId": "234220",
    "Html": "\r\n<p>Hi Eric,</p>\r\n<p>&nbsp; Thanks again for follow-up.&nbsp;</p>\r\n<p>&nbsp; I've done a search for the DXROOT environment variable and it doesn't exist actually.&nbsp; Which makes sense considering the fact that SandCastle is not installed on my machine yet.</p>\r\n<p>&nbsp; Now regarding the version of Help (help 1/help 2/...), as I'm quite new to this, I'm questionning what is the standard actually used?&nbsp; Does it depend on the O/S platform the help file is installed?&nbsp; The .NET Framework targetted?&nbsp; I\r\n don't have a clue.&nbsp; Can you explain?&nbsp;</p>\r\n<p>&nbsp; 1. Help 2 Compiler</p>\r\n<p style=\"padding-left:30px\">I've done a little research on my own regarding Help2 Compiler.&nbsp; Search the NET for some hints.&nbsp; Considering the fact that I have VS2008 SDK installed on my machine, even if it is version 1.1, I took the chance to search\r\n my computer for it.&nbsp; I finally found it under &quot;C:\\Program Files\\Common Files\\microsoft shared\\Help 2.0 Compiler&quot;.&nbsp;&nbsp; In that directory, the following items are listed:</p>\r\n<ul>\r\n<li>\r\n<div style=\"padding-left:30px\">1033 (directory)</div>\r\n</li><li>\r\n<div style=\"padding-left:30px\">Redist (directory)</div>\r\n</li><li>\r\n<div style=\"padding-left:30px\">hxcomp.exe (version 2.7.61224.0)</div>\r\n</li><li>\r\n<div style=\"padding-left:30px\">hxcsrv.exe (version 2.7.61224.0)</div>\r\n</li><li>\r\n<div style=\"padding-left:30px\">hxreg.exe (version 2.7.61224.0)</div>\r\n</li><li>\r\n<div style=\"padding-left:30px\">ITCC55.dll, Resources.HxS.&nbsp;&nbsp;</div>\r\n</li></ul>\r\n<p style=\"padding-left:30px\">Now is there any other things I should validate so I can conclude it is well configured, registered (or else...) and I can finally use it properly?</p>\r\n<p style=\"padding-left:30px\">Any good articles you would recommend on&nbsp;how to work with it?</p>\r\n<p>2. My install list should now look like:</p>\r\n<ol>\r\n<li><span lang=\"EN-CA\" style=\"color:#30332d; font-size:9.5pt\">Sandcastle-June 2010 Release Version 2.6.1062.1 (Sandcastle.msi)&nbsp;\r\n</span><span style=\"color:#30332d; font-size:9.5pt\"><a href=\"http://sandcastle.codeplex.com/releases/view/47665#DownloadId=128770\">http://sandcastle.codeplex.com/releases/view/47665#DownloadId=128770</a></span>\r\n</li><li><span lang=\"EN-CA\" style=\"color:#30332d; font-size:9.5pt\">Sandcastle June 2010 (2.6.10621.1) Patch - Rev 1 (SCPatch_Jun2010_2_6_10621_1_Rev1.zip)\r\n</span><span style=\"color:#30332d; font-size:9.5pt\"><a href=\"http://sandcastlestyles.codeplex.com/\">http://sandcastlestyles.codeplex.com/</a></span>\r\n</li><li><span lang=\"EN-CA\" style=\"color:#30332d; font-size:9.5pt\">SandCastle Help File Builder&nbsp; (any specific link / version you would recommend?)</span>\r\n</li><li><span lang=\"EN-CA\" style=\"color:#30332d; font-size:9.5pt\">GhostDoc&nbsp; (or... any other tool&nbsp;you would&nbsp;recommend&nbsp;instead?)</span>\r\n</li></ol>\r\n<p><span lang=\"EN-CA\" style=\"color:#30332d; font-size:9.5pt\">&nbsp;&nbsp;&nbsp;&nbsp;&nbsp;Any other items, you would&nbsp;add to this list?&nbsp; BTW, I expect to use VS2008 as well as VS2010 in my development.&nbsp;&nbsp;&nbsp; Mainly C# and C&#43;&#43;.</span></p>\r\n<p><span lang=\"EN-CA\" style=\"color:#30332d; font-size:9.5pt\">Thanks again for helping,</span></p>\r\n<p><span lang=\"EN-CA\" style=\"color:#30332d; font-size:9.5pt\">St&eacute;phane</span></p>\r\n",
    "PostedDate": "2010-11-13T12:17:53.573-08:00",
    "UserRole": null,
    "MarkedAsAnswerDate": null
  },
  {
    "Id": "521582",
    "ThreadId": "234220",
    "Html": "\r\n<p>What help format&nbsp;you choose depends on how you want to let users view the resulting help.&nbsp; Help 1 produces standalone .CHM files.&nbsp; Although it's a rather old format and has some limitations with regard to Unicode support for foreign languages,\r\n it's fairly convenient as they are completely standalone and you can open them on any PC without any special software.&nbsp; Help 2 produces .HxS files which need to be integrated into a Visual Studio help collection (VS2005 and VS2008).&nbsp; You can't view\r\n these standalone unless you use the H2Viewer.&nbsp; Typically, they are integrated into the Visual Studio help collection (a topic all of its own and covered in the SHFB help file if you are interested).&nbsp; Once integrated, you can view it using the Document\r\n Explorer tool that comes with VS2005 and VS2008.&nbsp; MS Help Viewer is the latest help format and is used in VS2010.&nbsp; There is no standalone viewer for it so it must be registered with the help library manager before you can view it with the H3Viewer\r\n or the web browser/help agent.&nbsp; Website output is convenient if you want to upload a copy of the help to a web server for online viewing.&nbsp; The other factors such as OS and&nbsp;.NET Framework version don't play much of a role unless you want access\r\n from with Visual Studio.&nbsp; In that case for .NET 3.5 or earlier you'd use the Help 2 format and for VS2010 and .NET 4.0 you'd use the MS Help Viewer format.</p>\r\n<p>Regarding whether or not the copy of the Help 2 compiler you found will work, I can only assume that it will.&nbsp; If you do a build, SHFB finds it, and it runs without failing (i.e. it's registered correctly), you'll know it's good.&nbsp; Since it's under\r\n the shared folder, you're probably okay and perhaps it was installed by a prior release of the SDK.&nbsp; As I recall, that's the location that the v1.0 SDK puts it so perhaps you installed or had that installed at some point.</p>\r\n<p>The latest version of SHFB which is compatible with the latest version of Sandcastle is always available from\r\n<a href=\"http://SHFB.CodePlex.com\">http://SHFB.CodePlex.com</a>.&nbsp; Also, just so you know, Sandcastle can only document managed code.&nbsp; As such, if you are looking to document a native C&#43;&#43; library (i.e. MFC or ATL), you'll need to use another tool such\r\n as Doxygen.</p>\r\n<p>Eric</p>\r\n<p>&nbsp;</p>\r\n",
    "PostedDate": "2010-11-13T13:30:54.717-08:00",
    "UserRole": null,
    "MarkedAsAnswerDate": null
  },
  {
    "Id": "521904",
    "ThreadId": "234220",
    "Html": "\r\n<p>Hi again Eric,</p>\r\n<p>Thanks for comments and link provided.</p>\r\n<p>I would like to get back to the different Help formats. From SHFB webpage, I could read the following infos:</p>\r\n<p style=\"padding-left:30px\"><em><span style=\"color:#008000\">&quot;The builder can produce an HTML Help 1 (.chm) file, an MS Help 2 (.HxS) file, MS Help Viewer (.mshc), and/or a website.&quot;</span></em></p>\r\n<p>My questions:</p>\r\n<ol>\r\n<li>To build &quot;Help 1 (.chm)&quot; file, you stated in an earlier post that I needed HTML Help Workshop. The download is in form of a file &quot;Htmlhelp.exe&quot;. Is this an install program or a single exe file? Any recommandation while installing it?\r\n</li><li>To build &quot;Help 2 (.HxS)&quot; file, we talked about MS Help2 Compiler which seems to be actually installed on my machine. Anything else I need?\r\n</li><li>To build &quot;MS Help Viewer&quot; file, it is mentionned in SHFB documentation, that I need the Help Library Manager and Help Library Agent. VS2010 is actually installed on my machine. I could find the Help Library manager menu link easily and have also seen many\r\n times the Help Library Agent being activated while accessing VS2010 help system. So nothing to do regarding those two items. Any other recommandations?\r\n</li></ol>\r\n<ul>\r\n<li>Regarding SHFB, what kind of interface should I expect? Command-Line or GUI? On webpage, there are contradictory statements about it:<em>&#65279;</em>\r\n</li></ul>\r\n<p style=\"padding-left:90px\"><em><span style=\"color:#008000\">&quot;The current version is the May 2008 release. It is command line based and has no GUI front-end&quot;</span>\r\n</em></p>\r\n<p style=\"padding-left:90px\"><em><span style=\"color:#008000\">&quot;The GUI interface provides an NDoc-like properties window so anyone familiar with NDoc should be quite comfortable using it.&quot;</span></em></p>\r\n<ul>\r\n<li>Finally, regarding GhostDoc, I could read that the only languages supported were C# and VB. As I'm also targetting C&#43;&#43;/CLI, what options do I have? If none, any equivalent tools I can use instead of GhostDoc that could support both C# and C&#43;&#43;/CLI?\r\n</li></ul>\r\n<p>For the note about managed code, it shouldn't be an issue for me as I actually target C&#43;&#43;/CLI and C# which are both managed code. In fact, this form of language is what resemble the most to the programming languages I've been using so far.</p>\r\n<p>So my final install list should&nbsp;look like:</p>\r\n<li style=\"padding-left:60px\">\r\n<p style=\"padding-left:60px\">1. Sandcastle-June 2010 Release Version 2.6.1062.1 (Sandcastle.msi)&nbsp;\r\n<a href=\"http://sandcastle.codeplex.com/releases/view/47665#DownloadId=128770\">http://sandcastle.codeplex.com/releases/view/47665#DownloadId=128770</a></p>\r\n<p style=\"padding-left:60px\">2. Sandcastle June 2010 (2.6.10621.1) Patch - Rev 1 (SCPatch_Jun2010_2_6_10621_1_Rev1.zip)\r\n<a href=\"http://sandcastlestyles.codeplex.com/\">http://sandcastlestyles.codeplex.com/</a></p>\r\n<p style=\"padding-left:60px\">3. SandCastle Help File Builder (1.9.1.0)&nbsp; (<a href=\"http://shfb.codeplex.com/\">http://shfb.codeplex.com/</a>)</p>\r\n<p style=\"padding-left:60px\">4. HTML Help WorkShop (ver 1.3) (<a href=\"http://msdn.microsoft.com/en-us/library/ms669985.aspx\">http://msdn.microsoft.com/en-us/library/ms669985.aspx</a>)<br>\r\n&nbsp;&nbsp;&nbsp;&nbsp;&nbsp;&nbsp;&nbsp; -&nbsp;Htmlhelp.exe&nbsp; (is this a somekind of an install/setup program?)<br>\r\n&nbsp;&nbsp;&nbsp;&nbsp;&nbsp;&nbsp;&nbsp; - HelpDocx.zip&nbsp;(HTML help documentation)</p>\r\n<p style=\"padding-left:60px\">5. GhostDoc ver 2.5.09166 (<a href=\"http://submain.com/products/ghostdoc.aspx\">http://submain.com/products/ghostdoc.aspx</a>)&nbsp; (only support&nbsp;c# and VB...)<br>\r\n&nbsp;&nbsp;&nbsp;&nbsp;&nbsp;&nbsp;&nbsp; - Any other similar product that can support both C&#43;&#43;/CLI and C#?<br>\r\n&nbsp;&nbsp;&nbsp;&nbsp;&nbsp;&nbsp; &nbsp;- If not, what equivalent can be used with C&#43;&#43;/CLI?</p>\r\n<p>Thanks again for helping,</p>\r\n<p>&#65279;St&eacute;phane</p>\r\n</li>",
    "PostedDate": "2010-11-14T17:01:07.113-08:00",
    "UserRole": null,
    "MarkedAsAnswerDate": null
  },
  {
    "Id": "522304",
    "ThreadId": "234220",
    "Html": "\r\n<p>The HTML Help Workshop is in the form of an installer, run it to install it.&nbsp; There isn't much else to say about it, nor the Help 2 compiler.&nbsp; If you can access VS2010 help, there's nothing else to do with regard to MS Help Viewer either.&nbsp;\r\n The reference to &quot;no GUI front end&quot; is for Sandcastle itself which is just a set of command line tools.&nbsp; SHFB itself provides the GUI and a project management system and will control the build process that invokes the Sandcastle tools.&nbsp; I don't use\r\n GhostDoc and I don't code&nbsp;in C&#43;&#43; anymore so I can't comment on alternatives for it.</p>\r\n<p>Eric</p>\r\n<p>&nbsp;</p>\r\n",
    "PostedDate": "2010-11-15T12:09:56.893-08:00",
    "UserRole": null,
    "MarkedAsAnswerDate": null
  },
  {
    "Id": "522854",
    "ThreadId": "234220",
    "Html": "\r\n<p>Hi again,</p>\r\n<p>&nbsp; Thanks for reply.&nbsp; I'm installing SandCastle today.&nbsp; I would like to&nbsp;leave you the following link about a program, which seems equivalent to GhostDOC, but that could&nbsp;work not only with C# but with C&#43;&#43;/CLI as well.</p>\r\n<p><strong>AtomineerUtils add-in for VS2008-VS2010-VS2005:</strong>&nbsp;&nbsp; <a href=\"http://www.atomineerutils.com/products.php\">\r\nhttp://www.atomineerutils.com/products.php</a></p>\r\n<p>&nbsp; Seems to be a more versatile tool than GhostDOC.&nbsp; I would certainly like to have your opinion about this tool.&nbsp; Does it worth the try?</p>\r\n<p>Thanks again for your help,</p>\r\n<p>St&eacute;phane</p>\r\n",
    "PostedDate": "2010-11-16T11:11:42.31-08:00",
    "UserRole": null,
    "MarkedAsAnswerDate": null
  },
  {
    "Id": "523477",
    "ThreadId": "234220",
    "Html": "\r\n<p>Hi again,</p>\r\n<p>&nbsp;&nbsp;Probably unlike many others... ;-), I read documentation before proceeding with install.</p>\r\n<p>&nbsp; For &quot;Sandcastle June 2010 (2.6.10621.1) Patch - Rev 1&quot;, I could read (from file FixList.txt)&nbsp;the following :</p>\r\n<p>&nbsp;&nbsp;&nbsp;&nbsp;&nbsp;&nbsp;&nbsp;&nbsp;&nbsp;&nbsp;&nbsp;&nbsp;&nbsp;&nbsp;&nbsp;&nbsp;&nbsp;&nbsp; &nbsp;&quot;<strong><span style=\"color:#008000\"><em>This is not an official patch from Microsoft so use at your own risk.</em></span></strong>&quot;</p>\r\n<p>&nbsp; Considering that this patch has been issued on&nbsp;June&nbsp;30th 2010 and that nothing official has been offered since, can&nbsp;I&nbsp;consider it as safe or&nbsp;should rather wait for something more official?</p>\r\n<p>&nbsp; Also, if I do not abuse, I would still like to have your opinion on &quot;AtomineerUtils add-in for VS2008-VS2010-VS2005&quot;, mentionned in my earlier post.</p>\r\n<p>Thanks again for your help,</p>\r\n<p>St&eacute;phane</p>\r\n<p>&nbsp;</p>\r\n<p>&nbsp;</p>\r\n",
    "PostedDate": "2010-11-17T14:00:06.01-08:00",
    "UserRole": null,
    "MarkedAsAnswerDate": null
  },
  {
    "Id": "524026",
    "ThreadId": "234220",
    "Html": "\r\n<p>Hi again,</p>\r\n<p>&nbsp; I've read some stuff&nbsp;regarding SandCastle so to learn more about it.&nbsp; In an article, I picked up the following infos:</p>\r\n<p><em>&quot;Three languages get special treatment in Sandcastle: C#, Visual Basic, and C&#43;&#43;...&nbsp;&nbsp;&nbsp;Each of these appears in the language selector at the top of each page of your documentation set...&nbsp; You can filter the page to include any subset\r\n of these three languages using this dropdown button...&nbsp; <span style=\"text-decoration:underline\">\r\nUnfortunately (unlike MSDN) this language selection does not carry over from page to page</span>!&nbsp; That&nbsp; is&nbsp; apparently&nbsp; a&nbsp; lot&nbsp; more&nbsp; challenging&nbsp; to&nbsp; fix&nbsp; than&nbsp; it&nbsp; might&nbsp; appear... I believe\r\n it is also connected to this defect that includes, among other Firefox issues,&nbsp; failure&nbsp; of&nbsp; the&nbsp; Code&nbsp; all&nbsp; button&nbsp; to&nbsp; render&nbsp; properly&nbsp; in&nbsp; Firefox&nbsp; with&nbsp; the&nbsp; latest Sandcastle/SHFB\r\n release from June 2010. Because of this I am sticking with the prior release for the time being.&quot;</em></p>\r\n<p>&nbsp; Has there been any fix in Sandcastle/SHFB for this or maybe any workaround?</p>\r\n<p>Thanks for helping and hope to hear from someone...</p>\r\n<p>St&eacute;phane</p>\r\n",
    "PostedDate": "2010-11-18T13:22:38.343-08:00",
    "UserRole": null,
    "MarkedAsAnswerDate": null
  },
  {
    "Id": "524070",
    "ThreadId": "234220",
    "Html": "\r\n<p><span style=\"color:#30332d\">&gt;&gt;<strong>St&eacute;phane</strong>:&nbsp;</span><span style=\"color:#30332d\"><em>Has there been any fix in Sandcastle/SHFB for this or maybe any workaround</em>?</span></p>\r\n<p><span style=\"color:#30332d\">This is not an issue in Help 2.x. For the Help 1.x, there is a fix provided here for this problem...</span></p>\r\n<p><span style=\"color:#30332d\"><a href=\"http://sandcastlestyles.codeplex.com/workitem/5362\">http://sandcastlestyles.codeplex.com/workitem/5362</a></span></p>\r\n<p><span style=\"color:#30332d\"><span>Note that only the VS2005 style is supported, since the other styles are not complete. Web helps<br>\r\nare tools like DocProject, SHFB implementations and these would have to take care of this issue.&nbsp;</span></span></p>\r\n<p><span style=\"color:#30332d\"><span>Best regards,<br>\r\nPaul.&nbsp;</span></span></p>\r\n",
    "PostedDate": "2010-11-18T15:03:30.893-08:00",
    "UserRole": null,
    "MarkedAsAnswerDate": null
  },
  {
    "Id": "524071",
    "ThreadId": "234220",
    "Html": "\r\n<p><span style=\"color:#30332d\">&gt;&gt;<strong>St&eacute;phane</strong>:</span><span style=\"color:#000000\">&nbsp;&quot;<em>This is not an official patch from Microsoft so use at your own risk.</em>&quot;</span></p>\r\n<p><span style=\"color:#30332d\">If you think using style sheets involve risk, then that statement is for you.&nbsp;</span></p>\r\n<p><span style=\"color:#30332d\">&gt;&gt;<strong>St&eacute;phane</strong>:&nbsp;I would still like to have your opinion on &quot;AtomineerUtils add-in for VS2008-VS2010-VS2005&quot;</span></p>\r\n<p><span style=\"color:#30332d\">This tool and GhostDoc have nothing to do with Sandcastle, so keep it minimum.</span></p>\r\n<p><span style=\"color:#30332d\">Best regards,<br>\r\nPaul.&nbsp;</span></p>\r\n",
    "PostedDate": "2010-11-18T15:18:23.147-08:00",
    "UserRole": null,
    "MarkedAsAnswerDate": null
  },
  {
    "Id": "524118",
    "ThreadId": "234220",
    "Html": "\r\n<p>Consider the warning about it not being an official patch the standard disclaimer boilerplate.&nbsp; Some companies have policies where they won't allow the use of tools or patches not officially produced or sanctioned by the original source (i.e. Microsoft)\r\n so it covers that too and make it clear that they didn't produce it if that's an issue.&nbsp; Since it's only generating help files, there's nothing potentially harmful in its use.&nbsp; Most of the bugs are well over&nbsp;2 years old so&nbsp;I'll&nbsp;let\r\n you draw your own conclusions about waiting for a fix.&nbsp; Regarding the AtomiteerUtils tool, I haven't had enough interest personally to try them so I can't really offer an opinion on their worth.&nbsp; You'll have to try it out to see if it makes documenting\r\n the code any easier for you.&nbsp; Some people do, some people don't.</p>\r\n<p>Eric</p>\r\n<p>&nbsp;</p>\r\n",
    "PostedDate": "2010-11-18T18:19:40.59-08:00",
    "UserRole": null,
    "MarkedAsAnswerDate": null
  },
  {
    "Id": "526955",
    "ThreadId": "234220",
    "Html": "\r\n<p>Hi Eric,</p>\r\n<p>&nbsp; Thanks for the infos.&nbsp; One last thing.&nbsp; Once SandCastle is installed:</p>\r\n<p style=\"padding-left:60px\">1. Sandcastle-June 2010 Release Version 2.6.1062.1 (Sandcastle.msi)&nbsp;\r\n<a href=\"http://sandcastle.codeplex.com/releases/view/47665#DownloadId=128770\">http://sandcastle.codeplex.com/releases/view/47665#DownloadId=128770</a></p>\r\n<p style=\"padding-left:60px\">2. Sandcastle June 2010 (2.6.10621.1) Patch - Rev 1 (SCPatch_Jun2010_2_6_10621_1_Rev1.zip)\r\n<a href=\"http://sandcastlestyles.codeplex.com/\">http://sandcastlestyles.codeplex.com/</a></p>\r\n<p style=\"padding-left:60px\">3. SandCastle Help File Builder (1.9.1.0)&nbsp; (<a href=\"http://shfb.codeplex.com/\">http://shfb.codeplex.com/</a>)</p>\r\n<p style=\"padding-left:60px\">4. HTML Help WorkShop (ver 1.3) (<a href=\"http://msdn.microsoft.com/en-us/library/ms669985.aspx\">http://msdn.microsoft.com/en-us/library/ms669985.aspx</a>)<br>\r\n&nbsp;&nbsp;&nbsp;&nbsp;&nbsp;&nbsp;&nbsp; -&nbsp;Htmlhelp.exe&nbsp; (is this a somekind of an install/setup program?)<br>\r\n&nbsp;&nbsp;&nbsp;&nbsp;&nbsp;&nbsp;&nbsp; - HelpDocx.zip&nbsp;(HTML help documentation)</p>\r\n<p>&nbsp; Is there anything I should expect being loaded at computer startup?&nbsp; If so, what?</p>\r\n<p>Thanks again for helping,</p>\r\n<p>St&eacute;phane</p>\r\n",
    "PostedDate": "2010-11-25T06:35:26.36-08:00",
    "UserRole": null,
    "MarkedAsAnswerDate": null
  },
  {
    "Id": "527716",
    "ThreadId": "234220",
    "Html": "\r\n<p>There are no device drivers or services so nothing is loaded for Sandcastle or SHFB at startup.&nbsp; The same applies to the help compilers as far as I know.</p>\r\n<p>Eric</p>\r\n<p>&nbsp;</p>\r\n",
    "PostedDate": "2010-11-27T11:21:18.33-08:00",
    "UserRole": null,
    "MarkedAsAnswerDate": null
  },
  {
    "Id": "529051",
    "ThreadId": "234220",
    "Html": "\r\n<div>\r\n<p><span lang=\"EN-CA\" style=\"font-size:11.0pt\">Hi Eric,</span></p>\r\n<p><span lang=\"EN-CA\" style=\"font-size:11.0pt\">&nbsp;</span></p>\r\n<p><span lang=\"EN-CA\" style=\"font-size:11.0pt\">SandCastle is now installed. I encountered a few problems with the HTML Help workshop but I could complete install anyway. A few check points I would like to make with you:</span></p>\r\n<p><span lang=\"EN-CA\" style=\"font-size:11.0pt\">&nbsp;</span></p>\r\n<p style=\"margin-left:53.25pt; text-indent:-18.0pt\"><span lang=\"EN-CA\" style=\"font-size:11.0pt\"><span>1-<span style=\"font:7.0pt\">\r\n</span></span></span><span lang=\"EN-CA\" style=\"font-size:11.0pt\">Is it normal that, after installing SandCastle itself (sandcastle.msi), there was no menu item available in Vista?</span></p>\r\n<p style=\"margin-left:53.25pt; text-indent:-18.0pt\"><span lang=\"EN-CA\" style=\"font-size:11.0pt\"><span>2-<span style=\"font:7.0pt\">\r\n</span></span></span><span lang=\"EN-CA\" style=\"font-size:11.0pt\">Regarding now SHFB, I would like to make a suggestion. In VS2010, whenever I select/open windows, they remain opened the next time I start VS2010. Would certainly be a nice improvement in SHFB\r\n if I could set the &ldquo;ProcessExplorer&rdquo;, &rdquo;Project properties&rdquo;, &ldquo;Entity References&rdquo; and &ldquo;Build output&rdquo; windows to show permanently.</span></p>\r\n<p style=\"margin-left:53.25pt; text-indent:-18.0pt\"><span lang=\"EN-CA\" style=\"font-size:11.0pt\"><span>3-<span style=\"font:7.0pt\">\r\n</span></span></span><span lang=\"EN-CA\" style=\"font-size:11.0pt\">For my global install, starting from the fact that I&rsquo;m a total beginner in documentation, Is there a quick way you could suggest so I can test my Sandcastle environment?</span></p>\r\n<p style=\"margin-left:53.25pt\"><span lang=\"EN-CA\" style=\"font-size:11.0pt\">&nbsp;</span></p>\r\n<p><span lang=\"EN-CA\" style=\"font-size:11.0pt\">Thanks again for your help,</span></p>\r\n<p><span lang=\"EN-CA\" style=\"font-size:11.0pt\">&nbsp;</span></p>\r\n<p><span lang=\"EN-CA\" style=\"font-size:11.0pt\">St&eacute;phane</span></p>\r\n</div>\r\n",
    "PostedDate": "2010-11-30T13:52:40.793-08:00",
    "UserRole": null,
    "MarkedAsAnswerDate": null
  },
  {
    "Id": "529223",
    "ThreadId": "234220",
    "Html": "\r\n<div>\r\n<p><span style=\"font-size:11.0pt\">Hi again Eric,</span></p>\r\n<p><span style=\"font-size:11.0pt\">&nbsp;</span></p>\r\n<p><span lang=\"EN-CA\" style=\"font-size:11.0pt\">An other point I would like to understand about the need for HTML Help Workshop.\r\n</span></p>\r\n<p><span lang=\"EN-CA\" style=\"font-size:11.0pt\">&nbsp;</span></p>\r\n<p><span lang=\"EN-CA\" style=\"font-size:11.0pt\">From SHFB webpage (http://www.ewoodruff.us/shfbdocs/Index.aspx?topic=html/8c0c97d0-c968-4c15-9fe9-e8f3a443c50a.htm), we can read the following statement within &ldquo;Benefits and Features&rdquo; section:</span></p>\r\n<p style=\"margin-right:0cm; margin-bottom:6.0pt; margin-left:36.0pt\"><span lang=\"EN-CA\" style=\"font-size:11.0pt\">&ldquo;</span><span lang=\"EN-CA\" style=\"font-size:8.5pt\">The builder can produce an HTML Help 1 (.chm) file, an MS Help 2 (.HxS) file, MS Help Viewer\r\n (.mshc), and/or a website. &ldquo;</span></p>\r\n<p><span lang=\"EN-CA\" style=\"font-size:8.5pt\">&nbsp;</span><span lang=\"EN-CA\" style=\"font-size:11.0pt\">Why do I need to install HTML Help Workshop if SHFB can product HTML Help 1 (.chm) file as well?</span></p>\r\n<p><span lang=\"EN-CA\" style=\"font-size:11.0pt\">&nbsp;</span></p>\r\n<p><span lang=\"EN-CA\" style=\"font-size:11.0pt\">Thanks again for your help,</span></p>\r\n<p>&nbsp;</p>\r\n<p><span lang=\"EN-CA\" style=\"font-size:11.0pt\">St&eacute;phane</span></p>\r\n</div>\r\n",
    "PostedDate": "2010-11-30T21:55:29.327-08:00",
    "UserRole": null,
    "MarkedAsAnswerDate": null
  },
  {
    "Id": "529645",
    "ThreadId": "234220",
    "Html": "\r\n<p>Sandcastle is a set of command line tools and it installs no shortcuts in the Program Files/All Programs&nbsp;menu on any OS.&nbsp; It probably should install a shortcut to a Read Me file or something to be a bit more user friendly and to say where the stuff\r\n is located.</p>\r\n<p>I think it's possible to remember the open window state in SHFB, I'll look into it.&nbsp; It just remembers their last docked positions right now.</p>\r\n<p>Regarding testing the Sandcastle environment.&nbsp; I'm not sure what to suggest other than trying a build.&nbsp; If it fails, the error should tell you what went wrong and what might be missing.</p>\r\n<p>SHFB is just a front-end for the various tools.&nbsp; It uses them during the build process to produce the help file in the given format.&nbsp; It doesn't replace them.</p>\r\n<p>Eric</p>\r\n<p>&nbsp;</p>\r\n",
    "PostedDate": "2010-12-01T12:39:22.783-08:00",
    "UserRole": null,
    "MarkedAsAnswerDate": null
  },
  {
    "Id": "530452",
    "ThreadId": "234220",
    "Html": "\r\n<p>Hi Eric,</p>\r\n<p>&nbsp; Thanks for follow-up.&nbsp; I appreciate.&nbsp;</p>\r\n<p>&nbsp; I would like to get back to <strong>HTML Help Workshop</strong>.&nbsp; Must I understand that&nbsp;SHFB is in fact using it in the background when&nbsp;producing HTML Help 1 (.chm) file?&nbsp; If so, I presume that&nbsp;I can't&nbsp;set SHFB to use\r\n any other software instead?&nbsp;</p>\r\n<p>Thanks again for helping,</p>\r\n<p>St&eacute;phane</p>\r\n",
    "PostedDate": "2010-12-02T19:30:45.81-08:00",
    "UserRole": null,
    "MarkedAsAnswerDate": null
  },
  {
    "Id": "530841",
    "ThreadId": "234220",
    "Html": "\r\n<p>Yes, SHFB is running the tools in the background to perform their related tasks.&nbsp; SHFB is extensible via plug-ins so, should you want to alter or replace parts of the build such as how the help is compiled, you can do so by writing a plug-in.&nbsp;\r\n There's a section in the SHFB help file that covers the available plug-ins and how to write your own if you are interested.</p>\r\n<p>Eric</p>\r\n<p>&nbsp;</p>\r\n",
    "PostedDate": "2010-12-03T12:08:50.51-08:00",
    "UserRole": null,
    "MarkedAsAnswerDate": null
  },
  {
    "Id": "530863",
    "ThreadId": "234220",
    "Html": "\r\n<p>Hi again,</p>\r\n<p>&nbsp; Thanks Eric for follow-up.&nbsp; I appreciate.&nbsp; When you mentionned that I could alter or replace parts,&nbsp; I would like to have&nbsp;your opinion on these two other questions&nbsp;if you don't mind.&nbsp; Considering the&nbsp;setup&nbsp;I\r\n actually have, as a&nbsp;recall:</p>\r\n<ul>\r\n<li>SandCastle </li><li>SHFB </li><li>HTML Help WorkShop (ver 1.3) </li></ul>\r\n<ol>\r\n<li>Would&nbsp;you recommend using&nbsp;something else&nbsp;than HTML Help WorkShop?&nbsp;&nbsp;&nbsp;\r\n</li><li>Any other plugins you think I should have a look? </li></ol>\r\n<p>Thanks again for helping,</p>\r\n<p>St&eacute;phane&nbsp;</p>\r\n<p>&nbsp;</p>\r\n",
    "PostedDate": "2010-12-03T12:57:16.573-08:00",
    "UserRole": null,
    "MarkedAsAnswerDate": null
  },
  {
    "Id": "531012",
    "ThreadId": "234220",
    "Html": "\r\n<p>As far as I know, there isn't any other tool that will compile Help 1 files so Help Workshop is it.&nbsp; As for the other plug-ins, you'll have to evaluate them, see if you have need of them, and make your own decision.</p>\r\n<p>Eric</p>\r\n<p>&nbsp;</p>\r\n",
    "PostedDate": "2010-12-03T19:12:48.843-08:00",
    "UserRole": null,
    "MarkedAsAnswerDate": null
  },
  {
    "Id": "531347",
    "ThreadId": "234220",
    "Html": "\r\n<p>Hi Eric,</p>\r\n<p>&nbsp; Thanks for bearing with me along this thread.&nbsp; As my last request, is there any newsletter I&nbsp;can suscribe&nbsp;so I can&nbsp;get last updates about SandCastle?</p>\r\n<p>Thanks again,</p>\r\n<p>St&eacute;phane&nbsp;</p>\r\n",
    "PostedDate": "2010-12-05T07:20:55.723-08:00",
    "UserRole": null,
    "MarkedAsAnswerDate": null
  }
]