[
  {
    "Id": "102228",
    "ThreadId": "30727",
    "Html": "Hello,<br>\r\nI have just provided a fix for this issue. It is available as part of the issue tracker<br>\r\n<br>\r\n<a href=\"http://www.codeplex.com/SandcastleStyles/WorkItem/View.aspx?WorkItemId=5362\"><span style=\"color:#0072bc\">Sticky Language Filter</span></a><br>\r\n<br>\r\nJust download the attached file,&nbsp;<strong>script_manifold.js</strong>, rename the existing one in your&nbsp;<br>\r\n<br>\r\n..\\Presentation\\vs2005\\Scripts<br>\r\n<br>\r\nfolder, and place the updated version there.<br>\r\nSandcastle already has the framework for&nbsp;supporting this in place, just needed some additions<br>\r\nto work with the HTMLHelp 1.x&nbsp;Viewer. <br>\r\nThe changes are marked &quot;CHM: Persistence.....&quot;, I think in three places.<br>\r\n<br>\r\nBest regards,<br>\r\nPaul.<br>\r\n<br>\r\nNB: Now that the Sandcastle is back let the fun begins....\r\n",
    "PostedDate": "2008-07-02T12:10:40.44-07:00",
    "UserRole": null,
    "MarkedAsAnswerDate": null
  }
]