[
  {
    "Id": "73125",
    "ThreadId": "21925",
    "Html": "\r\nI'm sorry to have to bring up the subject of the seealso tag again because I know it was discussed at length at the end of 2006, and support was added for the inline seealso (nested in the summary tag). However, I cannot get the nested seealso to work in any of the styles (prototype, hana, vs2005), in neither of the last two CTP releases (Nov 07 and January 08).<br /><br />The problem is that the hypertext link from a seealso tag nested within a summary tag is rendered in two places: within the See Also section as it should be, and also at the end of the summary text where it should not be (only the link appears, not a second \"See Also\" string).<br /><br />I don't have the problem with top-level seealso tags, but my understanding from past forum posts on this subject is that the nested seealso tag would continue to be supported, and from what I can tell in Main_sandcastle.xsl, that is the case.<br /><br />Has anyone else seen this problem?<br /><br />Thanks.<br />",
    "PostedDate": "2008-02-11T12:38:34.537-08:00",
    "UserRole": null,
    "MarkedAsAnswerDate": null
  },
  {
    "Id": "73169",
    "ThreadId": "21925",
    "Html": "\r\nHi, <br /><br />Just out of curiosity, why do you need to add <i>seealso</i> tags within <i>summary</i> tags?  Can't you just add them outside of <i>summary</i> tags so that it works?<br /><br />- Dave<br />",
    "PostedDate": "2008-02-11T16:45:47.293-08:00",
    "UserRole": null,
    "MarkedAsAnswerDate": null
  },
  {
    "Id": "73312",
    "ThreadId": "21925",
    "Html": "\r\nThe problem is that approx. 150 nested seealso tags already exist in existing API help that our documentation group has compiled over the past couple of years. Nesting them was never an issue given that MS documentation showed inline seealso tags ( http://msdn2.microsoft.com/en-us/library/2d6dt3kf(ide).aspx), and that NDoc supported them. Also, when this issue first came up in 2006, Anand agreed that the problem should be fixed rather than forcing users to restructure the doc comments. And I believe the problem was addressed because the symptoms reported back then were different from what I'm seeing now. But apparently the problem wasn't solved because I'm getting the extraneous link in the summary description for Web help and HtmlHelp2.<br /><br />",
    "PostedDate": "2008-02-12T08:53:34.617-08:00",
    "UserRole": null,
    "MarkedAsAnswerDate": null
  },
  {
    "Id": "73344",
    "ThreadId": "21925",
    "Html": "\r\nHi, <br /><br />Thanks, I get it now.  I wonder though, can you guarantee that all of your &lt;seealso&gt; tags appear immediately before the closing &lt;summary&gt; tag?  If so, maybe a quick VS global regex find/replace would do the trick.<br /><br />- Dave<br />",
    "PostedDate": "2008-02-12T10:37:22.83-08:00",
    "UserRole": null,
    "MarkedAsAnswerDate": null
  },
  {
    "Id": "73375",
    "ThreadId": "21925",
    "Html": "\r\nHi Dave. I'm not interested in working around a bug unless the Sandcastle Dev group -- if it can reproduce my results -- chooses not to fix it.<br />",
    "PostedDate": "2008-02-12T12:16:45.327-08:00",
    "UserRole": null,
    "MarkedAsAnswerDate": null
  }
]