[
  {
    "Id": "129080",
    "ThreadId": "38907",
    "Html": "I took a look at the problem of MRefBuilder failing on obfuscated members with private scope visibility.  The solution is fairly straightforward.  Since the API filter is already stripping out compiler generated members before they even get to the reflection info writing stage, it can be updated to strip out any member without a recognized visibility value as well.  The update only applies to the filter class used when using /internal+ (<strong>AllDocumentedFilter</strong>).  Just add the code to ignore unrecognized visibilities to the <strong>IsExposedMember</strong> and <strong>IsExposedType</strong> methods.  I've attached a patched version of MRefBuilder.exe along with the modified source code file (Source\\Reflection\\AllDocumentedFilter.cs) to the work item (<a href=\"http://www.codeplex.com/Sandcastle/WorkItem/View.aspx?WorkItemId=2967\">http://www.codeplex.com/Sandcastle/WorkItem/View.aspx?WorkItemId=2967</a>).  Note that this only ignores the problem items.  All obfuscated members with a recognized visibility will still make it into the reflection information file since they aren't marked in any particular way that would allow automatic exclusion.  However, they can be removed in the normal fashion using the API filter to remove unwanted types and members by name.<br>\r\n<br>\r\nIf there are any problems or questions, reply here.<br>\r\n<br>\r\nEric<br>\r\n",
    "PostedDate": "2008-10-30T18:52:37.83-07:00",
    "UserRole": null,
    "MarkedAsAnswerDate": null
  }
]