[
  {
    "Id": "73533",
    "ThreadId": "22049",
    "Html": "\r\n I'm curious if anyone else has seen this behavior on large assemblies:<br />My project is pretty simple and straightforward. Compile a HtmlHelp2 file from a single DLL+XML file.<br />No additional content.<br />The DLL has a bunch of inner classes and static members, a few generics, and is written in C#.<br />This log is from the SHFB build, but I get the same error when running through the generic GUI in Sandcastle, so this appears to be a problem with the prototype transform. I get the same error using the HANA style (actually, there I get 3 errors instead of 2).<br /><br />The error turns out to be caused by the code generation we do for our Data-Access objects -- they all have the same Load + Save methods on them, which leads to a couple of hundred classes with the same Load+Save method signatures on them. This leads to a few hundred \"Load method\" references in the generated HTML files, which in turn leads to the HXC compiler complaining.<br /><br />Any suggestiongs on how to fix this?<br />I am tempted to modify the Prototype XSL file to generate more specific keywords: \"Load method on FooRow\" instead of just \"Load method\"<br /><br />=========================begin log===================<br />Info: Saving topic 45681: /html/ffecd749-bb99-0849-e584-bd2b7329f125.htm<br />Info: Saving file: SO.Server.Data.hxc<br />Info: Saving file: SO.Server.Data.HxF<br />Info: Saving file: SO.Server.Data.HxT<br />Info: Saving file: SO.Server.Data_A.HxK<br />Info: Saving file: SO.Server.Data_K.HxK<br />Info: Saving file: SO.Server.Data_F.HxK<br />Info: Saving file: SO.Server.Data_N.HxK<br />Info: Saving file: SO.Server.Data_S.HxK<br />Info: Saving file: SO.Server.Data_B.HxK<br />Info: Saving file: SO.Server.Data_NamedURLIndex.HxK<br />Error HXC3031: A group of keywords for a single Help link or KTable exceeds 4,096 bytes.<br />Error HXC3031: A group of keywords for a single Help link or KTable exceeds 4,096 bytes.<br />Info: Number of Topics: 45681.<br />Info: Number of URLs: 45681.<br />Info: Processing complete.<br />Info: Number of errors: 2.<br />",
    "PostedDate": "2008-02-13T06:09:57.327-08:00",
    "UserRole": null,
    "MarkedAsAnswerDate": null
  },
  {
    "Id": "74413",
    "ThreadId": "22049",
    "Html": "\r\nI have the same problem as you.  Our project has the same structure as yours and is of the same size. It works without any problems with the HtmlHelp1 and WebSite but there are two errors when the HtmlHelp2 is built.<br /><br />Tried to change the index from \"Load method\" -&gt; \"Load method on FooRow\" and that solves the probelm. Cannot find any problems with this and the HXC works with the Help Integration in VS 2008.<br /><br />However is this the \"correct solution\" ? If so - is it possible to have a setting within SandCastle and SHFB?<br />This would give the user the possibility to change the keywords of the project without changing the logics of SandCastle.<br />",
    "PostedDate": "2008-02-17T02:17:05.107-08:00",
    "UserRole": null,
    "MarkedAsAnswerDate": null
  },
  {
    "Id": "74500",
    "ThreadId": "22049",
    "Html": "\r\nSince a change in the way the index keywords are produced requires modifications to the Sandcastle transformations, it would be better to open an issue to have the problem corrected.  It's not something that can be fixed using a project property in SHFB.  <br /><br />Eric<br />",
    "PostedDate": "2008-02-17T16:37:37.467-08:00",
    "UserRole": null,
    "MarkedAsAnswerDate": null
  },
  {
    "Id": "74573",
    "ThreadId": "22049",
    "Html": "\r\nI´ve created a WorkItem within the sandCastle project, so hopefully this will be solved.<br /><br /><a href=\"http://www.codeplex.com/Sandcastle/WorkItem/View.aspx?WorkItemId=1443\" class=\"externalLink\">http://www.codeplex.com/Sandcastle/WorkItem/View.aspx?WorkItemId=1443<span class=\"externalLinkIcon\" style=\"font-family:Consolas, Courier New, Courier, Monospace;\"></span></a><br /><br />It is a SandCastle problem and not a SHFB problem I agree with that - I wrote as I did since one of the possible solutions is a setting within SandCastle and it would be really nice if SHFB could handle this. Obviously SHFB couldn´t be changed if SandCastle isn´t changed first.<br /><br />Best regards<br />Tony<br />",
    "PostedDate": "2008-02-18T00:42:58.947-08:00",
    "UserRole": null,
    "MarkedAsAnswerDate": null
  },
  {
    "Id": "74953",
    "ThreadId": "22049",
    "Html": "\r\nI created a Build Component that caps the number of keywords by removing excess Keyword nodes using a post-transform component.<br /><br />The source code is at <a href=\"http://www.codeplex.com/sandextensions/SourceControl/PatchList.aspx\" class=\"externalLink\">http://www.codeplex.com/sandextensions/SourceControl/PatchList.aspx<span class=\"externalLinkIcon\" style=\"font-family:Consolas, Courier New, Courier, Monospace;\"></span></a> - hopefully the component will be absorbed into the Sandcastle Extension project.<br /><br />This seems to abate the problem, but it does mean that the \"Load method\" keyword will have 100 random entries in it, rather than all 1000 entires, but I doubt this is a problem.<br /><br />The component could be tweaked to modify the excess keywords to the \"Load method on FooRow\" instead of just removing them.<br />",
    "PostedDate": "2008-02-19T08:02:43.553-08:00",
    "UserRole": null,
    "MarkedAsAnswerDate": null
  }
]