[
  {
    "Id": "74986",
    "ThreadId": "22466",
    "Html": "\r\nHaving problems properly creating the \"comments.xml\" when the code is in multiple assemblies. Any links appreciated...<br />",
    "PostedDate": "2008-02-19T09:15:55.19-08:00",
    "UserRole": null,
    "MarkedAsAnswerDate": null
  },
  {
    "Id": "75045",
    "ThreadId": "22466",
    "Html": "\r\nIf you're referring to the fact that Sandcastle requires a single file named, <b>comments.xml</b> that contains your XML documentation, the solution is to modify the <i>sandcastle.config</i> file by changing <i>comments.xml</i> to something like <b>Comments\\*.xml</b>.<br />",
    "PostedDate": "2008-02-19T11:24:08.667-08:00",
    "UserRole": null,
    "MarkedAsAnswerDate": null
  },
  {
    "Id": "75062",
    "ThreadId": "22466",
    "Html": "\r\nI did not realize it could be \"wildcared'ed\". That is a BIG help!!!! I am attempting to minimize the number of configuration files that need to be maintained.<br />",
    "PostedDate": "2008-02-19T12:40:10.407-08:00",
    "UserRole": null,
    "MarkedAsAnswerDate": null
  }
]