[
  {
    "Id": "807340",
    "ThreadId": "347789",
    "Html": "\r\n<p>When Sandcastle is installed, there is an app called SandcastleGui.exe installed&nbsp;in Examples\\Generic .&nbsp; Does anybody know where it came from and where the source code can be found?</p>\r\n",
    "PostedDate": "2012-03-08T02:03:59.523-08:00",
    "UserRole": null,
    "MarkedAsAnswerDate": null
  },
  {
    "Id": "807518",
    "ThreadId": "347789",
    "Html": "<p>It was added as a basic example of using MSBuild with the Sandcastle tools.&nbsp; Source was never released for it.&nbsp; I'm going to see if I can get the source for the missing tools and the example GUI.&nbsp; If not, I'll just get it with Reflector and add it to the code base.</p>\r\n<p>Eric</p>\r\n<p>&nbsp;</p>",
    "PostedDate": "2012-03-08T08:24:58.367-08:00",
    "UserRole": null,
    "MarkedAsAnswerDate": null
  }
]