[
  {
    "Id": "520476",
    "ThreadId": "234291",
    "Html": "\r\n<p>I've only seen this mentioned in a couple of places in search results, so I thought I'd check here if it's a real problem, or an issue with my setup.</p>\r\n<p>I have just tried to use Sandcastle 2.6.1062.1&nbsp;to generate HTML docs of my project, via SHFB 1.9.1.0.</p>\r\n<p>The documents are compiled fine, and opening the Index.html in Firefox or IE looks great, but in Chrome (7.0.517.44) the page constantly flickers, and the reload/stop button flickers rapidly between it's two states - it seems like the page is constantly\r\n reloading itself as fast as it can.</p>\r\n<p>Interestingly, I've just uploaded it to my webserver, and in Chrome both the html and aspx versions look fine. &nbsp;Looks like an odd quirk of opening the Index.html locally in Chrome.</p>\r\n",
    "PostedDate": "2010-11-11T03:23:04.893-08:00",
    "UserRole": null,
    "MarkedAsAnswerDate": null
  },
  {
    "Id": "531719",
    "ThreadId": "234291",
    "Html": "\r\n<p>I can confirm this occurs, works great in Firefox and flickers in Chrome.</p>\r\n",
    "PostedDate": "2010-12-06T06:07:33.617-08:00",
    "UserRole": null,
    "MarkedAsAnswerDate": null
  },
  {
    "Id": "580110",
    "ThreadId": "234291",
    "Html": "<p>For anyone who is interested, the problem occurs in Javascript function GetCurrentUrl in SHFB file TOC.js (the original source can be found at %ProgramFiles%\\EWSoftware\\Sandcastle Help File Builder\\Web\\TOC.js). When the Index.html page is first loaded, an initialization function calls a function to synchronize the table of contents frame to the content frame. That function calls GetCurrentUrl and GetCurrentUrl attempts to execute this line:</p>\r\n<p>&nbsp;</p>\r\n<div style=\"color: black; background-color: white;\">\r\n<pre>url = window.frames[<span style=\"color: #a31515;\">\"TopicContent\"</span>].document.URL.replace(/\\\\/g, <span style=\"color: #a31515;\">\"/\"</span>);\r\n</pre>\r\n</div>\r\n<p>&nbsp;</p>\r\n<p>Which throws an exception under Google Chrome, because apparently if the document has been loaded from the local file system (i.e., has a file: URL), the document property, following 'window.frames[\"TopicContent\"]' has the value undefined.&nbsp;GetCurrentUrl catches this exception, but unfortunately, its response to the exception is to reload the page. Reloading the page, of course, causes the same sequence of steps to be executed again, ending with the same exception, etc., etc.</p>\r\n<p>I was unable to determine any quick, simple fix for the problem. Apparently, Chrome goes out of its way to prevent Javascript loaded in one frame from determining the URL of another frame if the page was loaded from a file: URL.</p>\r\n<p>A work-around to the problem is to change the line inside the try block in GetCurrentUrl (the line of code shown above) to the following:</p>\r\n<p>&nbsp;</p>\r\n<div style=\"color: black; background-color: white;\">\r\n<pre>        <span style=\"color: blue;\">if</span> (window.frames[<span style=\"color: #a31515;\">\"TopicContent\"</span>].document) {\r\n            url = window.frames[<span style=\"color: #a31515;\">\"TopicContent\"</span>].document.URL.replace(/\\\\/g, <span style=\"color: #a31515;\">\"/\"</span>);\r\n        }\r\n\r\n</pre>\r\n</div>\r\n<p>That has the effect of causing GetCurrentUrl to return \"\", which causes its caller to exit early. The practical effects from the Google Chrome user's point-of-view are:</p>\r\n<ol>\r\n<li>The Index.html page loads normally and does not flicker.</li>\r\n<li>The SyncTOC icon/button does not work.</li>\r\n</ol>\r\n<p>&nbsp;</p>\r\n<p>&nbsp;</p>",
    "PostedDate": "2011-03-14T10:23:14.467-07:00",
    "UserRole": null,
    "MarkedAsAnswerDate": null
  },
  {
    "Id": "580123",
    "ThreadId": "234291",
    "Html": "<p>This was fixed in v1.9.2.0 and effectively does what you suggested (returns an empty string).&nbsp; However, it first shows a message box describing why the problem occurred under Chrome and a workaround (run Chrome with the '--disable-web-security' command line option).</p>\r\n<p>Eric</p>\r\n<p>&nbsp;</p>",
    "PostedDate": "2011-03-14T10:43:56.927-07:00",
    "UserRole": null,
    "MarkedAsAnswerDate": null
  }
]