[
  {
    "Id": "72136",
    "ThreadId": "21645",
    "Html": "\r\nHi all,<br /><br />I'm new to Sandcastle and the Help File Builder.  Versions I'm using:<br /><br />Sandcastle Jan 2008 release<br />Help File Builder (v. 1.6.0.4)<br /><br />I'm just trying something very simple to test things out and for some reason the XML comments are not appearing in the CHM file.  From what I can tell (and have read), I'm not doing anything wrong but I may have missed something.<br /><br />Here is my code:<br /><br />    ''' &lt;summary&gt;<br />    ''' Gets the tombstone information for an applicant.<br />    ''' &lt;/summary&gt;<br />    ''' &lt;param name=\"FileNumber\"&gt;test&lt;/param&gt;<br />    ''' &lt;remarks&gt;test&lt;/remarks&gt;<br />    Public Sub GetApplicantTombstone(ByVal FileNumber As Integer)<br /><br />    End Sub<br /><br />and here is the XML file that is generated:<br /><br />&lt;?xml version=\"1.0\"?&gt;<br />&lt;doc&gt;<br />&lt;assembly&gt;<br />&lt;name&gt;<br />camis<br />&lt;/name&gt;<br />&lt;/assembly&gt;<br />&lt;members&gt;<br />&lt;member name=\"P:camis.clsApplicant.GivenName\"&gt;<br />\t&lt;summary&gt;<br /> Gets or sets the given name of the applicant.<br /> &lt;/summary&gt;<br />\t&lt;value&gt;Given name of the applicant.&lt;/value&gt;<br />\t&lt;returns&gt;&lt;/returns&gt;<br />\t&lt;remarks&gt;The value must only contain characters.&lt;/remarks&gt;<br />\t&lt;database&gt;PERSON.GIVEN_NAME&lt;/database&gt;<br />&lt;/member&gt;&lt;member name=\"M:camis.clsApplicant.GetApplicantTombstone(System.Int32)\"&gt;<br />\t&lt;summary&gt;<br /> Gets the tombstone information for an applicant.<br /> &lt;/summary&gt;<br />\t&lt;param name=\"FileNumber\"&gt;test&lt;/param&gt;<br />\t&lt;remarks&gt;test&lt;/remarks&gt;<br />&lt;/member&gt;<br />&lt;/members&gt;<br />&lt;/doc&gt;<br /><br />I then point SHFB to my assembly (and XML file) and then build.  The CHM file appears fine with all of my classes, properties and methods, however, none of the XML comments are appearing.<br /><br />I should also mention that when viewing the CHM, I'm assuming that when I select an item from the contents pane, the corresponding information should be displayed in the right content window, correct?<br /><br />Any help would be greatly appreciated.<br /><br />Thanks,<br />Randy<br />",
    "PostedDate": "2008-02-06T09:14:49.987-08:00",
    "UserRole": null,
    "MarkedAsAnswerDate": null
  },
  {
    "Id": "72152",
    "ThreadId": "21645",
    "Html": "\r\nHi Randy, <br /><br />For questions related to SHFB you may want to try the SHFB forums at <a href=\"http://www.codeplex.com/SHFB\" class=\"externalLink\">http://www.codeplex.com/SHFB<span class=\"externalLinkIcon\" style=\"font-family:Consolas, Courier New, Courier, Monospace;\"></span></a>.<br /><br /><div class=\"quote\" style=\"border: dotted .1em #aaa; border-left: none; border-right: none; font-style: italic; margin: 1em 0em 2.5em 3em;padding: .2em;\"><br />I should also mention that when viewing the CHM, I'm assuming that when I select an item from the contents pane, the corresponding information should be displayed in the right content window, correct?<br /><br /></div>Are you seeing something different?  If you click an item in the table of contents (frame on the left), its topic should be displayed in the frame on the right.<br />",
    "PostedDate": "2008-02-06T10:12:42.113-08:00",
    "UserRole": null,
    "MarkedAsAnswerDate": null
  },
  {
    "Id": "73045",
    "ThreadId": "21645",
    "Html": "\r\nActually, the only time I ever see anything in the frame on the right is when I first launch the CHM file, and it's an \"Action Cancelled\" message with the following error displayed:  \"Internet Explorer was unable to link to the Web page you requested. The page might be temporarily unavailable.\"<br /><br />I've only commented the one property in my code though, just to see if things would work, so it makes sense that I'm not seeing much content in the frame on the right, but I would at least expect it to display the comemnts I've entered for the GetApplicantTombstone method.<br />",
    "PostedDate": "2008-02-11T06:35:12.24-08:00",
    "UserRole": null,
    "MarkedAsAnswerDate": null
  },
  {
    "Id": "73073",
    "ThreadId": "21645",
    "Html": "\r\nSee my reply to you in the SHFB forum.  It's probably a security patch that blocks content when viewed from a network share, etc.<br /><br />Eric<br />",
    "PostedDate": "2008-02-11T08:29:53.297-08:00",
    "UserRole": null,
    "MarkedAsAnswerDate": null
  }
]