[
  {
    "Id": "1054027",
    "ThreadId": "446332",
    "Html": "Hi,<br />\n<br />\nIs there a way (for example by adding an attribute in code) to skip certain method / constants / properties from getting included in the help file generated by SandCastle?<br />\n<br />\nI know that I can do this by using ApiFilter, but I want to have this control through my source code file rather than through sandcastle project file.<br />\n<br />\nFor example, if my class has following method:<br />\n<pre><code>public class Foo\n{\n   [SkipInHelpFile]\n   public void TrialMethodNotYetForPublic()\n   {\n   }\n}\n</code></pre>\n\nis there anything like SkipInHelpFile attribute?<br />\n<br />\nThanks in advance.<br />\n<br />\nRegards,<br />\n<ul>\n<li>Vikram Lele</li>\n</ul>\n",
    "PostedDate": "2013-06-07T06:27:04.283-07:00",
    "UserRole": null,
    "MarkedAsAnswerDate": null
  },
  {
    "Id": "1054187",
    "ThreadId": "446332",
    "Html": "The &lt;exclude /&gt; tag can be used in XML comments to exclude members.  These get translated to API filter entries at build time by SHFB.  Bear in mind that the same behaviors apply.  If used on an overloaded member, all related overloaded members are excluded as well.\r<br />\n<br />\nAlso, please note that this project has been discontinued and may not be monitored as frequently. For future questions or issues concerning Sandcastle or SHFB, post them over on the <a href=\"http://shfb.codeplex.com\" rel=\"nofollow\">Sandcastle Help File Builder</a> project's discussion page. Thanks. \r<br />\n<br />\nEric<br />\n",
    "PostedDate": "2013-06-07T15:14:33.79-07:00",
    "UserRole": null,
    "MarkedAsAnswerDate": null
  },
  {
    "Id": "1054254",
    "ThreadId": "446332",
    "Html": "Thanks Eric. I will try that.<br />\n<br />\nAlso thanks for update on project status.<br />\n<br />\nRegards,<br />\nVikram<br />\n",
    "PostedDate": "2013-06-07T22:55:11.753-07:00",
    "UserRole": null,
    "MarkedAsAnswerDate": null
  }
]