[
  {
    "Id": "74469",
    "ThreadId": "22336",
    "Html": "\r\nI am working on a large (10,000+ source files) project. We have developed extensive comments for the interfaces and key base classes. We would like to leverage this work to apply the identical comments (in the actual source code) to the implementations and derived classes (at the class, and member levels). Unfortunately all avenues of investigation and development have led to dead ends. Being able to accomplish this would save hundreds of man hours.<br /><br />Any suggestions, comments, etc would be greatly appreciated.<br />",
    "PostedDate": "2008-02-17T12:58:34.213-08:00",
    "UserRole": null,
    "MarkedAsAnswerDate": null
  },
  {
    "Id": "74481",
    "ThreadId": "22336",
    "Html": "\r\nHi, <br /><br />I'm not sure because I've never used it myself, but <a href=\"http://www.roland-weigelt.de/ghostdoc\" class=\"externalLink\">GhostDoc<span class=\"externalLinkIcon\" style=\"font-family:Consolas, Courier New, Courier, Monospace;\"></span></a> might help with that.<br /><br />An alternative, which I have used, is the <span class=\"codeInline\" style=\"font-family:Consolas, Courier New, Courier, Monospace;\">&lt;include&gt;</span> tag.  See this discussion for more information: <br /><br />Common remarks for overloads<br /><a href=\"http://forums.microsoft.com/MSDN/ShowPost.aspx?PostID=2744042&amp;SiteID=1\" class=\"externalLink\">http://forums.microsoft.com/MSDN/ShowPost.aspx?PostID=2744042&amp;SiteID=1<span class=\"externalLinkIcon\" style=\"font-family:Consolas, Courier New, Courier, Monospace;\"></span></a><br /><br />- Dave<br />",
    "PostedDate": "2008-02-17T14:22:38.273-08:00",
    "UserRole": null,
    "MarkedAsAnswerDate": null
  },
  {
    "Id": "74684",
    "ThreadId": "22336",
    "Html": "\r\nDaveDev,<br />Thanks for the response. <br /><br />1) GhostDoc can help a little bit, buut it will only process individula methods, etc for \"inherited\" documentation cloning. Still have to hit the HotKey tens of thousands of times....<br />2) Using the include tag WILL cause the same documentation to appear in multiple places. However I need to ability to expand and/or tweak the documentation in many of the derived classes....<br /><br /><br />Still looking for a solution....<br />",
    "PostedDate": "2008-02-18T08:30:33.827-08:00",
    "UserRole": null,
    "MarkedAsAnswerDate": null
  },
  {
    "Id": "74715",
    "ThreadId": "22336",
    "Html": "\r\nHi, <br /><br />I'm not sure what you're looking for then.  It sounds like <span class=\"codeInline\" style=\"font-family:Consolas, Courier New, Courier, Monospace;\">&lt;include&gt;</span> is your best choice since you can use the same documentation in many places or, optionally, create a slightly-modified version and use it in a subset of places.  What more do you need?<br /><br />- Dave<br />",
    "PostedDate": "2008-02-18T10:35:45.88-08:00",
    "UserRole": null,
    "MarkedAsAnswerDate": null
  },
  {
    "Id": "74724",
    "ThreadId": "22336",
    "Html": "\r\nIn this project there are a relatively small number of VERY general interfaces and base classes. It is not unusual for a single interface to be leveraged by 20-50 eventual leaf classes. While the \"conceptual\" functionallity is comment, the \"behavioral\" functionallity can differ significantly. This means that there is significant editing to the content at each of the base classes, but even with this editing, the bulk of the content (70-95% of the characters) is identical with the edits interpsersed throughout the text.<br /><br />What we are currently doing is finding a method in the leaf class, setting a book mark, searching for the base implementation, copying and pasting the comments and then editing them. This is tedious and can be error prown. For example:<br /><br />// Each of the following have RADICALLY different comments for \"GetPressure...<br /><br />interface IPressureSensorTypeA { double GetPressure(); }<br />interface IPressureSensorTypeB { double GetPressure(); }<br />interface IPressureSensorTypeC { double GetPressure(); }<br /><br />class HaydenPressureGauge : IPressureSensorTypeC  { double GetPressure() ;  }<br />class OrcoPRessureGauge :  IPressureSensorTypeA  { double GetPressure()  }<br /><br />The \"Hayden\" needs all of the descriptive text of IPRessureSensorTypeC, but the limits, graphs, and other parameters (scattered throughout the remarks in a format \"standard\" to the system engineers (not programmers)) .<br /><br />The \"Orco\" needs a completely different text basis (which has already been developed at the Interface level, but again with the same type of scattered substitutions.<br /><br />Therefore there is NO place where we can segment out the \"Fixed\" from the variable, NOR is it acceptable from a documentation standpoint to have links or references, as all of the Documentation and specifications must eventually result in printed stabndalone \"spec sheets\".<br /><br />Previously (over the last 20 years...) most of this documentation was done completely independantly from the source code, using custom applications (often based on nroff or other unix text processing environments). Our current requirements dictate that the material be inline with the actual source.<br /><br />If I could only figure out a way to map back from \"Type, MethodInfo, FieldInfo, PropertyInfo, EventInfo\" to the actual source line where the declaration starts, I could easily adapt some of our existing tools. But this has proven to be a dead end. Tools such as mDbg, Pdb2Xml only cover those items that actually generate MSIL (ie have sequence points). I have looked into trying to do this part with a VS-2008 add-in, but none of the team has direct experience in that area, and no progress has been made.<br />",
    "PostedDate": "2008-02-18T11:15:32.997-08:00",
    "UserRole": null,
    "MarkedAsAnswerDate": null
  },
  {
    "Id": "74737",
    "ThreadId": "22336",
    "Html": "\r\nHi, <br /><br />Thanks for the details.<br /><br />So if you <i>could</i> get this to work with <span class=\"codeInline\" style=\"font-family:Consolas, Courier New, Courier, Monospace;\">&lt;include&gt;</span>, would it be acceptable even though your \"current requirements dictate that the material be inline with the actual source\"?<br /><br />Because here's what I had in mind: <br /><br /><b>Example Documentation Comments</b><br /><pre style=\"background-color:#ECECEC; border:dashed .1em #3E62A6; font-family:Consolas, Courier New, Courier, Monospace; font-size:1em; margin-top:0; padding:.5em; height:auto; overflow:auto; overflow-x:auto; overflow-y:auto;\">\r\n/// &lt;remarks&gt;\r\n/// These are some remarks with a graph: \r\n/// &lt;include file=\"graphs.xml\" path=\"//*[@id='1']/*\"/&gt;\r\n/// This text is not common, but &lt;include file=\"remarks.xml\" path=\"//*[@id='common']/text()\"/&gt;\r\n/// We've just componentized our documentation! :)\r\n/// &lt;/remarks&gt;\r\n</pre><b>graphs.xml</b><br /><pre style=\"background-color:#ECECEC; border:dashed .1em #3E62A6; font-family:Consolas, Courier New, Courier, Monospace; font-size:1em; margin-top:0; padding:.5em; height:auto; overflow:auto; overflow-x:auto; overflow-y:auto;\">\r\n&lt;?xml version=\"1.0\" encoding=\"utf-8\" ?&gt;\r\n&lt;graphs&gt;\r\n  &lt;graph id=\"1\"&gt;\r\n    &lt;img src=\"graph1.jpg\"/&gt;\r\n  &lt;/graph&gt;\r\n&lt;/graphs&gt;\r\n</pre><b>remarks.xml</b><br /><pre style=\"background-color:#ECECEC; border:dashed .1em #3E62A6; font-family:Consolas, Courier New, Courier, Monospace; font-size:1em; margin-top:0; padding:.5em; height:auto; overflow:auto; overflow-x:auto; overflow-y:auto;\">\r\n&lt;?xml version=\"1.0\" encoding=\"utf-8\" ?&gt;\r\n&lt;remarks&gt;\r\n  &lt;category id=\"common\"&gt;this text is.&lt;/category&gt;\r\n&lt;/remarks&gt;\r\n</pre><b>XML Documentation File Result</b><br /><pre style=\"background-color:#ECECEC; border:dashed .1em #3E62A6; font-family:Consolas, Courier New, Courier, Monospace; font-size:1em; margin-top:0; padding:.5em; height:auto; overflow:auto; overflow-x:auto; overflow-y:auto;\">\r\n&lt;remarks&gt;\r\nThese are some remarks with a graph: \r\n&lt;img src=\"graph1.jpg\"/&gt;\r\nThis text is not common, but this text is.\r\nWe've just componentized our documentation! :)\r\n&lt;/remarks&gt;\r\n</pre>- Dave<br />",
    "PostedDate": "2008-02-18T12:32:17.19-08:00",
    "UserRole": null,
    "MarkedAsAnswerDate": null
  },
  {
    "Id": "74914",
    "ThreadId": "22336",
    "Html": "\r\nDave,<br /><br />Sweet! but I dont see how it helps me with the basic problem. The \"Example Documentation Comments\" still has to be manually inserted in front of each appropriate class/method/property/event.....<br /><br />I did a search on \"double GetPressure()\" and there are over 100 implementations with 8 different templates (ie the 100 concerete implementations are implementations of 8 different interfaces).<br /><br />How does the above help get the comments in front of the 100+ method declarations????<br />",
    "PostedDate": "2008-02-19T05:50:15.16-08:00",
    "UserRole": null,
    "MarkedAsAnswerDate": null
  },
  {
    "Id": "74963",
    "ThreadId": "22336",
    "Html": "\r\nAs long as you require implemtation-specific documentation on the 100 concrete implementations, you are not going to get around the need for a lot of manual work. You're going to paste and manually edit the example documentation comments above in front of all 100 classes.<br /><br />The approach described above at least factors out the common text into a separately maintained file, so you can add a sentence to all 100 classes by editing one file later on.<br /><br /><br />Another approach is to use the SHFB to suck in a comments-only XML file that you generate from a content-management system or similar.<br />This means you don't maintain the documentation in the source code, but keep track of the doc in a separate system, and have that generate an XML file for you that SHFB can merge with the documentation XML file from the compiler.<br />",
    "PostedDate": "2008-02-19T08:26:09.477-08:00",
    "UserRole": null,
    "MarkedAsAnswerDate": null
  },
  {
    "Id": "74972",
    "ThreadId": "22336",
    "Html": "\r\nMogens,<br /><br />Thanks for the reply. The manual editing I am NOT concerned with. It is the pasting of the appropriate \"template\" which already exists at the base class or interface.<br /><br />Visual-Studio is capable of navigating to a base/declaation. And with add-ins like re-sharper, it can even go to the source in other projects (that are loaded in the solution), rather than showing the \"reflected\" view.<br /><br />Therefore, it seems like a VS-2008 add-in could be developed which will<br /><br />1) Reflect against an assembly, and gather all of the the Types, MethodInfo,, PropertyInfo, EventInfo signatures. These instances will also contain information related to \"base\" implementations.<br /><br />2) Using the above information, go to the point in the source of the base/interface and parse backwards to gather the comments.<br /><br />3) Go to the point in the source of the derived/concrete class, and paste this information if there are NO comments.<br /><br />4) Repeat steps 2&amp;3 for all of the items gathered in step #1<br /><br />I have posted on a number os sites/forums, that I am willing to pay a reasonable amount for such an add-in (including source). I can then even update the add-in to do spcial substitution for other sources so that the complete set of comments are paced directly in-line with the code.....<br /><br /><br /><br /><br />",
    "PostedDate": "2008-02-19T08:44:17.44-08:00",
    "UserRole": null,
    "MarkedAsAnswerDate": null
  },
  {
    "Id": "75037",
    "ThreadId": "22336",
    "Html": "\r\nHi, <br /><br /><div class=\"quote\" style=\"border: dotted .1em #aaa; border-left: none; border-right: none; font-style: italic; margin: 1em 0em 2.5em 3em;padding: .2em;\"><br />I can then even update the add-in to do spcial substitution for other sources so that the complete set of comments are paced directly in-line with the code.<br /><br /></div>It seems to me that you're taking this part too lightly, according to your former response:<br /><br />\"What we are currently doing is finding a method in the leaf class, setting a book mark, searching for the base implementation, copying and pasting the comments and then editing them.\"<br /><br /><i>and then editing them.</i> is of particular interest to me.  Inheriting raw documentation might be easy but adding the \"changes\" afterwards in an automated way probably won't be.<br /><br />You also wrote that \"edits [are] interspersed throughout\", which might make it difficult to automate the insertion of specialized comments, and probably far too complex to manage even if it was implemented somehow.  I.e., authors may still have to visit each API to include \"limits, graphs, and other parameters\" <i>around</i> the inherited documentation.<br /><br />Brute force using external includes, with intuitive references, still might be your best choice IMO.<br /><br />Sandcastle has a tool called <b>MRefBuilder</b> that generates an XML reflection file to describe APIs, including inheritance information.  Instead of a VS Add-In you could write a tool that parses an XML reflection file for the different kinds of base APIs that you mentioned before.  For each one the tool could look up the corresponding comments in XML documentation files generated by the compiler and copy them into some well-defined structure for your external XML include files.  It could also add the include references to the XML documentation files automatically.  Then you could pass the XML documentation files and the XML include files to authors who would just need to edit the raw XML documentation - outside of VS.<br /><br />Although, if you absolutely <i>must</i> have the comments within the actual source code then this won't work.<br /><br />Note that Microsoft doesn't use triple-slash comments either (according to some comments in blogs and videos that I've seen) because they have professional writers that write the documentation for the .NET Framework, so I don't see why having the comments in the actual source code on a project of this scale would even be a requirement - it doesn't seem to add any value.  If it's IntelliSense that you want, an XSL transformation could pull out the appropriate elements from a larger XML documentation file and store them in an IntelliSense XML file that VS can use.  The comments don't have to actually be in the source code.<br /><br />- Dave<br />",
    "PostedDate": "2008-02-19T11:19:15.643-08:00",
    "UserRole": null,
    "MarkedAsAnswerDate": null
  },
  {
    "Id": "75052",
    "ThreadId": "22336",
    "Html": "\r\nI created an Intellisense build component for Sandcastle so extracting comments for that purpose can be done as part of the documentation build.  It only pulls out the XML comments necessary for Intellisense and only for the documented APIs.  It's available with SHFB or in the standalone build component download.<br /><br />Eric<br />",
    "PostedDate": "2008-02-19T11:36:17.533-08:00",
    "UserRole": null,
    "MarkedAsAnswerDate": null
  },
  {
    "Id": "75065",
    "ThreadId": "22336",
    "Html": "\r\nDave,<br /><br />I will definately have to look at the MRefBuilder output. That sounds like it might have what I need.<br /><br />The \"documentation with source\" is a client requirement. I personally believe in the documentation being (primarily) external, and using technical writers rather than developers to create it. The thing that is a bit unusual with this particular project is that my Client (CompanyV) distributes many different subsets of the code (as source) to it's own customers (CompanyS, CompanyH, CompanyI) and in different versions for each of the custom (Industrial Automatioc) tools that they provide for the customer. They only want to \"expose\" the information that each company recieved as part of that specific tool.<br /><br />This means that custom assemblies are dynamically created for each unique tool that they sell (MANY). That only include the classes which that tool will actually use. Even partial classes are heavily used to \"fine-tune\" the exact code that is exposed. Maintaining this independantly adds another set of operations that must be automated for the build process. Their though was that \"hardbinding\" the content (by including it directly in the source) would ensure that the documentation that was produced would ONLY contain those items for which the code was actually included in the build.<br /><br />",
    "PostedDate": "2008-02-19T12:51:09.48-08:00",
    "UserRole": null,
    "MarkedAsAnswerDate": null
  },
  {
    "Id": "75101",
    "ThreadId": "22336",
    "Html": "\r\nHi Eric, <br /><br />How does it differ from the <span class=\"codeInline\" style=\"font-family:Consolas, Courier New, Courier, Monospace;\">IntellisenseComponent2</span> that ships with Sandcastle?<br /><br />TheCPUWizard, <br /><br />I agree then that it does make sense to keep the documentation near the code.<br /><br />Although, couldn't you just run the same \"set of operations\" for the XML documentation files as you do for the actual libraries in your automated builds?  If you consider the documentation to be part of the product then it makes sense, even though it may be extra work; hopefully, only a one-time setup would be needed though. <br /><br />- Dave<br />",
    "PostedDate": "2008-02-19T18:18:04.047-08:00",
    "UserRole": null,
    "MarkedAsAnswerDate": null
  },
  {
    "Id": "75112",
    "ThreadId": "22336",
    "Html": "\r\nI only looked VERY briefly at the IntellisenseComponent, but I did not see where it would do automated copy/paste of XML comments from one location to another........<br /><br />I have been swamped this evening with negotiations on a new (major) contract, so I have not had a chance to look at the MRefBuilder output, but what I really need \"when all is said and done\" is a list with the following content:<br /><br />1) Identifier that can be associated with an XML Comment : FileName and Line Number<br />2)    ALL \"base\" identifiers (must match signature and inheritance) : FileName and Line Number<br /><br />so:<br /><br />File1.cs<br />01) interface A<br />02)     {<br />03)        void Func1(int x);<br />04)        void Func1(double y);<br />05)     }<br />06) interface B<br />07)     {<br />08)        void Func1(int x);<br />09)        void Func1(double y);<br />10)     }<br /><br />File2.cs<br />01) class C1 : InterfaceA<br />02) {<br />03)         public void  Func1(int x) {}<br />04)         public void  Func1(double y) {}<br />05) }<br />06) <br />07) class C2: InterfaceB<br />08) {<br />09)         public void  Func1(int x) {}<br />10)         public void  Func1(double y) {}<br />11) }<br /><br /><br />Output: <br /><br />File2.cs:01 = File1.cs:01<br />File2.cs:03 = File1.cs:03<br />File2.cs:04 = File1.cs:04<br />File2.cs:07 = File1.cs:06<br />File2.cs:09 = File1.cs:08<br />File2.cs:10 = File1.cs:09<br /><br /><br />From there, the rest is easy......<br />",
    "PostedDate": "2008-02-19T19:14:29.16-08:00",
    "UserRole": null,
    "MarkedAsAnswerDate": null
  },
  {
    "Id": "75120",
    "ThreadId": "22336",
    "Html": "\r\nHi,<br /><br />The MRefBuilder utility generates an XML reflection file that doesn't contain source file information.  (Sorry, but my point about using the compiler's <span class=\"codeInline\" style=\"font-family:Consolas, Courier New, Courier, Monospace;\">&lt;include&gt;</span> tag in this scenario is moot.)<br /><br />Although I was not suggesting to update the code files anyway, but instead update the XML documentation files that were already compiled.<br /><br /><ol><li>Parse all <span class=\"codeInline\" style=\"font-family:Consolas, Courier New, Courier, Monospace;\">api</span> nodes in <i>reflection.xml</i> and build an in-memory index of the inheritance hierarchy as your tool should see it (e.g., index the IDs of base types).</li><li>For each type, find the corresponding documentation in an XML documentation file that has <i>already been generated by the compiler</i>.</li><li>If it's a <i>base</i> API then copy the documentation to all of its inherited elements in the XML documentation file (inheritance information can be retrieved from <i>reflection.xml</i>) based on whatever your proprietary rules are for including common documentation.  If no documentation sections exist for derived types then create them based on the existing documentation of base types.</li><li>You could then use a custom post-process include feature after the documentation is touched up (i.e., author doucmentation manually outside of VS and run the result through your tool again), which probably wouldn't be so difficult using XPath and a similar syntax as what the compiler supports.  Then you could stick to my original idea of using include files to encapsulate portions of common documentation.  (The pre-process would automatically copy in your comments into <i>include files</i> and just use a custom include tag in the XML documentation file instead.  That should also keep the files smaller, making them easier to work with).</li><li>Run the final documentation through your existing set of operations that remove APIs based on the tool that will be using them.  (The logic should be identical to what's being used for the removal of actual APIs from code.)</li></ol>Again, this does not have anything to do with the actual source code files though.<br /><br />To get the final documentation back into the source code would probably take a hefty amount of work, whether in a custom tool or using Visual Studio automation (as you've already mentioned).<br /><br />- Dave<br />",
    "PostedDate": "2008-02-19T20:16:45.957-08:00",
    "UserRole": null,
    "MarkedAsAnswerDate": null
  },
  {
    "Id": "75197",
    "ThreadId": "22336",
    "Html": "\r\nDave,<br /><br />I would first like to really thank you for the time you have spend on this thread. And you have given me (and hopefully other who read this) some good tips on creating sophisticated documentation systems.<br /><br />For my current situation however, finding a means to correlate source code locations is the ONE critical concern (wither source-2-soure or \"ReflectionInfo\"-2-source or some other means).<br /><br />One idea I was given in another forum actually looks VERY promising although not \"simple\". It involves loading portins of the source into the CodeDom...I will post more if this pans out.<br /><br />If you (or any other reader) knows of a good forum for Visual Studio 2008 add-in development, I would greatly appreciate it.<br />",
    "PostedDate": "2008-02-20T05:16:23.983-08:00",
    "UserRole": null,
    "MarkedAsAnswerDate": null
  },
  {
    "Id": "75213",
    "ThreadId": "22336",
    "Html": "\r\nHi, <br /><br />It's really no problem.  I enjoy brainstorming discussions :)<br /><br />I understand that your real concern is updating the actual source code and I know that it's because of a client requirement.  I just felt that it's worth pursing an alternative since, as I pointed out already, there's no good reason of which I'm aware to <i>require</i> the comments in the source code.  Your clients may have the wrong idea about its advantages; e.g., quick access to documentation, yes.  Easier than a compiled or intranet website help solution? Arguable.  Code bloat, probably.  <i>Required</i> for IntelliSense in Visual Studio?  Nope.  Using up your precious time, and possibly money, to work-around authoring issues and drawbacks?  Yep.<br /><br />The custom's always right though, right? ;)<br /><br />Using <i>CodeDom</i> in a custom tool will probably work, it's just a question of whether that's easier and more effective than using Visual Studio's built-in code model feature and the code editor: <br /><br />Discovering Code with the Code Model (Visual C#)<br /><a href=\"http://msdn2.microsoft.com/en-us/library/ms228763(VS.80).aspx\" class=\"externalLink\">http://msdn2.microsoft.com/en-us/library/ms228763(VS.80).aspx<span class=\"externalLinkIcon\" style=\"font-family:Consolas, Courier New, Courier, Monospace;\"></span></a><br /><br />Discovering Code with the Code Model (Visual Basic)<br /><a href=\"http://msdn2.microsoft.com/en-us/library/tz746te4(VS.80).aspx\" class=\"externalLink\">http://msdn2.microsoft.com/en-us/library/tz746te4(VS.80).aspx<span class=\"externalLinkIcon\" style=\"font-family:Consolas, Courier New, Courier, Monospace;\"></span></a><br /><br />System.CodeDom Namespace<br /><a href=\"http://msdn2.microsoft.com/en-us/library/system.codedom.aspx\" class=\"externalLink\">http://msdn2.microsoft.com/en-us/library/system.codedom.aspx<span class=\"externalLinkIcon\" style=\"font-family:Consolas, Courier New, Courier, Monospace;\"></span></a><br /><br />I can't comment on its quality, but here's one forum that you might want to check out: <br /><br />Visual Studio Extensibility Forum on MSDN<br /><a href=\"http://forums.microsoft.com/MSDN/ShowForum.aspx?ForumID=57&amp;SiteID=1\" class=\"externalLink\">http://forums.microsoft.com/MSDN/ShowForum.aspx?ForumID=57&amp;SiteID=1<span class=\"externalLinkIcon\" style=\"font-family:Consolas, Courier New, Courier, Monospace;\"></span></a><br /><br />- Dave<br />",
    "PostedDate": "2008-02-20T06:26:45.347-08:00",
    "UserRole": null,
    "MarkedAsAnswerDate": null
  },
  {
    "Id": "75221",
    "ThreadId": "22336",
    "Html": "\r\nDave,<br /><br />Thanks for the links :) :)<br /><br />I agree 100% wih all of your points. Based on my (30+ years) experience, the ONLY advantage of the documentation embedded in the code is that is increases the odds that the documentation MIGHT actually get updated if the functionallity changes. <br /><br />Yes, the customer is always \"right\" (but there is nothing \"wrong\" about convincing a client to change their minds). Fortunately all of the time I am spending on this issue is billable (but still fustrating).<br /><br />David<br />",
    "PostedDate": "2008-02-20T06:41:06.367-08:00",
    "UserRole": null,
    "MarkedAsAnswerDate": null
  },
  {
    "Id": "75254",
    "ThreadId": "22336",
    "Html": "<div class=\"quote\" style=\"border: dotted .1em #aaa; border-left: none; border-right: none; font-style: italic; margin: 1em 0em 2.5em 3em;padding: .2em;\"><br />davedev wrote:<br />How does it differ from the <span class=\"codeInline\" style=\"font-family:Consolas, Courier New, Courier, Monospace;\">IntellisenseComponent2</span> that ships with Sandcastle?<br /><br /></div><br />That's new to the January release and I hadn't seen it.  It didn't exist when I wrote mine back in November, only the first one did which doesn't work with standard XML comments.  With mine you don't have to supply all of the XPath queries to extract the various comment parts.  It also lets you name the Namespaces comments file or exclude it if you don't want it.<br /><br />Eric<br />",
    "PostedDate": "2008-02-20T08:46:09.3-08:00",
    "UserRole": null,
    "MarkedAsAnswerDate": null
  },
  {
    "Id": "75294",
    "ThreadId": "22336",
    "Html": "\r\nHi Eric, <br /><br />I think <i>IntellisenseComponent</i> was meant to extract comments from DDUE reference documentation (not the auto-generated stuff) and <i>IntellisenseComponent2</i> made it more flexible so you could pull out the IntelliSense from comments in any XML file.  It also seems to have some type of <i>include</i> feature.<br /><br />Although it sounds like your component requires much less manual effort :)<br /><br />- Dave<br />",
    "PostedDate": "2008-02-20T10:51:43.443-08:00",
    "UserRole": null,
    "MarkedAsAnswerDate": null
  }
]