[
  {
    "Id": "1332747",
    "ThreadId": "575529",
    "Html": "I am new to SandCastle and am trying to generate documentation from code.  After selecting the source projects, I ran &quot;Build&quot; from the GUI and it ran into an error (see below - it seems to be missing a DLL file.  Not sure which one it is).<br />\n\r<br />\nMy code is based of VS 2013 (.NET 4.5.5).  Can someone please point me in the right direction?<br />\n\r<br />\nThanks in advance!\r<br />\n<br />\nSHFB: Error BE0065: BUILD FAILED: Type &#39;System.ServiceModel.DuplexHelperAttribute&#39; from assembly &#39;System.ServiceModel.Extensions, Version=2.0.5.0, Culture=neutral, PublicKeyToken=31bf3856ad364e35&#39; is attempting to implement an inaccessible interface.\r<br />\n   at System.ModuleHandle.ResolveType(RuntimeModule module, Int32 typeToken, IntPtr* typeInstArgs, Int32 typeInstCount, IntPtr* methodInstArgs, Int32 methodInstCount, ObjectHandleOnStack type)\r<br />\n   at System.ModuleHandle.ResolveTypeHandleInternal(RuntimeModule module, Int32 typeToken, RuntimeTypeHandle[] typeInstantiationContext, RuntimeTypeHandle[] methodInstantiationContext)\r<br />\n   at System.ModuleHandle.ResolveTypeHandle(Int32 typeToken, RuntimeTypeHandle[] typeInstantiationContext, RuntimeTypeHandle[] methodInstantiationContext)\r<br />\n   at System.Reflection.RuntimeModule.ResolveType(Int32 metadataToken, Type[] genericTypeArguments, Type[] genericMethodArguments)\r<br />\n   at System.Reflection.CustomAttribute.FilterCustomAttributeRecord(CustomAttributeRecord caRecord, MetadataImport scope, Assembly&amp; lastAptcaOkAssembly, RuntimeModule decoratedModule, MetadataToken decoratedToken, RuntimeType attributeFilterType, Boolean mustBeInheritable, Object[] attributes, IList derivedAttributes, RuntimeType&amp; attributeType, IRuntimeMethodInfo&amp; ctor, Boolean&amp; ctorHasParameters, Boolean&amp; isVarArg)\r<br />\n   at System.Reflection.CustomAttribute.GetCustomAttributes(RuntimeModule decoratedModule, Int32 decoratedMetadataToken, Int32 pcaCount, RuntimeType attributeFilterType, Boolean mustBeInheritable, IList derivedAttributes, Boolean isDecoratedTargetSecurityTransparent)\r<br />\n   at System.Reflection.CustomAttribute.GetCustomAttributes(RuntimeAssembly assembly, RuntimeType caType)\r<br />\n   at Microsoft.Internal.AttributeServices.GetAttributes[T](ICustomAttributeProvider attributeProvider)\r<br />\n   at System.ComponentModel.Composition.Hosting.AssemblyCatalog.get_InnerCatalog()\r<br />\n   at System.ComponentModel.Composition.Hosting.AssemblyCatalog.GetEnumerator()\r<br />\n   at System.Linq.Enumerable.Count[TSource](IEnumerable<code>1 source)\r<br />   at System.Linq.Queryable.Count[TSource](IQueryable</code>1 source)\r<br />\n   at Sandcastle.Core.ComponentUtilities.AddAssemblyCatalogs(AggregateCatalog catalog, String folder, HashSet<code>1 searchedFolders, Boolean includeSubfolders)\r<br />   at Sandcastle.Core.ComponentUtilities.AddAssemblyCatalogs(AggregateCatalog catalog, String folder, HashSet</code>1 searchedFolders, Boolean includeSubfolders)\r<br />\n   at Sandcastle.Core.ComponentUtilities.CreateComponentContainer(IEnumerable`1 folders)\r<br />\n   at SandcastleBuilder.Utils.BuildEngine.BuildProcess.Build()<br />\n",
    "PostedDate": "2014-12-15T19:15:30.643-08:00",
    "UserRole": null,
    "MarkedAsAnswerDate": null
  },
  {
    "Id": "1332751",
    "ThreadId": "575529",
    "Html": "You've most likely got the assemblies you are trying to document in the same folder as the SHFB project or a sub-folder below it.  SHFB is scanning assemblies in the project folder and below for components it may need during the build (plug-ins, build components, presentation styles, etc.).  Since your documented assemblies appear to be for the .NETCore or .NETPortable framework, they are failing to load since they aren't compatible with the normal .NET framework.  Move your SHFB project to a subfolder below the one containing the documented assemblies or to a different location so that it can't find the documented assemblies when searching for components.  This has been fixed in the next release.\r<br />\n<br />\nPlease note that this project site has been discontinued and may not be monitored as frequently. For future questions or issues concerning Sandcastle or SHFB, post them over on the <a href=\"https://SHFB.CodePlex.com\" rel=\"nofollow\">Sandcastle Help File Builder</a> project's discussion page. Thanks. \r<br />\n<br />\nEric<br />\n",
    "PostedDate": "2014-12-15T19:26:50.66-08:00",
    "UserRole": null,
    "MarkedAsAnswerDate": null
  },
  {
    "Id": "1332992",
    "ThreadId": "575529",
    "Html": "Thanks so much for the quick and helpful response!  I moved it to another directory and was able to make it work eventually.  I'll post further questions on the page you refer to.\r<br />\n<br />\nVasu<br />\n",
    "PostedDate": "2014-12-16T13:41:38.743-08:00",
    "UserRole": null,
    "MarkedAsAnswerDate": null
  }
]