[
  {
    "Id": "907850",
    "ThreadId": "394226",
    "Html": "\r\n<p><span style=\"font-size:12pt\">I&rsquo;m using Sandcastle Help File Builder Version 1.9.1.0.&nbsp; I wanted to add a Remarks section to an overloads page, to appear below the automatically generated overloads list.&nbsp; So I did:</span></p>\r\n<p><span style=\"font-size:12pt\">&nbsp;</span></p>\r\n<p><span style=\"font-size:12pt\">&nbsp; &lt;member name=&quot;MyClass(double)&quot;&gt;</span></p>\r\n<p><span style=\"font-size:12pt\">&nbsp;&nbsp;&nbsp; &lt;overloads&gt;</span></p>\r\n<p><span style=\"font-size:12pt\">&nbsp; &nbsp;&nbsp;&nbsp;&nbsp;Initializes.a new instance of MyClass&hellip;&hellip;&hellip;&hellip;&hellip;&hellip;</span></p>\r\n<p><span style=\"font-size:12pt\">&nbsp;</span></p>\r\n<p><span style=\"font-size:12pt\">&nbsp;&nbsp;&nbsp;&nbsp;&nbsp; &lt;remarks&gt;</span></p>\r\n<p><span style=\"font-size:12pt\">&nbsp;&nbsp;&nbsp;&nbsp;&nbsp;&nbsp;&nbsp; Remarks about MyClass&hellip;&hellip;&hellip;&hellip;&hellip;.</span></p>\r\n<p><span style=\"font-size:12pt\">&nbsp;&nbsp;&nbsp;&nbsp;&nbsp; &lt;/remarks&gt;</span></p>\r\n<p><span style=\"font-size:12pt\">&nbsp;</span></p>\r\n<p><span style=\"font-size:12pt\">&nbsp;&nbsp;&nbsp; &lt;/overloads&gt;</span></p>\r\n<p><span style=\"font-size:12pt\">&nbsp; &nbsp; etc.</span></p>\r\n<p><span style=\"font-size:12pt\">&nbsp;</span></p>\r\n<p><span style=\"font-size:12pt\">This compiles ok but the resulting overloads page has two identical copies of the intended Remarks section, one before the overloads list and one after.&nbsp; That is, I get:</span></p>\r\n<p><span style=\"font-size:12pt\">&nbsp;</span></p>\r\n<p><span style=\"font-size:12pt\">Remarks</span></p>\r\n<p><span style=\"font-size:12pt\">Overload List</span></p>\r\n<p><span style=\"font-size:12pt\">Remarks</span></p>\r\n<p><span style=\"font-size:12pt\">&nbsp;</span></p>\r\n<p><span style=\"font-size:12pt\">Also I notice that the &#43;- collapse/expand button doesn&rsquo;t work on both Remarks sections.</span></p>\r\n<p><span style=\"font-size:12pt\">&nbsp;</span></p>\r\n<p><span style=\"font-size:12pt\">Regards</span></p>\r\n<p><span style=\"font-size:12pt\">Keith</span></p>\r\n",
    "PostedDate": "2012-09-03T10:30:06.22-07:00",
    "UserRole": null,
    "MarkedAsAnswerDate": null
  },
  {
    "Id": "908000",
    "ThreadId": "394226",
    "Html": "<p>Upgrade to the latest release of SHFB (v1.9.4.0) and Sandcastle (v2.7.0.0) as I believe that problem has been resolved.</p>\r\n<p>Eric</p>\r\n<p>&nbsp;</p>",
    "PostedDate": "2012-09-03T18:56:16.367-07:00",
    "UserRole": null,
    "MarkedAsAnswerDate": null
  },
  {
    "Id": "908129",
    "ThreadId": "394226",
    "Html": "<p>&nbsp;</p>\r\n<p>Nope.&nbsp; I uninstalled my old SHFB and Sandcastle and then upgraded to SHFB v1.9.4.0 and Sandcastle v2.7.0.0 (using Sandcastle Help File Builder Installer from <a href=\"http://shfb.codeplex.com/releases/view/81770\">http://shfb.codeplex.com/releases/view/81770</a>) and the exact same problem is there.</p>\r\n<p>&nbsp;</p>\r\n<p>Regards</p>\r\n<p>Keith</p>",
    "PostedDate": "2012-09-04T03:12:47.783-07:00",
    "UserRole": null,
    "MarkedAsAnswerDate": null
  },
  {
    "Id": "908205",
    "ThreadId": "394226",
    "Html": "<p>&nbsp;</p>\r\n<p>Cracked it.&nbsp; I need &lt;summary&gt; tags as in:</p>\r\n<p>&nbsp;</p>\r\n<p>&lt;overloads&gt;</p>\r\n<p>&nbsp; &lt;summary&gt;</p>\r\n<p>&nbsp;&nbsp;&nbsp; Summary text&hellip;&hellip;&hellip;</p>\r\n<p>&nbsp; &lt;/summary&gt;</p>\r\n<p>&nbsp; &lt;remarks&gt;</p>\r\n<p>&nbsp;&nbsp;&nbsp; Remarks text&hellip;&hellip;&hellip;&hellip;.</p>\r\n<p>&nbsp; &lt;/remarks&gt;</p>\r\n<p>&lt;/overloads&gt;</p>\r\n<p>&nbsp;</p>\r\n<p>To be fair (to Sandcastle), I should have looked at the Xml Documentation and would have seen the &ldquo;Short Form&rdquo; vs &ldquo;Expanded Form&rdquo; of the &lt;overloads&gt; tag.&nbsp; I was trying to use a hybrid form, and it&rsquo;s no surprise it didn&rsquo;t work properly.</p>\r\n<p>&nbsp;</p>\r\n<p>Regards</p>\r\n<p>Keith</p>",
    "PostedDate": "2012-09-04T07:04:35.023-07:00",
    "UserRole": null,
    "MarkedAsAnswerDate": null
  }
]