[
  {
    "Id": "1322923",
    "ThreadId": "572301",
    "Html": "I am using Sandcastle for .net to generate CHM file. My question is that can i use Sandcastle to generate CHM file from i-os (Objective-C) code?<br />\n",
    "PostedDate": "2014-11-17T04:45:16.897-08:00",
    "UserRole": null,
    "MarkedAsAnswerDate": null
  },
  {
    "Id": "1323940",
    "ThreadId": "572301",
    "Html": "Sandcastle only supports parsing managed code assemblies for reflection information and doesn't work with native code or non-Windows executable file types.  If all you want is conceptual content with no API reference content, it could be used for that.\r<br />\n<br />\nPlease note that this project site has been discontinued and may not be monitored as frequently. For future questions or issues concerning Sandcastle or SHFB, post them over on the <a href=\"http://SHFB.CodePlex.com\" rel=\"nofollow\">Sandcastle Help File Builder</a> project's discussion page. Thanks. \r<br />\n<br />\nEric<br />\n",
    "PostedDate": "2014-11-19T12:21:13.787-08:00",
    "UserRole": null,
    "MarkedAsAnswerDate": null
  }
]