[
  {
    "Id": "565737",
    "ThreadId": "245928",
    "Html": "\r\n<p>Can anyone tell me if it is possible to add xml comments to the controls on&nbsp;a&nbsp;form in a Win32 application. When I use the Sandcastle help file builder to create a compiled .chm file with DocumentInternals enabled, I see all of the controls on my\r\n form added to the properties section however they are all missing the summary tags.</p>\r\n<p>Is there any way to add summary tags to the controls as I would quite like to document what each control is used for.</p>\r\n",
    "PostedDate": "2011-02-14T01:46:05.273-08:00",
    "UserRole": null,
    "MarkedAsAnswerDate": null
  },
  {
    "Id": "565953",
    "ThreadId": "245928",
    "Html": "<p>I think the only way you'll be able to do that is to manage a separate XML comments file manually.&nbsp; I don't think you can't put the comments on the elements as they'd get removed by the designer once you made a change to the form and it regenerated the code.&nbsp; It would be similar to managing a file for <a title=\"manage project and namespace comments\" href=\"http://www.ewoodruff.us/shfbdocs/Index.aspx?topic=html/52aa172a-a310-4f75-b20f-7e2c7d870c65.htm\" target=\"_blank\">project and namespace comments</a>.&nbsp; There's a question in the <a title=\"FAQ\" href=\"http://www.ewoodruff.us/shfbdocs/Index.aspx?topic=html/1aea789d-b226-4b39-b534-4c97c256fac8.htm\" target=\"_blank\">FAQ topic</a> that describes how you can generate an XML comments file to fill in manually (\"I have an assembly without code and without an XML comments file for which I'd like to create documentation and/or an Intellisense file. How can I do that?\").&nbsp; Once you create the comments file, you'd add it to the SHFB project as a documentation source.</p>\r\n<p>Eric</p>\r\n<p>&nbsp;</p>",
    "PostedDate": "2011-02-14T09:17:56.91-08:00",
    "UserRole": null,
    "MarkedAsAnswerDate": null
  }
]