[
  {
    "Id": "120160",
    "ThreadId": "36222",
    "Html": "(using C#, VS2005 presentation) <br>\r\n<br>\r\nGiven<br>\r\n<br>\r\n&lt;code&gt;<br>\r\nif (a!=b &amp;&amp; b!=c)<br>\r\n&lt;/code&gt;<br>\r\n<br>\r\nSandcastle fails with &quot;An error ocurred while parsing EntityName.&quot; I have to change &amp;&amp; to &amp;amp;&amp;amp; in the code block.\r\n",
    "PostedDate": "2008-09-22T13:41:53.427-07:00",
    "UserRole": null,
    "MarkedAsAnswerDate": null
  },
  {
    "Id": "120168",
    "ThreadId": "36222",
    "Html": "Hi,<br>\r\n<br>\r\nThat's correct.&nbsp; The ampersand character has special meaning in XML so it must be escaped.<br>\r\n<br>\r\nTry using the <strong>Code Block Component&nbsp;</strong>provided by<strong> </strong><a href=\"http://www.codeplex.com/SHFB/Release/ProjectReleases.aspx?ReleaseId=10445\">Sandcastle Help File Builder</a>.&nbsp; It supports&nbsp;pulling in code snippets from actual source code files.<br>\r\n<br>\r\n- Dave\r\n",
    "PostedDate": "2008-09-22T14:01:21.433-07:00",
    "UserRole": null,
    "MarkedAsAnswerDate": null
  },
  {
    "Id": "120174",
    "ThreadId": "36222",
    "Html": "&gt;&gt;<strong>Owens</strong>: <em>I have to change &amp;&amp; to &amp;amp;&amp;amp; in the code block</em>.<br>\r\nThis is not Sandcastle issue, it is the XML issue. Another way is to use the CDATA tag&nbsp;as<br>\r\n<br>\r\n&lt;code&gt;<br>\r\n<strong>&lt;![CDATA[<br>\r\n</strong>if (a!=b &amp;&amp; b!=c)<br>\r\n<strong>]]&gt;<br>\r\n</strong>&lt;/code&gt;<br>\r\n<br>\r\nBest regards,<br>\r\nPaul.\r\n",
    "PostedDate": "2008-09-22T14:23:53.23-07:00",
    "UserRole": null,
    "MarkedAsAnswerDate": null
  },
  {
    "Id": "120178",
    "ThreadId": "36222",
    "Html": "Hi, <br>\r\n<br>\r\nPaul's suggestion is also good, but beware that CDATA sections seem to crash Visual Studio.&nbsp; So&nbsp;I recommend only using them if you're including the documentation with an <em>include </em>element.<br>\r\n<br>\r\n- Dave\r\n",
    "PostedDate": "2008-09-22T14:41:25.81-07:00",
    "UserRole": null,
    "MarkedAsAnswerDate": null
  },
  {
    "Id": "120181",
    "ThreadId": "36222",
    "Html": "&gt;&gt;<strong>Dave</strong>: <em>but beware that CDATA sections seem to crash Visual Studio</em>.<br>\r\nI have only heard, it has never crashed my Visual Studio, and I use it extensively.<br>\r\n<br>\r\nBest regards,<br>\r\nPaul.\r\n",
    "PostedDate": "2008-09-22T15:01:55.767-07:00",
    "UserRole": null,
    "MarkedAsAnswerDate": null
  },
  {
    "Id": "120216",
    "ThreadId": "36222",
    "Html": "Hi Paul, <br>\r\n<br>\r\nI'm able to reproduce crashes easily in VS 2005 by simply typing a CDATA section somewhere within&nbsp;XML documentation comments (C# only - I've never tried in VB).<br>\r\n<br>\r\nHowever, the CDATA issue seems to be fixed now in VS 2008.<br>\r\n<br>\r\n- Dave\r\n",
    "PostedDate": "2008-09-22T17:05:23.447-07:00",
    "UserRole": null,
    "MarkedAsAnswerDate": null
  },
  {
    "Id": "120225",
    "ThreadId": "36222",
    "Html": "&gt;&gt;<strong>Dave</strong>: <em>I'm able to reproduce crashes easily in VS 2005 by simply typing a CDATA section somewhere within&nbsp;XML</em>... <br>\r\nThis issue was thought to have being introduced by the SP, <a href=\"https://connect.microsoft.com/VisualStudio/feedback/ViewFeedback.aspx?FeedbackID=249410&wa=wsignin1.0\">see here...</a><br>\r\nBut it was fixed long ago, <a href=\"http://code.msdn.microsoft.com/KB940201\">see here (KB940201)..</a>.<br>\r\n<br>\r\nCurrently, I am still using VS2005 for my work projects, I only use the VS 2008 at home for personal projects.<br>\r\nCDATA is an essential part of XML, so if you are still having that problem, then report it.<br>\r\n<br>\r\nBest regards,<br>\r\nPaul.\r\n",
    "PostedDate": "2008-09-22T17:26:08.527-07:00",
    "UserRole": null,
    "MarkedAsAnswerDate": null
  },
  {
    "Id": "120232",
    "ThreadId": "36222",
    "Html": "Hi Paul, <br>\r\n<br>\r\nWell at least there's a hot fix :)<br>\r\n<br>\r\n- Dave\r\n",
    "PostedDate": "2008-09-22T17:54:48.103-07:00",
    "UserRole": null,
    "MarkedAsAnswerDate": null
  }
]