[
  {
    "Id": "213174",
    "ThreadId": "62797",
    "Html": "<p>I'm a little confused as to how I can populate the documentation for&nbsp;attached property topics as well as link back to them. E.g. if I have an attached property field called MyAttachedProperty with the usual Get and Set static methods then&nbsp;topics are&nbsp;generated&nbsp;for the field, the methods&nbsp;and a &quot;property&quot;.&nbsp;How do I actually&nbsp;provide the documentation for the latter? Are there some special tags I need to be aware of?&nbsp;Also,&nbsp;in the documentation for the attached property &quot;field&quot; I'd like to link to the attached property topic, e.g. &quot;Identifies the MyAttached attached property&quot;.&nbsp;Unfortunately if I use &quot;MyClass.MyAttached&quot; as the cref the C# compiler warns (CS1574) that it cannot be resolved. If I ignore the warning then the text only appears as bold in the generated documentation; there's no link. I can see that a topic is being created in the build output but I simply don't know how to reference or&nbsp;populate it. Here's an example of the build output:</p>\r\n<p>Info: BuildAssembler: Building topic M:MyNamespace.MyClass.GetMyAttached(System.Windows.DependencyObject)<br>Info: BuildAssembler: Building topic P:MyNamespace.MyClass.MyAttached<br>Info: BuildAssembler: Building topic F:MyNamespace.MyClass.MyAttachedProperty<br>Info: BuildAssembler: Building topic M:MyNamespace.MyClass.SetMyAttached(System.Windows.DependencyObject,System.Windows.DependencyObject)</p>\r\n<p>It's the second entry I want to link to and document. Any ideas?</p>\r\n<p>TIA.</p>",
    "PostedDate": "2009-07-17T12:32:01.273-07:00",
    "UserRole": null,
    "MarkedAsAnswerDate": null
  },
  {
    "Id": "214418",
    "ThreadId": "62797",
    "Html": "<p>I've managed to&nbsp;get the attached property topics documented by creating separate XML documentation files. As long as the assembly and member tags are correct in the additional XML documentation files then this appears to work. To link back these topics I use the property prefix with the fully qualified name., e.g.</p>\r\n<p>&lt;summary&gt;Identifies the &lt;see cref=&quot;P:MyNamespace.MyClass.MyAttached&quot;&gt;MyAttached&lt;/see&gt; attached property.&lt;/summary&gt;</p>\r\n<p>This stops the C# compiler from complaining and the resulting documentation does indeed contain a link.</p>",
    "PostedDate": "2009-07-21T10:20:54.237-07:00",
    "UserRole": null,
    "MarkedAsAnswerDate": null
  }
]