[
  {
    "Id": "147356",
    "ThreadId": "44279",
    "Html": "<div><span style=\"font-family:arial;font-size:13px\">At the top of the\r\nright hand pane, there is a &quot;Code:&quot; dropdown box to select which languages to\r\nshow.</span></div>\r\n<div><span style=\"font-family:arial;font-size:13px\"></span>&nbsp;</div>\r\n<div><span style=\"font-family:arial;font-size:13px\">I am working only in\r\nC# so I would like to see only C# examples.</span></div>\r\n<div><span style=\"font-family:arial;font-size:13px\"></span>&nbsp;</div>\r\n<div><span style=\"font-family:arial;font-size:13px\">When I change it to\r\nshow only C#, it does it correctly for that page, but when I move to another\r\npage, it pops back to including all the languages.</span></div>\r\n<div><span style=\"font-family:arial;font-size:13px\"></span>&nbsp;</div>\r\n<div><span style=\"font-family:arial;font-size:13px\">Could you figure out\r\nhow to make my selection stick for the duration of my interaction with the\r\nonline help?</span></div>\r\n",
    "PostedDate": "2009-01-15T05:40:38.73-08:00",
    "UserRole": null,
    "MarkedAsAnswerDate": null
  },
  {
    "Id": "147361",
    "ThreadId": "44279",
    "Html": "If should work if you are building Help 2.x.<br>\r\nIf you are building Help 1.x and using the VS2005 style, then apply the fix here to persist the settings<br>\r\n<br>\r\n<a href=\"http://www.codeplex.com/SandcastleStyles/WorkItem/View.aspx?WorkItemId=5362\">http://www.codeplex.com/SandcastleStyles/WorkItem/View.aspx?WorkItemId=5362</a><br>\r\n<br>\r\nI have not investigated a similar solutions for Hana and Prototype styles yet. Infact, I have never used<br>\r\nany of those styles in my real work projects. Now, that I have a build script to build those styles, I will<br>\r\ninvestigate the solutions for then soon.<br>\r\n<br>\r\nBest regards,<br>\r\nPaul.\r\n",
    "PostedDate": "2009-01-15T05:58:26.47-08:00",
    "UserRole": null,
    "MarkedAsAnswerDate": null
  },
  {
    "Id": "147409",
    "ThreadId": "44279",
    "Html": "The patch breaks the VS2005 language filter in website builds when viewed with FireFox and needs testing with the other major non-IE browsers to make sure it works with them too.  Hana seems to have the stuff needed to use the same persistence patch but it doesn't work when applied there currently. The Prototype style appears to lack all support for persistence so it's probably a much larger fix for it and probably involves modifications to the transformations to output the necessary elements to support it in each topic.<br>\r\n<br>\r\nEric<br>\r\n",
    "PostedDate": "2009-01-15T08:33:33.83-08:00",
    "UserRole": null,
    "MarkedAsAnswerDate": null
  }
]