[
  {
    "Id": "1232115",
    "ThreadId": "541668",
    "Html": "Hi Eric (or anyone else who could help), I am trying to build the source code projects in order to fix my reported bug <a href=\"https://shfb.codeplex.com/workitem/35108\" rel=\"nofollow\">https://shfb.codeplex.com/workitem/35108</a><br />\n<br />\nIn theory it should be simply encoding before writing this<br />\n<pre><code> sw.WriteLine(&quot;&lt;topic id=\\&quot;{0}\\&quot; file=\\&quot;{0}\\&quot; sortOrder=\\&quot;{1}\\&quot;&gt;&quot;,\n                    rootContainerId, rootOrder);\n</code></pre>\n\nin SaveToIntermediateTocFile<br />\n<br />\n<br />\nAnyway, I downloaded the code, explored the projects, built them from VS, which meant using nuGet to download something (unsure what it did actually) and then couple of the solutions built OK in VS.,<br />\n<br />\nThen I tried to do this bit from the readme<br />\n<br />\n_Before using the source code version, you will need to build the tools and the reflection data files.  To do<br />\nthis, open a command prompt, change into the root folder and run the MasterBuild.bat script.  This will build<br />\nthe tools and place them in the SHFB\\Deploy folder ready for use.  Once that completes, change into the<br />\nSHFB\\Deploy\\Data folder and execute the BuildReflectionData.bat script.  This will generate the reflection data<br />\nfiles for the .NET Framework into a temporary folder.  Rename the folder it creates to &quot;Reflection&quot;._<br />\n<br />\n<br />\n<br />\nBut it gives lots of these errors when I do MasterBuild.bat<br />\n<pre><code>C:\\...Sandcastle-105454\\SHFB\\Source\\Setup\\Deployme\nntFiles.wxs(1657): error LGHT0103: The system cannot find the file '..\\..\\Deplo\ny\\\\Data\\Reflection\\System.Xml.Xsl.Runtime.xml'. [C:\\...\\Sandcastle-105454\\SHFB\\Source\\Setup\\Setup.wixproj]\n</code></pre>\n\nwhich seems to indicate that the BuildReflectionData.bat script needs to be run first since it generates the 'reflection' folder, right?  But that gives me<br />\n<pre><code>C:\\...\\Sandcastle-105454\\SHFB\\Deploy\\Data&gt;BuildReflectionData.bat 4.0 4.0\n*\n* Building .NET Framework reflection data files using tools in C:\\...\\Sandcastle-105454\\SHFB\\Deploy\\Data\\..\\\n*\nMicrosoft (R) Build Engine version 4.0.30319.18408\n[Microsoft .NET Framework, version 4.0.30319.18444]\nCopyright (C) Microsoft Corporation. All rights reserved.\n\nBuild started 08/04/2014 8:40:21 PM.\nProject &quot;C:\\...\\Sandcastle-105454\\SHFB\\Deploy\\Data\\\nBuildReflectionData.proj&quot; on node 1 (default targets).\nReflection:\n  Directory &quot;.\\Tmp&quot; doesn't exist. Skipping.\n  Directory &quot;.\\4.0_4.0&quot; doesn't exist. Skipping.\n  Creating directory &quot;.\\Tmp&quot;.\n  Creating directory &quot;.\\4.0_4.0&quot;.\n  &quot;C:\\...\\Sandcastle-105454\\SHFB\\Deploy\\Data\\..\\\\MR\n  efBuilder.exe&quot; @MRefBuilder.rsp /out:&quot;.\\Tmp\\Reflection.org&quot;\n  MRefBuilder (v2014.1.26.0)\n  Copyright © 2006-2014, Microsoft Corporation, All Rights Reserved.\n  Portions Copyright © 2006-2014, Eric Woodruff, All Rights Reserved.\n  Specify at least one assembly to reflect.\n  The command &quot;&quot;C:\\...\\Sandcastle-105454\\SHFB\\Deplo\n  y\\Data\\..\\\\MRefBuilder.exe&quot; @MRefBuilder.rsp /out:&quot;.\\Tmp\\Reflection.org&quot;&quot; exi\n  ted with code 1.\nC:\\...\\Sandcastle-105454\\SHFB\\Deploy\\Data\\BuildRefl\nectionData.proj(35,5): error MSB3030: Could not copy the file &quot;.\\Tmp\\Reflection\n.org&quot; because it was not found.\nDone Building Project &quot;C:\\...\\Sandcastle-105454\\SHF\nB\\Deploy\\Data\\BuildReflectionData.proj&quot; (default targets) -- FAILED.\n\n\n    Build FAILED.\n\n&quot;C:\\...\\Sandcastle-105454\\SHFB\\Deploy\\Data\\BuildRef\nlectionData.proj&quot; (default target) (1) -&gt;\n(Reflection target) -&gt;\n  C:\\...\\Sandcastle-105454\\SHFB\\Deploy\\Data\\BuildRe\nflectionData.proj(35,5): error MSB3030: Could not copy the file &quot;.\\Tmp\\Reflecti\non.org&quot; because it was not found.\n\n    0 Warning(s)\n    1 Error(s)\n\nTime Elapsed 00:00:00.28\n*\n* Build failed!\n*\n\n</code></pre>\n\nNote, I did use the cmd BuildReflectionData.bat 4.0 4.0, because I don't have .NET 4.5.1 and the command failed otherwise with<br />\n<pre><code>  EXEC : error : An error occurred while loading assemblies for reflection. The\n error message is: Could not find a part of the path 'C:\\Program Files (x86)\\Re\nference Assemblies\\Microsoft\\Framework\\.NETFramework\\v4.5.1'. [C:\\...\\Sandcastle-   105454\\SHFB\\Deploy\\Data\\BuildReflectionData.proj]\n\n</code></pre>\n\nSo, should I get 4.5.1, or am I calling the buildreflectiondata incorrectly?<br />\n<br />\nThanks!<br />\n",
    "PostedDate": "2014-04-08T20:48:57.16-07:00",
    "UserRole": null,
    "MarkedAsAnswerDate": null
  },
  {
    "Id": "1232117",
    "ThreadId": "541668",
    "Html": "Ooops, wrong forum - sorry!<br />\n",
    "PostedDate": "2014-04-08T21:00:15.453-07:00",
    "UserRole": null,
    "MarkedAsAnswerDate": "2014-04-08T21:00:20.133-07:00"
  }
]