[
  {
    "Id": "516497",
    "ThreadId": "233339",
    "Html": "\r\n<p>I've been tearing my way through google for about an hour now trying to work out how to use this thing. HOW DOES IT WORK???</p>\r\n",
    "PostedDate": "2010-11-03T08:21:47.467-07:00",
    "UserRole": null,
    "MarkedAsAnswerDate": null
  },
  {
    "Id": "516613",
    "ThreadId": "233339",
    "Html": "\r\n<p>Hello,</p>\r\n<p>There is a bit of information here</p>\r\n<p><a href=\"http://sandcastlestyles.codeplex.com/documentation\">http://sandcastlestyles.codeplex.com/documentation</a></p>\r\n<p>scroll to the bottom to read the Overview, Architecture etc</p>\r\n<p>Best regards,<br>\r\nPaul.&nbsp;</p>\r\n",
    "PostedDate": "2010-11-03T12:01:50.087-07:00",
    "UserRole": null,
    "MarkedAsAnswerDate": null
  }
]