[
  {
    "Id": "506683",
    "ThreadId": "230756",
    "Html": "<p>Hello-</p>\r\n<p>I am new to Sandcastle and have been looking for directions on how to use Sandcastlegui.exe. I do not have Sandcastle Help Files builder. I am trying to get what I do have to pull out the /// (C#) in my current project. We are using VS2008 currently and Sourcesafe to collectively work together on the project. I understand that Sandcastle is constantly being developed, but I was currious if there was anyway to teach a new guy how to use your tool.</p>\r\n<p>&nbsp;</p>\r\n<p>Thanks ~</p>",
    "PostedDate": "2010-10-13T08:28:50.813-07:00",
    "UserRole": null,
    "MarkedAsAnswerDate": null
  },
  {
    "Id": "516616",
    "ThreadId": "230756",
    "Html": "\r\n<p>Hello,</p>\r\n<p>There is a bit of information here</p>\r\n<p><a href=\"http://sandcastlestyles.codeplex.com/documentation\">http://sandcastlestyles.codeplex.com/documentation</a></p>\r\n<p>scroll to the bottom to read the Overview, Architecture etc</p>\r\n<p>Best regards,<br>\r\nPaul.&nbsp;</p>\r\n",
    "PostedDate": "2010-11-03T12:03:15.143-07:00",
    "UserRole": null,
    "MarkedAsAnswerDate": null
  }
]