[
  {
    "Id": "811468",
    "ThreadId": "348902",
    "Html": "\r\n<p>We have been using Sandcastle docs&nbsp;in both html and chm builds without problems, but now the chm builds are not working after they have been transfered to a share and downloaded by users.&nbsp; After download the chm opens but none of the topic pages\r\n are viewable.&nbsp; Instead there is an error message:</p>\r\n<p>&quot;Navigation to the Web page was cancelled.&quot;</p>\r\n<p>Can somebody explain why this has started when it previously worked?</p>\r\n<p>Is there a fix?</p>\r\n",
    "PostedDate": "2012-03-16T08:09:07.977-07:00",
    "UserRole": null,
    "MarkedAsAnswerDate": null
  },
  {
    "Id": "811473",
    "ThreadId": "348902",
    "Html": "<p>CHM files are typically blocked by default when downloaded due to a security setting in the OS.&nbsp; You need to right click on the file, select Properties, and click the Unblock button on the General tab.</p>\r\n<p>Eric</p>\r\n<p>&nbsp;</p>\r\n<p>&nbsp;</p>",
    "PostedDate": "2012-03-16T08:14:33.4-07:00",
    "UserRole": null,
    "MarkedAsAnswerDate": null
  },
  {
    "Id": "811477",
    "ThreadId": "348902",
    "Html": "<p>Thanks very much, Eric.</p>",
    "PostedDate": "2012-03-16T08:17:18.137-07:00",
    "UserRole": null,
    "MarkedAsAnswerDate": null
  },
  {
    "Id": "851843",
    "ThreadId": "348902",
    "Html": "<p>A couple of people have&nbsp;commented that unblocking a chm this way is inconvenient.&nbsp; Can chm files be signed or otherwise marked to avoid this little problem?</p>",
    "PostedDate": "2012-06-20T16:55:04.813-07:00",
    "UserRole": null,
    "MarkedAsAnswerDate": null
  },
  {
    "Id": "852304",
    "ThreadId": "348902",
    "Html": "<p>A quick search suggests that they cannot be digitally signed, though I could be wrong.&nbsp;&nbsp;Most of the results suggested using the registry changes to reduce the restrictions imposed by the OS.</p>\r\n<p>Eric</p>\r\n<p>&nbsp;</p>",
    "PostedDate": "2012-06-21T12:34:14.59-07:00",
    "UserRole": null,
    "MarkedAsAnswerDate": null
  }
]