[
  {
    "Id": "447398",
    "ThreadId": "213854",
    "Html": "<p>Please see an update at <a href=\"http://blogs.msdn.com/b/sandcastle/archive/2010/05/25/sandcastle-version-supporting-vs-2010-net-4-and-microsoft-help-viewer.aspx\">http://blogs.msdn.com/b/sandcastle/archive/2010/05/25/sandcastle-version-supporting-vs-2010-net-4-and-microsoft-help-viewer.aspx</a></p>",
    "PostedDate": "2010-05-25T20:09:06.133-07:00",
    "UserRole": null,
    "MarkedAsAnswerDate": null
  },
  {
    "Id": "450453",
    "ThreadId": "213854",
    "Html": "<p>I tried to replace only the MrefBuilder and when i tested the MrefBuilder crashed :S.&nbsp;</p>\r\n<p>can you place a note on how to put this changes or how to make a setup with all this projects.&nbsp;</p>\r\n<p>EDIT- I just did another try but i found this while building:&nbsp;</p>\r\n<p>Found Sandcastle tools in 'C:\\Program Files (x86)\\Sandcastle\\'SHFB: Warning BE0004: MRefBuilder has a version of '2.5.10626.0' but version '2.4.10520.1' was expected. &nbsp;You may need to update your copy of the help file builder.</p>\r\n<p>&nbsp;</p>\r\n<p>and than this:</p>\r\n<p>MREFBUILDER : error : The type 'Microsoft.Ddue.Tools.Reflection.AssemblyResolver' was not found in the component assembly 'C:\\Program Files (x86)\\Sandcastle\\ProductionTools\\MRefBuilder.exe'.&nbsp;&nbsp; &nbsp;Last step completed in 00:00:00.3430-------------------------------<br>SHFB: Error BE0043: Unexpected error detected in last build step. &nbsp;See output above for details.</p>\r\n<p>Can you please tell me what to do&nbsp;</p>\r\n<p>Thanks in advance</p>",
    "PostedDate": "2010-06-02T01:02:07.17-07:00",
    "UserRole": null,
    "MarkedAsAnswerDate": null
  },
  {
    "Id": "450650",
    "ThreadId": "213854",
    "Html": "<p>I replied to your post in this thread: <a href=\"http://shfb.codeplex.com/Thread/View.aspx?ThreadId=214594\">http://shfb.codeplex.com/Thread/View.aspx?ThreadId=214594</a></p>\r\n<p>Eric</p>\r\n<p>&nbsp;</p>",
    "PostedDate": "2010-06-02T08:24:29.477-07:00",
    "UserRole": null,
    "MarkedAsAnswerDate": null
  }
]