[
  {
    "Id": "228455",
    "ThreadId": "67209",
    "Html": "<p>What do you guys at microsoft use to edit MAML?&nbsp; I have been looking around the internet and thier doesn't seem to be&nbsp;a single tool out there for this?&nbsp;</p>\r\n<p>I am looking for an easier way to modify the Conceptual topics that I add to my help project over modifying the xml directly.&nbsp; I use DocProject to integrate the help development with visual studio.&nbsp; This does most of what I need with one exception - You have to use the xml editor to modify the maml files.&nbsp; I have noticed that Dave Sexton&nbsp;(who created doc project)&nbsp;started building a WYSIWYG editor for MAML but he seems to have disappeared.&nbsp; I can't find a post from him anywhere in the last year.&nbsp; (This also makes me worry about using DocProject)</p>\r\n<p>Also, are there any plans to mainline help development&nbsp;functionality into visual studio?&nbsp; This could be invaluable on larger or distributed teams because you could incorporate the development of the developer help documentation (which needs a little more than just xml code comments - like conceptual topics) right in line with the development.&nbsp;</p>\r\n<p>So to summarize I have two requests:</p>\r\n<p>1. Can you&nbsp;direct me to a MAML editor.</p>\r\n<p>2. Don't let DocProject die!&nbsp; Rather, suck it in and package it up with visual studio.&nbsp; You can then have a fully integrated process of Designing, Developing, Testing, and <strong>Documenting </strong>all in one place!</p>\r\n<p>Some features for this thought:</p>\r\n<p>1. New Help project template. (DocProject does this)</p>\r\n<p>2. Ability to manage help&nbsp;content organization (TOC)&nbsp;and add additional content (topics)&nbsp;to the help&nbsp;project above the autogenerated content form the xml code comments. (DocProject does this)</p>\r\n<p>3. Ability to edit all help content through a WYSIWYG editor (no support for this yet) and do things like incorporate class diagrams in the solution into the help.</p>\r\n<p>NOTE:&nbsp; The kind of help content I am focusing on is technical help geared toward educating developers about the architecture and design of the solution they are working in (not user documentation - although you could do this too if you trusted your developers to create this content).</p>",
    "PostedDate": "2009-08-27T09:32:20.023-07:00",
    "UserRole": null,
    "MarkedAsAnswerDate": null
  },
  {
    "Id": "228494",
    "ThreadId": "67209",
    "Html": "<p><span style=\"color:black;font-size:10pt\">Hi, </span></p>\r\n<p><em><span style=\"color:black;font-size:10pt\">&gt; I have noticed that Dave Sexton&nbsp;(who created doc project)&nbsp;started building a WYSIWYG editor for MAML but he seems to have disappeared.&nbsp; I can't find a post from him anywhere in the last year.&nbsp; (This also makes me worry about using DocProject)</span></em></p>\r\n<p><span style=\"color:black;font-size:10pt\">I haven't disappeared :)&nbsp; I respond to questions about DocProject and Sandcastle often in their particular forums.&nbsp; Appreciate the concern though.</span></p>\r\n<p><span style=\"color:black;font-size:10pt\">I haven't been active on my personal blog in a while, but that's because I haven't had any free time and have nothing substantial to report.</span></p>\r\n<p><span style=\"color:black;font-size:10pt\">&nbsp;</span></p>\r\n<p><span style=\"color:black;font-size:10pt\"><em>2. Don't let DocProject die!</em></span></p>\r\n<p><span style=\"color:black;font-size:10pt\">I'm not.&nbsp; When Sandcastle is released for VS 2010 (beta, RTC, RTM, whatever) I will release a compatible version of DocProject, when I find the time - probably&nbsp;the following weekend, as usual.</span></p>\r\n<p><span style=\"color:black;font-size:10pt\">Your feedback is appreciated.&nbsp; Note that I'm continuing to work on the <a href=\"http://davesexton.com/blog/blogs/blog/archive/2008/07/08/maml-editor-progress-ii.aspx\">MAML editor</a> when I find the time, but there are still too many bugs for it&nbsp;to be&nbsp;reliable at the moment.&nbsp; However, a lot of work has been put into it already so I have no intention of abandoning it.</span></p>\r\n<p><span style=\"color:black;font-size:10pt\">As I've said before, when I finally get a full - awake - weekend I'll blog about all of the cool updates I've made; e.g., real-time MAML and logical&nbsp;views,&nbsp;a loose XAML (customizable) tool window,&nbsp;a properties / metadata tool window, working load and save&nbsp;functionality for&nbsp;basic conceptual MAML topics and their&nbsp;companion files, proprietary bug notification service,&nbsp;and more.</span></p>\r\n<p><span style=\"color:black;font-size:10pt\">- Dave</span></p>\r\n<p>&nbsp;</p>",
    "PostedDate": "2009-08-27T11:33:58.953-07:00",
    "UserRole": null,
    "MarkedAsAnswerDate": null
  },
  {
    "Id": "228500",
    "ThreadId": "67209",
    "Html": "<div>HAH!  Fantastic!  I hope you didn't take offense to anything I said.  I figured you were heads down in something.  </div>\r\n<div> </div>\r\n<div>DocProject is excellent and its great knowing you are sticking to it!  It so good, in fact, that I don't see any reason Microsoft doesn't include it as a sandard feature of visual studio.  In my mind the technical documentation should be an intrinsic part of development just like unit testing and source control.</div>\r\n\r\n<div> </div>\r\n<div>Your solution, by placing the documentation right in line with the source code, goes a long way towards this.  Keep up the great work.  It's much appreciated!</div>\r\n<div> </div>\r\n<div>Thanks,</div>\r\n<div>Stewart</div>\r\n<div> </div>\r\n<div>PS - If there is any opportunity to help out, let me know how.  My team and I are currently heads down in rolling out the first version of a product we have been working on since January.  After that we will be focusing on paying down some 'debt' we incurred (or neglected to do) from version 1.  A lot of this will involve cleaning up the code comments and creating the technical documentation using your tool.  In the long run it's likely your plug in will become an integral part of our development process.  As this happens we might be in a position to contribute some needed features.  Just contact me if you want to leverage that:  stewart dot armbrecht at protiviti dot com.</div>\r\n\r\n<div><br><br> </div>\r\n<div>On Thu, Aug 27, 2009 at 1:34 PM, davedev <span dir=ltr>&lt;<a href=\"mailto:notifications@codeplex.com\">notifications@codeplex.com</a>&gt;</span> wrote:<br>\r\n<blockquote style=\"padding-left:1ex;margin:0px 0px 0px 0.8ex;border-left:#ccc 1px solid\">\r\n<div>\r\n<p>From: davedev</p>\r\n<div>\r\n<p><span style=\"font-size:10pt;color:black\">Hi, </span></p>\r\n<div>\r\n<p><em><span style=\"font-size:10pt;color:black\">&gt; I have noticed that Dave Sexton (who created doc project) started building a WYSIWYG editor for MAML but he seems to have disappeared.  I can't find a post from him anywhere in the last year.  (This also makes me worry about using DocProject)</span></em></p>\r\n</div>\r\n<p><span style=\"font-size:10pt;color:black\">I haven't disappeared :)  I respond to questions about DocProject and Sandcastle often in their particular forums.  Appreciate the concern though.</span></p>\r\n<p><span style=\"font-size:10pt;color:black\">I haven't been active on my personal blog in a while, but that's because I haven't had any free time and have nothing substantial to report.</span></p>\r\n<div>\r\n<p><span style=\"font-size:10pt;color:black\"> </span></p>\r\n<p><span style=\"font-size:10pt;color:black\"><em>2. Don't let DocProject die!</em></span></p></div>\r\n<p><span style=\"font-size:10pt;color:black\">I'm not.  When Sandcastle is released for VS 2010 (beta, RTC, RTM, whatever) I will release a compatible version of DocProject, when I find the time - probably the following weekend, as usual.</span></p>\r\n\r\n<p><span style=\"font-size:10pt;color:black\">Your feedback is appreciated.  Note that I'm continuing to work on the <a href=\"http://davesexton.com/blog/blogs/blog/archive/2008/07/08/maml-editor-progress-ii.aspx\">MAML editor</a> when I find the time, but there are still too many bugs for it to be reliable at the moment.  However, a lot of work has been put into it already so I have no intention of abandoning it.</span></p>\r\n\r\n<p><span style=\"font-size:10pt;color:black\">As I've said before, when I finally get a full - awake - weekend I'll blog about all of the cool updates I've made; e.g., real-time MAML and logical views, a loose XAML (customizable) tool window, a properties / metadata tool window, working load and save functionality for basic conceptual MAML topics and their companion files, proprietary bug notification service, and more.</span></p>\r\n\r\n<p><span style=\"font-size:10pt;color:black\">- Dave</span></p>\r\n<p> </p></div>\r\n<div>\r\n<div>\r\n<p>Read the <a href=\"http://sandcastle.codeplex.com/Thread/View.aspx?ThreadId=67209&ANCHOR#Post228494\">full discussion online</a>.</p>\r\n<p>To add a post to this discussion, reply to this email (<a href=\"mailto:Sandcastle@discussions.codeplex.com?subject=[Sandcastle:67209]\">Sandcastle@discussions.codeplex.com</a>)</p>\r\n<p>To start a new discussion for this project, email <a href=\"mailto:Sandcastle@discussions.codeplex.com\">Sandcastle@discussions.codeplex.com</a></p>\r\n<p>You are receiving this email because you subscribed to this discussion on CodePlex. You can <a href=\"http://www.codeplex.com/site/discussions/thread/unsubscribe/67209\">unsubscribe</a> on codePlex.com.</p>\r\n\r\n<p>Please note: Images and attachments will be removed from emails. Any posts to this discussion will also be available online at <a href=\"http://codeplex.com/\">codeplex.com</a></p></div></div></div></blockquote>\r\n</div><br>",
    "PostedDate": "2009-08-27T11:53:23.457-07:00",
    "UserRole": null,
    "MarkedAsAnswerDate": null
  }
]