[
  {
    "Id": "697476",
    "ThreadId": "279248",
    "Html": "\r\n<p>I am building help file for my library using Sandcastle Help File Builder. The library has three versions (.NET, Silverlight and Windows Phone 7) built from the same code base.</p>\r\n<p>I would like to add platform icons next to method names on relevant help file pages. Something like on screenshot below. How can I add such information to my help file?</p>\r\n<p><img src=\"http://i.stack.imgur.com/7wKKD.png\" alt=\"Platform icons next to method names\"></p>\r\n",
    "PostedDate": "2011-11-12T22:28:05.343-08:00",
    "UserRole": null,
    "MarkedAsAnswerDate": null
  },
  {
    "Id": "697679",
    "ThreadId": "279248",
    "Html": "<p>Hello Bobrovsky,</p>\r\n<p>The platform information handler is the PlatformsComponent, which is included in the current Sandcastle.<br />Searching through the sample configuration files, I have also found that component must be configured as</p>\r\n<div style=\"color: black; background-color: white;\">\r\n<pre><span style=\"color: blue;\">&lt;</span><span style=\"color: #a31515;\">component</span> <span style=\"color: red;\">type</span><span style=\"color: blue;\">=</span><span style=\"color: black;\">\"</span><span style=\"color: blue;\">Microsoft.Ddue.Tools.PlatformsComponent</span><span style=\"color: black;\">\"</span> <span style=\"color: red;\">assembly</span><span style=\"color: blue;\">=</span><span style=\"color: black;\">\"</span><span style=\"color: blue;\">BuildComponents.dll</span><span style=\"color: black;\">\"</span><span style=\"color: blue;\">&gt;</span>\r\n  <span style=\"color: green;\">&lt;!-- The order of filter files in this config determines the order of platforms in the output. --&gt;</span>\r\n  <span style=\"color: blue;\">&lt;</span><span style=\"color: #a31515;\">filter</span> <span style=\"color: red;\">files</span><span style=\"color: blue;\">=</span><span style=\"color: black;\">\"</span><span style=\"color: blue;\">.\\SupportFiles\\Platforms\\WinVista.xml</span><span style=\"color: black;\">\"</span><span style=\"color: blue;\">/&gt;</span>\r\n  <span style=\"color: blue;\">&lt;</span><span style=\"color: #a31515;\">filter</span> <span style=\"color: red;\">files</span><span style=\"color: blue;\">=</span><span style=\"color: black;\">\"</span><span style=\"color: blue;\">.\\SupportFiles\\Platforms\\WinXP.xml</span><span style=\"color: black;\">\"</span><span style=\"color: blue;\">/&gt;</span>\r\n  <span style=\"color: blue;\">&lt;</span><span style=\"color: #a31515;\">filter</span> <span style=\"color: red;\">files</span><span style=\"color: blue;\">=</span><span style=\"color: black;\">\"</span><span style=\"color: blue;\">.\\SupportFiles\\Platforms\\SmartPhone.xml</span><span style=\"color: black;\">\"</span><span style=\"color: blue;\">/&gt;</span>\r\n  <span style=\"color: blue;\">&lt;</span><span style=\"color: #a31515;\">filter</span> <span style=\"color: red;\">files</span><span style=\"color: blue;\">=</span><span style=\"color: black;\">\"</span><span style=\"color: blue;\">.\\SupportFiles\\Platforms\\PocketPC.xml</span><span style=\"color: black;\">\"</span><span style=\"color: blue;\">/&gt;</span>\r\n  <span style=\"color: blue;\">&lt;</span><span style=\"color: #a31515;\">filter</span> <span style=\"color: red;\">files</span><span style=\"color: blue;\">=</span><span style=\"color: black;\">\"</span><span style=\"color: blue;\">.\\SupportFiles\\Platforms\\Xbox360.xml</span><span style=\"color: black;\">\"</span><span style=\"color: blue;\">/&gt;</span>\r\n<span style=\"color: blue;\">&lt;/</span><span style=\"color: #a31515;\">component</span><span style=\"color: blue;\">&gt;</span>\r\n</pre>\r\n</div>\r\n<p>Unfortunately, that is all that is available for the platform information.<br />Now, I think there are two things involved here; version information and platform information.<br />Information on the version information is released (even though not completely) and the tool, <strong>VersionBuilder.exe</strong><br />is also available. But the platform information and tool required to build the filter files listed above are not made<br />available. &nbsp;Even the format of the filter files listed above are not known - at least I have not seen it yet.</p>\r\n<p>Initially, I did work on the version information for my build tools and decided to forget about the platform information.<br />But, since you asked, I have managed to construct the format of the filter files (will still need to test them to know if I got<br />it right).&nbsp;</p>\r\n<p>Stay tuned, I hope to get it working soon, but you will have to do the extra work to get it working in SHFB, if successful.</p>\r\n<p>Best regards,<br />Paul.&nbsp;</p>",
    "PostedDate": "2011-11-13T22:12:06.613-08:00",
    "UserRole": null,
    "MarkedAsAnswerDate": null
  },
  {
    "Id": "697849",
    "ThreadId": "279248",
    "Html": "<p>Hello Paul,</p>\r\n<p>Thank you for your answer. It sheds some light on the problem. At least now I know why I wasn't able to add platform icons to my help file.</p>\r\n<p>It's not completely clear for me what should be done in SHFB to use platform information and tool once it will be released but I assume you will tell this later.</p>\r\n<p>Anyway, I am very interested to get all this done, so I'll wait for more information from you.</p>\r\n<p>Thank you again.</p>",
    "PostedDate": "2011-11-14T06:57:09.833-08:00",
    "UserRole": null,
    "MarkedAsAnswerDate": null
  },
  {
    "Id": "722234",
    "ThreadId": "279248",
    "Html": "<p>Hello Bobrovsky,</p>\n<p>Happy New Year! This feature is a bit confusing to implement and could be the reason why<br /> the Sandcastle Team left it out in the consumer release of the Sandcastle.</p>\n<p>The good news is after struggling with this for a long time I have managed to get it to work!<br /> You can see some screenshot of samples built with my tools on Google+ photos (Picasa):</p>\n<p><a title=\"Screenshot of builds on G+\" href=\"https://plus.google.com/photos/104395191689379947593/albums/5695460624464499665\">Platform Information</a></p>\n<p>An even better news is that it is almost completely implemented by the current transforms, so you will<br /> not have to modify the styles to get it to work. The bad news is that version identifiers (ID) for Silverlight 5,<br /> .NET 4.5, and Windows Phone 7.1 (is it 7.5? I'm Android user!) are not defined, but you can guess the IDs from the current&nbsp;values in the content file.&nbsp;<br /> Also, the platform + version IDs + Icon for the new <strong>Portable Class Library</strong> are not defined. This will involve trying&nbsp;to extract that information (somehow) from the online metadata of the MSDN help files.</p>\n<p>The actual bad news is that it will take you some work to get it to work with SHFB. You can start by learning<br /> how the plugin system there works and how the current version information plugin is implemented, since you<br /> are going to re-implement the whole version information plugin.</p>\n<p>I will guide you on how the version/platform information works, and provide you the code, which you can modify<br /> to generated the platform file I talked about in the earlier post, but will not be able to walk you through writing the<br /> plugin. How you will generate the platform file depends on project structure, but will give you full knowledge of the<br /> format, at least what I got so far.&nbsp;</p>\n<p>Best regards,<br /> Paul.&nbsp;</p>",
    "PostedDate": "2012-01-08T19:30:21.7-08:00",
    "UserRole": null,
    "MarkedAsAnswerDate": null
  },
  {
    "Id": "722720",
    "ThreadId": "279248",
    "Html": "<p>If you'd care to share the necessary information with me, I can modify the plug-in to include the platform data.&nbsp; You can either e-mail the info to me or create a work item in the SHFB project and attach the info there.&nbsp; Thanks.</p>\r\n<p>Eric</p>\r\n<p>&nbsp;</p>",
    "PostedDate": "2012-01-09T12:31:40.76-08:00",
    "UserRole": null,
    "MarkedAsAnswerDate": null
  },
  {
    "Id": "723164",
    "ThreadId": "279248",
    "Html": "<p>Hello Paul,</p>\r\n<p>Thank you for the good news and Happy New Year!</p>\r\n<p>I am still interested in getting platform icons next to method/property names in my help file, so I am all ears. There is one thing, though: I have no knowledge about how plug-ins for SHFB should be implemented.</p>\r\n<p>Could you please briefly describe <span>how the version/platform information works, so I can roughly estimate amount of time required for the plug-in development?</span></p>",
    "PostedDate": "2012-01-10T07:41:39.433-08:00",
    "UserRole": null,
    "MarkedAsAnswerDate": null
  },
  {
    "Id": "723229",
    "ThreadId": "279248",
    "Html": "<p>Hello Bobrovsky,</p>\r\n<p>The version/platform information is not difficult to understand, but requires you<br />understand the documentation building process/steps.</p>\r\n<p>The following are the articles&nbsp;by the Sandcastle Team to explain the version information</p>\r\n<p><a title=\"Part 1\" href=\"http://blogs.msdn.com/b/sandcastle/archive/2007/10/03/sandcastle-september-2007-release-versionbuilder.aspx\">Part 1</a>, which is the main tutorial.</p>\r\n<p><a title=\"Part 2\" href=\"http://blogs.msdn.com/b/sandcastle/archive/2007/10/24/part-2-version-builder.aspx\">Part 2</a>, provides illustrative example.</p>\r\n<p>Please read them and let me know if you understand these articles (mainly the part 1),&nbsp;<br />we will see what&nbsp;to do.</p>\r\n<p>Best regards,<br />Paul.&nbsp;</p>",
    "PostedDate": "2012-01-10T09:39:23.37-08:00",
    "UserRole": null,
    "MarkedAsAnswerDate": null
  },
  {
    "Id": "727135",
    "ThreadId": "279248",
    "Html": "<p>Hello Paul,</p>\r\n<p>Thank you for the links.&nbsp;</p>\r\n<p>I kind of understand the tutorial but not sure that understand it enough to build a plug-in for SHFB.&nbsp;</p>",
    "PostedDate": "2012-01-18T09:22:24.55-08:00",
    "UserRole": null,
    "MarkedAsAnswerDate": null
  },
  {
    "Id": "727227",
    "ThreadId": "279248",
    "Html": "<p>If Paul shares the necessary info, I'll update the existing version builder plug-in for SHFB to support the platform information.</p>\r\n<p>Eric</p>\r\n<p>&nbsp;</p>",
    "PostedDate": "2012-01-18T12:32:26.527-08:00",
    "UserRole": null,
    "MarkedAsAnswerDate": null
  },
  {
    "Id": "727365",
    "ThreadId": "279248",
    "Html": "<p>Hello Bobrovsky,</p>\r\n<p>I realized you really need this and will find the best way to document the feature, so that anyone can implement it.</p>\r\n<p>Best regards,<br />Paul.&nbsp;</p>\r\n<p>&nbsp;</p>",
    "PostedDate": "2012-01-18T20:31:21.97-08:00",
    "UserRole": null,
    "MarkedAsAnswerDate": null
  },
  {
    "Id": "727752",
    "ThreadId": "279248",
    "Html": "<p>Hello Eric,</p>\r\n<p>&nbsp;</p>\r\n<p>Thank you.</p>\r\n<p>I guess you are the one who knows most about SHFB and its plugins.&nbsp;</p>",
    "PostedDate": "2012-01-19T10:57:31.323-08:00",
    "UserRole": null,
    "MarkedAsAnswerDate": null
  },
  {
    "Id": "727754",
    "ThreadId": "279248",
    "Html": "<p>Hello Paul,</p>\r\n<p>&nbsp;</p>\r\n<p>Thank you for the&nbsp;<span>willingness to help me and other users of Sandcastle/SHFB</span>.</p>\r\n<p>I <a href=\"http://stackoverflow.com/q/8069743/249690\">asked about all this</a> on stackoverflow.com some time ago. And although I didn't get any answers there, I think there are some other developers interested in adding&nbsp;<span>platform icons to their help files.</span></p>",
    "PostedDate": "2012-01-19T11:04:56.337-08:00",
    "UserRole": null,
    "MarkedAsAnswerDate": null
  },
  {
    "Id": "728604",
    "ThreadId": "279248",
    "Html": "<p>Hello Bobrovsky,</p>\n<p>I have started 3-part article to explain the version information.<br /> Part 1: Introduction to Version/Platform Information &nbsp;(<strong>Available Now</strong>)<br /> Part 2: Version Information Implementation &nbsp; &nbsp; &nbsp; &nbsp; &nbsp; &nbsp; &nbsp;(<strong>Available Now</strong>)<br /> Part 3: Platform Information Implementationn &nbsp; &nbsp; &nbsp; &nbsp; &nbsp; (<strong>Available Now</strong>)</p>\n<p>Part 2 will discussion the Sandcastle official articles and add the missing bits.</p>\n<p>Part 3 will provide the platform information and the tool codes, this is where the icon stuff is discussed.</p>\n<p>The blog is available at the Sandcastle Assist blog site</p>\n<p><a href=\"http://sandcastleassist.blogspot.com/\">http://sandcastleassist.blogspot.com/</a></p>\n<p>Best regards,<br /> Paul.&nbsp;</p>",
    "PostedDate": "2012-01-21T05:05:43.267-08:00",
    "UserRole": null,
    "MarkedAsAnswerDate": null
  },
  {
    "Id": "742400",
    "ThreadId": "279248",
    "Html": "<p>Hello All,</p>\r\n<p>I have finally completed the articles on the version and platform information.<br />Also included are test projects to demonstrate these Sandcastle features and the codes<br />to generate the platform file.</p>\r\n<p><a href=\"http://sandcastleassist.blogspot.com/\">http://sandcastleassist.blogspot.com/</a></p>\r\n<p>If you have any question or issue, post it here or as comment on the articles.</p>\r\n<p>NOTE: These are not well edited yet, so prepare to put up with some poor grammar :(</p>\r\n<p>Have a nice week.</p>\r\n<p>Best regards,<br />Paul.&nbsp;</p>",
    "PostedDate": "2012-02-05T21:32:47.203-08:00",
    "UserRole": null,
    "MarkedAsAnswerDate": null
  }
]