[
  {
    "Id": "493031",
    "ThreadId": "227096",
    "Html": "<p>Hi All,</p>\r\n<p>I can not get IntelliSense for aml to work after applying patch (<a href=\"http://sandcastlestyles.codeplex.com/\">http://sandcastlestyles.codeplex.com/</a>) to the&nbsp;2.6.1062.1 version.</p>\r\n<p>I got the files copied to a sub foder in &quot;<span style=\"color:#0000ff\">C:\\Program Files (x86)\\Microsoft Visual Studio 10.0\\Xml\\Schemas\\Sandcastle</span>&quot;.&nbsp;</p>\r\n<p>Create a&nbsp;<span style=\"color:#800000\">SandcastleIntelySense.xml</span> in&nbsp;<span style=\"color:#0000ff\">C:\\Program Files (x86)\\Microsoft Visual Studio 10.0\\Xml\\Schemas</span>.</p>\r\n<p>here the content of the <span style=\"color:#800000\">SandcastleIntelySense.xml</span>:</p>\r\n<p>&nbsp;</p>\r\n<div style=\"color:black;background-color:white\">\r\n<pre><span style=\"color:blue\">&lt;?</span><span style=\"color:#a31515\">xml</span> <span style=\"color:red\">version</span><span style=\"color:blue\">=</span><span style=\"color:black\">&quot;</span><span style=\"color:blue\">1.0</span><span style=\"color:black\">&quot;</span> <span style=\"color:red\">encoding</span><span style=\"color:blue\">=</span><span style=\"color:black\">&quot;</span><span style=\"color:blue\">UTF-8</span><span style=\"color:black\">&quot;</span><span style=\"color:blue\">?&gt;</span>\r\n<span style=\"color:blue\">&lt;</span><span style=\"color:#a31515\">SchemaCatalog</span> <span style=\"color:red\">xmlns</span><span style=\"color:blue\">=</span><span style=\"color:black\">&quot;</span><span style=\"color:blue\">http://schemas.microsoft.com/xsd/catalog</span><span style=\"color:black\">&quot;</span><span style=\"color:blue\">&gt;</span>\r\n\t<span style=\"color:blue\">&lt;</span><span style=\"color:#a31515\">Association</span> <span style=\"color:red\">extension</span><span style=\"color:blue\">=</span><span style=\"color:black\">&quot;</span><span style=\"color:blue\">aml</span><span style=\"color:black\">&quot;</span> <span style=\"color:red\">schema</span><span style=\"color:blue\">=</span><span style=\"color:black\">&quot;</span><span style=\"color:blue\">%InstallRoot%/xml/schemas/Sandcastle/developer.xsd</span><span style=\"color:black\">&quot;</span> <span style=\"color:blue\">/&gt;</span>\r\n<span style=\"color:blue\">&lt;/</span><span style=\"color:#a31515\">SchemaCatalog</span><span style=\"color:blue\">&gt;</span>\r\n</pre>\r\n</div>\r\n<p>&nbsp;</p>\r\n<p>what am I doing wrong?</p>\r\n<p>The warnings that I see in VS.</p>\r\n<p>\r\n<pre>Request for the permission of type 'System.Security.Permissions.FileIOPermission, mscorlib, Version=4.0.0.0, Culture=neutral, PublicKeyToken=b77a5c561934e089' failed.\tC:\\Program Files (x86)\\Microsoft Visual Studio 10.0\\xml\\schemas\\Sandcastle\\developer.xsd</pre>\r\n</p>\r\n<p>&nbsp;and this is where the warnings are coming from&nbsp;</p>\r\n<p>\r\n<div style=\"color:black;background-color:white\">\r\n<pre><span style=\"color:blue\">&lt;</span><span style=\"color:#a31515\">include</span> <span style=\"color:red\">schemaLocation</span><span style=\"color:blue\">=</span><span style=\"color:black\">&quot;</span><span style=\"color:blue\">./developerStructure.xsd</span><span style=\"color:black\">&quot;</span> <span style=\"color:blue\">/&gt;</span>\r\n<span style=\"color:blue\">&lt;</span><span style=\"color:#a31515\">include</span> <span style=\"color:red\">schemaLocation</span><span style=\"color:blue\">=</span><span style=\"color:black\">&quot;</span><span style=\"color:blue\">./developerReference.xsd</span><span style=\"color:black\">&quot;</span> <span style=\"color:blue\">/&gt;</span>\r\n<span style=\"color:blue\">&lt;</span><span style=\"color:#a31515\">include</span> <span style=\"color:red\">schemaLocation</span><span style=\"color:blue\">=</span><span style=\"color:black\">&quot;</span><span style=\"color:blue\">./hierarchy.xsd</span><span style=\"color:black\">&quot;</span> <span style=\"color:blue\">/&gt;</span>\r\n<span style=\"color:blue\">&lt;</span><span style=\"color:#a31515\">include</span> <span style=\"color:red\">schemaLocation</span><span style=\"color:blue\">=</span><span style=\"color:black\">&quot;</span><span style=\"color:blue\">./glossary.xsd</span><span style=\"color:black\">&quot;</span> <span style=\"color:blue\">/&gt;</span>\r\n</pre>\r\n</div>\r\n</p>\r\n<p>also</p>\r\n<p>warinigs</p>\r\n<ul>\r\n<li>Warning<span> </span>81<span> </span>Cannot resolve the 'schemaLocation' attribute.<span> </span>C:\\Program Files (x86)\\Microsoft Visual Studio 10.0\\Xml\\Schemas\\Sandcastle\\developerStructure.xsd<span> </span>37<span> </span>6<span> </span>Miscellaneous Files</li>\r\n<li>Warning<span> </span>95<span> </span>Reference to undeclared attribute group 'http://ddue.schemas.microsoft.com/authoring/2003/5:contentIdentificationSharingAndConditionGroup'.<span> </span>C:\\Program Files (x86)\\Microsoft Visual Studio 10.0\\xml\\schemas\\Sandcastle\\hierarchy.xsd<span> </span>25<span> </span>4</li>\r\n<li>Warning<span> </span>100<span> </span>Type 'http://ddue.schemas.microsoft.com/authoring/2003/5:emptyType' is not declared.<span> </span>C:\\Program Files (x86)\\Microsoft Visual Studio 10.0\\xml\\schemas\\Sandcastle\\developerReference.xsd<span> </span>125<span> </span>6<span> </span>Miscellaneous Files</li>\r\n</ul>\r\n<p>\r\n<div><span><br></span></div>\r\nand more</p>\r\n<p>Thanks,</p>\r\n<p>Igor</p>\r\n<p>&nbsp;</p>",
    "PostedDate": "2010-09-13T15:01:32.427-07:00",
    "UserRole": null,
    "MarkedAsAnswerDate": null
  },
  {
    "Id": "493052",
    "ThreadId": "227096",
    "Html": "<p>Hello Igor,</p>\r\n<p>Sandcastle Styles is not changed the schema, so simply ignore that part.</p>\r\n<p>Each release of the VS makes changes to the schema catalog, you can hardly understand why.</p>\r\n<p>I was not using the Visual Studio 2010 for development, do not like it. But I have just done this to get<br>the Intellisense to work, a modification of what I did for Visual Studio 2008:</p>\r\n<ol>\r\n<li>Copy all the Sandcastle schema to a folder in the ...Xml\\Schema folder, mine is named &quot;Authoring&quot;&nbsp;</li>\r\n<li>Open the <strong>base.xsd</strong> schema file in the &quot;Authoring&quot; folder and change the line...(<strong>not needed for VS2008</strong>)<br>\r\n<div style=\"color:black;background-color:white\">\r\n<pre><span style=\"color:blue\">&lt;</span><span style=\"color:#a31515\">import</span> <span style=\"color:red\">schemaLocation</span><span style=\"color:blue\">=</span><span style=\"color:black\">&quot;</span><span style=\"color:blue\">xlink.xsd</span><span style=\"color:black\">&quot;</span> <span style=\"color:red\">namespace</span><span style=\"color:blue\">=</span><span style=\"color:black\">&quot;</span><span style=\"color:blue\">http://www.w3.org/1999/xlink</span><span style=\"color:black\">&quot;</span><span style=\"color:blue\">/&gt;<br><br></span>to the following...<br><div style=\"color:black;background-color:white\"><pre style=\"color:black\"><span style=\"color:blue\">&lt;</span><span style=\"color:#a31515\">import</span> <span style=\"color:red\">schemaLocation</span><span style=\"color:blue\">=</span><span style=\"color:black\">&quot;</span><span style=\"color:blue\">../xlink.xsd</span><span style=\"color:black\">&quot;</span> <span style=\"color:red\">namespace</span><span style=\"color:blue\">=</span><span style=\"color:black\">&quot;</span><span style=\"color:blue\">http://www.w3.org/1999/xlink</span><span style=\"color:black\">&quot;</span><span style=\"color:blue\">/&gt;</span></pre>\r\n</div>\r\n</pre>\r\n</div>\r\n</li>\r\n<li>This is my schema catalog definition file for the Sandcastle schema, which also works with the Visual Studio 2010</li>\r\n</ol>\r\n<p>Named the ConceptualSchema.xml...</p>\r\n<p>&nbsp;</p>\r\n<div style=\"color:black;background-color:white\">\r\n<pre><span style=\"color:blue\">&lt;</span><span style=\"color:#a31515\">SchemaCatalog</span> <span style=\"color:red\">xmlns</span><span style=\"color:blue\">=</span><span style=\"color:black\">&quot;</span><span style=\"color:blue\">http://schemas.microsoft.com/xsd/catalog</span><span style=\"color:black\">&quot;</span><span style=\"color:blue\">&gt;</span>\r\n  <span style=\"color:blue\">&lt;</span><span style=\"color:#a31515\">Schema</span> <span style=\"color:red\">href</span><span style=\"color:blue\">=</span><span style=\"color:black\">&quot;</span><span style=\"color:blue\">%InstallRoot%/xml/schemas/Authoring/base.xsd</span><span style=\"color:black\">&quot;</span>\r\n          <span style=\"color:red\">targetNamespace</span><span style=\"color:blue\">=</span><span style=\"color:black\">&quot;</span><span style=\"color:blue\">http://ddue.schemas.microsoft.com/authoring/2003/5</span><span style=\"color:black\">&quot;</span><span style=\"color:blue\">/&gt;</span>\r\n  <span style=\"color:blue\">&lt;</span><span style=\"color:#a31515\">Schema</span> <span style=\"color:red\">href</span><span style=\"color:blue\">=</span><span style=\"color:black\">&quot;</span><span style=\"color:blue\">%InstallRoot%/xml/schemas/Authoring/baseConditional.xsd</span><span style=\"color:black\">&quot;</span>\r\n          <span style=\"color:red\">targetNamespace</span><span style=\"color:blue\">=</span><span style=\"color:black\">&quot;</span><span style=\"color:blue\">http://ddue.schemas.microsoft.com/authoring/2003/5</span><span style=\"color:black\">&quot;</span><span style=\"color:blue\">/&gt;</span>\r\n  <span style=\"color:blue\">&lt;</span><span style=\"color:#a31515\">Schema</span> <span style=\"color:red\">href</span><span style=\"color:blue\">=</span><span style=\"color:black\">&quot;</span><span style=\"color:blue\">%InstallRoot%/xml/schemas/Authoring/block.xsd</span><span style=\"color:black\">&quot;</span>\r\n          <span style=\"color:red\">targetNamespace</span><span style=\"color:blue\">=</span><span style=\"color:black\">&quot;</span><span style=\"color:blue\">http://ddue.schemas.microsoft.com/authoring/2003/5</span><span style=\"color:black\">&quot;</span><span style=\"color:blue\">/&gt;</span>\r\n  <span style=\"color:blue\">&lt;</span><span style=\"color:#a31515\">Schema</span> <span style=\"color:red\">href</span><span style=\"color:blue\">=</span><span style=\"color:black\">&quot;</span><span style=\"color:blue\">%InstallRoot%/xml/schemas/Authoring/blockCommon.xsd</span><span style=\"color:black\">&quot;</span>\r\n          <span style=\"color:red\">targetNamespace</span><span style=\"color:blue\">=</span><span style=\"color:black\">&quot;</span><span style=\"color:blue\">http://ddue.schemas.microsoft.com/authoring/2003/5</span><span style=\"color:black\">&quot;</span><span style=\"color:blue\">/&gt;</span>\r\n  <span style=\"color:blue\">&lt;</span><span style=\"color:#a31515\">Schema</span> <span style=\"color:red\">href</span><span style=\"color:blue\">=</span><span style=\"color:black\">&quot;</span><span style=\"color:blue\">%InstallRoot%/xml/schemas/Authoring/blockSoftware.xsd</span><span style=\"color:black\">&quot;</span>\r\n          <span style=\"color:red\">targetNamespace</span><span style=\"color:blue\">=</span><span style=\"color:black\">&quot;</span><span style=\"color:blue\">http://ddue.schemas.microsoft.com/authoring/2003/5</span><span style=\"color:black\">&quot;</span><span style=\"color:blue\">/&gt;</span>\r\n  <span style=\"color:blue\">&lt;</span><span style=\"color:#a31515\">Schema</span> <span style=\"color:red\">href</span><span style=\"color:blue\">=</span><span style=\"color:black\">&quot;</span><span style=\"color:blue\">%InstallRoot%/xml/schemas/Authoring/conditionSet.xsd</span><span style=\"color:black\">&quot;</span>\r\n          <span style=\"color:red\">targetNamespace</span><span style=\"color:blue\">=</span><span style=\"color:black\">&quot;</span><span style=\"color:blue\">http://ddue.schemas.microsoft.com/authoring/2003/5</span><span style=\"color:black\">&quot;</span><span style=\"color:blue\">/&gt;</span>\r\n  <span style=\"color:blue\">&lt;</span><span style=\"color:#a31515\">Schema</span> <span style=\"color:red\">href</span><span style=\"color:blue\">=</span><span style=\"color:black\">&quot;</span><span style=\"color:blue\">%InstallRoot%/xml/schemas/Authoring/developer.xsd</span><span style=\"color:black\">&quot;</span>\r\n          <span style=\"color:red\">targetNamespace</span><span style=\"color:blue\">=</span><span style=\"color:black\">&quot;</span><span style=\"color:blue\">http://ddue.schemas.microsoft.com/authoring/2003/5</span><span style=\"color:black\">&quot;</span><span style=\"color:blue\">/&gt;</span>\r\n  <span style=\"color:blue\">&lt;</span><span style=\"color:#a31515\">Schema</span> <span style=\"color:red\">href</span><span style=\"color:blue\">=</span><span style=\"color:black\">&quot;</span><span style=\"color:blue\">%InstallRoot%/xml/schemas/Authoring/developerReference.xsd</span><span style=\"color:black\">&quot;</span>\r\n          <span style=\"color:red\">targetNamespace</span><span style=\"color:blue\">=</span><span style=\"color:black\">&quot;</span><span style=\"color:blue\">http://ddue.schemas.microsoft.com/authoring/2003/5</span><span style=\"color:black\">&quot;</span><span style=\"color:blue\">/&gt;</span>\r\n  <span style=\"color:blue\">&lt;</span><span style=\"color:#a31515\">Schema</span> <span style=\"color:red\">href</span><span style=\"color:blue\">=</span><span style=\"color:black\">&quot;</span><span style=\"color:blue\">%InstallRoot%/xml/schemas/Authoring/developerStructure.xsd</span><span style=\"color:black\">&quot;</span>\r\n          <span style=\"color:red\">targetNamespace</span><span style=\"color:blue\">=</span><span style=\"color:black\">&quot;</span><span style=\"color:blue\">http://ddue.schemas.microsoft.com/authoring/2003/5</span><span style=\"color:black\">&quot;</span><span style=\"color:blue\">/&gt;</span>\r\n  <span style=\"color:blue\">&lt;</span><span style=\"color:#a31515\">Schema</span> <span style=\"color:red\">href</span><span style=\"color:blue\">=</span><span style=\"color:black\">&quot;</span><span style=\"color:blue\">%InstallRoot%/xml/schemas/Authoring/glossary.xsd</span><span style=\"color:black\">&quot;</span>\r\n          <span style=\"color:red\">targetNamespace</span><span style=\"color:blue\">=</span><span style=\"color:black\">&quot;</span><span style=\"color:blue\">http://ddue.schemas.microsoft.com/authoring/2003/5</span><span style=\"color:black\">&quot;</span><span style=\"color:blue\">/&gt;</span>\r\n  <span style=\"color:blue\">&lt;</span><span style=\"color:#a31515\">Schema</span> <span style=\"color:red\">href</span><span style=\"color:blue\">=</span><span style=\"color:black\">&quot;</span><span style=\"color:blue\">%InstallRoot%/xml/schemas/Authoring/hierarchy.xsd</span><span style=\"color:black\">&quot;</span>\r\n          <span style=\"color:red\">targetNamespace</span><span style=\"color:blue\">=</span><span style=\"color:black\">&quot;</span><span style=\"color:blue\">http://ddue.schemas.microsoft.com/authoring/2003/5</span><span style=\"color:black\">&quot;</span><span style=\"color:blue\">/&gt;</span>\r\n  <span style=\"color:blue\">&lt;</span><span style=\"color:#a31515\">Schema</span> <span style=\"color:red\">href</span><span style=\"color:blue\">=</span><span style=\"color:black\">&quot;</span><span style=\"color:blue\">%InstallRoot%/xml/schemas/Authoring/inline.xsd</span><span style=\"color:black\">&quot;</span>\r\n          <span style=\"color:red\">targetNamespace</span><span style=\"color:blue\">=</span><span style=\"color:black\">&quot;</span><span style=\"color:blue\">http://ddue.schemas.microsoft.com/authoring/2003/5</span><span style=\"color:black\">&quot;</span><span style=\"color:blue\">/&gt;</span>\r\n  <span style=\"color:blue\">&lt;</span><span style=\"color:#a31515\">Schema</span> <span style=\"color:red\">href</span><span style=\"color:blue\">=</span><span style=\"color:black\">&quot;</span><span style=\"color:blue\">%InstallRoot%/xml/schemas/Authoring/inlineCommon.xsd</span><span style=\"color:black\">&quot;</span>\r\n          <span style=\"color:red\">targetNamespace</span><span style=\"color:blue\">=</span><span style=\"color:black\">&quot;</span><span style=\"color:blue\">http://ddue.schemas.microsoft.com/authoring/2003/5</span><span style=\"color:black\">&quot;</span><span style=\"color:blue\">/&gt;</span>\r\n  <span style=\"color:blue\">&lt;</span><span style=\"color:#a31515\">Schema</span> <span style=\"color:red\">href</span><span style=\"color:blue\">=</span><span style=\"color:black\">&quot;</span><span style=\"color:blue\">%InstallRoot%/xml/schemas/Authoring/inlineLinking.xsd</span><span style=\"color:black\">&quot;</span>\r\n          <span style=\"color:red\">targetNamespace</span><span style=\"color:blue\">=</span><span style=\"color:black\">&quot;</span><span style=\"color:blue\">http://ddue.schemas.microsoft.com/authoring/2003/5</span><span style=\"color:black\">&quot;</span><span style=\"color:blue\">/&gt;</span>\r\n  <span style=\"color:blue\">&lt;</span><span style=\"color:#a31515\">Schema</span> <span style=\"color:red\">href</span><span style=\"color:blue\">=</span><span style=\"color:black\">&quot;</span><span style=\"color:blue\">%InstallRoot%/xml/schemas/Authoring/inlineSoftware.xsd</span><span style=\"color:black\">&quot;</span>\r\n          <span style=\"color:red\">targetNamespace</span><span style=\"color:blue\">=</span><span style=\"color:black\">&quot;</span><span style=\"color:blue\">http://ddue.schemas.microsoft.com/authoring/2003/5</span><span style=\"color:black\">&quot;</span><span style=\"color:blue\">/&gt;</span>\r\n  <span style=\"color:blue\">&lt;</span><span style=\"color:#a31515\">Schema</span> <span style=\"color:red\">href</span><span style=\"color:blue\">=</span><span style=\"color:black\">&quot;</span><span style=\"color:blue\">%InstallRoot%/xml/schemas/Authoring/inlineUi.xsd</span><span style=\"color:black\">&quot;</span>\r\n          <span style=\"color:red\">targetNamespace</span><span style=\"color:blue\">=</span><span style=\"color:black\">&quot;</span><span style=\"color:blue\">http://ddue.schemas.microsoft.com/authoring/2003/5</span><span style=\"color:black\">&quot;</span><span style=\"color:blue\">/&gt;</span>\r\n  <span style=\"color:blue\">&lt;</span><span style=\"color:#a31515\">Schema</span> <span style=\"color:red\">href</span><span style=\"color:blue\">=</span><span style=\"color:black\">&quot;</span><span style=\"color:blue\">%InstallRoot%/xml/schemas/Authoring/structure.xsd</span><span style=\"color:black\">&quot;</span>\r\n          <span style=\"color:red\">targetNamespace</span><span style=\"color:blue\">=</span><span style=\"color:black\">&quot;</span><span style=\"color:blue\">http://ddue.schemas.microsoft.com/authoring/2003/5</span><span style=\"color:black\">&quot;</span><span style=\"color:blue\">/&gt;</span>\r\n  <span style=\"color:blue\">&lt;</span><span style=\"color:#a31515\">Schema</span> <span style=\"color:red\">href</span><span style=\"color:blue\">=</span><span style=\"color:black\">&quot;</span><span style=\"color:blue\">%InstallRoot%/xml/schemas/Authoring/structureList.xsd</span><span style=\"color:black\">&quot;</span>\r\n          <span style=\"color:red\">targetNamespace</span><span style=\"color:blue\">=</span><span style=\"color:black\">&quot;</span><span style=\"color:blue\">http://ddue.schemas.microsoft.com/authoring/2003/5</span><span style=\"color:black\">&quot;</span><span style=\"color:blue\">/&gt;</span>\r\n  <span style=\"color:blue\">&lt;</span><span style=\"color:#a31515\">Schema</span> <span style=\"color:red\">href</span><span style=\"color:blue\">=</span><span style=\"color:black\">&quot;</span><span style=\"color:blue\">%InstallRoot%/xml/schemas/Authoring/structureMedia.xsd</span><span style=\"color:black\">&quot;</span>\r\n          <span style=\"color:red\">targetNamespace</span><span style=\"color:blue\">=</span><span style=\"color:black\">&quot;</span><span style=\"color:blue\">http://ddue.schemas.microsoft.com/authoring/2003/5</span><span style=\"color:black\">&quot;</span><span style=\"color:blue\">/&gt;</span>\r\n  <span style=\"color:blue\">&lt;</span><span style=\"color:#a31515\">Schema</span> <span style=\"color:red\">href</span><span style=\"color:blue\">=</span><span style=\"color:black\">&quot;</span><span style=\"color:blue\">%InstallRoot%/xml/schemas/Authoring/structureProcedure.xsd</span><span style=\"color:black\">&quot;</span>\r\n          <span style=\"color:red\">targetNamespace</span><span style=\"color:blue\">=</span><span style=\"color:black\">&quot;</span><span style=\"color:blue\">http://ddue.schemas.microsoft.com/authoring/2003/5</span><span style=\"color:black\">&quot;</span><span style=\"color:blue\">/&gt;</span>\r\n  <span style=\"color:blue\">&lt;</span><span style=\"color:#a31515\">Schema</span> <span style=\"color:red\">href</span><span style=\"color:blue\">=</span><span style=\"color:black\">&quot;</span><span style=\"color:blue\">%InstallRoot%/xml/schemas/Authoring/structureTable.xsd</span><span style=\"color:black\">&quot;</span>\r\n          <span style=\"color:red\">targetNamespace</span><span style=\"color:blue\">=</span><span style=\"color:black\">&quot;</span><span style=\"color:blue\">http://ddue.schemas.microsoft.com/authoring/2003/5</span><span style=\"color:black\">&quot;</span><span style=\"color:blue\">/&gt;</span>        \r\n<span style=\"color:blue\">&lt;/</span><span style=\"color:#a31515\">SchemaCatalog</span><span style=\"color:blue\">&gt;</span>\r\n\r\n</pre>\r\n</div>\r\n<p>Basically, the VS will&nbsp;recognize&nbsp;the *.aml file as an XML, so the file association is not really needed.<br>You may want to define the associated if you really need it, but I have not tested it, the above works <br>with *.xml, *.aml, and *.maml files&nbsp;on my machine.&nbsp;</p>\r\n<p>&nbsp;</p>\r\n<p>NOTE: Please line wrap your post to shorten the lines. On even 19' monitor, I could still not read without<br>horizontal scrolling.</p>\r\n<p>Best regards,<br>Paul.&nbsp;</p>\r\n<ol> </ol>",
    "PostedDate": "2010-09-13T16:21:37.927-07:00",
    "UserRole": null,
    "MarkedAsAnswerDate": null
  },
  {
    "Id": "493445",
    "ThreadId": "227096",
    "Html": "<p>Hi Paul,</p>\r\n<p>Thanks for your reply.</p>\r\n<p>Unfortunately&nbsp;it still does not work. e.G. I get now the warning that the space is already defined.</p>\r\n<pre>Warning\t2\tThe global attribute 'http://www.w3.org/XML/1998/namespace:space' has already been declared.\t\r\nC:\\Program Files (x86)\\Microsoft Visual Studio \r\n10.0\\Xml\\Schemas\\Authoring\\space.xsd\r\n</pre>\r\n<p>If i remove space.xsd and repoint the import schemaLocation to ../xml.xsd I get 44 warnings</p>\r\n<p>I guess the main issue are these 5 warnings</p>\r\n<pre>Warning\t3\tRequest for the permission of type\r\n 'System.Security.Permissions.FileIOPermission, mscorlib, \r\nVersion=4.0.0.0, .....' failed.\tC:\\Program Files (x86)\\Microsoft Visual Studio 10.0\\xml\\schemas\\Authoring\\developerStructure.xsd</pre>\r\n<p>and this are the 5 problems in developerStructure.xsd</p>\r\n<p>\r\n<div style=\"color:black;background-color:white\">\r\n<pre><span style=\"color:blue\">&lt;</span><span style=\"color:#a31515\">import</span> <span style=\"color:red\">namespace</span><span style=\"color:blue\">=</span><span style=\"color:black\">&quot;</span><span style=\"color:blue\">http://www.w3.org/XML/1998/namespace</span><span style=\"color:black\">&quot;</span> <span style=\"color:red\">schemaLocation</span><span style=\"color:blue\">=</span><span style=\"color:black\">&quot;</span><span style=\"color:blue\">../xml.xsd</span><span style=\"color:black\">&quot;</span><span style=\"color:blue\">/&gt;</span>\r\n<span style=\"color:blue\">&lt;</span><span style=\"color:#a31515\">include</span> <span style=\"color:red\">schemaLocation</span><span style=\"color:blue\">=</span><span style=\"color:black\">&quot;</span><span style=\"color:blue\">baseConditional.xsd</span><span style=\"color:black\">&quot;</span><span style=\"color:blue\">/&gt;</span>\r\n<span style=\"color:blue\">&lt;</span><span style=\"color:#a31515\">include</span> <span style=\"color:red\">schemaLocation</span><span style=\"color:blue\">=</span><span style=\"color:black\">&quot;</span><span style=\"color:blue\">inline.xsd</span><span style=\"color:black\">&quot;</span><span style=\"color:blue\">/&gt;</span>\r\n<span style=\"color:blue\">&lt;</span><span style=\"color:#a31515\">include</span> <span style=\"color:red\">schemaLocation</span><span style=\"color:blue\">=</span><span style=\"color:black\">&quot;</span><span style=\"color:blue\">block.xsd</span><span style=\"color:black\">&quot;</span><span style=\"color:blue\">/&gt;</span>\r\n<span style=\"color:blue\">&lt;</span><span style=\"color:#a31515\">include</span> <span style=\"color:red\">schemaLocation</span><span style=\"color:blue\">=</span><span style=\"color:black\">&quot;</span><span style=\"color:blue\">structure.xsd</span><span style=\"color:black\">&quot;</span><span style=\"color:blue\">/&gt;</span>\r\n</pre>\r\n</div>\r\n</p>\r\n<p>I guess it is a VS problem. To bad how ever, IntelliSense provides much better productivity then without.</p>",
    "PostedDate": "2010-09-14T11:25:47.517-07:00",
    "UserRole": null,
    "MarkedAsAnswerDate": null
  },
  {
    "Id": "493555",
    "ThreadId": "227096",
    "Html": "<p>Hello Igor,</p>\r\n<p>Taking a closer look, the FileIOPermission is strange. I have not received this as part of schema issue.<br>I do not know if this is related to the 64-bit OS. But can you work on this first?</p>\r\n<p>May be try using another machine to test this. I will also try this today on my workplace machine, but<br>it is still not 64-bit OS.</p>\r\n<p>Best regards,<br>Paul.&nbsp;</p>",
    "PostedDate": "2010-09-14T15:56:04.087-07:00",
    "UserRole": null,
    "MarkedAsAnswerDate": null
  },
  {
    "Id": "493679",
    "ThreadId": "227096",
    "Html": "<p>Hello Igor,</p>\r\n<p>I have done this on the workplace machine running Visual Studio 2010 Ultimate and the changes<br>done to base.xsd and developerStructure.xsd (forget it was done on my home schema set) was all<br>need to get it working correctly.</p>\r\n<p>I have also tested this with the Sandcastle Styles (which mistakenly is packed with the VS 2005 *.xsx editor files).<br>With and without the editor files, the result is the same, so please check the state of your configurations. There is<br>no problem here.</p>\r\n<p>Best regards,<br>Paul.</p>",
    "PostedDate": "2010-09-15T00:02:16.85-07:00",
    "UserRole": null,
    "MarkedAsAnswerDate": null
  },
  {
    "Id": "493689",
    "ThreadId": "227096",
    "Html": "<p>Just in case there is any doubt, I have uploaded screenshots from the use of the IntelliSense...</p>\r\n<p><a title=\"http://picasaweb.google.com/paulselormey/SandcastleSchemaVS2010\" href=\"http://picasaweb.google.com/paulselormey/SandcastleSchemaVS2010\">IntelliSense for Sandcastle Schema</a></p>\r\n<p>Best regards,<br>Paul.&nbsp;</p>",
    "PostedDate": "2010-09-15T00:32:04.173-07:00",
    "UserRole": null,
    "MarkedAsAnswerDate": null
  },
  {
    "Id": "493818",
    "ThreadId": "227096",
    "Html": "<p>Hallo Paul,</p>\r\n<p>I do belief you if you say, that it is working on your machine. Would it be possible to get your&nbsp;schema files? The working ones? who knows, may be something is wrong with my.</p>\r\n<p>I did not find any solution so far for the issue. I am going to post it on VS forum. I can let you know if something comes up.</p>\r\n<p>&nbsp;Thanks a lot for your support.</p>\r\n<p>Best regards,</p>\r\n<p>Igor</p>",
    "PostedDate": "2010-09-15T06:37:59.283-07:00",
    "UserRole": null,
    "MarkedAsAnswerDate": null
  },
  {
    "Id": "494192",
    "ThreadId": "227096",
    "Html": "<p>&gt;&gt;Igor: &nbsp;<span style=\"color:#30332d\"><em>Would it be possible to get your&nbsp;schema files</em>?</span></p>\r\n<p><span style=\"color:#30332d\">I do not know if this will make any difference, since for the Sandcastle Styles at my workplace, I just downloaded<br>it and used the schema - I do not override the Sandcastle installation.</span></p>\r\n<p><span style=\"color:#30332d\">Please contact me directly by my profile here, and I will send them to you. I do not currently have/use any web storage.</span></p>\r\n<p><span style=\"color:#30332d\">Best regards,<br>Paul.&nbsp;</span></p>",
    "PostedDate": "2010-09-15T17:43:02.673-07:00",
    "UserRole": null,
    "MarkedAsAnswerDate": null
  }
]