[
  {
    "Id": "461964",
    "ThreadId": "217953",
    "Html": "<div>The Sandcastle Styles patch is now available.&nbsp; It contains various patches and feature enhancements for the Sandcastle June 2010 Release (Version 2.6.10621.1). See FixList.txt in the ZIP file for a list of the patches applied and links to the related Sandcastle project work items. See the <a href=\"http://sandcastlestyles.codeplex.com/documentation\">Documentation</a> tab at the Sandcastle Styles project for installation instructions.</div>\r\n<div>Eric</div>",
    "PostedDate": "2010-06-30T19:56:56.927-07:00",
    "UserRole": null,
    "MarkedAsAnswerDate": null
  }
]