[
  {
    "Id": "836877",
    "ThreadId": "355909",
    "Html": "\r\n<p>I&rsquo;ve combined all the NamespaceDoc classes into one file.&nbsp; The classes build, but the namespace Gadgeteer doesn&rsquo;t. &nbsp;Gadgeteer is a namespace, not a class, but I&rsquo;ve been able to build documentation for it previously.&nbsp; For\r\n some reason it doesn&rsquo;t show in doc build when combined with the other classes.&nbsp; Can you tell what I&rsquo;m missing?</p>\r\n<div style=\"color:black; background-color:white\">\r\n<pre><span style=\"color:blue\">namespace</span> Gadgeteer\r\n{\r\n    <span style=\"color:gray\">///</span> <span style=\"color:gray\">&lt;summary&gt;</span>\r\n    <span style=\"color:gray\">///</span> <span style=\"color:gray\">&lt;para&gt;</span>\r\n    <span style=\"color:gray\">///</span><span style=\"color:green\"> This reference supports the .NET Gadgeteer core assemblies for NETMF 4.2. Most of the classes in </span>\r\n    <span style=\"color:gray\">///</span><span style=\"color:green\"> the &lt;see cref=&quot;Gadgeteer.Modules&quot;/&gt; namespace are abstract and implemented by manufacturers of </span>\r\n    <span style=\"color:gray\">///</span><span style=\"color:green\"> Gadgeteer modules. Users of modules in production should use the F1 documentation available in </span>\r\n    <span style=\"color:gray\">///</span><span style=\"color:green\"> the .NET Gadgeteer Designer.  Select a module on the visual design surface and push the F1 key.</span>\r\n    <span style=\"color:gray\">///</span><span style=\"color:green\"> An exception is the &lt;cref=&quot;Module.DisplayModule.SimpleGraphicsInterface&quot;/&gt; class that supports tasks </span>\r\n    <span style=\"color:gray\">///</span><span style=\"color:green\"> such as displaying text, simple shapes, and images by display modules. </span>\r\n    <span style=\"color:gray\">///</span> <span style=\"color:gray\">&lt;/para&gt;</span>\r\n    <span style=\"color:gray\">///</span> <span style=\"color:gray\">&lt;para&gt;</span>\r\n    <span style=\"color:gray\">///</span><span style=\"color:green\"> See also, the .NET Gadgeteer core reference for NETMF 4.1.</span>\r\n    <span style=\"color:gray\">///</span> <span style=\"color:gray\">&lt;/para&gt;</span>\r\n    <span style=\"color:gray\">///</span> <span style=\"color:gray\">&lt;/summary&gt;</span><span style=\"color:green\"> </span>\r\n    <span style=\"color:blue\">class</span> NamespaceDoc\r\n    {\r\n    }\r\n}\r\n\r\n<span style=\"color:blue\">namespace</span> Gadgeteer.Interfaces\r\n{\r\n    <span style=\"color:gray\">///</span> <span style=\"color:gray\">&lt;summary&gt;</span>\r\n    <span style=\"color:gray\">///</span><span style=\"color:green\"> The &lt;see cref=&quot;Gadgeteer.Interfaces&quot;/&gt; namespace is primarily for manufacturers building </span>\r\n    <span style=\"color:gray\">///</span><span style=\"color:green\"> mainboards and modules. See the the readme.txt file included with the</span>\r\n    <span style=\"color:gray\">///</span><span style=\"color:green\"> mainboard and module builder templates for more information about implementing these classes.</span>\r\n    <span style=\"color:gray\">///</span> <span style=\"color:gray\">&lt;/summary&gt;</span>\r\n    <span style=\"color:blue\">class</span> NamespaceDoc\r\n    {\r\n    }\r\n}\r\n\r\n<span style=\"color:blue\">namespace</span> Gadgeteer.Modules\r\n{\r\n    <span style=\"color:gray\">///</span> <span style=\"color:gray\">&lt;summary&gt;</span>\r\n    <span style=\"color:gray\">///</span> <span style=\"color:gray\">&lt;para&gt;</span>\r\n    <span style=\"color:gray\">///</span><span style=\"color:green\"> Most of the classes in the &lt;see cref=&quot;Gadgeteer.Modules&quot;/&gt; namespace are abstract and implemented by manufacturers</span>\r\n    <span style=\"color:gray\">///</span><span style=\"color:green\"> of Gadgeteer modules. Users of modules in production should use the F1 documentation available in the .NET Gadgeteer Designer.</span>\r\n    <span style=\"color:gray\">///</span><span style=\"color:green\"> Select a module on the visual design surface and push the F1 key.&lt;/para&gt;</span>\r\n    <span style=\"color:gray\">///</span> <span style=\"color:gray\">&lt;para&gt;</span>\r\n    <span style=\"color:gray\">///</span><span style=\"color:green\"> An exception is the &lt;see cref=&quot;Module.DisplayModule.SimpleGraphicsInterface &quot;/&gt; class that supports tasks such as displaying text, </span>\r\n    <span style=\"color:gray\">///</span><span style=\"color:green\"> simple shapes, and images by display modules.&lt;/para&gt;</span>\r\n    <span style=\"color:gray\">///</span> <span style=\"color:gray\">&lt;/summary&gt;</span>\r\n    <span style=\"color:blue\">class</span> NamespaceDoc\r\n    {\r\n    }\r\n}\r\n\r\n<span style=\"color:blue\">namespace</span> Gadgeteer.Networking\r\n{\r\n    <span style=\"color:gray\">///</span> <span style=\"color:gray\">&lt;summary&gt;</span>\r\n    <span style=\"color:gray\">///</span><span style=\"color:green\"> The Gadgeteer.Networking namespace contains the Web Client and Web Server classes</span>\r\n    <span style=\"color:gray\">///</span><span style=\"color:green\"> that are used by &lt;c&gt;.NET Gadgeteer&lt;/c&gt; modules and mainboards in implementing &lt;c&gt;.NET Gadgeteer&lt;/c&gt; devices.</span>\r\n    <span style=\"color:gray\">///</span> <span style=\"color:gray\">&lt;/summary&gt;</span>\r\n    <span style=\"color:blue\">class</span> NamespaceDoc\r\n    {\r\n    }\r\n}\r\n\r\n\r\n</pre>\r\n</div>\r\n",
    "PostedDate": "2012-05-15T13:15:37.383-07:00",
    "UserRole": null,
    "MarkedAsAnswerDate": null
  },
  {
    "Id": "836947",
    "ThreadId": "355909",
    "Html": "<p>Ok, I found the problem. It was incorrect syntax&nbsp;and obsolete reference in &lt;cref=\"Module.DisplayModule.SimpleGraphicsInterface\"/&gt;&nbsp;</p>\r\n<p>Working now. Thanks anyway.</p>",
    "PostedDate": "2012-05-15T16:46:15.013-07:00",
    "UserRole": null,
    "MarkedAsAnswerDate": null
  }
]