[
  {
    "Id": "828414",
    "ThreadId": "353544",
    "Html": "\r\n<p><span id=\"result_box\" lang=\"en\"><span>I have</span> <span>Framework 4.0</span>\r\n<span>installed on my</span> <span>machine</span> <span>when</span> <span>I</span>\r\n<span>generate documentation for</span> <span>an</span> <span>assembly</span> <span>\r\ncompiled by</span> <span>visual studio</span> <span>2008</span> <span>compaq</span>\r\n<span>framework</span> <span>3.5,</span> <span>through the</span> <span>sendcastle</span><span>,</span>\r\n<span>set up</span> <span>to use the</span> <span>framework 3.5</span><span>, but when</span>\r\n<span>it will</span> <span>compile</span> <span>the documentation</span> <span>he is</span>\r\n<span>using</span> <span>4.0 and</span> <span>thus causing</span> <span>an error,</span>\r\n<span>what I do.</span></span></p>\r\n<p>&nbsp;</p>\r\n<p><span lang=\"en\"><span>error :</span></span></p>\r\n<p>Generating reflection information...<br>\r\n[C:\\Windows\\Microsoft.NET\\Framework\\v4.0.30319\\MSBuild.exe]<br>\r\nC:\\Program Files\\MSBuild\\4.0\\Microsoft.Common.targets\\ImportAfter\\Microsoft.VisualStudio.SharePoint.SandboxedCompilation.targets(47,5): warning MSB4057: The target &quot;CoreCompile&quot; does not exist in the project.<br>\r\nC:\\Program Files\\MSBuild\\4.0\\Microsoft.Common.targets\\ImportAfter\\Microsoft.VisualStudio.SharePoint.SandboxedCompilation.targets(63,5): warning MSB4057: The target &quot;CoreCompile&quot; does not exist in the project.<br>\r\n&nbsp; MRefBuilder (v2.7.0.0)<br>\r\n&nbsp; Copyright &cedil; 2006-2012, Microsoft Corporation, All Rights Reserved<br>\r\n&nbsp; Info: Loaded 1 assemblies for reflection and 0 dependency assemblies.<br>\r\nMREFBUILDER : error : Unresolved assembly reference: System.Drawing (System.Drawing, Version=3.5.0.0, Culture=neutral, PublicKeyToken=969db8053d3322ac, Retargetable=Yes) required by VS_Funcoes [C:\\Users\\nova\\Desktop\\Help\\Working\\GenerateRefInfo.proj]<br>\r\n&nbsp;&nbsp;&nbsp; Last step completed in 00:00:01.0861<br>\r\n-------------------------------<br>\r\n<br>\r\nSHFB: Error BE0043: Unexpected error detected in last build step.&nbsp; See output above for details.</p>\r\n",
    "PostedDate": "2012-04-25T07:37:15.27-07:00",
    "UserRole": null,
    "MarkedAsAnswerDate": null
  },
  {
    "Id": "828441",
    "ThreadId": "353544",
    "Html": "<p>SHFB is using MSBuild 4.0 which is normal but that's unrelated to the framework used by the project.&nbsp; The compact framework is a separate framework much like Silverlight and the Portable Frameworks.&nbsp; In order to work, you need to add the compact framework assemblies as references so that it uses them rather than the normal .NET Framework assemblies to resolve references.&nbsp; The compact framework hasn't been mentioned in a long time so it's not one I've added support for in&nbsp;SHFB.&nbsp; If you can send me a sample project I can take a look at it and see about supporting it in a fashion similar to Silverlight and the Portable frameworks.&nbsp; The workaround for the time being should be to add the assembly and XML comments files as documentation sources rather than the solution or project file and then locate and add the compact framework assemblies it needs as references.</p>\r\n<p>Eric</p>\r\n<p>&nbsp;</p>",
    "PostedDate": "2012-04-25T08:11:03.763-07:00",
    "UserRole": null,
    "MarkedAsAnswerDate": null
  }
]