[
  {
    "Id": "120512",
    "ThreadId": "36323",
    "Html": "I've come up with a solution to <a href=\"http://www.codeplex.com/Sandcastle/WorkItem/View.aspx?WorkItemId=1014\">work item #1014</a>&nbsp;which involves MRefBuilder not being able to resolve references to assemblies that have redirects to different versions.&nbsp; The solution is fairly simple and involves replacing the default assembly resolver in the MRefBuilder.config file with a custom version that allows you to specify the redirects to use on the assemblies it can't resolve in the default version.<br>\r\n<br>\r\nThe&nbsp;code and assembly are attached to the work item (<strong>CustomResolver.zip</strong>).&nbsp; To use it, update your <strong>MRefBuilder.config</strong> file by replacing the <strong>resolver</strong> element with something similar to the following.&nbsp; SHFB users will need to modify the template found in the <strong>.\\Templates</strong> folder under the SHFB installation folder.&nbsp; A plug-in can be written to make this automatic but it will have to wait for a later release.&nbsp; For now, just hard-code the stuff you need in it.<br>\r\n<br>\r\n<p>-----------------------------</p>\r\n<p>&lt;!-- Replace the resolver element with this.&nbsp; Update the path<br>\r\n&nbsp;&nbsp;&nbsp;&nbsp; to point to the location of the assembly on your system. --&gt;<br>\r\n&lt;resolver type=&quot;CustomResolver.CustomAssemblyResolver&quot;<br>\r\n&nbsp;&nbsp;&nbsp; assembly=&quot;..\\bin\\Debug\\CustomResolver.dll&quot; use-gac=&quot;false&quot;&gt;</p>\r\n<p>&nbsp; &lt;!-- Add redirects for each reference it can't find telling it<br>\r\n&nbsp;&nbsp;&nbsp;&nbsp;&nbsp;&nbsp; which strong name to use instead.&nbsp; Multiple redirects can be<br>\r\n&nbsp;&nbsp;&nbsp;&nbsp;&nbsp;&nbsp; specified for the same missing reference if necessary to<br>\r\n&nbsp;&nbsp;&nbsp;&nbsp;&nbsp;&nbsp; provide multiple choices.&nbsp; The first one found is used. --&gt;<br>\r\n&nbsp; &lt;Redirect<br>\r\n&nbsp;&nbsp;&nbsp; from=&quot;NationalInstruments.Common, Version=8.1.20.168, Culture=neutral, PublicKeyToken=4544464cdeaab541&quot;<br>\r\n&nbsp;&nbsp;&nbsp; to=&quot;NationalInstruments.Common, Version=8.1.20.237, Culture=neutral, PublicKeyToken=4544464cdeaab541&quot; /&gt;<br>\r\n&lt;/resolver&gt;</p>\r\n<p>-----------------------------<br>\r\n<br>\r\nAdd a <strong>Redirect</strong> element as indicated to tell MRefBuilder which strong name to use in place of the one it can't find.&nbsp; The <strong>from</strong> attribute references the strong name that MRefBuilder cannot resolve.&nbsp; The <strong>to</strong> attribute references the strong name of the redirected assembly to use in its place.&nbsp; The redirected assembly with that strong name must be specified as a dependency via the <strong>/dep</strong> command line option (the <strong>Dependencies</strong> property in SHFB).<br>\r\n<br>\r\nThe code was tested using the demo assemblies attached to the work item by the original poster.&nbsp; Please note that I don't use those assemblies myself so I cannot answer specific questions about them or their classes, just the custom assembly resolver and how it works.&nbsp; If you have any questions or problems, post here.<br>\r\n<br>\r\nEric</p>\r\n",
    "PostedDate": "2008-09-23T19:28:51.917-07:00",
    "UserRole": null,
    "MarkedAsAnswerDate": null
  }
]