[
  {
    "Id": "77726",
    "ThreadId": "23223",
    "Html": "\r\nI've successfully converted a lot of XML documentation in C# code that was originally developed for Visual Studio 2003 and NDoc to work with Visual Studio 2005 and Sandcastle with Sandcastle Help File Builder.  Now I'm trying to do the same with some XML documentation in Visual Basic code.  The &lt;see/&gt; tags that I have converted to reference overloads by following the instructions in the <b>Linking to Overloads</b> thread <a href=\"http://www.codeplex.com/Sandcastle/Thread/View.aspx?ThreadId=22348&amp;ANCHOR#Post74806\" class=\"externalLink\">http://www.codeplex.com/Sandcastle/Thread/View.aspx?ThreadId=22348&amp;ANCHOR#Post74806<span class=\"externalLinkIcon\" style=\"font-family:Consolas, Courier New, Courier, Monospace;\"></span></a> are working fine. But all the other &lt;see&gt; tags, which worked fine in NDoc, generate broken links in Sandcastle.  I've tried a few variations to no avail.<br /><br />If there's a special trick to getting the references in &lt;see/&gt; tags in Visual Basic to work with Sandcastle, I would like to know what it is.<br />",
    "PostedDate": "2008-03-02T18:53:16.437-08:00",
    "UserRole": null,
    "MarkedAsAnswerDate": null
  },
  {
    "Id": "77730",
    "ThreadId": "23223",
    "Html": "\r\nHi, <br /><br />Check the XML file that the compiler creates for <span class=\"codeInline\" style=\"font-family:Consolas, Courier New, Courier, Monospace;\">&lt;see/&gt;</span> elements that aren't working in Sandcastle.  If the <span class=\"codeInline\" style=\"font-family:Consolas, Courier New, Courier, Monospace;\">cref</span> appears valid, then maybe you could post some examples.  If they don't appear valid, then the problem is with the syntax you're using in your comments.  Again, posting a few examples may help.<br /><br />- Dave<br />",
    "PostedDate": "2008-03-02T19:37:32.483-08:00",
    "UserRole": null,
    "MarkedAsAnswerDate": null
  },
  {
    "Id": "77736",
    "ThreadId": "23223",
    "Html": "\r\nThe VB.NET compiler doesn't always generate fully qualified names in <span class=\"codeInline\" style=\"font-family:Consolas, Courier New, Courier, Monospace;\">cref</span> attributes.  It's got a bad habit of just outputting what you specify rather than a fully qualified member name with an appropriate prefix.  The only known workaround is to fully qualify the name and include the prefix in your comments (T: for type, M: for member, P: for property, etc).  For example:<br /><br /><pre style=\"background-color:#ECECEC; border:dashed .1em #3E62A6; font-family:Consolas, Courier New, Courier, Monospace; font-size:1em; margin-top:0; padding:.5em; height:auto; overflow:auto; overflow-x:auto; overflow-y:auto;\">\r\n''' See the &lt;see cref=\"M:MyClass.MyMember(System.Int32)\"/&gt; method.\r\n''' See the &lt;see cref=\"P:MyClass.MyProperty\" /&gt; property.\r\n</pre><br />Eric<br />",
    "PostedDate": "2008-03-02T19:52:20.427-08:00",
    "UserRole": null,
    "MarkedAsAnswerDate": null
  },
  {
    "Id": "77957",
    "ThreadId": "23223",
    "Html": "\r\nHello Dave and Eric,<br /><br />Eric's instructions worked fine with the addition of a couple of oddities.  A few links still did not work after following Eric's instructions.  I figured out the exceptions by comparing the <span class=\"codeInline\" style=\"font-family:Consolas, Courier New, Courier, Monospace;\">&lt;see/&gt;</span> tags in the XML file with the headings for the corresponding referenced members in the same XML file.  In each case where I had a broken link, the reference in the <span class=\"codeInline\" style=\"font-family:Consolas, Courier New, Courier, Monospace;\">&lt;see/&gt;</span> tag did not exactly match the heading of the referenced member.  From this investigation, I worked out two additional instructions.<br /><br />1. If a referenced method contains a reference parameter (<span class=\"codeInline\" style=\"font-family:Consolas, Courier New, Courier, Monospace;\">ByRef</span> in VB), \"@\" must be appended to the parameter's type.  For example :<br /><br /><pre style=\"background-color:#ECECEC; border:dashed .1em #3E62A6; font-family:Consolas, Courier New, Courier, Monospace; font-size:1em; margin-top:0; padding:.5em; height:auto; overflow:auto; overflow-x:auto; overflow-y:auto;\">\r\n''' See the &lt;see cref=\"M:MyNamespace.MyClass.MyMethod(System.Object@)\"/&gt; method.\r\n</pre>2. If a referenced method contains no parameters, closing parentheses must not be appended to the method name.  For example :<br /><br /><pre style=\"background-color:#ECECEC; border:dashed .1em #3E62A6; font-family:Consolas, Courier New, Courier, Monospace; font-size:1em; margin-top:0; padding:.5em; height:auto; overflow:auto; overflow-x:auto; overflow-y:auto;\">\r\n''' See the &lt;see cref=\"M:MyNamespace.MyClass.MyMethod\"/&gt; method.\r\n</pre>Thank you both once again for your help.<br /><br />Simon<br />",
    "PostedDate": "2008-03-03T17:39:25.247-08:00",
    "UserRole": null,
    "MarkedAsAnswerDate": null
  },
  {
    "Id": "90203",
    "ThreadId": "23223",
    "Html": "\r\nI seem to have this issue, I haven't been able to find any sort of workaround. It is particularly difficult because I have a huge number of methods with some complex signatures.<br /><br />Whilst I can find out how these need to be linked to from the Reflection.XML file I seem to be in the position where VB.Net never outputs any &lt;see cref properly.<br /><br />The following:<br /><br />        ''' &lt;remarks&gt;<br />        ''' &lt;list type=\"bullet\"&gt;<br />        ''' &lt;item&gt;Link1: &lt;see cref=\"M:SandTest.Base.GenericRequest.Link1(SandTest.Base.eCannotProcessReason@)\"/&gt;&lt;/item&gt;<br />        ''' &lt;item&gt;Link2: &lt;see cref=\"M:SandTest.Base.GenericRequest.Link2(System.String@)\"/&gt;&lt;/item&gt;<br />        ''' &lt;item&gt;Link3: &lt;see cref=\"M:SandTest.Base.GenericRequest.Link3\"/&gt;&lt;/item&gt;<br />        '''&lt;/list&gt;<br />        ''' None of these seem to generate viable XML :-(<br />        ''' <br />        ''' &lt;see cref=\"Link3\"/&gt;<br />        ''' &lt;see cref=\"GenericRequest.Link3\"/&gt;<br />        ''' &lt;see cref=\"Base.GenericRequest.Link3\"/&gt;<br />        ''' &lt;see cref=\"SandTest.Base.GenericRequest.Link3\"/&gt;<br />        ''' &lt;see cref=\"eCannotProcessReason\"/&gt;<br />        ''' &lt;see cref=\"eCannotProcessReason.AllOk\"/&gt;<br />        ''' <br />        ''' &lt;see cref=\"AcceptRejectRule\"/&gt;<br />        ''' <br />        ''' &lt;/remarks&gt;<br /><br />Produces:<br /><br />\t&lt;remarks&gt;<br />\t\t&lt;list type=\"bullet\"&gt;<br />\t\t\t&lt;item&gt;Link1: &lt;see cref=\"M:SandTest.Base.GenericRequest.Link1(SandTest.Base.eCannotProcessReason@)\"/&gt;&lt;/item&gt;<br />\t\t\t&lt;item&gt;Link2: &lt;see cref=\"M:SandTest.Base.GenericRequest.Link2(System.String@)\"/&gt;&lt;/item&gt;<br />\t\t\t&lt;item&gt;Link3: &lt;see cref=\"M:SandTest.Base.GenericRequest.Link3\"/&gt;&lt;/item&gt;<br />\t\t&lt;/list&gt;<br /> None of these seem to generate viable XML :-(<br /><br /> &lt;see cref=\"Link3\"/&gt;<br />\t\t&lt;see cref=\"GenericRequest.Link3\"/&gt;<br />\t\t&lt;see cref=\"Base.GenericRequest.Link3\"/&gt;<br />\t\t&lt;see cref=\"SandTest.Base.GenericRequest.Link3\"/&gt;<br />\t\t&lt;see cref=\"eCannotProcessReason\"/&gt;<br />\t\t&lt;see cref=\"eCannotProcessReason.AllOk\"/&gt;<br />\t\t&lt;see cref=\"AcceptRejectRule\"/&gt;<br />\t&lt;/remarks&gt;<br /><br />All descriptions I have been able to find seem to suggest that sometimes it fails to output a properly formatted tag, in my case it seem to never output a properly formatted tag.<br /><br />Does anybody have any further suggestions ?<br /><br />Thanks,<br /><br />Simon.<br />",
    "PostedDate": "2008-05-02T06:01:58.32-07:00",
    "UserRole": null,
    "MarkedAsAnswerDate": null
  },
  {
    "Id": "90233",
    "ThreadId": "23223",
    "Html": "\r\nHi Simon, <br /><br />Out of curiosity, what version of Visual Studio are you using?  I'm wondering if this issue was fixed in VS 2005 SP1 or at least VS 2008.<br /><br />I found this discussion, which indicates that it's a possibility: <br /><br /><a href=\"http://forums.microsoft.com/MSDN/ShowPost.aspx?PostID=802863&amp;SiteID=1\" class=\"externalLink\">http://forums.microsoft.com/MSDN/ShowPost.aspx?PostID=802863&amp;SiteID=1<span class=\"externalLinkIcon\" style=\"font-family:Consolas, Courier New, Courier, Monospace;\"></span></a><br /><br />Someone submitted a bug report to Microsoft about this problem a while ago.  It appears that the issue was deferred to VS 2008, but I have not seen any confirmation that it works now.<br /><br /><a href=\"https://connect.microsoft.com/VisualStudio/feedback/ViewFeedback.aspx?FeedbackID=219950&amp;wa=wsignin1.0\" class=\"externalLink\">https://connect.microsoft.com/VisualStudio/feedback/ViewFeedback.aspx?FeedbackID=219950&amp;wa=wsignin1.0<span class=\"externalLinkIcon\" style=\"font-family:Consolas, Courier New, Courier, Monospace;\"></span></a><br /><br />If it still doesn't work in VS 2008, you should submit a new bug report to the Microsoft Connect website.<br /><br />- Dave<br />",
    "PostedDate": "2008-05-02T08:22:38.37-07:00",
    "UserRole": null,
    "MarkedAsAnswerDate": null
  },
  {
    "Id": "90237",
    "ThreadId": "23223",
    "Html": "\r\nHi Dave,<br /><br />I'm on VS2005 SP1. From what I've read in the various posts I've found it seems as though SP1 was the start of the problem. I'm not going to be moving to VS2008 anytime soon and don't have it available at the moment to investigate.<br /><br />I was just (optimistically) hoping that maybe somebody had come up with a magical solution.<br /><br />Simon.<br />",
    "PostedDate": "2008-05-02T08:37:26.613-07:00",
    "UserRole": null,
    "MarkedAsAnswerDate": null
  },
  {
    "Id": "94817",
    "ThreadId": "23223",
    "Html": "Hello Dave and the new Simon,<br>\r\n<br>\r\nI see two Simons are now participating in the thread.&nbsp; I'm also on VS2005 SP1 with no plans to upgrade to VS2008 any time soon.&nbsp; I did not reply earlier because I've been out of the office for a few weeks.<br>\r\n<br>\r\nThe original Simon<br>\r\n",
    "PostedDate": "2008-05-26T16:05:03.01-07:00",
    "UserRole": null,
    "MarkedAsAnswerDate": null
  },
  {
    "Id": "95576",
    "ThreadId": "23223",
    "Html": "Yes the odd VB behavior with crefs was <em>invented</em> in VS2005SP1. It was <em>somehow</em> repaired in VS2008 but many crefs are still broken or target to unpredicable targets. I've read (not tested) that in VS2005SP1 you can workaround this by running vbc from command line.<br>\r\nI really dislike the way how VB team treats XML comments :-(. \r\n",
    "PostedDate": "2008-05-29T12:09:35.053-07:00",
    "UserRole": null,
    "MarkedAsAnswerDate": null
  }
]