[
  {
    "Id": "430759",
    "ThreadId": "209272",
    "Html": "<h3 style=\"font-weight:bold;font-style:inherit;font-family:'Segoe UI Semibold', 'Segoe UI', 'Lucida Grande', Verdana, Arial, Helvetica, sans-serif;clear:both;color:#3a3e43;line-height:21px;font-size:1.25em;list-style-type:none;text-decoration:none;padding:0px;margin:0px;border:0px none initial\">when i document the overloaded functions with sandcastle, these functions appear several rows in the functions table.</h3>\r\n<h3 style=\"font-weight:bold;font-style:inherit;font-family:'Segoe UI Semibold', 'Segoe UI', 'Lucida Grande', Verdana, Arial, Helvetica, sans-serif;clear:both;color:#3a3e43;line-height:21px;font-size:1.25em;list-style-type:none;text-decoration:none;padding:0px;margin:0px;border:0px none initial\">how to fix this like MSDN to link a overload list on display?</h3>\r\n<h3 style=\"font-weight:bold;font-style:inherit;font-family:'Segoe UI Semibold', 'Segoe UI', 'Lucida Grande', Verdana, Arial, Helvetica, sans-serif;clear:both;color:#3a3e43;line-height:21px;font-size:1.25em;list-style-type:none;text-decoration:none;padding:0px;margin:0px;border:0px none initial\">thanks</h3>",
    "PostedDate": "2010-04-13T22:38:22.14-07:00",
    "UserRole": null,
    "MarkedAsAnswerDate": null
  }
]