[
  {
    "Id": "675855",
    "ThreadId": "273613",
    "Html": "\r\n<p>The conceptual content in the help file appears to always include the language filter at the top of the page regardless of the type of the content. Is there a way to turn this off for non-code based topics?</p>\r\n<p>Thanks!&nbsp;</p>\r\n",
    "PostedDate": "2011-09-23T07:34:51.937-07:00",
    "UserRole": null,
    "MarkedAsAnswerDate": null
  },
  {
    "Id": "676080",
    "ThreadId": "273613",
    "Html": "<p>Do you want to do it per topic or for the whole conceptual side of your documentations?</p>\r\n<p>Best regards,<br />Paul.&nbsp;</p>",
    "PostedDate": "2011-09-23T18:44:07.543-07:00",
    "UserRole": null,
    "MarkedAsAnswerDate": null
  },
  {
    "Id": "676595",
    "ThreadId": "273613",
    "Html": "<p>Per topic. I find there's a definite split between topics which are pure text-based with no programming content and topics which are example/code-based.</p>\r\n<p>Regards,</p>\r\n<p>Derek.</p>\r\n<p>&nbsp;</p>\r\n<p>&nbsp;</p>",
    "PostedDate": "2011-09-26T02:22:33.617-07:00",
    "UserRole": null,
    "MarkedAsAnswerDate": null
  },
  {
    "Id": "676602",
    "ThreadId": "273613",
    "Html": "<p>Hello Derek,</p>\r\n<p>There are two possible approach to this.</p>\r\n<p>You can achieve that by modifying the presentation style to&nbsp;search each topic for presence or absence of code and adjust the filter.</p>\r\n<p>Another way is to write a custom component, which will run after the main transformation. It can search for<br />absence of code/example and remove the filter. This is recommended so that the presentation style is untouched.</p>\r\n<p>The tricky part may be handling languages like XML, which do not support the syntax filter.&nbsp;</p>\r\n<p>If you have any further question on any of these, let me know.</p>\r\n<p>Best regards,<br />Paul.&nbsp;</p>\r\n<p>&nbsp;</p>",
    "PostedDate": "2011-09-26T02:44:43.797-07:00",
    "UserRole": null,
    "MarkedAsAnswerDate": null
  },
  {
    "Id": "676632",
    "ThreadId": "273613",
    "Html": "<p>Thanks Paul, I'll give that a try.</p>",
    "PostedDate": "2011-09-26T04:01:13.343-07:00",
    "UserRole": null,
    "MarkedAsAnswerDate": null
  }
]