[
  {
    "Id": "151458",
    "ThreadId": "45402",
    "Html": "<p style=\"margin:0in 0in 0pt 0.5in\"><span style=\"font:7pt 'times new roman'\"> </span><span style=\"font-family:calibri\">During the build process,<b> how do I add another CHM to incorporate with the CHM that Sandcastle creates</b> to combine the class library info e.g. with more info (Overview, etc.)</span></p>\r\n",
    "PostedDate": "2009-01-27T11:03:03.563-08:00",
    "UserRole": null,
    "MarkedAsAnswerDate": null
  },
  {
    "Id": "151462",
    "ThreadId": "45402",
    "Html": "Hi, <br>\r\n<br>\r\nDo you actually have a need to merge .chm files or do you simply want to add additional topics?<br>\r\n<br>\r\nHow to add topics may depend on the tool that you're using to automate Sandcastle, if any, such as <a href=\"http://docproject.codeplex.com\">DocProject</a> or <a href=\"http://shfb.codeplex.com\">Sandcastle Help File Builder</a>.  But more than likely you'll be able to use MAML to author your topics (e.g., Conceptual, How To, UI Reference, etc.) and the tool will merge the documentation that Sandcastle generates with your MAML topics.<br>\r\n<br>\r\nTo get started with MAML in Sandcastle, see the <a href=\"http://www.codeplex.com/DocProject/Wiki/View.aspx?title=Sandcastle Help#MAML\">Sandcastle Help</a> article and download the MAML guide from the <a href=\"http://www.codeplex.com/SandcastleStyles/Release/ProjectReleases.aspx?ReleaseId=17333\">Sandcastle Styles</a> project.<br>\r\n<br>\r\n- Dave\r\n",
    "PostedDate": "2009-01-27T11:15:53.52-08:00",
    "UserRole": null,
    "MarkedAsAnswerDate": null
  },
  {
    "Id": "151507",
    "ThreadId": "45402",
    "Html": "\r\n\r\n<div class=Section1>\r\n\r\n<p class=MsoNormal>I created the first CHM from the dll from our build using\r\ninstructions from the Sandcastle blog (Creating a CHM build using Sandcastle).</p>\r\n\r\n<p class=MsoNormal>I created the second CHM using the HTML Help Workshop. This\r\none isn't too pretty but it has all of our documents to combine with the class\r\nlibrary. I'd want to merge the contents and have the new version of the CHM\r\nhave the same style formatting for all.</p>\r\n\r\n<p class=MsoNormal>Should I use docproject or sandcastle help file builder\r\ninstead of HTML Help workshop? Which is the easiest to use? I have to do this\r\nmanually and it's very time consuming. Thx for input.</p>\r\n\r\n</div>\r\n\r\n",
    "PostedDate": "2009-01-27T13:24:21.767-08:00",
    "UserRole": null,
    "MarkedAsAnswerDate": null
  },
  {
    "Id": "151692",
    "ThreadId": "45402",
    "Html": "Hi, <br>\r\n<br>\r\n<em>&gt; This one isn't too pretty but it has all of our documents to combine with the class library<br>\r\n</em><br>\r\nIn what format are these documents written?  HTML?  XML? MAML?<br>\r\n<br>\r\n<em>&gt; I'd want to merge the contents and have the new version of the CHM have the same style formatting for all.<br>\r\n</em><br>\r\nSandcastle does not accept HTML topics as input.  So if your custom topics are written in HTML then you'll have to style them yourself.<br>\r\n<br>\r\nAlternatively, you can try translating them into MAML topics, which is a format that Sandcastle does process into HTML using the same presentation style as the API reference topics that you generated previously.  Here are some tools that may help: <br>\r\n<br>\r\n<ul>\r\n    <li><a href=\"http://www.codeplex.com/DocProject/Release/ProjectReleases.aspx?ReleaseId=12723\">DocToMaml</a></li>\r\n    <li><a href=\"http://www.codeplex.com/SandcastleStyles/Release/ProjectReleases.aspx?ReleaseId=18782\">HTML to MAML</a> </li>\r\n</ul>\r\n<em>&gt; Should I use docproject or sandcastle help file builder instead of HTML Help workshop?<br>\r\n<br>\r\n</em>Well neither of these tools (nor Sandcastle) merges .chm files.  Sandcastle only works with input files like XML documentation comments and MAML topics, and generates raw HTML files as output.  Therefore, I suggest using either DocProject or SHFB (whichever you prefer) to build the API reference topics again from scratch, along with your conceptual topics (once converted to MAML), into a single .chm file, simultaneously.  Refer to the documentation or forums for the specific tool that you choose for more help.<br>\r\n<br>\r\n- Dave\r\n",
    "PostedDate": "2009-01-28T03:21:12.157-08:00",
    "UserRole": null,
    "MarkedAsAnswerDate": null
  }
]