[
  {
    "Id": "92762",
    "ThreadId": "27808",
    "Html": "Hi,<br>\r\ncurrently I'm programming on a Windows Mobile Application and I want to use Sandcastle on it. Now I've got the problem, that, when I'm trying to do this I have received the error message<br>\r\n<strong>Error: Unresolved assembly reference: Microsoft.WindowsCE.Forms (Microsoft.WindowsCE.Forms, Version=1.0.5000.0, Culture=neutral, PublicKeyToken=969db8053d3322ac, Retargetable=Yes) required by Microsoft.WindowsMobile.Status<br>\r\n&nbsp;&nbsp;&nbsp; Last step completed in 00:00:01.5720<br>\r\n<br>\r\n<br>\r\nBUILD FAILED: Unexpected error in last build step.&nbsp; See output above for details.<br>\r\n<br>\r\n</strong>When I now take the Microsoft.WindowsCE.Forms - DLL (C:\\Program Files (x86)\\Microsoft.NET\\SDK\\CompactFramework\\v2.0\\WindowsCE\\Microsoft.WindowsCE.Forms.dll), then comes the Message<br>\r\n<br>\r\nGenerating API filter for MRefBuilder...<br>\r\n&nbsp;&nbsp;&nbsp; Last step completed in 00:00:00.0060<br>\r\n<br>\r\n<br>\r\nBUILD FAILED: The object reference doasn't set on an instance of an object.<br>\r\n<br>\r\nI'm using Windows Vista 64-Bit Vista. Does somebody know how to solve this problem?<br>\r\nKindly regards,<br>\r\nMel_One<br>\r\n<strong><br>\r\n</strong>\r\n",
    "PostedDate": "2008-05-15T12:09:43.537-07:00",
    "UserRole": null,
    "MarkedAsAnswerDate": null
  },
  {
    "Id": "92767",
    "ThreadId": "27808",
    "Html": "<span style=\"font-family:tahoma\">The Windows CE XML Comments files don't contain any members.  Instead, they contain a redirect to the core framework comments files.  SHFB doesn't currently handle that so I'll fix it in a future release.  However, in this case, it isn't an issue.  Add the dependent assembly to the <strong>Dependencies</strong> property rather than the <strong>Assemblies to Document</strong> list as that's were it really belongs.  You want the dependency included but not documented.<br>\r\n<br>\r\nEric<br>\r\n</span>\r\n",
    "PostedDate": "2008-05-15T12:31:23.48-07:00",
    "UserRole": null,
    "MarkedAsAnswerDate": null
  },
  {
    "Id": "92772",
    "ThreadId": "27808",
    "Html": "Thanks, this advice has solved my problem. <br>\r\nKindly regards,<br>\r\nMel_One<br>\r\n",
    "PostedDate": "2008-05-15T12:46:12.587-07:00",
    "UserRole": null,
    "MarkedAsAnswerDate": null
  }
]