[
  {
    "Id": "76995",
    "ThreadId": "23021",
    "Html": "\r\nHi,<br /><br />I´ve found this in the MSDN documentation - For example the <i>TextBlock</i> class:<br /><b>XMLNS for XAML:</b> http://schemas.microsoft.com/winfx/xaml/presentation<br /><br />I like this and want to add it to my own Presentation-base classes.<br /><br />Looked around in the SandCastle xsl files and found the text: XMLNS for XAML and the template which creates it.<br />But I cannot get the text into the documentation.<br /><br />In the assemblyinfo file this tag is added:<br /><i>assembly: XmlnsDefinition</i><br /><br />Do I need to add a tag to each class or add something more into the assemblyinfo ?<br /><br />Best regards<br />--Tony<br />",
    "PostedDate": "2008-02-28T01:12:11.51-08:00",
    "UserRole": null,
    "MarkedAsAnswerDate": null
  },
  {
    "Id": "77023",
    "ThreadId": "23021",
    "Html": "\r\nHi Tony, <br /><br />According to <a href=\"http://forums.microsoft.com/MSDN/ShowPost.aspx?PostID=1473198&amp;SiteID=1\" class=\"externalLink\">this discussion<span class=\"externalLinkIcon\" style=\"font-family:Consolas, Courier New, Courier, Monospace;\"></span></a>, you must add the XAML usage syntax generator to the <i>sandcastle.config</i> file for the <b>SyntaxComponent</b>.  Here's the relevant section for the VS 2005 presentation style in the January 2008 Release (note that I appended the XAML generate to the end of the <span class=\"codeInline\" style=\"font-family:Consolas, Courier New, Courier, Monospace;\">generators</span> element): <br /><br /><pre style=\"background-color:#ECECEC; border:dashed .1em #3E62A6; font-family:Consolas, Courier New, Courier, Monospace; font-size:1em; margin-top:0; padding:.5em; height:auto; overflow:auto; overflow-x:auto; overflow-y:auto;\">\r\n&lt;!--Generate syntax--&gt;\r\n&lt;component type=\"Microsoft.Ddue.Tools.IfThenComponent\" assembly=\"%DXROOT%\\ProductionTools\\BuildComponents.dll\"&gt;\r\n  &lt;if condition=\"not(starts-with($key,'Overload:') or starts-with($key,'R:'))\" /&gt;\r\n  &lt;then&gt;\r\n    &lt;component type=\"Microsoft.Ddue.Tools.SyntaxComponent\" assembly=\"%DXROOT%\\ProductionTools\\BuildComponents.dll\"&gt;\r\n      &lt;syntax input=\"/document/reference\" output=\"/document/syntax\" /&gt;\r\n      &lt;generators&gt;\r\n        &lt;generator type=\"Microsoft.Ddue.Tools.VisualBasicDeclarationSyntaxGenerator\" assembly=\"%DXROOT%\\ProductionTools\\SyntaxComponents.dll\" /&gt;\r\n        &lt;generator type=\"Microsoft.Ddue.Tools.CSharpDeclarationSyntaxGenerator\" assembly=\"%DXROOT%\\ProductionTools\\SyntaxComponents.dll\" /&gt;\r\n        &lt;generator type=\"Microsoft.Ddue.Tools.CPlusPlusDeclarationSyntaxGenerator\" assembly=\"%DXROOT%\\ProductionTools\\SyntaxComponents.dll\" /&gt;\r\n        &lt;generator type=\"Microsoft.Ddue.Tools.ScriptSharpDeclarationSyntaxGenerator\" assembly=\"%DXROOT%\\ProductionTools\\SyntaxComponents.dll\" /&gt;\r\n \r\n        &lt;generator type=\"Microsoft.Ddue.Tools.XamlUsageSyntaxGenerator\" assembly=\"%DXROOT%\\ProductionTools\\SyntaxComponents.dll\"&gt;\r\n          &lt;filter files=\"%DXROOT%\\Presentation\\shared\\configuration\\xamlSyntax.config\"/&gt;\r\n        &lt;/generator&gt;\r\n \r\n      &lt;/generators&gt;\r\n    &lt;/component&gt;\r\n  &lt;/then&gt;\r\n&lt;/component&gt;\r\n</pre>For all APIs that are applicable (i.e., XAML syntax applies) you're supposed to get a new XAML usage block under the syntax section (near C#, VB.NET, etc.).  From what I can tell in the XSL transformations, the <b>XMLNS for XAML</b> string should appear automatically in this case.  For those APIs that do not apply, the string will not be shown and the syntax block should simply state, <b>Not Applicable</b>.<br /><br />Note however that I tried this using the VS 2005 presentation style and it didn't work at all (no <i>XLMNS for XAML</i> string or syntax block appeared in any of the auto-generated reference topics - even a custom WPF Window class).  This might be a bug, so if you experience the same thing then I suggest adding it to the Issue Tracker.<br /><br />- Dave<br />",
    "PostedDate": "2008-02-28T03:43:44.29-08:00",
    "UserRole": null,
    "MarkedAsAnswerDate": null
  },
  {
    "Id": "77276",
    "ThreadId": "23021",
    "Html": "\r\nThanks for the answer Dave,<br /><br />Unfortunately, it did not work.<br />I´m also using the vs2005 presentation style - I add this to the issue tracker. Hopefully there is a solution to this somewhere.<br /><br />- Tony<br />",
    "PostedDate": "2008-02-29T00:05:02.42-08:00",
    "UserRole": null,
    "MarkedAsAnswerDate": null
  },
  {
    "Id": "265335",
    "ThreadId": "23021",
    "Html": "<p>Here are the steps to show XAML usage.<br>1.&nbsp;Use AddXamlSyntaxData.xsl to transform reflection.org.<br>&nbsp;&nbsp;&nbsp; &quot;C:\\Program Files\\Sandcastle\\\\ProductionTools\\XslTransform.exe&quot; /xsl:&quot;<strong><em>C:\\Program Files\\Sandcastle\\\\ProductionTransforms\\AddXamlSyntaxData.xsl</em></strong>&quot; /xsl:&quot;C:\\Program Files\\Sandcastle\\\\ProductionTransforms\\ApplyVSDocModel.xsl&quot; /xsl:&quot;C:\\Program Files\\Sandcastle\\\\ProductionTransforms\\AddFriendlyFilenames.xsl&quot; &quot;C:\\Program Files\\Sandcastle\\\\Examples\\colorpicker\\vs2005\\reflection.org&quot; /out:&quot;C:\\Program Files\\Sandcastle\\\\Examples\\colorpicker\\vs2005\\reflection.xml&quot; /arg:IncludeAllMembersTopic=true /arg:IncludeInheritedOverloadTopics=true</p>\r\n<p>2.&nbsp;Add XamlUsageSyntaxGenerator to buildAssembler config file.<br>&lt;!--Generate syntax--&gt;<br>&lt;component type=&quot;Microsoft.Ddue.Tools.IfThenComponent&quot; assembly=&quot;%DXROOT%\\ProductionTools\\BuildComponents.dll&quot;&gt;<br>&nbsp; &lt;if condition=&quot;not(starts-with($key,'Overload:') or starts-with($key,'R:'))&quot; /&gt;<br>&nbsp; &lt;then&gt;<br>&nbsp;&nbsp;&nbsp; &lt;component type=&quot;Microsoft.Ddue.Tools.SyntaxComponent&quot; assembly=&quot;%DXROOT%\\ProductionTools\\BuildComponents.dll&quot;&gt;<br>&nbsp;&nbsp;&nbsp;&nbsp;&nbsp; &lt;syntax input=&quot;/document/reference&quot; output=&quot;/document/syntax&quot; /&gt;<br>&nbsp;&nbsp;&nbsp;&nbsp;&nbsp; &lt;generators&gt;<br>&nbsp;&nbsp;&nbsp;&nbsp;&nbsp;&nbsp;&nbsp; &lt;generator type=&quot;Microsoft.Ddue.Tools.VisualBasicDeclarationSyntaxGenerator&quot; assembly=&quot;%DXROOT%\\ProductionTools\\SyntaxComponents.dll&quot; /&gt;<br>&nbsp;&nbsp;&nbsp;&nbsp;&nbsp;&nbsp;&nbsp; &lt;generator type=&quot;Microsoft.Ddue.Tools.CSharpDeclarationSyntaxGenerator&quot; assembly=&quot;%DXROOT%\\ProductionTools\\SyntaxComponents.dll&quot; /&gt;<br>&nbsp;&nbsp;&nbsp;&nbsp;&nbsp;&nbsp;&nbsp; &lt;generator type=&quot;Microsoft.Ddue.Tools.CPlusPlusDeclarationSyntaxGenerator&quot; assembly=&quot;%DXROOT%\\ProductionTools\\SyntaxComponents.dll&quot; /&gt;<br>&nbsp;&nbsp;&nbsp;&nbsp;&nbsp;&nbsp;&nbsp; &lt;generator type=&quot;Microsoft.Ddue.Tools.ScriptSharpDeclarationSyntaxGenerator&quot; assembly=&quot;%DXROOT%\\ProductionTools\\SyntaxComponents.dll&quot; /&gt;<br><strong><em>&nbsp;&nbsp;&nbsp;&nbsp;&nbsp;&nbsp;&nbsp;&nbsp; &lt;generator type=&quot;Microsoft.Ddue.Tools.XamlUsageSyntaxGenerator&quot; assembly=&quot;%DXROOT%\\ProductionTools\\SyntaxComponents.dll&quot;&gt;<br>&nbsp;&nbsp;&nbsp;&nbsp;&nbsp;&nbsp;&nbsp;&nbsp;&nbsp; &lt;filter files=&quot;%DXROOT%\\Presentation\\shared\\configuration\\xamlSyntax.config&quot;/&gt;<br>&nbsp;&nbsp;&nbsp;&nbsp;&nbsp;&nbsp;&nbsp; &lt;/generator&gt;</em></strong><br>&nbsp;&nbsp;&nbsp;&nbsp;&nbsp;&nbsp; &lt;/generators&gt;<br>&nbsp;&nbsp;&nbsp; &lt;/component&gt;<br>&nbsp; &lt;/then&gt;<br>&lt;/component&gt;</p>\r\n<p>3.&nbsp;Update xamlSyntax.config above to add the user assemblies.<br>&nbsp; &lt;xamlAssemblies&gt;<br><strong><em>&nbsp;&nbsp;&nbsp; &lt;assembly name=&quot;ColorPicker&quot;&gt;<br>&nbsp;&nbsp;&nbsp;&nbsp;&nbsp; &lt;xmlns uri=&quot;</em></strong><a href=\"http://schemas.microsoft.com/xaml/sample\"><strong><em>http://schemas.microsoft.com/xaml/sample</em></strong></a><strong><em>&quot;&gt;<br>&nbsp;&nbsp;&nbsp;&nbsp;&nbsp;&nbsp;&nbsp; &lt;clrNamespace name=&quot;Microsoft.Samples.CustomControls&quot;/&gt;<br>&nbsp;&nbsp;&nbsp;&nbsp;&nbsp; &lt;/xmlns&gt;<br>&nbsp;&nbsp;&nbsp; &lt;/assembly&gt;<br></em></strong>&nbsp;&nbsp;&nbsp; ...<br>&nbsp; &lt;/xamlAssemblies&gt;</p>",
    "PostedDate": "2009-12-09T07:17:05.903-08:00",
    "UserRole": null,
    "MarkedAsAnswerDate": null
  },
  {
    "Id": "507950",
    "ThreadId": "23021",
    "Html": "<p>Steven,</p>\r\n<p>Point 1:<br>Does that mean that each time we need to update the help file, we need to run this command again?</p>\r\n<p>Point 3:<br>What do we need to put in the <strong><em>&lt;xmlns uri=&quot;</em></strong><a href=\"http://schemas.microsoft.com/xaml/sample\"><strong><em>http://schemas.microsoft.com/xaml/sample</em></strong></a><strong><em>&quot;&gt;</em></strong> as an URI?<br>Can we just create any URI?</p>\r\n<p>Patrick</p>",
    "PostedDate": "2010-10-15T11:56:24.503-07:00",
    "UserRole": null,
    "MarkedAsAnswerDate": null
  }
]