[
  {
    "Id": "91245",
    "ThreadId": "27366",
    "Html": "\r\nHello!!!<br />Have two little problems...<br />I want to insert the name of the author of the document as default in the dispatch of the feedback.<br />which is the file to be modified if it exists?<br />And second problem I  want to create a procedure that premises me to modify the parameters of the file hhp like <br />Compiled file<br />Contents file<br />Index file<br />Title<br /><br />Thank you so much!!!!! <br />And excuse me for my English!!!!!<br /><br />Igor<br />",
    "PostedDate": "2008-05-08T08:34:08.207-07:00",
    "UserRole": null,
    "MarkedAsAnswerDate": null
  },
  {
    "Id": "91274",
    "ThreadId": "27366",
    "Html": "\r\nHi Igor, <br /><br />Content related to feedback can be found in the presentation's <i>Content\\feedback_content.xml</i> file.  If you can't get the desired result by only updating content items then you may have to modify one or more of the XSL transformation files in the <i>Transforms</i> folder instead.  <br /><br />If you're using the <b>CHMBuilder</b> program then it has a configuration file in the <i>ProdutionTools</i> folder that you can modify to get the desired .hhp file.<br /><br />- Dave<br />",
    "PostedDate": "2008-05-08T10:26:25.347-07:00",
    "UserRole": null,
    "MarkedAsAnswerDate": null
  },
  {
    "Id": "91275",
    "ThreadId": "27366",
    "Html": "\r\nHave you tried <a href=\"http://www.codeplex.com/SHFB\" class=\"externalLink\">The Sandcasle Help File Builder<span class=\"externalLinkIcon\" style=\"font-family:Consolas, Courier New, Courier, Monospace;\"></span></a> or <a href=\"http://www.codeplex.com/DocProject\" class=\"externalLink\">DocProject<span class=\"externalLinkIcon\" style=\"font-family:Consolas, Courier New, Courier, Monospace;\"></span></a>?  SHFB is a standalone tool that can be used to build help file using Sandcastle.  DocProject is a VS2005 add-in that can build help files using Sandcastle.  Both allow you to configure such things as the feedback e-mail address, help file title, etc. and automate the build process so that you don't have to be concerned with the details or where the information goes in the configuration files.<br /><br />Eric<br />",
    "PostedDate": "2008-05-08T10:28:49.883-07:00",
    "UserRole": null,
    "MarkedAsAnswerDate": null
  },
  {
    "Id": "91390",
    "ThreadId": "27366",
    "Html": "<br />Thank you so much!!!<br />But have a trouble to find a right information on xls file.<br />Sorry is my first time i use this tool especially xls file.....<br />sorry.<br />Can you help me???<br /> Please!!!<br />ehehehehee...<br />Thanks..........<br />",
    "PostedDate": "2008-05-09T00:40:48.163-07:00",
    "UserRole": null,
    "MarkedAsAnswerDate": null
  },
  {
    "Id": "91397",
    "ThreadId": "27366",
    "Html": "\r\nHi Igor, <br /><br />I don't really understand what you're trying to do.  Perhaps an example will help.<br /><br />- Dave<br />",
    "PostedDate": "2008-05-09T01:20:44.523-07:00",
    "UserRole": null,
    "MarkedAsAnswerDate": null
  },
  {
    "Id": "91400",
    "ThreadId": "27366",
    "Html": "\r\nI try to explain...<br />When i push the botton Send FeedBack the document open in automatic Lotus Notes, but the field of recipient is empty.<br />I want insert the name of document's author in this field...In automatic mode...If possible with a little procedure...If possible...<br /><br />Thank you Dave for your help......<br /><br /><br />Igor<br />",
    "PostedDate": "2008-05-09T01:39:36.503-07:00",
    "UserRole": null,
    "MarkedAsAnswerDate": null
  },
  {
    "Id": "91420",
    "ThreadId": "27366",
    "Html": "\r\nHi Igor, <br /><br />I think I get it now.  Are you looking for a way to change the recipient field to the email address of the topic's author?<br /><br />The email address is typically set once for all topics using the <b>fb_alias</b> item in the <i>feedback_content.xml</i> file.  This item is referenced by the <b>MailToLink</b> item in the <i>shared_content.xml</i> file.  To have the email address chosen based on the topic's author, you'd have to update several different files; therefore, I think you may be better off submitting a new feature request for this.<br /><br />If you still want to try making the modifications on your own, the basic steps would be as follows for the VS 2005 presentation style.  (Note that I haven't tried this myself.)<br /><br /><ol><li>Add a new shared content item document and update the Build Assembler configuration file to include it.</li><li>In the new content document, add items that correspond to author names and set the value of each item to the appropriate email address.</li><li>Update the existing <b>MailToLink</b> item so that instead of using <b>fb_alias</b> it does something like <span class=\"codeInline\" style=\"font-family:Consolas, Courier New, Courier, Monospace;\">&lt;include item=\"{0}\" /&gt;</span>.  (Don't forget to update the existing string format tokens; {0} and {1} are already in use.)</li><li>Update the <b>footer</b> and <b>feedbackHeader</b> items (in <i>shared_content.xml</i>) by adding another <b>&lt;parameter&gt;</b> in the call to <i>MailToLink</i>.</li><li>Open the <i>Transforms\\htmlBody.xsl</i> file and search for <b>item=\"feedbackHeader\"</b>.  Add another <b>&lt;parameter&gt;</b> that specifies the name of the author.  To get the name of the author you'll probably have to come up with a custom tag solution (see <a href=\"http://www.codeplex.com/Sandcastle/Thread/View.aspx?ThreadId=26347\">Documentation references/bibliography with Sandcastle</a> for an example of how to use custom tags in Sandcastle).</li><li>Open the <i>Transforms\\main_conceptual.xsl</i> and <i>Transforms\\main_sandcastle.xsl</i> files and search for <b>item=\"footer\"</b>.  Add another <b>&lt;parameter&gt;</b> that specifies the name of the author, in the same way that you did for the previous step.</li></ol>Again, this might be a feature that you'd want the Sandcastle team to add if you don't understand how to do it yourself.<br /><br />- Dave<br />",
    "PostedDate": "2008-05-09T04:47:39.487-07:00",
    "UserRole": null,
    "MarkedAsAnswerDate": null
  },
  {
    "Id": "91457",
    "ThreadId": "27366",
    "Html": "\r\nHi Dave!<br /><br />Thank you for your help...It's very kind of you!!<br /><br />How should I submit this requirement?<br />I belive it would very useful having a tool to automatize these steps.<br /><br />What do you think?<br /><br />Speak to you on Monday!!<br /><br />Have a Nice week end!<br /><br />Igor<br />",
    "PostedDate": "2008-05-09T07:17:41.227-07:00",
    "UserRole": null,
    "MarkedAsAnswerDate": null
  },
  {
    "Id": "91487",
    "ThreadId": "27366",
    "Html": "\r\nHi Igor, <br /><br />Click on the <b>Issue Tracker</b> tab and then click the <b>Create New Item</b> link :)<br /><br />- Dave<br />",
    "PostedDate": "2008-05-09T08:27:10.783-07:00",
    "UserRole": null,
    "MarkedAsAnswerDate": null
  },
  {
    "Id": "91488",
    "ThreadId": "27366",
    "Html": "\r\nOh, and BTW, you may want to add a link to this discussion in your request.<br />",
    "PostedDate": "2008-05-09T08:27:41.53-07:00",
    "UserRole": null,
    "MarkedAsAnswerDate": null
  }
]