[
  {
    "Id": "479993",
    "ThreadId": "223438",
    "Html": "<p>The Miscrosoft Help Viewer 1.0 SDK is available.&nbsp;</p>\r\n<p>You can download it <a title=\"Help Viewer 1.0 SDK\" href=\"http://www.microsoft.com/downloads/details.aspx?displaylang=en&FamilyID=94ab4784-b7c3-49ac-a315-9688bc5c84c3\">here</a>.</p>\r\n<p>It does not require any installation, it is a set of HTML documentations with two samples.<br>The information contained may be useful to both tool developers and users.</p>\r\n<p>Best regards,<br>Paul.&nbsp;</p>",
    "PostedDate": "2010-08-12T21:29:58.907-07:00",
    "UserRole": null,
    "MarkedAsAnswerDate": null
  }
]