[
  {
    "Id": "957528",
    "ThreadId": "407129",
    "Html": "\r\n<p>1. I don't know why,but the codeEntityReference tag's qualifyHint attribute seems not work. I want to hide the the namespace of the entity, so i set the qualifyHint to false,but the namespace still there.</p>\r\n<p>&lt;codeEntityReference qualifyHint=&quot;false&quot;&gt;T:HelperApp.ICalculator&lt;/codeEntityReference&gt;</p>\r\n<p>any suggestion?</p>\r\n<p>2. The codeEntityReference can get the reference of the , but how to get&nbsp;related comment &nbsp;for this entity?</p>\r\n<p>3.&nbsp;When I click a type, I&nbsp;want it link me directly&nbsp;to the &quot;Members&quot; page, not the description page&nbsp;of the type. How to do this? I other words,How can i get the all members page reference?</p>\r\n<p>Any suggestion will be helpfull.</p>\r\n",
    "PostedDate": "2012-12-18T03:36:52.92-08:00",
    "UserRole": null,
    "MarkedAsAnswerDate": null
  },
  {
    "Id": "958101",
    "ThreadId": "407129",
    "Html": "\r\n<p>Regarding #1, the element appears to be working as expected.&nbsp; Are you having the issue in a particular help format (i.e. MS Help Viewer)?</p>\r\n<p>Regarding #2, the codeEntityReference element is for creating a link to the member, not getting its comments.&nbsp; There are no elements that will do that.&nbsp; You could probably create a custom build component to do it depending on what you are trying to achieve.</p>\r\n<p>Regarding #3, you can use the pseudo ID generated for the All Members page as the target ID.&nbsp; It's in the form &quot;AllMembers.T:TypeName&quot;.&nbsp; For example:</p>\r\n<div style=\"color:black; background-color:white\">\r\n<pre><span style=\"color:blue\">&lt;</span><span style=\"color:#a31515\">codeEntityReference</span> <span style=\"color:red\">qualifyHint</span><span style=\"color:blue\">=</span><span style=\"color:black\">&quot;</span><span style=\"color:blue\">false</span><span style=\"color:black\">&quot;</span><span style=\"color:blue\">&gt;</span>AllMembers.T:TestDoc.TestClass<span style=\"color:blue\">&lt;/</span><span style=\"color:#a31515\">codeEntityReference</span><span style=\"color:blue\">&gt;</span>\r\n</pre>\r\n</div>\r\n<p>Also, please note that this project has been discontinued and may not be monitored as frequently. For future questions concerning Sandcastle, post them over on the\r\n<a title=\"SHFB\" href=\"http://shfb.codeplex.com/\" target=\"_blank\">Sandcastle Help File Builder</a> project's discussion page. Thanks.</p>\r\n<p>Eric</p>\r\n<p>&nbsp;</p>\r\n",
    "PostedDate": "2012-12-18T19:45:37.113-08:00",
    "UserRole": null,
    "MarkedAsAnswerDate": null
  }
]