[
  {
    "Id": "82422",
    "ThreadId": "24583",
    "Html": "\r\nI've been playing around with the Sancastle MSBuild examples to create API documentation for our product. One thing I noticed is that while you have core libraries for actually doing the tasks that the tool executables wrap, they are not MSBuild api based. This means that to use them from MSBuild you have to call exec tasks with all sorts of funny quoting and transforms to get the command line right. It also makes multiple item lists more difficult to pass. I understand that people want to call this from a general command line for things like powershell and general scripts, but why not make the core libraries based of MSBuild or have a MSBuild task library people can use?<br />",
    "PostedDate": "2008-03-24T09:53:10.73-07:00",
    "UserRole": null,
    "MarkedAsAnswerDate": null
  },
  {
    "Id": "82465",
    "ThreadId": "24583",
    "Html": "\r\nHi, <br /><br />There's only a few tools that you need to execute and it's easy enough to call them as individual tasks if you need to.  Wrapping the tools in custom MSBuild tasks isn't going to make it any easier to use.<br /><br />I suggest trying <a href=\"http://www.codeplex.com/DocProject\" class=\"externalLink\">DocProject<span class=\"externalLinkIcon\" style=\"font-family:Consolas, Courier New, Courier, Monospace;\"></span></a>, which provides a single MSBuild task that executes the entire help build process.  The task is used in a few built-in Visual Studio project templates, so DocProject integrates seamlessly into VS and the same project can be used on the command-line as well.<br /><br />Note that projects are not designed in a way so that you can change all of the arguments on the command-line.  They are typical VS projects in the sense that they encapsulate all of the settings required to build a single set of documentation.  If you need multiple unrelated sets of documentation you'll have to create multiple projects.<br /><br />I think that <a href=\"http://www.codeplex.com/SHFB\" class=\"externalLink\">Sandcastle Help File Builder<span class=\"externalLinkIcon\" style=\"font-family:Consolas, Courier New, Courier, Monospace;\"></span></a> will allow you to create a more generic project file that can be used to automate Sandcastle with different input using a response file on the command-line.  (That's just an assumption from what I've read online though.)<br /><br />- Dave<br />",
    "PostedDate": "2008-03-24T12:30:39.68-07:00",
    "UserRole": null,
    "MarkedAsAnswerDate": null
  },
  {
    "Id": "82522",
    "ThreadId": "24583",
    "Html": "\r\nDave is correct.  The console mode builder for SHFB will allow you build one or more projects and add or override project options from the command line and/or from a response file.  1.6.0.6 (currently available as a beta) and later will allow you to import assembly and comments file info directly from a Visual Studio project too which lets you create a template project or do a completely project-less build from the command line.<br /><br />Eric<br />",
    "PostedDate": "2008-03-24T16:42:59.847-07:00",
    "UserRole": null,
    "MarkedAsAnswerDate": null
  }
]