[
  {
    "Id": "71531",
    "ThreadId": "21474",
    "Html": "\r\ni have build a html ver2.0 help file. but as in most of help file i want to redirect the place to exact place when placed f1 key when focusing on that control. can anybody give me suggestion on this it will be a great help....<br /><br />",
    "PostedDate": "2008-02-04T02:53:07.737-08:00",
    "UserRole": null,
    "MarkedAsAnswerDate": null
  },
  {
    "Id": "71616",
    "ThreadId": "21474",
    "Html": "\r\nHelp 2 files need to be integrated into a help collection such as those used by VS2005 and VS2008. If you're asking for help opening a Help 2 file from an application, I don't think that's possible with the standard .NET help providers. As far as I know, they'll only work with Help 1 (CHM) files.<br /><br />Eric<br />",
    "PostedDate": "2008-02-04T10:02:29.67-08:00",
    "UserRole": null,
    "MarkedAsAnswerDate": null
  }
]