[
  {
    "Id": "84339",
    "ThreadId": "25145",
    "Html": "\r\nWhat is the syntax for specifying a class or method reference if they have generic type parameters.   For instance given a class <br /><br />class GenericClass&lt;T&gt;<br />{<br />    public void Foo();<br />}<br /><br />how would use the codeEntityReference tag to create a reference to the class or the method Foo?<br />",
    "PostedDate": "2008-04-01T16:13:47.693-07:00",
    "UserRole": null,
    "MarkedAsAnswerDate": null
  },
  {
    "Id": "84358",
    "ThreadId": "25145",
    "Html": "\r\nHi, <br /><br />You must use the backtick notation: <br /><pre style=\"background-color:#ECECEC; border:dashed .1em #3E62A6; font-family:Consolas, Courier New, Courier, Monospace; font-size:1em; margin-top:0; padding:.5em; height:auto; overflow:auto; overflow-x:auto; overflow-y:auto;\">\r\n&lt;para&gt;\r\n  &lt;codeEntityReference&gt;T:TestLib.GenericClass`1&lt;/codeEntityReference&gt;\r\n&lt;/para&gt;\r\n</pre>The number after the backtick is the number of generic type parameters.<br /><br />- Dave<br />",
    "PostedDate": "2008-04-01T17:58:03.727-07:00",
    "UserRole": null,
    "MarkedAsAnswerDate": null
  },
  {
    "Id": "85079",
    "ThreadId": "25145",
    "Html": "\r\nI was just looking at the reflection.org file and realized that if you're unsure as to the format of a code reference, you can just find the api element in this file and copy it to your topic file.<br />",
    "PostedDate": "2008-04-04T12:20:05.787-07:00",
    "UserRole": null,
    "MarkedAsAnswerDate": null
  },
  {
    "Id": "85099",
    "ThreadId": "25145",
    "Html": "\r\nThat's a good observation.  You can also look at the XML documentation file that is generated by the compiler.<br /><br />- Dave<br />",
    "PostedDate": "2008-04-04T13:47:12.643-07:00",
    "UserRole": null,
    "MarkedAsAnswerDate": null
  }
]