[
  {
    "Id": "847815",
    "ThreadId": "359263",
    "Html": "\r\n<p>Hello,</p>\r\n<p>in the latest version the preview code does not build the whole content and it displays the topic right away. However, there is a limitation for code snippets - they are not displayed.&nbsp;</p>\r\n<p>Is it possible to review them without having to build the whole project? If not, it will be great addition if it is possible to use the old previewer for example with Ctrl&#43;F5, which we can use for a final review of the article and keep the F5 with the quick\r\n preview, for constant previews.</p>\r\n",
    "PostedDate": "2012-06-12T01:49:33.143-07:00",
    "UserRole": null,
    "MarkedAsAnswerDate": null
  },
  {
    "Id": "848135",
    "ThreadId": "359263",
    "Html": "<p>Are you referring to &lt;code&gt; elements with a source attribute to import code or &lt;codeReference&gt; elements used for code from a snippets file?&nbsp; If the former, I may implement that at some point as it shouldn't be too hard to do.&nbsp; If its the latter, it's more difficult as &lt;codeReference&gt; elements are processed by a build component and I'm not keen to reimplement what it does just for previewing.</p>\r\n<p>Eric</p>\r\n<p>&nbsp;</p>",
    "PostedDate": "2012-06-12T12:46:54.32-07:00",
    "UserRole": null,
    "MarkedAsAnswerDate": null
  },
  {
    "Id": "848262",
    "ThreadId": "359263",
    "Html": "<p>Thank you for your reply.</p>\r\n<p>Here is what I am using:</p>\r\n<p>&nbsp;&lt;code source=\"..\\CodeSamples\\\\MyCodeFile.cs\" region=\"SomeRegion\" lang=\"cs\" title=\"[C#]\" /&gt;</p>\r\n<p>And here is the result: http://screencast.com/t/ndyRJ0xnZqft.</p>",
    "PostedDate": "2012-06-12T22:02:00.87-07:00",
    "UserRole": null,
    "MarkedAsAnswerDate": null
  },
  {
    "Id": "854297",
    "ThreadId": "359263",
    "Html": "<p>Should it be working with this?</p>",
    "PostedDate": "2012-06-27T04:31:34.64-07:00",
    "UserRole": null,
    "MarkedAsAnswerDate": null
  },
  {
    "Id": "854409",
    "ThreadId": "359263",
    "Html": "<p>No, it currently won't import code from external files.&nbsp; It just notes the file reference.&nbsp; I may support this in a later release.</p>\r\n<p>Eric</p>\r\n<p>&nbsp;</p>",
    "PostedDate": "2012-06-27T08:03:20.793-07:00",
    "UserRole": null,
    "MarkedAsAnswerDate": null
  },
  {
    "Id": "854509",
    "ThreadId": "359263",
    "Html": "<p>I see.</p>\r\n<p><br />It will really be a nice feature since one will be able to see the code referenced right away. Often mistake is to have wrong code in the region or wrong region referenced.</p>\r\n<p>Should I add this somewhere or you will have it in mind?</p>",
    "PostedDate": "2012-06-27T10:45:05.65-07:00",
    "UserRole": null,
    "MarkedAsAnswerDate": null
  },
  {
    "Id": "854567",
    "ThreadId": "359263",
    "Html": "<p>You can open a work item for it over in the SHFB project if you like.</p>\r\n<p>Eric</p>\r\n<p>&nbsp;</p>",
    "PostedDate": "2012-06-27T12:28:36.867-07:00",
    "UserRole": null,
    "MarkedAsAnswerDate": null
  },
  {
    "Id": "855134",
    "ThreadId": "359263",
    "Html": "<p>Here it is if someone looks for it:&nbsp;http://shfb.codeplex.com/workitem/32897</p>\r\n<p>&nbsp;</p>\r\n<p>Thanks Eric</p>",
    "PostedDate": "2012-06-28T11:47:40.447-07:00",
    "UserRole": null,
    "MarkedAsAnswerDate": null
  }
]