[
  {
    "Id": "644208",
    "ThreadId": "265696",
    "Html": "\r\n<p><span style=\"font-size:xx-small\"></p>\r\n<p>I add a bigger Project here the Build Output:</p>\r\n<p></p>\r\n<p>Generating shared content files (en-US, English (United States))...</p>\r\n<p>Last step completed in 00:00:00.1406</p>\r\n<p>-------------------------------</p>\r\n<p>Generating API filter for MRefBuilder...</p>\r\n<p>Last step completed in 00:00:00.5156</p>\r\n<p>-------------------------------</p>\r\n<p>Generating reflection information...</p>\r\n<p>[C:\\WINDOWS\\Microsoft.NET\\Framework\\v4.0.30319\\MSBuild.exe]</p>\r\n<p>MrefBuilder (v2.6.10621.1)</p>\r\n<p>Copyright &cedil; Microsoft 2006</p>\r\n<p>Info: Loaded 77 assemblies for reflection and 144 dependency assemblies.</p>\r\n<p>Info: Wrote information on 368 namespaces, 1853 types, and 12372 members</p>\r\n<p>XslTransform (v2.6.10621.1)</p>\r\n<p>Copyright &cedil; Microsoft 2005-2006</p>\r\n<p>Info: Applying XSL transformation 'C:\\Programme\\Sandcastle\\ProductionTransforms\\MergeDuplicates.xsl'.</p>\r\n<p>reflection.all -&gt; reflection.org</p>\r\n<p>Last step completed in 00:09:14.1875</p>\r\n<p>-------------------------------</p>\r\n<p>Generating namespace summary information...</p>\r\n<p>Last step completed in 00:00:06.4531</p>\r\n<p>-------------------------------</p>\r\n<p>Applying visibility properties to reflection information file</p>\r\n<p>1474 attribute nodes removed</p>\r\n<p>82 explicit interface implementations removed</p>\r\n<p>2943 local and base class EII elements removed</p>\r\n<p>Last step completed in 00:00:51.1250</p>\r\n<p>-------------------------------</p>\r\n<p>Transforming reflection output...</p>\r\n<p>[C:\\WINDOWS\\Microsoft.NET\\Framework\\v4.0.30319\\MSBuild.exe]</p>\r\n<p>XslTransform (v2.6.10621.1)</p>\r\n<p>Copyright &cedil; Microsoft 2005-2006</p>\r\n<p>Info: Applying XSL transformation 'C:\\Programme\\Sandcastle\\ProductionTransforms\\ApplyVSDocModel.xsl'.</p>\r\n<p>reflection.org -&gt; c:\\Temp\\tmp1190.tmp</p>\r\n<p>Info: Applying XSL transformation 'C:\\Programme\\Sandcastle\\ProductionTransforms\\AddGuidFilenames.xsl'.</p>\r\n<p>c:\\Temp\\tmp1190.tmp -&gt; reflection.xml</p>\r\n<p>XslTransform (v2.6.10621.1)</p>\r\n<p>Copyright &cedil; Microsoft 2005-2006</p>\r\n<p>Info: Applying XSL transformation 'C:\\Programme\\Sandcastle\\ProductionTransforms\\ReflectionToManifest.xsl'.</p>\r\n<p>reflection.xml -&gt; manifest.xml</p>\r\n<p>Last step completed in 00:07:11.6406</p>\r\n<p>-------------------------------</p>\r\n<p>SHFB: Error BE0065: BUILD FAILED: Exception of type 'System.OutOfMemoryException' was thrown.</p>\r\n<p></p>\r\n</span>\r\n<p></p>\r\n<p>&nbsp;</p>\r\n",
    "PostedDate": "2011-07-19T02:24:14.51-07:00",
    "UserRole": null,
    "MarkedAsAnswerDate": null
  },
  {
    "Id": "644595",
    "ThreadId": "265696",
    "Html": "<p>&gt; Info: Loaded 77 assemblies for reflection and 144 dependency assemblies.<br />&gt; Info: Wrote information on 368 namespaces, 1853 types, and 12372 members</p>\r\n<p>Your project probably generates more reflection information than the XSL transformation tool can handle on the PC on which the build is occurring.&nbsp; You'll need to create a separate project and move some of the assemblies to it for documenting.</p>\r\n<p>Eric</p>\r\n<p>&nbsp;</p>",
    "PostedDate": "2011-07-19T13:04:26.353-07:00",
    "UserRole": null,
    "MarkedAsAnswerDate": null
  }
]