[
  {
    "Id": "77993",
    "ThreadId": "23306",
    "Html": "\r\nThe beta is available at <a href=\"https://www.codeplex.com/Release/ProjectReleases.aspx?ProjectName=SHFB&amp;ReleaseId=10445\" class=\"externalLink\">SHFB 1.6.0.5 Beta<span class=\"externalLinkIcon\" style=\"font-family:Consolas, Courier New, Courier, Monospace;\"></span></a>.  This release contains various new features and some fixes.  See the <b>Version History</b> in the help file for details.<br /><br />This release is primarily intended to obtain feedback about the new <span class=\"codeInline\" style=\"font-family:Consolas, Courier New, Courier, Monospace;\">&lt;inheritdoc /&gt;</span> tag support. See the <b>Using the <span class=\"codeInline\" style=\"font-family:Consolas, Courier New, Courier, Monospace;\">&lt;inheritdoc /&gt;</span> Tag</b> topic in the <b>Getting Started</b> section of the help file for details on how to use it.<br /><br />Users of third-party build tools and custom scripts can download the <b>Standalone Build Components</b> which contains the tool used to produce the merged documentation file. See the <b>ReadMe.txt</b> file in the .\\Doc folder for details on its use.<br /><br />Eric<br />",
    "PostedDate": "2008-03-03T23:48:24.25-08:00",
    "UserRole": null,
    "MarkedAsAnswerDate": null
  }
]