[
  {
    "Id": "137815",
    "ThreadId": "41532",
    "Html": "hi,<br>\r\n<br>\r\nI want to know whether there is any tag or feature available to show whether a field/property is required or optional. We are exposing web services to our clients and want to let them know which fields they should be populating for a given service using the sandcastle help file.<br>\r\n<br>\r\nAny help will be greatly appreciated.<br>\r\n<br>\r\nSuresh\r\n",
    "PostedDate": "2008-12-04T13:54:07.78-08:00",
    "UserRole": null,
    "MarkedAsAnswerDate": null
  },
  {
    "Id": "137825",
    "ThreadId": "41532",
    "Html": "Hi Suresh, <br>\r\n<br>\r\nI don't believe so, but you can add your own support for a custom tag.  You could also just use the summary or add a note in the remarks, as in the following example.<br>\r\n<br>\r\n&lt;summary&gt;<br>\r\nGets or sets a name.  This property is required.<br>\r\n&lt;/summary&gt;<br>\r\n&lt;remarks&gt;<br>\r\n&lt;note type=&quot;important&quot;&gt;<br>\r\nThis is a required property.  An exception may be thrown during web service calls if this property is &lt;see langword=&quot;null&quot;/&gt; or empty.<br>\r\n&lt;/note&gt;<br>\r\n&lt;/remarks&gt;<br>\r\npublic string Name { get; set; }<br>\r\n<br>\r\n- Dave\r\n",
    "PostedDate": "2008-12-04T14:18:16.577-08:00",
    "UserRole": null,
    "MarkedAsAnswerDate": null
  }
]