[
  {
    "Id": "95813",
    "ThreadId": "28727",
    "Html": "I was just following the steps in the tutorial and noticed that a dll file (like test.dll in the example) is needed to build a help file. How can I create this help file for a web service project which neither a dll file nor xml file can not be created?<br>\r\n<br>\r\nSecondly, on  Windows PowerShell, I tried to run this comment and get the following error. How can I overcome this?<br>\r\n<br>\r\n&nbsp;&nbsp;&nbsp; &quot;scbuild -buildchm -buildhxs -framework 2.0 -sources test.dll,comments.xml&quot;<br>\r\n&nbsp;&nbsp;&nbsp; ERROR: Unknown presentation style: vs2005<br>\r\n<br>\r\n",
    "PostedDate": "2008-05-30T08:38:11.987-07:00",
    "UserRole": null,
    "MarkedAsAnswerDate": null
  },
  {
    "Id": "95821",
    "ThreadId": "28727",
    "Html": "Hi, <br>\r\n<br>\r\nSee the following article for some background information: <br>\r\n<br>\r\nHow To Build Help For a Web Site Project<br>\r\n<a href=\"http://www.codeplex.com/DocProject/Wiki/View.aspx?title=How To Build Help For a Web Site Project\">http://www.codeplex.com/DocProject/Wiki/View.aspx?title=How%20To%20Build%20Help%20For%20a%20Web%20Site%20Project</a><br>\r\n<br>\r\nNote that Eric Woodruff has created a custom code provider that can help out so that you don't have to create a separate class library for your App_Code folder.  It will most likely be available within the next couple of weeks on the Sandcastle Styles project (which is not live yet, by the way):<br>\r\n<br>\r\nSandcastle Styles<br>\r\n<a href=\"https://www.codeplex.com/Release/ProjectReleases.aspx?ProjectName=SandcastleStyles\">https://www.codeplex.com/Release/ProjectReleases.aspx?ProjectName=SandcastleStyles</a><br>\r\n<br>\r\nFor more information about Sandcastle see the following article: <br>\r\n<br>\r\nSandcastle Help<br>\r\n<a href=\"http://www.codeplex.com/DocProject/Wiki/View.aspx?title=Sandcastle Help\">http://www.codeplex.com/DocProject/Wiki/View.aspx?title=Sandcastle%20Help</a> <br>\r\n<br>\r\nI can't help with the PowerShell stuff though - sorry.<br>\r\n<br>\r\n- Dave\r\n",
    "PostedDate": "2008-05-30T09:21:40.167-07:00",
    "UserRole": null,
    "MarkedAsAnswerDate": null
  }
]