[
  {
    "Id": "272746",
    "ThreadId": "79649",
    "Html": "<p>The release is available from <a href=\"http://shfb.codeplex.com/Release/ProjectReleases.aspx\">http://shfb.codeplex.com/Release/ProjectReleases.aspx</a>.</p>\r\n<p>This release supports the Sandcastle May 2008 Release (v2.4.10520). The main goal of this release was to rework the help file builder project file format and build engine to ready them for use in a Visual Studio package that will provide full Visual Studio integration in a future release. This resulted in a number of major changes.<br><br>Be sure to read the <a href=\"http://www.ewoodruff.us/shfbdocs/Index.aspx?topic=html/078cc1c7-7995-431e-bf9c-8813becbe8df.htm\">Version History</a> notes for version 1.8.0.0, 1.8.0.1, 1.8.0.2, and 1.8.0.3. Projects created with version 1.7.0.0 and earlier will require conversion to the new MSBuild project format and the standalone GUI has undergone a major revision as well. See the topics in the <a href=\"http://www.ewoodruff.us/shfbdocs/Index.aspx?topic=html/b772e00e-1705-4062-adb6-774826ce6700.htm\">Getting Started</a> section for more information.<br><br>The standalone build components download for this release also includes a copy of the F# syntax declaration generator that will work with the May 2008 Sandcastle release.&nbsp; It can be used in conjunction with the <a title=\"Sandcastle Styles\" href=\"http://SandcastleStyles.CodePlex.com\">Sandcastle Styles Rev 3</a> patch.</p>\r\n<p>Eric</p>\r\n<p>&nbsp;</p>",
    "PostedDate": "2010-01-03T23:23:53.237-08:00",
    "UserRole": null,
    "MarkedAsAnswerDate": null
  }
]