[
  {
    "Id": "263615",
    "ThreadId": "77108",
    "Html": "<p>Hello,<br>I am curious about if we can use sandcastle for documentation of web site projects, if we can use it for this purpose, how can we achieve this goal?<br>Thanks.</p>",
    "PostedDate": "2009-12-04T05:44:26.313-08:00",
    "UserRole": null,
    "MarkedAsAnswerDate": null
  },
  {
    "Id": "263710",
    "ThreadId": "77108",
    "Html": "<p>Hi,</p>\r\n<p>Yes, see <strong>Documenting Web Projects 1.1.0.0</strong> over at the <a title=\"Sandcastle Styles\" href=\"http://sandcastlestyles.codeplex.com/\">Sandcastle Styles</a> project.</p>\r\n<p>- Dave</p>",
    "PostedDate": "2009-12-04T09:38:54.143-08:00",
    "UserRole": null,
    "MarkedAsAnswerDate": null
  }
]