[
  {
    "Id": "128615",
    "ThreadId": "38768",
    "Html": "Sandcastle is spitting a lot of useless (to me) information into my build logs.  How do I scale back the verbosity?  I'd like to not see all the BuildAssembler info messages, for example.\r\n",
    "PostedDate": "2008-10-29T07:48:31.743-07:00",
    "UserRole": null,
    "MarkedAsAnswerDate": null
  },
  {
    "Id": "128627",
    "ThreadId": "38768",
    "Html": "Hi, <br>\r\n<br>\r\nIt depends upon your build environment.<br>\r\n<br>\r\nIf you're using a tool such as <a href=\"http://www.codeplex.com/DocProject\">DocProject</a> or <a href=\"http://www.codeplex.com/SHFB\">Sandcastle Help File Builder</a> then you have options that control verbosity.<br>\r\n<br>\r\nOtherwise, <strong>BuildAssembler.exe</strong> doesn't provide a switch to control its message output so you must wrap it in a custom <em>task</em> that can filter messages.  You have the option of doing this programmatically by either referencing the BuildAssemblerLibrary.dll APIs or you can redirect the console output and filter the messages by searching for patterns in each line, such as a particular prefix.<br>\r\n<br>\r\n- Dave\r\n",
    "PostedDate": "2008-10-29T08:11:39.197-07:00",
    "UserRole": null,
    "MarkedAsAnswerDate": null
  }
]