[
  {
    "Id": "1044617",
    "ThreadId": "443935",
    "Html": "I am running the 1.9.7.0 help file builder on Windows 8 x64 and am seeing the following warning:\r<br />\n<br />\nWarn: SharedContentComponent: [Overload:NetworkEngineer.Sdk.Inventory.NEPortClass.Search] Missing shared content item. Tag: 'includeAttribute'; Id:'altText_pub'.\r<br />\n<br />\nI have not installed any SandCastle related bits other than those installed by the the guided installer.  I am building a chm file using the help file builder with a VS2010 presentation style.  I have also tried VS2005 but that did not seem to help.\r<br />\n<br />\nI am guessing that there is something about the overloaded method which is causing the problem.  The particular assembly uses the 4.0 .NET framework.<br />\n",
    "PostedDate": "2013-05-16T09:32:18.177-07:00",
    "UserRole": null,
    "MarkedAsAnswerDate": null
  },
  {
    "Id": "1047791",
    "ThreadId": "443935",
    "Html": "I'm not able to duplicate that warning with the VS2010 or VS2005 presentation style.  If you can send me a small example that demonstrates the problem, I'll look into it.  My e-mail address is in the About box in the standalone GUI and in the footer of the pages of the SHFB help file.\r<br />\n<br />\nAlso, please note that this project has been discontinued and may not be monitored as frequently. For future questions or issues concerning Sandcastle or SHFB, post them over on the <a href=\"http://shfb.codeplex.com\" rel=\"nofollow\">Sandcastle Help File Builder</a> project's discussion page.  Thanks.\r<br />\n<br />\nEric<br />\n",
    "PostedDate": "2013-05-23T08:34:28.887-07:00",
    "UserRole": null,
    "MarkedAsAnswerDate": null
  }
]