[
  {
    "Id": "235768",
    "ThreadId": "69302",
    "Html": "<p>Once sandcastle is installed, how do I use it?</p>\r\n<p>&nbsp;</p>\r\n<p>-rwg</p>",
    "PostedDate": "2009-09-17T14:09:37.56-07:00",
    "UserRole": null,
    "MarkedAsAnswerDate": null
  },
  {
    "Id": "235783",
    "ThreadId": "69302",
    "Html": "<p>&gt;&gt;<strong>rwg</strong>: <em>Once sandcastle is installed, how do I use it</em>?<br>Welcome to Sandcastle. Start by using some of the available GUI tool to access the Sandcastle, which<br>is a command-line only set of help&nbsp;compilers.<br>There are two available currently, and I am working on another one, which is not ready:</p>\r\n<p>SHFB: If you have used the&nbsp;NDoc tool&nbsp;before, then this is similar&nbsp;<a href=\"http://shfb.codeplex.com/\">http://shfb.codeplex.com/</a><br>DocProject: If you need VS.NET addin. <a href=\"http://docproject.codeplex.com/\">http://docproject.codeplex.com/</a></p>\r\n<p>You&nbsp;will also find fixes/extensions, etc.,&nbsp;in this project: <a href=\"http://sandcastlestyles.codeplex.com/\">http://sandcastlestyles.codeplex.com/</a></p>\r\n<p>Best regards,<br>Paul.</p>",
    "PostedDate": "2009-09-17T14:49:24.523-07:00",
    "UserRole": null,
    "MarkedAsAnswerDate": null
  }
]