[
  {
    "Id": "549807",
    "ThreadId": "241899",
    "Html": "\r\n<p>&nbsp;I want to ask, it is possible to create custom page that will be included into generated file also and in table of content. My idea is to create\r\n<span id=\"x_result_box\" lang=\"en\"><span title=\"Кликнете за алтернативни преводи\">something similar to the</span>\r\n<span title=\"Кликнете за алтернативни преводи\">Welcome</span> <span title=\"Кликнете за алтернативни преводи\">\r\npage</span><span title=\"Кликнете за алтернативни преводи\">.<br>\r\n</span></span></p>\r\n<p>I use Sandcastle and Help File Builder to build documentation for Silverlight Business Application.</p>\r\n<p>Settings that I use are:</p>\r\n<ul>\r\n<li>HelpFileFormat - HtmlHelp1 </li><li>PresentationStyle - vs200 </li></ul>\r\n",
    "PostedDate": "2011-01-15T03:12:52.287-08:00",
    "UserRole": null,
    "MarkedAsAnswerDate": null
  },
  {
    "Id": "549810",
    "ThreadId": "241899",
    "Html": "\r\n<p>Use the conceptual documentation to create all your non-reference topics. You should be able to combine<br>\r\nthe conceptual topics (like the Welcome Page) and the reference topics using the SHFB.</p>\r\n<p>Best regards,<br>\r\nPaul.&nbsp;</p>\r\n",
    "PostedDate": "2011-01-15T03:31:43.967-08:00",
    "UserRole": null,
    "MarkedAsAnswerDate": null
  },
  {
    "Id": "549923",
    "ThreadId": "241899",
    "Html": "\r\n<p>See the <a title=\"Conceptual Content\" href=\"http://www.ewoodruff.us/shfbdocs/Index.aspx?topic=html/3d4edd2d-7883-4508-b9d2-bd7b4d848b0d.htm\" target=\"_blank\">\r\nConceptual Content</a> topic and its sub-topics in the SHFB help file.&nbsp; It will get you started in adding a content layout file and topics to your SHFB project.</p>\r\n<p>Eric</p>\r\n<p>&nbsp;</p>\r\n",
    "PostedDate": "2011-01-15T12:43:27.44-08:00",
    "UserRole": null,
    "MarkedAsAnswerDate": null
  },
  {
    "Id": "550028",
    "ThreadId": "241899",
    "Html": "\r\n<p>Thanks for the answers, t<span id=\"x_result_box\" lang=\"en\"><span title=\"Кликнете за алтернативни преводи\">hey were</span>\r\n<span title=\"Кликнете за алтернативни преводи\">very</span> <span title=\"Кликнете за алтернативни преводи\">\r\nhelpful</span></span>. <span id=\"x_result_box\" lang=\"en\"><span title=\"Кликнете за алтернативни преводи\">It took</span>\r\n<span title=\"Кликнете за алтернативни преводи\">me</span> <span title=\"Кликнете за алтернативни преводи\">\r\na few</span> <span title=\"Кликнете за алтернативни преводи\">samples</span><span title=\"Кликнете за алтернативни преводи\">,</span>\r\n<span title=\"Кликнете за алтернативни преводи\">but</span> <span title=\"Кликнете за алтернативни преводи\">\r\nI managed</span> <span title=\"Кликнете за алтернативни преводи\">to</span> <span title=\"Кликнете за алтернативни преводи\">\r\nget</span> <span title=\"Кликнете за алтернативни преводи\">the desired result.</span>\r\n<span title=\"Кликнете за алтернативни преводи\">Sandcastle</span> <span title=\"Кликнете за алтернативни преводи\">\r\nis a</span> <span title=\"Кликнете за алтернативни преводи\">great</span> <span title=\"Кликнете за алтернативни преводи\">\r\nprogram.</span></span></p>\r\n",
    "PostedDate": "2011-01-15T23:11:22.66-08:00",
    "UserRole": null,
    "MarkedAsAnswerDate": null
  }
]