[
  {
    "Id": "93247",
    "ThreadId": "27943",
    "Html": "Sandcastle's MSI doesn't come with so much as a readme file. Where can I find instructions for use?<br>\r\n",
    "PostedDate": "2008-05-18T10:28:59.83-07:00",
    "UserRole": null,
    "MarkedAsAnswerDate": null
  },
  {
    "Id": "93248",
    "ThreadId": "27943",
    "Html": "In particular I would like to set up a project inside Visual Studio that builds the help file, is this possible?<br>\r\n",
    "PostedDate": "2008-05-18T10:36:03.377-07:00",
    "UserRole": null,
    "MarkedAsAnswerDate": null
  },
  {
    "Id": "93271",
    "ThreadId": "27943",
    "Html": "Hi, <br>\r\n<br>\r\nCheck out this article for an overview and links to resources: <br>\r\n<br>\r\nSandcastle Help<br>\r\n<a href=\"http://www.codeplex.com/DocProject/Wiki/View.aspx?title=Sandcastle Help\">http://www.codeplex.com/DocProject/Wiki/View.aspx?title=Sandcastle%20Help</a><br>\r\n<br>\r\nSee <a href=\"http://www.codeplex.com/DocProject\">DocProject</a> if you want to use Sandcastle in Visual Studio.<br>\r\n<br>\r\n- Dave \r\n",
    "PostedDate": "2008-05-18T14:01:52.153-07:00",
    "UserRole": null,
    "MarkedAsAnswerDate": null
  }
]