[
  {
    "Id": "239702",
    "ThreadId": "70373",
    "Html": "<p>In case anyone needs to use MRefBuilder to parse .NET 4.0 assemblies, you need to create a config file for it that tells it to use the .NET 4.0 runtime (C:\\Program Files\\Sandcastle\\ProductionTools\\MRefBuilder.exe.config):<br><br>&lt;?xml version=&quot;1.0&quot;?&gt;<br>&lt;configuration&gt;<br>&nbsp; &lt;startup&gt;<br>&nbsp;&nbsp;&nbsp; &lt;supportedRuntime version=&quot;v4.0.30128&quot;/&gt; &lt;!-- 4.0 RC installed by VS2010 RC --&gt;<br>&nbsp;&nbsp;&nbsp; &lt;supportedRuntime version=&quot;v4.0.21006&quot;/&gt; &lt;!-- 4.0 Beta 2 installed by VS2010 Beta 2 --&gt;<br>&nbsp;&nbsp;&nbsp; &lt;supportedRuntime version=&quot;v4.0.20506&quot;/&gt; &lt;!-- 4.0 Beta 1 installed by VS2010 Beta 1 --&gt;<br>&nbsp;&nbsp;&nbsp; &lt;supportedRuntime version=&quot;v2.0.50727&quot;/&gt; &lt;!-- 2.0 RTM --&gt;<br>&nbsp; &lt;/startup&gt;<br>&lt;/configuration&gt;</p>\r\n<p>Update the 4.0 version number as new releases are made.&nbsp; Once created, MRefBuilder will parse assemblies built against any .NET version.&nbsp; Thanks to Mike Tumy who originally passed this info on to me via e-mail.</p>\r\n<p>Eric</p>\r\n<p>&nbsp;</p>",
    "PostedDate": "2009-09-28T13:51:23.417-07:00",
    "UserRole": null,
    "MarkedAsAnswerDate": null
  },
  {
    "Id": "241653",
    "ThreadId": "70373",
    "Html": "<p>This does not really work for me. I still get the same error message:</p>\r\n<p><span style=\"font-size:xx-small\">\r\n<p>-------------------------------</p>\r\n<p>Generating reflection information...</p>\r\n<p>[C:\\Windows\\Microsoft.NET\\Framework\\v3.5\\MSBuild.exe]</p>\r\n<p>GenerateRefInfo:</p>\r\n<p>MrefBuilder (v2.4.10520.1)</p>\r\n<p>Copyright c Microsoft 2006</p>\r\n<p>Unknown target platform version '4.0'.</p>\r\n<p>C:\\Users\\Laci\\egyetem\\lego\\Help\\Working\\GenerateRefInfo.proj(35,5): error MSB6006: &quot;MRefBuilder.exe&quot; exited with code 1.</p>\r\n<p>Last step completed in 00:00:00.4040</p>\r\n<p>-------------------------------</p>\r\n</span></p>",
    "PostedDate": "2009-10-03T07:54:06.747-07:00",
    "UserRole": null,
    "MarkedAsAnswerDate": null
  },
  {
    "Id": "241721",
    "ThreadId": "70373",
    "Html": "<p>That is a separate issue.&nbsp; The current release of SHFB doesn't correctly handle .NET 4.0 when creating the configuration file used for the build which is different from the exe.config file.&nbsp; You can work around it temporarily be selecting &quot;3.5&quot; for the framework version project property.&nbsp; All it controls is the framework version that it tells MRefBuilder to use (1.0 or 2.0).&nbsp; The 2.0 value works for 2.0 and up.</p>\r\n<p>Eric</p>\r\n<p>&nbsp;</p>",
    "PostedDate": "2009-10-03T13:37:21.843-07:00",
    "UserRole": null,
    "MarkedAsAnswerDate": null
  },
  {
    "Id": "241743",
    "ThreadId": "70373",
    "Html": "<p>If I build my VS project for .net3.5 it works well if I select &quot;3.5&quot; in SHFB.</p>\r\n<p>But when I build my VS project for .net4.0, either I choose &quot;3.5&quot; or &quot;4.0.20506&quot; in SHFB I get the same message: Unknown target platform version '4.0'</p>",
    "PostedDate": "2009-10-03T16:04:45.2-07:00",
    "UserRole": null,
    "MarkedAsAnswerDate": null
  },
  {
    "Id": "241765",
    "ThreadId": "70373",
    "Html": "<p>If you're using the solution or project as a documentation source, it's finding the framework version in there and overriding the one from the SHFB project.&nbsp; The workaround for that is to add the assembly and the XML comments file as documentation sources for the time being.&nbsp; I'll probably release a new version of SHFB in a few weeks that fixes these issues.</p>\r\n<p>Eric</p>\r\n<p>&nbsp;</p>",
    "PostedDate": "2009-10-03T18:04:59.297-07:00",
    "UserRole": null,
    "MarkedAsAnswerDate": null
  },
  {
    "Id": "241838",
    "ThreadId": "70373",
    "Html": "<p>So another workaround is to build the VS project as .net4.0 then change the VS project framework property to .net3.5 save it, but do not rebuild, and&nbsp;finally add this VS project to Sandcastle GUI.</p>\r\n<p>but this does not work always</p>",
    "PostedDate": "2009-10-04T02:12:14.673-07:00",
    "UserRole": null,
    "MarkedAsAnswerDate": null
  },
  {
    "Id": "260663",
    "ThreadId": "70373",
    "Html": "<p>Thank you for the tip about creating MRefBuilder.exe.config - I was able to create one for VS2010 Beta using the example given and Sandcastle was able to run.</p>",
    "PostedDate": "2009-11-25T09:07:01.073-08:00",
    "UserRole": null,
    "MarkedAsAnswerDate": null
  },
  {
    "Id": "446546",
    "ThreadId": "70373",
    "Html": "With the release of VS2010 you need to add a line similar to this as well:\r\n\r\n    &lt;supportedRuntime version=&quot;v4.0.30319&quot;/&gt; &lt;!-- 4.0 final installed by VS2010 final --&gt;\r\n",
    "PostedDate": "2010-05-24T01:41:58.8-07:00",
    "UserRole": null,
    "MarkedAsAnswerDate": null
  }
]