[
  {
    "Id": "77664",
    "ThreadId": "23202",
    "Html": "\r\nWhile generating the help file for my assembly I keep getting errors on referencing the Microsoft.SharePoint.dll and other SharePoint assemblies. In the log file I see the following warning multiple times:<br />ResolveReferenceLinksComponent2: Unknown reference link target 'T:Microsoft.SharePoint.SPWeb'.<br />There are multiple types that cannot be resolved. I have figured out that it's not being caused by the MsdnResolved which gets the proper MSDN URL when passed T:Microsoft.SharePoint.SPWeb type as parameter of the GetMsdnUrl method.<br /><br />To solve this I have created a reflection file using MRefBuilder and put it next to the standard reflection files shipped with Sandcastle. The error I'm getting now is that the created Microsoft.SharePoint.xml file is not correct: (Error: ResolveReferenceLinksComponent2: The reference targets file 'C:\\Program Files\\Sandcastle\\Data\\Reflection\\Microsoft.SharePoint.xml' is not valid. The error message is: The target file 'file:///C:/Program Files/Sandcastle/Data/Reflection/Microsoft.SharePoint.xml' is not valid.)<br /><br />Any help on which settings I need in order to create the proper MSDN url's to SharePoint (or any other assemblies documented @ MSDN) would be appreciated.<br /><br />Thank you in advance<br /><br />Waldek Mastykarz<br />",
    "PostedDate": "2008-03-02T08:28:32.947-08:00",
    "UserRole": null,
    "MarkedAsAnswerDate": null
  },
  {
    "Id": "77675",
    "ThreadId": "23202",
    "Html": "\r\nHi Waldek, <br /><br />Did you run the appropriate doc model XSL transformation on the reflection file that you generated?<br /><br />A reflection file created by MRefBuilder should be valid though, so if it's not then you have probably identified a bug.  You may want to open an issue in the Issue Tracker and attach the reflection file so that others may try to help.<br /><br />- Dave<br />",
    "PostedDate": "2008-03-02T10:17:46.82-08:00",
    "UserRole": null,
    "MarkedAsAnswerDate": null
  },
  {
    "Id": "77691",
    "ThreadId": "23202",
    "Html": "\r\nMRefBuilder reflection files cannot by themselves be used with the ResolveReferenceLinks2 component.  You do need to run them through the add filename and doc model transforms first.<br /><br />Eric<br />",
    "PostedDate": "2008-03-02T13:12:56.683-08:00",
    "UserRole": null,
    "MarkedAsAnswerDate": null
  },
  {
    "Id": "77753",
    "ThreadId": "23202",
    "Html": "\r\nDave, Eric,<br /><br />Thank you both for your quick responses. Could you please specify which transforms I need to run exactly? Because I have chosen for the VS layout, I assume that I must do a transform using the ApplyVSDocModel.xsl, right?<br />As for the filename: I see two xsl files in the ProductionTransforms directory: AddFriendlyFilenames.xsl and AddGuidFilenames.xsl. Do I need to run transforms using both of them or only one (which one)? Does the order in which I run the transforms matter?<br /><br />Thank you in advance for your help. I really appreciate it,<br /><br />Waldek<br />",
    "PostedDate": "2008-03-02T22:42:13.04-08:00",
    "UserRole": null,
    "MarkedAsAnswerDate": null
  },
  {
    "Id": "77761",
    "ThreadId": "23202",
    "Html": "\r\nHi Waldek, <br /><br /><div class=\"quote\" style=\"border: dotted .1em #aaa; border-left: none; border-right: none; font-style: italic; margin: 1em 0em 2.5em 3em;padding: .2em;\"><br />I assume that I must do a transform using the ApplyVSDocModel.xsl<br /><br /></div>Yes, if you're using VS 2005 or Hana.<br /><br /><div class=\"quote\" style=\"border: dotted .1em #aaa; border-left: none; border-right: none; font-style: italic; margin: 1em 0em 2.5em 3em;padding: .2em;\"><br />I see two xsl files in the ProductionTransforms directory: AddFriendlyFilenames.xsl and AddGuidFilenames.xsl. Do I need to run transforms using both of them or only one (which one)?<br /><br /></div>I don't think that you need to use either of these transforms, but if in fact it is necessary then you only need to use one of them.  Since it shouldn't matter, just use <span class=\"codeInline\" style=\"font-family:Consolas, Courier New, Courier, Monospace;\">AddGuidFilenames.xsl</span>.<br /><br /><div class=\"quote\" style=\"border: dotted .1em #aaa; border-left: none; border-right: none; font-style: italic; margin: 1em 0em 2.5em 3em;padding: .2em;\"><br />Does the order in which I run the transforms matter?<br /><br /></div>The command that is executed typically looks like this for VS 2005 (check the various Sandcastle examples): <br /><br /><pre style=\"background-color:#ECECEC; border:dashed .1em #3E62A6; font-family:Consolas, Courier New, Courier, Monospace; font-size:1em; margin-top:0; padding:.5em; height:auto; overflow:auto; overflow-x:auto; overflow-y:auto;\">\r\nXslTransform.exe /xsl:\"%DXROOT%\\ProductionTransforms\\ApplyVSDocModel.xsl\" /xsl:\"%DXROOT%\\ProductionTransforms\\AddGuidFilenames.xsl\"\r\n\"reflection.org\" /out:\"reflection.xml\" /arg:IncludeAllMembersTopic=true /arg:IncludeInheritedOverloadTopics=true\r\n</pre>(Watch for wrapping)<br /><br />- Dave<br /><br />(EDIT: fixed a typo)<br />",
    "PostedDate": "2008-03-02T23:49:58.843-08:00",
    "UserRole": null,
    "MarkedAsAnswerDate": null
  },
  {
    "Id": "77836",
    "ThreadId": "23202",
    "Html": "\r\nGreat! It works! Transforming the Microsoft.SharePoint.xml (reflection xml) as well as the first run took a while (including eating all the resources of my machine) but the second run was done really quickly.<br />Thank you both guys for help, clear comments and really quick reactions. Once again, I really appreciate it! Keep up great job.<br /><br />Waldek<br />",
    "PostedDate": "2008-03-03T08:24:19.31-08:00",
    "UserRole": null,
    "MarkedAsAnswerDate": null
  }
]