[
  {
    "Id": "985560",
    "ThreadId": "429318",
    "Html": "\r\n<p>Hello</p>\r\n<p>Is it a way to avoid this sort of message &nbsp;</p>\r\n<p>&quot; Warn: ResolveReferenceLinksComponent2: [M:XXX.Base.Oracle.OracleClient.SaveTransaction(Oracle.DataAccess.Client.OracleTransaction,System.String)] Unknown reference link target 'T:Oracle.DataAccess.Client.OracleTransaction'.&quot;</p>\r\n<p>&nbsp;</p>\r\n<p>I add Oracle DLL on Sandcastle reference</p>\r\n<p>&nbsp;</p>\r\n<p>thks DT</p>\r\n",
    "PostedDate": "2013-01-11T09:54:20.6-08:00",
    "UserRole": null,
    "MarkedAsAnswerDate": null
  },
  {
    "Id": "985778",
    "ThreadId": "429318",
    "Html": "\r\n<p>Hello,</p>\r\n<p>The&nbsp;<span>ResolveReferenceLinksComponent2 cannot resolve links to third party sites, since these<br>\r\ndo not provide API to their documentations sites.</span></p>\r\n<p><span><span>ResolveReferenceLinksComponent2 requires the existence of links. For the tools I am working<br>\r\n</span></span><span style=\"font-size:10pt\">on, the Sandcastle Assist, there is support for embedded links, which you can use to resolve third<br>\r\nparty links. What it does it to include the documentation of the third party libraries, but will not<br>\r\ndisplay them in the table of contents.</span></p>\r\n<p><span style=\"font-size:10pt\">If you are using some tools to build your documents, you might need to find out if there is any similar<br>\r\nsupport for third party libraries.&nbsp;</span></p>\r\n<p><span style=\"font-size:10pt\">Best regards,<br>\r\nPaul.&nbsp;</span></p>\r\n",
    "PostedDate": "2013-01-11T19:22:33.043-08:00",
    "UserRole": null,
    "MarkedAsAnswerDate": null
  },
  {
    "Id": "985964",
    "ThreadId": "429318",
    "Html": "\r\n<p>If you are using the Sandcastle Help File Builder, you can use the <a title=\"Additional Reference Links\" href=\"http://www.ewoodruff.us/shfbdocs/?topic=html/15b6b7be-3778-4487-b524-d558d02e6460.htm\" target=\"_blank\">\r\nAdditional Reference Links plug-in</a> to supress those messages.&nbsp; In short, you would create a project for the Oracle assemblies, add the Additional Reference Links plug-in to your main project's Plug-In Conifgurations, and configure it by specifying the project\r\n you created and the link type to use (i.e. None).</p>\r\n<p>Also, please note that this project has been discontinued and may not be monitored as frequently. For future questions concerning Sandcastle or SHFB, post them over on the\r\n<a title=\"SHFB\" href=\"http://shfb.codeplex.com/\" target=\"_blank\">Sandcastle Help File Builder</a> project's discussion page. Thanks.</p>\r\n<p>Eric</p>\r\n<p>&nbsp;</p>\r\n",
    "PostedDate": "2013-01-12T12:42:40.083-08:00",
    "UserRole": null,
    "MarkedAsAnswerDate": null
  }
]