[
  {
    "Id": "177111",
    "ThreadId": "52675",
    "Html": "Hi all,<br>\r\n<br>\r\nwe are using extension methods heavily in our product. The .NET framework documentation includes these in the documentation for the interface/class members for the type of the <em>this </em>parameter in a separate section (see IEnumerable&lt;T&gt; for an example). However, this section is missing for our documentation (generated with current sandcastle and SHFB 1.7) - is there any way to make them appear for the extended types?<br>\r\n<br>\r\nRegards<br>\r\nJM<br>\r\n",
    "PostedDate": "2009-04-08T05:15:28.813-07:00",
    "UserRole": null,
    "MarkedAsAnswerDate": null
  },
  {
    "Id": "177197",
    "ThreadId": "52675",
    "Html": "SHFB 1.8.0.1 contains the fix that documents the extension methods correctly.  You should also apply the latest Sandcastle Styles patch so that the Sandcastle transformations include the extension method language in the topics too.<br>\r\n<br>\r\nEric<br>\r\n",
    "PostedDate": "2009-04-08T07:59:04.87-07:00",
    "UserRole": null,
    "MarkedAsAnswerDate": null
  },
  {
    "Id": "177641",
    "ThreadId": "52675",
    "Html": "Well, it's still working only partially for some reason. I have applied the current sandcastle style patches as well as the fix in this work item: <a href=\"http://shfb.codeplex.com/WorkItem/View.aspx?WorkItemId=20291\">http://shfb.codeplex.com/WorkItem/View.aspx?WorkItemId=20291</a> (which doesn't seem to be a part of the styles patchset yet?). Also, I've switched to SHFB 1.8.0.1, which seems to contain the necessary mrefbuilder.config update. DocumentAttributes is also set to true. I'm using the most recent Sandcastle version. Now I<strong> </strong>actually get the &quot;extension usage&quot; for the actual method documentation, but the &quot;Extension Methods&quot; section is still missing.<br>\r\n<br>\r\nI can't find any usages of the <em>extensionMethodTable</em> item defined in reference_content.xml anywhere either in Sandcastle or SHFB, which strikes me as odd - it looks like this part is missing completely?<br>\r\n<br>\r\nIf necessary, I can provide a small sample project - I guess I have to open an issue to do that?<br>\r\n<br>\r\nForgot to mention: I'm using the VS2005 style...<br>\r\n",
    "PostedDate": "2009-04-09T08:27:08.79-07:00",
    "UserRole": null,
    "MarkedAsAnswerDate": null
  },
  {
    "Id": "177649",
    "ThreadId": "52675",
    "Html": "The Sandcastle transformations don't currently generate a separate &quot;Extension Methods&quot; section and they'd need to be modified to produce it.  I hadn't noticed it before so didn't realize it was missing.  Regarding DocumentAttributes in SHFB, in can be left set to False in 1.8.0.1.  The extension method attribute is excluded from the attribute removal process.<br>\r\n<br>\r\nEric<br>\r\n",
    "PostedDate": "2009-04-09T08:35:28.02-07:00",
    "UserRole": null,
    "MarkedAsAnswerDate": null
  },
  {
    "Id": "178895",
    "ThreadId": "52675",
    "Html": "Thank you for your help,<br>\r\n<br>\r\nI already suspected so :-/ Is this doable for someone with moderate XSLT but rather minimal Sandcastle knowledge? Which parts would I have to modify (so far, I've only added support for some custom tags, which could be done completely in the main_sandcastle stylesheet)? Or should I just wait for a fix - we require this functionality soon, but not immediately.<br>\r\n<br>\r\nRegards<br>\r\nJM<br>\r\n",
    "PostedDate": "2009-04-14T02:05:29.75-07:00",
    "UserRole": null,
    "MarkedAsAnswerDate": null
  },
  {
    "Id": "179179",
    "ThreadId": "52675",
    "Html": "If you know XSL fairly well and can figure out which parts of the reflection file it needs to use, it should be possible.  You'd have to figure out which templates were responsible for generating the Methods and Members pages and modify the Method section in each so that it only lists non-extension methods and add a new section for extension methods if there are any.  You'd probably have to filter them based on the presence or lack of the ExtensionMethod attribute.<br>\r\n<br>\r\nYou can open a work item here to request that it be added.  You might also add a work item to the Sandcastle Styles project.  I don't have the time to implement it right now but might be able to later if someone else doesn't get to it first.<br>\r\n<br>\r\nEric<br>\r\n",
    "PostedDate": "2009-04-14T12:28:32.727-07:00",
    "UserRole": null,
    "MarkedAsAnswerDate": null
  },
  {
    "Id": "188960",
    "ThreadId": "52675",
    "Html": "<p>Oh well... After a closer look at the MrefBuilder source code I noticed that there is already an ExtensionMethodAddIn available - just had to add</p>\r\n<p>&lt;addin type=&quot;Microsoft.Ddue.Tools.ExtensionMethodAddIn&quot; assembly=&quot;Sandcastle\\ProductionTools\\MRefBuilder.exe&quot; use-gac=&quot;false&quot; /&gt;</p>\r\n<p>to MrefBuilder.config et voil&agrave;...</p>\r\n<p>&nbsp;</p>\r\n<p>Regards</p>\r\n<p>JM</p>",
    "PostedDate": "2009-05-11T10:54:57.873-07:00",
    "UserRole": null,
    "MarkedAsAnswerDate": null
  }
]