[
  {
    "Id": "1215039",
    "ThreadId": "535590",
    "Html": "Would it be possible to include the build date and time of the documentation?<br />\n",
    "PostedDate": "2014-02-26T02:29:23.117-08:00",
    "UserRole": null,
    "MarkedAsAnswerDate": null
  },
  {
    "Id": "1215303",
    "ThreadId": "535590",
    "Html": "If you're using the Sandcastle Help File Builder, it supports a replacement tag you can put somewhere such as the Header Text or Footer Text property to insert the build date with or without a format:<br />\n<pre><code>{@BuildDate}\n{@BuildDate:MMMM dd, yyyy a\\t hh:mm tt}</code></pre>\n\nPlease note that this project has been discontinued and may not be monitored as frequently. For future questions or issues concerning Sandcastle or SHFB, post them over on the <a href=\"http://SHFB.CodePlex.com\" rel=\"nofollow\">Sandcastle Help File Builder</a> project's discussion page. Thanks. \r<br />\n<br />\nEric<br />\n",
    "PostedDate": "2014-02-26T12:23:15.49-08:00",
    "UserRole": null,
    "MarkedAsAnswerDate": null
  },
  {
    "Id": "1215320",
    "ThreadId": "535590",
    "Html": "Oops, yeah, normally I look in SHFB.\r<br />\nThanks for the prompt reply, I will try tomorrow.\r<br />\n<br />\nA link to the documentation on replacement tags would be cool in the UI of SHFB, there already were some information icons explaining the usage.<br />\n",
    "PostedDate": "2014-02-26T12:46:13.163-08:00",
    "UserRole": null,
    "MarkedAsAnswerDate": null
  },
  {
    "Id": "1215576",
    "ThreadId": "535590",
    "Html": "Just for completeness, replacement tags are documented here:\r<br />\n<a href=\"http://www.ewoodruff.us/shfbdocs/?topic=html/69d998a7-1af5-4bf5-889b-59cd00b64000.htm\" rel=\"nofollow\">Customizing the build process</a><br />\n",
    "PostedDate": "2014-02-27T04:25:32.62-08:00",
    "UserRole": null,
    "MarkedAsAnswerDate": null
  }
]