[
  {
    "Id": "829538",
    "ThreadId": "353848",
    "Html": "\r\n<p><span id=\"result_box\" lang=\"en\"><span>Good afternoon.</span><br>\r\n<br>\r\n<span>Personally, as</span> <span>is</span> <span>possible to generate</span> <span>\r\nthe documentation</span> <span>after</span> <span>the build</span> <span>of the assembly,</span>\r\n<span>for example, I</span> <span>wanted the whole</span> <span>time I</span><span>'ve</span>\r\n<span>compiled</span> <span>a</span> <span>dll</span> <span>generates</span> <span>\r\nits documentation</span> <span>in a given</span> <span>directory</span><span>, it is possible</span><span>?</span><br>\r\n<br>\r\n<span>Thank you.</span></span></p>\r\n",
    "PostedDate": "2012-04-27T13:52:33.677-07:00",
    "UserRole": null,
    "MarkedAsAnswerDate": null
  },
  {
    "Id": "829733",
    "ThreadId": "353848",
    "Html": "<p>It depends on whether you're using something like the Sandcastle Help File Builder's Visual Studio package.&nbsp; If so, you can add the documentation project to the same solution as your assembly's project and use&nbsp;Visual Studio's configuration manager and project dependencies options to have the documentation project build after the assembly's project within the same configuration settings (Debug, Release, etc.).&nbsp; Typically,&nbsp;the documentation project takes a while to build so most people turn it off for the Debug build as it's a waste of time to build it after every change and wait for it to complete especially when trying to debug the main assembly's project.</p>\r\n<p>Eric</p>\r\n<p>&nbsp;</p>",
    "PostedDate": "2012-04-28T11:39:31.443-07:00",
    "UserRole": null,
    "MarkedAsAnswerDate": null
  }
]