[
  {
    "Id": "576469",
    "ThreadId": "248670",
    "Html": "\r\n<p>The release is available from <a href=\"http://shfb.codeplex.com/releases/view/62064\">\r\nhttp://shfb.codeplex.com/releases/view/62064</a></p>\r\n<p>This release supports the Sandcastle June 2010 Release (v2.6.10621.1). It includes full support for generating, installing, and removing MS Help Viewer files. This new release is compiled under .NET 4.0, supports Visual Studio 2010 solutions and projects\r\n as documentation sources, and adds support for projects targeting the Silverlight Framework.<br>\r\n<br>\r\nEric</p>\r\n<p>&nbsp;</p>\r\n",
    "PostedDate": "2011-03-06T22:18:33.433-08:00",
    "UserRole": null,
    "MarkedAsAnswerDate": null
  }
]