[
  {
    "Id": "130808",
    "ThreadId": "39427",
    "Html": "Hi, <br>\r\n<br>\r\nIn last year, we used <span lang=EN-US style=\"font-size:11pt;line-height:115%;font-family:'calibri','sans-serif'\">Sandcastle March 2007 CTP Release and Sandcastle Help File Builder to generate documents. Recently we need to fix a document bug in one of the documents. However, we lost the setup file. In order to keep the same look and feel, we want to use the same version of software. Do you have an archive for that version of sandcastle?<br>\r\n<br>\r\nThanks, <br>\r\nLuther</span>\r\n",
    "PostedDate": "2008-11-07T07:05:47.9-08:00",
    "UserRole": null,
    "MarkedAsAnswerDate": null
  }
]