[
  {
    "Id": "908702",
    "ThreadId": "394497",
    "Html": "\r\n<p>Hi</p>\r\n<p>I have created a tokens file that contain my commonly used maml snippets. one of my tokens named &quot;TroubleshootingMenu&quot; has the below syntax:</p>\r\n<p></p>\r\n<div style=\"color:black; background-color:white\">\r\n<pre>&lt;content xmlns:xlink=&quot;http://www.w3.org/1999/xlink&quot;&gt;\r\n    <span style=\"color:blue\">&lt;</span><span style=\"color:#a31515\">alert</span> <span style=\"color:red\">class</span><span style=\"color:blue\">=</span><span style=\"color:blue\">&quot;note&quot;</span><span style=\"color:blue\">&gt;</span>\r\n        <span style=\"color:blue\">&lt;</span><span style=\"color:#a31515\">para</span><span style=\"color:blue\">&gt;</span>\r\n            // Some Text here ....\r\n        <span style=\"color:blue\">&lt;/</span><span style=\"color:#a31515\">para</span><span style=\"color:blue\">&gt;</span>\r\n    <span style=\"color:blue\">&lt;/</span><span style=\"color:#a31515\">alert</span><span style=\"color:blue\">&gt;</span>\r\n<span style=\"color:blue\">&lt;/</span><span style=\"color:#a31515\">content</span><span style=\"color:blue\">&gt;</span></pre>\r\n</div>\r\n<p></p>\r\n<p>Inside any <span>conceptual content</span>&nbsp;topic, i am referencing the token item:</p>\r\n<p></p>\r\n<pre><div style=\"color:black; background-color:white\"><pre style=\"color:black\"><span style=\"color:blue\">&lt;</span><span style=\"color:#a31515\">list</span> <span style=\"color:red\">class</span><span style=\"color:blue\">=</span><span style=\"color:blue\">&quot;ordered&quot;</span><span style=\"color:blue\">&gt;</span>\r\n    <span style=\"color:blue\">&lt;</span><span style=\"color:#a31515\">listItem</span><span style=\"color:blue\">&gt;</span>\r\n        <span style=\"color:blue\">&lt;</span><span style=\"color:#a31515\">token</span><span style=\"color:blue\">&gt;</span>TroubleshootingMenu<span style=\"color:blue\">&lt;/</span><span style=\"color:#a31515\">token</span><span style=\"color:blue\">&gt;</span>\r\n     <span style=\"color:blue\">&lt;/</span><span style=\"color:#a31515\">listItem</span><span style=\"color:blue\">&gt;</span>\r\n <span style=\"color:blue\">&lt;/</span><span style=\"color:#a31515\">list</span><span style=\"color:blue\">&gt;</span></pre>\r\n</div>\r\n</pre>\r\n<p></p>\r\n<p>But after build and in the chm, it is showing the token item with no styles, i.e. my token appears&nbsp;in the topic as ordinary text and not a note.</p>\r\n<p>Can anyone help please ?</p>\r\n<pre><span>&nbsp;&nbsp;&nbsp;&nbsp;&nbsp;&nbsp;&nbsp;&nbsp;&nbsp;&nbsp;&nbsp;&nbsp;&nbsp;&nbsp;&nbsp;&nbsp;&nbsp;&nbsp;&nbsp;&nbsp;<span style=\"white-space:pre\">\t</span></span></pre>\r\n",
    "PostedDate": "2012-09-05T07:49:13.273-07:00",
    "UserRole": null,
    "MarkedAsAnswerDate": null
  },
  {
    "Id": "908718",
    "ThreadId": "394497",
    "Html": "<p>All MAML elements in a token need to be prefixed with the \"ddue:\" namespace.&nbsp; In addition, your token file does not appear to have a valid format.&nbsp; Each token needs to be in an &lt;item&gt; element like this:</p>\r\n<div style=\"color: black; background-color: white;\">\r\n<pre><span style=\"color: blue;\">&lt;?</span><span style=\"color: #a31515;\">xml</span> <span style=\"color: red;\">version</span><span style=\"color: blue;\">=</span><span style=\"color: black;\">\"</span><span style=\"color: blue;\">1.0</span><span style=\"color: black;\">\"</span> <span style=\"color: red;\">encoding</span><span style=\"color: blue;\">=</span><span style=\"color: black;\">\"</span><span style=\"color: blue;\">utf-8</span><span style=\"color: black;\">\"</span><span style=\"color: blue;\">?&gt;</span>\r\n<span style=\"color: blue;\">&lt;</span><span style=\"color: #a31515;\">content</span> <span style=\"color: red;\">xml:space</span><span style=\"color: blue;\">=</span><span style=\"color: black;\">\"</span><span style=\"color: blue;\">preserve</span><span style=\"color: black;\">\"</span>\r\n  <span style=\"color: red;\">xmlns:ddue</span><span style=\"color: blue;\">=</span><span style=\"color: black;\">\"</span><span style=\"color: blue;\">http://ddue.schemas.microsoft.com/authoring/2003/5</span><span style=\"color: black;\">\"</span>\r\n  <span style=\"color: red;\">xmlns:xlink</span><span style=\"color: blue;\">=</span><span style=\"color: black;\">\"</span><span style=\"color: blue;\">http://www.w3.org/1999/xlink</span><span style=\"color: black;\">\"</span><span style=\"color: blue;\">&gt;</span>\r\n\r\n    <span style=\"color: blue;\">&lt;</span><span style=\"color: #a31515;\">item</span> <span style=\"color: red;\">id</span><span style=\"color: blue;\">=</span><span style=\"color: black;\">\"</span><span style=\"color: blue;\">TroubleshootingMenu</span><span style=\"color: black;\">\"</span><span style=\"color: blue;\">&gt;</span>\r\n      <span style=\"color: blue;\">&lt;</span><span style=\"color: #a31515;\">ddue</span><span style=\"color: blue;\">:</span><span style=\"color: #a31515;\">alert</span> <span style=\"color: red;\">class</span><span style=\"color: blue;\">=</span><span style=\"color: black;\">\"</span><span style=\"color: blue;\">note</span><span style=\"color: black;\">\"</span><span style=\"color: blue;\">&gt;</span>\r\n        <span style=\"color: blue;\">&lt;</span><span style=\"color: #a31515;\">ddue</span><span style=\"color: blue;\">:</span><span style=\"color: #a31515;\">para</span><span style=\"color: blue;\">&gt;</span>\r\n            // Some Text here ....\r\n        <span style=\"color: blue;\">&lt;/</span><span style=\"color: #a31515;\">ddue</span><span style=\"color: blue;\">:</span><span style=\"color: #a31515;\">para</span><span style=\"color: blue;\">&gt;</span>\r\n      <span style=\"color: blue;\">&lt;/</span><span style=\"color: #a31515;\">ddue</span><span style=\"color: blue;\">:</span><span style=\"color: #a31515;\">alert</span><span style=\"color: blue;\">&gt;</span>\r\n    <span style=\"color: blue;\">&lt;/</span><span style=\"color: #a31515;\">item</span><span style=\"color: blue;\">&gt;</span>\r\n\r\n<span style=\"color: blue;\">&lt;/</span><span style=\"color: #a31515;\">content</span><span style=\"color: blue;\">&gt;</span>\r\n\r\n</pre>\r\n</div>\r\n<p>Eric</p>\r\n<p>&nbsp;</p>",
    "PostedDate": "2012-09-05T08:13:32.523-07:00",
    "UserRole": null,
    "MarkedAsAnswerDate": null
  },
  {
    "Id": "909056",
    "ThreadId": "394497",
    "Html": "<p>thanks&nbsp;<span>Eric,&nbsp;</span></p>\r\n<p>that worked for me.</p>",
    "PostedDate": "2012-09-06T02:40:08.25-07:00",
    "UserRole": null,
    "MarkedAsAnswerDate": null
  }
]