[
  {
    "Id": "68251",
    "ThreadId": "20548",
    "Html": "\r\nHi there,<br /><br />I used to be able to run MRefBuilder in the following way : MRefBuilder first.dll second.dll /out:reflection.org and it would produce the reflections for both dlls. Now with the January 2008 release, it only produces the reflections for the first dll in the list. Is this a new bug or has an existing bug been fixed? <br /><br />Has anyone else experienced this?<br /><br />Thanks Neil<br />",
    "PostedDate": "2008-01-16T02:54:36.71-08:00",
    "UserRole": null,
    "MarkedAsAnswerDate": null
  },
  {
    "Id": "68254",
    "ThreadId": "20548",
    "Html": "\r\nHi Neil, <br /><br />I just ran the following command and it produced a reflection.org file that contained information for <b>public</b> APIs in both of the input assemblies: <br /><br /><pre style=\"background-color:#ECECEC; border:dashed .1em #3E62A6; font-family:Consolas, Courier New, Courier, Monospace; font-size:1em; margin-top:0; padding:.5em; height:auto; overflow:auto; overflow-x:auto; overflow-y:auto;\">\r\n&gt;mrefbuilder asm1.dll asm2.dll /out:reflection.org\r\nMrefBuilder (v2.4.10111.0)\r\nCopyright c Microsoft 2006\r\nInfo: Loaded 2 assemblies for reflection and 0 dependency assemblies.\r\nInfo: Wrote information on 3 namespaces, 18 types, and 219 members\r\n</pre><br />If one of the assemblies only contains internal members then use the <span class=\"codeInline\" style=\"font-family:Consolas, Courier New, Courier, Monospace;\">/internal+</span> switch.<br /><br />- Dave<br />",
    "PostedDate": "2008-01-16T03:33:30.343-08:00",
    "UserRole": null,
    "MarkedAsAnswerDate": null
  }
]