[
  {
    "Id": "163750",
    "ThreadId": "49020",
    "Html": "The element codeEntityReference displays the name of the class or\r\nmember to point to. What about displaying a custom text instead? I could\r\nnot find a suitable element - is there something available? For example, an excerpt from MAML sources:<br>\r\n<br>\r\n... use the &lt;link coderef=&quot;T:MyProject.Settings.LogSettings&quot;&gt;logging configuration&lt;/link&gt;.<br>\r\n<br>\r\nWell, because I was not able to find anything built-in, my colleague put a few lines to the template ddue:link to get it working. Are you interested to support it in your original transformations or do you see it rather a topic to the Sandcastle Styles Project? I could create a work item and send you the code.<br>\r\n<br>\r\nThanks,<br>\r\nFerda<br>\r\n",
    "PostedDate": "2009-03-03T01:42:43.46-08:00",
    "UserRole": null,
    "MarkedAsAnswerDate": null
  },
  {
    "Id": "163761",
    "ThreadId": "49020",
    "Html": "Hello Ferda,<br>\r\nI will  have used <br>\r\n<br>\r\n..use the logging configuration, &lt;codeEntityReference&gt;T...&lt;/codeEntityReference&gt;. <br>\r\n<br>\r\nand get the work done.<br>\r\n<br>\r\nThe <strong>coderef</strong> will break the current schema and is not advisable. I know many are writing their conceptual <br>\r\nhelp with invalid extensions. I suggest you stick to the schema and get the work done. <br>\r\nYou can be sure stuff like this will not be supported by MS, since any break in their huge documentation <br>\r\nwill course a huge financial loss.<br>\r\n<br>\r\nIf you really need to do some personal link stuff, I suggest you use the <strong>legacyLink</strong> tag. You can post a version<br>\r\nthat will not break the schema, by using say special prefix to attributes or element text to the Sandcastle Styles<br>\r\nfor consideration - there is no chance it will be added to the main Sandcastle version (or you can give it a try).<br>\r\n<br>\r\nBest regards,<br>\r\nPaul.\r\n",
    "PostedDate": "2009-03-03T02:19:59.413-08:00",
    "UserRole": null,
    "MarkedAsAnswerDate": null
  },
  {
    "Id": "163812",
    "ThreadId": "49020",
    "Html": "Hi Paul,<br>\r\n<br>\r\nThanks for your suggestions. I may use your alternative but I may not be satisfied with the output it in all cases.<br>\r\n<br>\r\nI don't see adding an attribute a breaking change - rather a backwards compatible change. But you're right that it would break checking to a strict scheme. Hmm, modifying an existing element can be seen as an quite invasive change.<br>\r\n<br>\r\nI don't se the legacyLink tag as a possible workaround. I would like to render the link in all output - HTML Help 1 &amp; 2 and a web site. Building of the relative URL can be different and it actually is - I assemble the documentation project from more blocks.<br>\r\n<br>\r\nSandcastle Styles could be seen as an inspiration for the future Sandcastle. Something can make way there, something not. Extensions can be introduce there faster than in Sandcastle. The demand makes the movement :-)<br>\r\n<br>\r\nI'm not fond of using prefixes or other cluttering of the input for the codeEntityReference. It breaks processing of the element too. It will not break the schema check but basically, it is a breaking change too becase the later tool won't resolve such reference either.<br>\r\n<br>\r\nWhat about adding a new template supporting the custom text, something\r\nlike codeEntityReference2 (well, it would have some shorter and better name..) with\r\nthis functionality? XSLT is about to be extensible, isn't it?<br>\r\n<br>\r\n<br>\r\nCheers,<br>\r\nFerda<br>\r\n",
    "PostedDate": "2009-03-03T04:53:03.043-08:00",
    "UserRole": null,
    "MarkedAsAnswerDate": null
  },
  {
    "Id": "163836",
    "ThreadId": "49020",
    "Html": "Hi Ferda, <br>\r\n<br>\r\nYou have to wonder why it's not supported in the first place.  In all of the .NET Class Library documentation, do you think there's anything like your example being used?  Probably not.<br>\r\n<br>\r\nHere are a couple reasons why the Sandcastle team may have chosen the current approach, where the text for <em>codeEntityReference </em>links is generated automatically: <br>\r\n<br>\r\n<ol>\r\n    <li>It ensures that a reader knows the name of a type or member to which you are linking, without having to click the link first.  This enhances the clarity of your documentation so that a reader can decide immediately whether they are interested in following a particular link for more information.  If they're already familiar with the API they may choose to simply skip the link and continue reading.</li>\r\n    <li>It ensures a consistent format among all links.  (However, you can use <em>qualifyHint </em>in scenarios where you feel that the default simple name is not clear enough.)</li>\r\n    <li>It promotes readable naming conventions in code.  This allows you to use the member name as a regular language term within a sentence and have it linked to an associated API.  (I'm not sure how much of an effect this would have on Microsoft's code in particular, but it does make sense for smaller documentation sets at least.)</li>\r\n</ol>\r\n- Dave\r\n",
    "PostedDate": "2009-03-03T05:53:27.07-08:00",
    "UserRole": null,
    "MarkedAsAnswerDate": null
  },
  {
    "Id": "163851",
    "ThreadId": "49020",
    "Html": "&gt;&gt;<strong>Ferda</strong>: <em>I may use your alternative but I may not be satisfied with the output it in all cases</em>.<br>\r\nUnfortunately, I personally do not see any special benefit in this &quot;feature&quot;, other than my style or preference talk.<br>\r\nWhy? Reference docs could be huge and letting the user know the names of the classes at any opportunity<br>\r\nis no beneficial than style.<br>\r\nTwo people working on the same document may use different text to refer to the same class - I do not know<br>\r\nthat benefit it brings to the user. I think MS has experts who study those choices, so we always need to be<br>\r\ncareful when making style choices.<br>\r\n<br>\r\n&gt;&gt;<strong>Ferda</strong>: <em>I don't se the legacyLink tag as a possible workaround</em>.<br>\r\nThere is no real difference between the link and the legacyLink. I used that to implement link anchor for conceptual<br>\r\ntags myself - <a href=\"http://sandcastlestyles.codeplex.com/WorkItem/View.aspx?WorkItemId=4976\">http://sandcastlestyles.codeplex.com/WorkItem/View.aspx?WorkItemId=4976</a><br>\r\nIt is a valid tag, just like the legacyBold, legacyItalic etc.<br>\r\n<br>\r\n&gt;&gt;<strong>Ferda</strong>: <em>Sandcastle Styles could be seen as an inspiration for the future Sandcastle</em>.<br>\r\nWe also needs to be careful if we wanted it to be used by many companies, just throwing in anything in the name<br>\r\nof a demand is not a good way forward.<br>\r\nIn my own installations, I have my own customized styles, Sandcastle Styles and the default Sandcastle styles. They all live<br>\r\nin different directories and I use them as I want without having to override any.<br>\r\nMy build library, Sandcastle Helpers, supports this simple configuration - still do not know why the other tools are <br>\r\nstill not supporting this &quot;feature&quot;.<br>\r\n<br>\r\n&gt;&gt;<strong>Ferda</strong>: <em>I'm not fond of using prefixes or other cluttering of the input for</em>...<br>\r\nJust read the XSLT, you will find that even MS does this for some of their own stuff. The point is you extend the transform<br>\r\nto handle your special features, without having to modify the schema.<br>\r\nI supported the <strong>math</strong> tag with both inline and displayed equations (and more! such as equation number etc) in my Sandcastle <br>\r\nAssist components without having to add any new attribute or extensions, so it will work in any Sandcastle installation.<br>\r\nMay because I work here in Japan, they are just very strict on what you make as change to existing or working system.<br>\r\n<br>\r\nPlease post your stuff to the Sandcastle Styles for further discussions.<br>\r\n<br>\r\nBest regards,<br>\r\nPaul.\r\n",
    "PostedDate": "2009-03-03T06:22:21.51-08:00",
    "UserRole": null,
    "MarkedAsAnswerDate": null
  },
  {
    "Id": "163852",
    "ThreadId": "49020",
    "Html": "&gt;&gt;<strong>Dave</strong>: <em>Here are a couple reasons why the Sandcastle team may have chosen the current approach</em>...<br>\r\nThanks for making this even clearer.<br>\r\n<br>\r\nBest regards,<br>\r\nPaul.\r\n",
    "PostedDate": "2009-03-03T06:24:49.243-08:00",
    "UserRole": null,
    "MarkedAsAnswerDate": null
  },
  {
    "Id": "163892",
    "ThreadId": "49020",
    "Html": "Hi Paul and Dave,<br>\r\n<br>\r\nThanks for your opinions. Basically, I got the answer I wanted: I have not missed anything - Sandcastle does not provide the functionality. Let's move to <a href=\"http://sandcastlestyles.codeplex.com/Thread/View.aspx?ThreadId=49061\">the Sandcastle Styles</a>. :-)<br>\r\n<br>\r\nCheers,<br>\r\nFerda<br>\r\n",
    "PostedDate": "2009-03-03T07:34:53.967-08:00",
    "UserRole": null,
    "MarkedAsAnswerDate": null
  }
]