[
  {
    "Id": "939048",
    "ThreadId": "402537",
    "Html": "\r\n<p>HI Sandcastle Community,</p>\r\n<p>&nbsp;&nbsp;&nbsp;&nbsp;&nbsp;&nbsp;&nbsp;&nbsp;&nbsp;&nbsp;&nbsp;&nbsp;&nbsp;&nbsp;&nbsp;&nbsp; Thanks for providing such a great tool to extract the XML comments like MSDN help files. I have a requirement where i need to some supporting document into the\r\n CHM file which is being generated by the sandcastle. Can the word file be included into the output CHM file? If so can you provide some help?</p>\r\n<p>&nbsp;</p>\r\n<p>Thanks.</p>\r\n",
    "PostedDate": "2012-11-09T03:10:37.847-08:00",
    "UserRole": null,
    "MarkedAsAnswerDate": null
  },
  {
    "Id": "940530",
    "ThreadId": "402537",
    "Html": "<p>Please note that this project has been discontinued and may not be monitored as frequently.&nbsp; For future questions concerning Sandcastle, post them over on the <a title=\"SHFB\" href=\"http://SHFB.CodePlex.com\" target=\"_blank\">Sandcastle Help File Builder</a> project's discussion page.&nbsp; Thanks.</p>\r\n<p>Regarding your question, you can embed the files in the help file.&nbsp; If using SHFB, add the file to the project and set its BuildAction file property to Content.&nbsp; How you get it to display is another issue.&nbsp; A simple anchor link may work.&nbsp; The path would be relative to the .\\html folder.&nbsp; For example, if it was in the Docs\\ folder, the link URL would be something like \"../Docs/Document.doc\" or if you put the file in the root of the project, it would just be \"../Document.doc\".&nbsp; I haven't tried it so I'm not sure if it will work or if you'll run into security issues.&nbsp; In XML comments, you can put the anchor link in the XML comments as-is.&nbsp; For MAML topics, you'd need to wrap the HTML anchor link in a &lt;markup&gt; element so that it passes through to the rendered topic.</p>\r\n<p>If you're distributing a CHM file, it may be just as easy to distribute the documents as separate files rather than embedding them in the CHM file.</p>\r\n<p>Eric</p>\r\n<p>&nbsp;</p>",
    "PostedDate": "2012-11-12T12:32:28.207-08:00",
    "UserRole": null,
    "MarkedAsAnswerDate": null
  },
  {
    "Id": "941024",
    "ThreadId": "402537",
    "Html": "\r\n<p>Please continue to post here for Sandcastle specific issues. SHFB will not be the only tool based on Sandcastle.</p>\r\n<p>Busy now, but now that the direction of the Sandcastle project is clear, I planned to release the tools I am working<br>\r\non soon.</p>\r\n<p>I will advice you to avoid using direct link as provided in Eric's answer. CHM way of linking is different from the new<br>\r\nhelp format, for instance, so using direct links may make it difficult for you in the future if you plan to create other formats.</p>\r\n<p>Links are handled by build components, and I will advice you to create one to handle your needs if you cannot find<br>\r\none that fits.</p>\r\n<p>Best regards,<br>\r\nPaul.&nbsp;</p>\r\n",
    "PostedDate": "2012-11-13T07:40:58.76-08:00",
    "UserRole": null,
    "MarkedAsAnswerDate": null
  },
  {
    "Id": "941028",
    "ThreadId": "402537",
    "Html": "\r\n<p>Why the confusion?&nbsp; Just curious.</p>\r\n<p>I thought that this site was being deprecated and all activity (including the code fork) was moving to SHFB.</p>\r\n<p>Please clarify.</p>\r\n<p>Scott</p>\r\n<p>&nbsp;</p>\r\n",
    "PostedDate": "2012-11-13T07:48:31.993-08:00",
    "UserRole": null,
    "MarkedAsAnswerDate": null
  },
  {
    "Id": "941041",
    "ThreadId": "402537",
    "Html": "\r\n<p>Hello Scott,</p>\r\n<p>There is no confusion! We were all waiting for the official word on the direction of the project<br>\r\nand nothing finally came out of the efforts. I planned forking long ago and have said it here.</p>\r\n<p>There was a claim that a new version was going to be released and I waited only for Eric to claim<br>\r\nall is now directed to SHFB. Clearly, Sandcastle is dead.</p>\r\n<p>SHFB will be one fork of the Sandcastle, I have forked it too. It is different direction, I have eliminated all<br>\r\nthe command-line stuff for instance, creating a set of libraries that any application or script<br>\r\ncan use to create helps. I was a little busy in a new job, doing mostly C/Java :( but getting ready<br>\r\nto complete my stuff and provide alternative to creating help files.&nbsp;</p>\r\n<p>Best regards,<br>\r\nPaul.&nbsp;</p>\r\n<p>&nbsp;</p>\r\n",
    "PostedDate": "2012-11-13T08:06:00.183-08:00",
    "UserRole": null,
    "MarkedAsAnswerDate": null
  },
  {
    "Id": "941042",
    "ThreadId": "402537",
    "Html": "\r\n<p>I get it....thanks!</p>\r\n<p>So will you be working off of this site....or are you creating a new project with your fork?</p>\r\n<p>I love Sandcastle and want to stay on top of any new development / tools.</p>\r\n<p>Thanks,</p>\r\n<p>Scott</p>\r\n",
    "PostedDate": "2012-11-13T08:08:44.447-08:00",
    "UserRole": null,
    "MarkedAsAnswerDate": null
  },
  {
    "Id": "941043",
    "ThreadId": "402537",
    "Html": "\r\n<p>Hello Scott,</p>\r\n<p>It is an on-going project, was a little difficult to move on due to the uncertainty of the Sandcastle<br>\r\ndirections. I love Sandcastle too and have being supporting it over the years :)</p>\r\n<p>The project is Sandcastle Assist: http://sandassist.codeplex.com/</p>\r\n<p>The new and updated sources with the forked Sandcastle is not yet checked into the repository.</p>\r\n<p>Best regards,<br>\r\n<span style=\"font-size:10pt\">Paul.&nbsp;</span></p>\r\n",
    "PostedDate": "2012-11-13T08:14:20.973-08:00",
    "UserRole": null,
    "MarkedAsAnswerDate": null
  },
  {
    "Id": "941472",
    "ThreadId": "402537",
    "Html": "\r\n<blockquote style=\"border:0.1em solid #cccccc; font-style:italic; margin:0.25em 1em 0pt; padding:0pt 0.25em\">\r\n<strong>EWoodruff wrote:</strong><br>\r\n<p>Please note that this project has been discontinued and may not be monitored as frequently.&nbsp; For future questions concerning Sandcastle, post them over on the\r\n<a title=\"SHFB\" href=\"http://SHFB.CodePlex.com\" target=\"_blank\">Sandcastle Help File Builder</a> project's discussion page.&nbsp; Thanks.</p>\r\n<p>Regarding your question, you can embed the files in the help file.&nbsp; If using SHFB, add the file to the project and set its BuildAction file property to Content.&nbsp; How you get it to display is another issue.&nbsp; A simple anchor link may work.&nbsp; The path would\r\n be relative to the .\\html folder.&nbsp; For example, if it was in the Docs\\ folder, the link URL would be something like &quot;../Docs/Document.doc&quot; or if you put the file in the root of the project, it would just be &quot;../Document.doc&quot;.&nbsp; I haven't tried it so I'm not\r\n sure if it will work or if you'll run into security issues.&nbsp; In XML comments, you can put the anchor link in the XML comments as-is.&nbsp; For MAML topics, you'd need to wrap the HTML anchor link in a &lt;markup&gt; element so that it passes through to the rendered topic.</p>\r\n<p>If you're distributing a CHM file, it may be just as easy to distribute the documents as separate files rather than embedding them in the CHM file.</p>\r\n<p>Eric</p>\r\n<p>&nbsp;</p>\r\n<p>Hi Eric,</p>\r\n<p>&nbsp;&nbsp;&nbsp;&nbsp;&nbsp;&nbsp;&nbsp;&nbsp; As you have said i had added my MS-Word file to the solution and changed its &quot;BuildFile&quot; property to Content. When i tried to refer the document from XML comments as &lt;see cref=&quot;../Document1.docx&quot;/&gt; i get a warning. Can you please illustrate the\r\n correct way of referencing it ? But when i tried to refer any of my properties as &lt;see cref=&quot;Task.property&quot;/&gt; i was able to produce it as an link and access it.</p>\r\n<p>&nbsp;</p>\r\n<p>Thanks!</p>\r\n<p>&nbsp;</p>\r\n</blockquote>\r\n<p>&nbsp;</p>\r\n",
    "PostedDate": "2012-11-14T01:31:38.377-08:00",
    "UserRole": null,
    "MarkedAsAnswerDate": null
  },
  {
    "Id": "941473",
    "ThreadId": "402537",
    "Html": "\r\n<p>Hello Paul,</p>\r\n<p>Do I understand you right? You're planning another fork of the Sandcastle Codebase and create a different project? Why not joining the SHFB? Another Sandcastle Fork will clearly split significance, acceptance, number of users and stability of every Sandcastle-Successor.</p>\r\n<p>We're very thankful to Eric that he care so much for the Sandcastle Project and tries to keep it running (Since MS isn't willing to do that any longer) - It would be great when SHFB and Sandcastle can be merged into one bigger community project as soon as\r\n possible. That would be a strong and clear statement about the future of Sandcastle (or whatever the name will be then)</p>\r\n<p>Regards</p>\r\n<p>Karl</p>\r\n<p>&nbsp;</p>\r\n",
    "PostedDate": "2012-11-14T01:33:28.403-08:00",
    "UserRole": null,
    "MarkedAsAnswerDate": null
  },
  {
    "Id": "941639",
    "ThreadId": "402537",
    "Html": "\r\n<p>Use &lt;see href=&quot;../Document1.docx&quot;&gt;Other Docs&lt;/see&gt;&nbsp;(href instead of cref, inner text if you want it) or use an HTML anchor tag (&lt;a href=&quot;../Document1.docx&quot;&gt;Other Docs&lt;/a&gt;).&nbsp; Since you're only producing a CHM file, the direct\r\n link should work fine in this case.&nbsp; If not, let me know and I'll create a test and see if there's something I've forgotten.&nbsp; If you're planning on producing Help 2 or MS Help Viewer formats, this method probably won't work.</p>\r\n<p>Eric</p>\r\n<p>&nbsp;</p>\r\n",
    "PostedDate": "2012-11-14T08:10:00.41-08:00",
    "UserRole": null,
    "MarkedAsAnswerDate": null
  },
  {
    "Id": "941673",
    "ThreadId": "402537",
    "Html": "\r\n<p>Hi Karl,</p>\r\n<p>Sandcastle has been merged into the SHFB project so it has a new home and the latest release is available at the SHFB project site.&nbsp; I'm handling all development of both SHFB and the Sandcastle tools there.&nbsp; The Sandcastle tools are independent of SHFB so\r\n I&nbsp;haven't seen a reason to integrate them&nbsp;completely and force everyone to use SHFB.&nbsp;&nbsp;Certain parts of SHFB will eventually be moved into the Sandcastle tools but they&nbsp;will still remain independent for those that want to use them in&nbsp;such a manner.&nbsp; I haven't\r\n seen any reason to rename the project or create a new project since I think that would introduce unnecessary confusion.</p>\r\n<p>Darren's final statement on the front page of this site directs people to the SHFB project as the successor but others are still free to fork their own version. It's not ideal but that's the nature of open source.&nbsp; Paul and I have different ideas about how\r\n Sandcastle should evolve and what can and cannot be changed which is why he left the Sandcastle Styles project.&nbsp; If he wants to pursue a different take on the tools he's free to do so.&nbsp; His project has actually been around for a few years but he hasn't gotten\r\n to the point of an actual release yet.&nbsp; SHFB has a long history, is well established, and managing and developing Sandcastle is no small task so I'm not forseeing a significant number of other forks if any.&nbsp; Time will tell.</p>\r\n<p>Eric</p>\r\n<p>&nbsp;</p>\r\n",
    "PostedDate": "2012-11-14T08:57:46.583-08:00",
    "UserRole": null,
    "MarkedAsAnswerDate": null
  }
]