[
  {
    "Id": "1053344",
    "ThreadId": "446145",
    "Html": "I have tried to create code documentation for winrt component using sand castle but I did not see any content in .chm file. And even I tried changing .winmd to .dll but still no use. \r<br />\n<br />\nCan anyone please tell me how I can generate help content for winrt components? <br />\n",
    "PostedDate": "2013-06-05T17:15:04.81-07:00",
    "UserRole": null,
    "MarkedAsAnswerDate": null
  },
  {
    "Id": "1053733",
    "ThreadId": "446145",
    "Html": "Please note that this project has been discontinued and may not be monitored as frequently. For future questions or issues concerning Sandcastle or SHFB, post them over on the <a href=\"http://shfb.codeplex.com\" rel=\"nofollow\">Sandcastle Help File Builder</a> project's discussion page. Thanks.<br />\n<br />\nRegarding your question, please download the latest release of SHFB and Sandcastle from the SHFB project site noted above as they do contain support for .winmd documentation sources.  That said, I don't do any Win RT development so I only played around with a dummy project.  As mentioned in the v1.9.6.0 release notes, a majority of the user written code in the assembly is marked as compiler generated and thus does not show up in the help file. I may need an option to include compiler generated code.  If this appears to be the case, a test project with something more useable than the dummy project I created would be helpful in seeing what needs to be changed to support them properly.  If you are willing to send me one, my e-mail address is in the About box in the standalone GUI and in the footer of the pages in the SHFB help file.  Thanks.<br />\n<br />\nEric<br />\n",
    "PostedDate": "2013-06-06T12:40:19.147-07:00",
    "UserRole": null,
    "MarkedAsAnswerDate": null
  },
  {
    "Id": "1113417",
    "ThreadId": "446145",
    "Html": "Sorry to bump an old thread but I&quot;m having the same issue here...any progress on documenting public sealed classes in a WinRT component?<br />\n",
    "PostedDate": "2013-10-28T15:19:43.373-07:00",
    "UserRole": null,
    "MarkedAsAnswerDate": null
  },
  {
    "Id": "1113432",
    "ThreadId": "446145",
    "Html": "The same response applies as above.  So far I've only played with a dummy project and nobody's sent me anything to demonstrate the issue in more detail.  If you can send me an real example that doesn't work, I'll take a look at it.\r<br />\n<br />\nEric<br />\n",
    "PostedDate": "2013-10-28T16:20:05.673-07:00",
    "UserRole": null,
    "MarkedAsAnswerDate": null
  },
  {
    "Id": "1113441",
    "ThreadId": "446145",
    "Html": "\r\n<div>\r\n<p><span style=\"font-size:11.0pt; font-family:\">Email sent to you via CodePlex. Thanks!</span></p>\r\n<p><span style=\"font-size:11.0pt; font-family:\"></span></p>\r\n<div style=\"border:none; border-left:solid blue 1.5pt; padding:0in 0in 0in 4.0pt\">\r\n<div>\r\n<div style=\"border:none; border-top:solid #E1E1E1 1.0pt; padding:3.0pt 0in 0in 0in\">\r\n<p><b><span style=\"font-size:11.0pt; font-family:\"></span></b></p>\r\n</div>\r\n</div>\r\n</div>\r\n</div>\r\n",
    "PostedDate": "2013-10-28T17:22:44.817-07:00",
    "UserRole": null,
    "MarkedAsAnswerDate": null
  }
]