[
  {
    "Id": "1256606",
    "ThreadId": "548765",
    "Html": "Hi All,<br />\nCurrently i am working to develop an API document using Sandcastle. I want to add an image in header. In earlier version while using presentation style  2010 i did the customization to Index.aspx which i placed inside Web folder so that it don't get overwritten on every build . since the new version has depreciated the .aspx i am unable to load the image in same way as i was doing earlier.<br />\n<br />\nhelp me out to add a image in header<br />\n",
    "PostedDate": "2014-06-16T02:14:04.91-07:00",
    "UserRole": null,
    "MarkedAsAnswerDate": null
  },
  {
    "Id": "1256706",
    "ThreadId": "548765",
    "Html": "The presentation styles have always supported adding a logo to the topic headers without having to modify Index.aspx or any of the other web files.  Starting a couple of releases ago this processing was moved to the Transform Arguments properties.  In your SHFB project, go to the properties page, select the Transform Args category and set the logo properties there.  The description of each will guide you on what to do.\r<br />\n<br />\nPlease note that this project site has been discontinued and may not be monitored as frequently. For future questions or issues concerning Sandcastle or SHFB, post them over on the <a href=\"http://shfb.codeplex.com\" rel=\"nofollow\">Sandcastle Help File Builder</a> project's discussion page. Thanks. \r<br />\n<br />\nEric<br />\n",
    "PostedDate": "2014-06-16T08:36:12.06-07:00",
    "UserRole": null,
    "MarkedAsAnswerDate": null
  }
]