[
  {
    "Id": "84223",
    "ThreadId": "25111",
    "Html": "\r\nI'd like to be able to provide links to locations in the middle of topic pages instead of the top of the page. It seems like the 'address' attribute is designed to do this but I can't figure out how to hook it up. Is this what this attribute is designed to do and if so how do you configure it to work? If it is not designed to do this is there another way to link to a position in the middle of topic page?<br />",
    "PostedDate": "2008-04-01T08:53:40.22-07:00",
    "UserRole": null,
    "MarkedAsAnswerDate": null
  },
  {
    "Id": "84302",
    "ThreadId": "25111",
    "Html": "\r\nHi, <br /><br />I've just investigated the <i>address</i> attribute and it appears to do exactly what you expected, and a bit more.<br /><br />It seems that you can use <i>address</i> on the <b>introduction</b> and any <b>section</b> elements to define named anchors.  Check out <i>utilities_dduexml.xsl</i> to see the template that matches <b>@address</b> and <i>main_conceptual.xsl</i> to see where it is applied.<br /><br />You can use the bookmarks in external links that point to your topics since a normal anchor is created: <span class=\"codeInline\" style=\"font-family:Consolas, Courier New, Courier, Monospace;\">&lt;a name=\"the value of @address\"/&gt;Collapsible Introduction or Section...</span><br /><br />I discovered an <i>autoOutline</i> feature that's pretty cool as well, although the comments claim a different usage than I've found to actually work.  The comments are located in <i>main_conceptual.xsl</i> near the bottom: <br /><br /><div class=\"quote\" style=\"border: dotted .1em #aaa; border-left: none; border-right: none; font-style: italic; margin: 1em 0em 2.5em 3em;padding: .2em;\"><br />Inserts a bullet list of links to the topic's top-level sections or a section's subsections.<br />Authors can insert &lt;token&gt;autoOutline&lt;/token&gt; in a topic's introduction to get a bullet list of the top-level sections;<br />or in a ddue:section/ddue:content to get a bullet list of the section's subsections.<br />The shared content component replaces &lt;token&gt;autoOutline&lt;/token&gt; with an &lt;autoOutline/&gt; node.<br /><br /></div>The shared content component doesn't do what the comment says it does.  But I found that you can simply add <span class=\"codeInline\" style=\"font-family:Consolas, Courier New, Courier, Monospace;\">&lt;autoOutline xmlns=\"\"/&gt;</span> manually and it works.<br /><br />There also appears to be some built-in addresses, but I haven't figured out what they are for yet.  Just do a global search in Visual Studio for <b>@address</b> and you'll find them in a few different XSL transformations.<br /><br />Here's a MAML topic that works using the <i>address</i> attribute and the <span class=\"codeInline\" style=\"font-family:Consolas, Courier New, Courier, Monospace;\">&lt;autoOutline/&gt;</span> element.<br /><br /><pre style=\"background-color:#ECECEC; border:dashed .1em #3E62A6; font-family:Consolas, Courier New, Courier, Monospace; font-size:1em; margin-top:0; padding:.5em; height:auto; overflow:auto; overflow-x:auto; overflow-y:auto;\">\r\n&lt;?xml version=\"1.0\" encoding=\"utf-8\"?&gt;\r\n&lt;topic id=\"af335e2a-404b-4b2b-b3af-2141dde33425\" revisionNumber=\"0\"&gt;\r\n  &lt;developerConceptualDocument xmlns=\"http://ddue.schemas.microsoft.com/authoring/2003/5\"\r\n                               xmlns:xlink=\"http://www.w3.org/1999/xlink\"&gt;\r\n    &lt;introduction&gt;\r\n      &lt;autoOutline xmlns=\"\"/&gt;\r\n      &lt;para&gt;Required Introduction&lt;/para&gt;\r\n    &lt;/introduction&gt;\r\n    &lt;section address=\"example1\"&gt;\r\n      &lt;title&gt;Example section 1&lt;/title&gt;\r\n      &lt;content&gt;\r\n        &lt;autoOutline xmlns=\"\"/&gt;\r\n        &lt;para&gt;The first section.&lt;/para&gt;\r\n        &lt;para&gt;\r\n          Sandcastle produces accurate, MSDN style, comprehensive documentation by reflecting over the \r\n          source assemblies and optionally integrating XML Documentation Comments. Sandcastle has the \r\n          following key features.\r\n        &lt;/para&gt;\r\n      &lt;/content&gt;\r\n      &lt;sections&gt;\r\n        &lt;section address=\"subsection1\"&gt;\r\n          &lt;title&gt;Example subsection 1&lt;/title&gt;\r\n          &lt;content&gt;\r\n            &lt;para&gt;The first subsection.&lt;/para&gt;\r\n            &lt;list class=\"bullet\"&gt;\r\n              &lt;listItem&gt;&lt;para&gt;Works with or without authored comments.&lt;/para&gt;&lt;/listItem&gt;\r\n              &lt;listItem&gt;&lt;para&gt;Supports Generics and .NET Framework 2.0.&lt;/para&gt;&lt;/listItem&gt;\r\n              &lt;listItem&gt;&lt;para&gt;Sandcastle has 2 main components (MrefBuilder and Build Assembler).&lt;/para&gt;&lt;/listItem&gt;\r\n              &lt;listItem&gt;&lt;para&gt;MrefBuilder generates reflection xml file for Build Assembler.&lt;/para&gt;&lt;/listItem&gt;\r\n              &lt;listItem&gt;&lt;para&gt;Build Assembler includes syntax generation, transformation, etc.&lt;/para&gt;&lt;/listItem&gt;\r\n              &lt;listItem&gt;&lt;para&gt;Sandcastle is used internally to build .Net Framework documentation.&lt;/para&gt;&lt;/listItem&gt;\r\n            &lt;/list&gt;\r\n          &lt;/content&gt;\r\n        &lt;/section&gt;\r\n        &lt;section address=\"subsection2\"&gt;\r\n          &lt;title&gt;Example subsection 2&lt;/title&gt;\r\n          &lt;content&gt;\r\n            &lt;para&gt;The second subsection.&lt;/para&gt;\r\n            &lt;para&gt;\r\n              Some text to fill up space in the second subsection.\r\n            &lt;/para&gt;\r\n          &lt;/content&gt;\r\n        &lt;/section&gt;\r\n      &lt;/sections&gt;\r\n    &lt;/section&gt;\r\n    &lt;section address=\"example2\"&gt;\r\n      &lt;title&gt;Example section 2&lt;/title&gt;\r\n      &lt;content&gt;\r\n        &lt;autoOutline xmlns=\"\"/&gt;\r\n        &lt;para&gt;The second section.&lt;/para&gt;\r\n        &lt;para&gt;\r\n          Some text to fill up space in the second section.\r\n        &lt;/para&gt;\r\n      &lt;/content&gt;\r\n      &lt;sections&gt;\r\n        &lt;section address=\"subsection3\"&gt;\r\n          &lt;title&gt;Example subsection 3&lt;/title&gt;\r\n          &lt;content&gt;\r\n            &lt;para&gt;The first subsection.&lt;/para&gt;\r\n            &lt;para&gt;\r\n              DocProject is an open source help authoring tool (HAT) that consists of Visual Studio Project Templates, \r\n              an Add-In and an API that provide an extensible platform for authoring, managing and building compiled \r\n              help in various formats.\r\n            &lt;/para&gt;\r\n          &lt;/content&gt;\r\n        &lt;/section&gt;\r\n        &lt;section address=\"subsection4\"&gt;\r\n          &lt;title&gt;Example subsection 4&lt;/title&gt;\r\n          &lt;content&gt;\r\n            &lt;para&gt;The second subsection.&lt;/para&gt;\r\n            &lt;para&gt;\r\n              The latest version of Microsoft Sandcastle is used to generate HTML help topics for conceptual \r\n              documentation and auto-generated reference documentation for managed assemblies in various presentation \r\n              styles, such as one that looks like the documentation for Visual Studio and the Microsoft .NET Framework. \r\n              DocProject also automates HTML Help compilers to produce Help 1.x (.chm) and Help 2.x (.HxS) output in \r\n              a single build.\r\n            &lt;/para&gt;\r\n          &lt;/content&gt;\r\n        &lt;/section&gt;\r\n      &lt;/sections&gt;\r\n    &lt;/section&gt;\r\n    &lt;relatedTopics&gt;\r\n    &lt;/relatedTopics&gt;\r\n  &lt;/developerConceptualDocument&gt;\r\n&lt;/topic&gt;\r\n</pre>",
    "PostedDate": "2008-04-01T13:32:22.85-07:00",
    "UserRole": null,
    "MarkedAsAnswerDate": null
  },
  {
    "Id": "84336",
    "ThreadId": "25111",
    "Html": "\r\nThanks, that worked like a champ.  I like the autoOutline feature as well.  I was using GUID as address strings and they happened to begin with a number which I guess invalid.  Also it doesn't seem to like it if you put a space in the address string.<br /><br />Kevin<br />",
    "PostedDate": "2008-04-01T16:07:39.443-07:00",
    "UserRole": null,
    "MarkedAsAnswerDate": null
  },
  {
    "Id": "84355",
    "ThreadId": "25111",
    "Html": "\r\nHi Kevin, <br /><br />Thanks for the tips.  I wonder though if that has something to do with the browser more than it does Sandcastle.  We could examine the XSL to find out...<br /><br />- Dave<br />",
    "PostedDate": "2008-04-01T17:46:47.607-07:00",
    "UserRole": null,
    "MarkedAsAnswerDate": null
  },
  {
    "Id": "84547",
    "ThreadId": "25111",
    "Html": "<br />To be more clear, strings that begin with numbers or have spaces violate the xsd definition. The Visual Studio xml editor underlines these with the little blue squiggly lines.  Because of this I assumed there was some specific format I needed for the address attribute and didn't bother to build to see if it actually worked.  I have tried since and it does seem to work as long you don't mind the schema violation.<br /><br />I have another issue though, the links worked great with the autoOutline feature, however I can't seem to figure out how to link things up in other topics.  For instance I added your example topic above to my project and tried to link to the 'example1' section from one of my topics using this syntax <span class=\"codeInline\" style=\"font-family:Consolas, Courier New, Courier, Monospace;\">&lt;link xlink:href=\"example1\"&gt;Does it work&lt;/link&gt;</span> and all that appears in the help file is <b>[example1]</b>.<br />",
    "PostedDate": "2008-04-02T11:13:14.437-07:00",
    "UserRole": null,
    "MarkedAsAnswerDate": null
  },
  {
    "Id": "84569",
    "ThreadId": "25111",
    "Html": "\r\nHi Kevin, <br /><br />Thanks for clearing that up.<br /><br />As for the other issue, the link that you've tried doesn't identify the topic, so I don't see how it could work.  (I assume that you can use the same address in different topics.)<br /><br />Here's a few things that I just tried: <br /><br /><pre style=\"background-color:#ECECEC; border:dashed .1em #3E62A6; font-family:Consolas, Courier New, Courier, Monospace; font-size:1em; margin-top:0; padding:.5em; height:auto; overflow:auto; overflow-x:auto; overflow-y:auto;\">\r\n&lt;content&gt;\r\n  &lt;para&gt;\r\n    &lt;externalLink&gt;\r\n      &lt;linkText&gt;This works.&lt;/linkText&gt;\r\n      &lt;linkUri&gt;af335e2a-404b-4b2b-b3af-2141dde33425.htm#example1&lt;/linkUri&gt;\r\n    &lt;/externalLink&gt;\r\n  &lt;/para&gt;\r\n  &lt;para&gt;\r\n    &lt;link xlink:href=\"af335e2a-404b-4b2b-b3af-2141dde33425#example1\"&gt;\r\n      This doesn't work.\r\n    &lt;/link&gt;\r\n  &lt;/para&gt;\r\n  &lt;para&gt;\r\n    &lt;link xlink:href=\"af335e2a-404b-4b2b-b3af-2141dde33425\"&gt;\r\n      This works, but it doesn't contain a bookmark.\r\n      (The text will be replaced with the topic's title, automatically.)\r\n    &lt;/link&gt;\r\n  &lt;/para&gt;\r\n&lt;/content&gt;\r\n</pre>The first example works fine.  Notice that you must use the file name, not the topic ID.<br /><br />- Dave<br />",
    "PostedDate": "2008-04-02T12:40:45.913-07:00",
    "UserRole": null,
    "MarkedAsAnswerDate": null
  }
]