[
  {
    "Id": "125966",
    "ThreadId": "37985",
    "Html": "Hello All,<br>\r\nI have being testing the&nbsp;DocTools&nbsp;program to see how best to integrate the Sandcastle goodies.<br>\r\nThe DocTools is a Word 2007-based conceptual documentation system used by the patterns and practices team at Microsoft, and&nbsp;may be useful to those interested in WYSIWYG type of authoring tool.<br>\r\n<br>\r\n<a href=\"http://www.codeplex.com/doctools\">http://www.codeplex.com/doctools</a><br>\r\n<br>\r\nLet me know if you are interested, or finds it useful.<br>\r\n<br>\r\nBest regards,<br>\r\nPaul.\r\n",
    "PostedDate": "2008-10-17T23:12:12.28-07:00",
    "UserRole": null,
    "MarkedAsAnswerDate": null
  },
  {
    "Id": "144154",
    "ThreadId": "37985",
    "Html": "Paul, did you ever find out how to integrate DocTools and Sandcastle together? \r\n",
    "PostedDate": "2009-01-03T15:14:28.423-08:00",
    "UserRole": null,
    "MarkedAsAnswerDate": null
  },
  {
    "Id": "144249",
    "ThreadId": "37985",
    "Html": "Hello Lucas,<br>\r\nNot yet, there seems to be no interest - since I did not receive any feedback so the priority now is low.<br>\r\n<br>\r\nBest regards,<br>\r\nPaul.\r\n",
    "PostedDate": "2009-01-04T15:17:05.08-08:00",
    "UserRole": null,
    "MarkedAsAnswerDate": null
  },
  {
    "Id": "152273",
    "ThreadId": "37985",
    "Html": "Hey Paul<br>\r\n<br>\r\nAll best practices or tips about merging SandCastle CHM and DocTools CHM files are very welcome.<br>\r\n<br>\r\nRegards<br>\r\n<br>\r\nStefan<br>\r\n",
    "PostedDate": "2009-01-29T11:29:01.74-08:00",
    "UserRole": null,
    "MarkedAsAnswerDate": null
  },
  {
    "Id": "152373",
    "ThreadId": "37985",
    "Html": "Hello Stefan,<br>\r\nThanks for the information/feedback. <br>\r\nBy my schedule, I will complete my current Sandcastle Assist projects by March, <br>\r\nand will take on this and other projects.<br>\r\n<br>\r\nBest regards,<br>\r\nPaul.<br>\r\n<br>\r\n",
    "PostedDate": "2009-01-29T17:05:41.813-08:00",
    "UserRole": null,
    "MarkedAsAnswerDate": null
  },
  {
    "Id": "177418",
    "ThreadId": "37985",
    "Html": "Hello All,<br>\r\nFor those interested in the DocTools, there is a new article demonstration how to integrate<br>\r\nthe output into Sandcastle Reference/API documentations.<br>\r\n<br>\r\n<a href=\"http://doctools.codeplex.com/Release/ProjectReleases.aspx?ReleaseId=25846\">http://doctools.codeplex.com/Release/ProjectReleases.aspx?ReleaseId=25846</a><br>\r\n<br>\r\nThe article uses DocProject, but I think you should be able to use any other tool.<br>\r\n<br>\r\nBest regards,<br>\r\nPaul.\r\n",
    "PostedDate": "2009-04-08T18:00:53.82-07:00",
    "UserRole": null,
    "MarkedAsAnswerDate": null
  }
]