[
  {
    "Id": "573256",
    "ThreadId": "247872",
    "Html": "\r\n<p>Good morning,</p>\r\n<p>I'd like to create two different CHM files for the namespaces coming from two separate&nbsp; assemblies. The second&nbsp;assembly depends over the first, like:</p>\r\n<p>A.dll -&gt; namespaces A1, A2, A3</p>\r\n<p>B.dll -&gt; namespaces B1, B2, B3</p>\r\n<p>in the namespace B2, the function f takes as parameter an object having&nbsp;type defined in the A1 assembly and returns an object whose type is defined in A2. All the methods and classes are documented.</p>\r\n<p>When generating documentation for the B assembly, the types belonging to the A assembly documentation are not referenced (the types in the A assembly&nbsp;are not found, so they aren't hyper-linked to the A assembly documentation).</p>\r\n<p>I've tried adding a reference to the A assembly in the shfbproj file, but the links are still not resolved.</p>\r\n<p>Could you please point me to some documentation about this subject (cross references in documentation projects)?</p>\r\n<p>Thanks in advance,</p>\r\n<p>&nbsp;</p>\r\n",
    "PostedDate": "2011-02-28T06:33:26.34-08:00",
    "UserRole": null,
    "MarkedAsAnswerDate": null
  },
  {
    "Id": "573559",
    "ThreadId": "247872",
    "Html": "<p>Linking between CHM files is problematic and is not supported directly by Sandcastle or SHFB.&nbsp; This topic has come up before and I believe there are tools that you can use on the resulting help file to get linking between them to work but I can't find the topics right now, so I could be wrong.&nbsp; The Resolve Reference Links plug-in can help for Help 2 and Help Viewer files since those output types support the alternate link types for that sort of thing (i.e Index in Help 2).&nbsp; For CHM files, the best it can do is convert them to None links so that they are rendered as regular text without trying to resolve them.&nbsp; Unless there's a reason you need two help files, the easiest approach is just merge them into one project that produces one help file.</p>\r\n<p>Eric</p>\r\n<p>&nbsp;</p>",
    "PostedDate": "2011-02-28T15:28:27.553-08:00",
    "UserRole": null,
    "MarkedAsAnswerDate": null
  }
]