[
  {
    "Id": "142295",
    "ThreadId": "42814",
    "Html": "Is there a way to generate XML Reference for a certain XML namespace having the *.XSD file for this namespace? If no, why? It would be very convenient to generate <strong>Attributes</strong> and <strong>Element Information</strong> sections and tranfser all the <em><strong>xs:annototation</strong></em>s from the .xsd file to the documentation automatically.\r\n",
    "PostedDate": "2008-12-22T02:04:47.293-08:00",
    "UserRole": null,
    "MarkedAsAnswerDate": null
  },
  {
    "Id": "142309",
    "ThreadId": "42814",
    "Html": "Hello,<br>\r\nCurrently, there is no direct support made public by the Sandcastle Team.<br>\r\nI have done initial work on it using the Sandcastle conceptual format.<br>\r\nThe conceptual topics include the XML Reference (<span>developerXmlReference)</span>, which is the Microsoft <br>\r\nformat for the XSD documentation.<br>\r\nI personally do not like that format, and have completed a template (based on the basic conceptual format)<br>\r\nfor this documentation. You can see the use of this template in my HelpRegister tool documentation here...<br>\r\n<br>\r\n<a href=\"http://www.codeplex.com/SandAssist/Release/ProjectReleases.aspx?ReleaseId=18329\">http://www.codeplex.com/SandAssist/Release/ProjectReleases.aspx?ReleaseId=18329</a><br>\r\n<br>\r\n<strong>NOTE</strong>: The schema used is small and the documentation was done manually.<br>\r\nI planned to generate and support both formats. I have still not concluded on how the schema diagram will be,<br>\r\nsince there is no standard format for this - looking for what will provide the smallest image size <br>\r\n(VS 2010 may also provide some innovative diagrams for hints, since they have promised a new XSD designer).<br>\r\n<br>\r\nUnfortunately, I have many other projects for the Sandcastle (in the Sandcastle Assist project), and will <strong>not</strong><br>\r\nbe making any release or announcement on this until March 2009, when I hope to clear the current loads :(<br>\r\n<br>\r\nYou can, however, post your suggestions or wishes for the XSD documentations here.<br>\r\n<br>\r\nBest regards,<br>\r\nPaul.\r\n",
    "PostedDate": "2008-12-22T02:43:54.693-08:00",
    "UserRole": null,
    "MarkedAsAnswerDate": null
  },
  {
    "Id": "142347",
    "ThreadId": "42814",
    "Html": "<p>Hello, Paul. </p>\r\n<p>Thanks for your detailed relpy.</p>\r\n<p>It is a pity your ideas are not fully implemented yet. I am not very used to Sandcastle and I use it via UI provided by DocProject. It's still a black magic for me how it works internally. Because of that my suggestions wouldn't be very useful for you I think.</p>\r\n<p>I still have to write a documentation for my XSD. My schema is pretty complex, it uses <strong>xs:key</strong>s and a lot of user defined types. But I don't need to document all of that. All I need is a list of possible elemenets and the information about attributes, parent/contented elements for each element in the schema. I've already spent a lot of time writing <strong>xs:annotantion</strong>s for every element and I don't want to do a monkey job copying all of that into conceptual topics manually. I'm thinking about writing my own XSLT-based tool that would generate MAML files for each element. I could extend my <strong>xs:annotation</strong>s with elements from some custom namespace to be able to specify usage examples in the same <strong>.xsd</strong> file. I'm concerned if writing this tool will take more time than doing the work manually.</p>\r\n<p>What would you think about that?</p>\r\n",
    "PostedDate": "2008-12-22T06:27:37.993-08:00",
    "UserRole": null,
    "MarkedAsAnswerDate": null
  },
  {
    "Id": "142363",
    "ThreadId": "42814",
    "Html": "<p>&gt;&gt;<strong>sergeys</strong>: <em>It is a pity your ideas are not fully implemented yet</em>.<br>\r\nI will try to raise the priority so that I could come out with something earlier than planned, until now<br>\r\nthere was no special request for it.<br>\r\n<br>\r\n&gt;&gt;<strong>sergeys</strong>: <em>It's still a black magic for me how it works internally</em>.<br>\r\nThat was how it looks to me until I started working with it, it is really approachable.<br>\r\n<br>\r\n&gt;<strong>sergeys</strong>: <em>Because of that my suggestions wouldn't be very useful for you I think</em>.<br>\r\nI do not think so, everyone has ideas and you do not need to understand Sandcastle to <br>\r\nsuggest what you will want to see.<br>\r\n<br>\r\n&gt;&gt;<strong>sergeys</strong>: <em>What would you think about that</em>?<br>\r\nSchema can be very complex, and I am not sure the XSLT can easily cut it - unless you are an expert. <br>\r\nThe .NET 2.x schema classes support has all you will need even for very complex schema parsing, <br>\r\nand that is what I am planning to use.</p>\r\n<p>&gt;&gt;<strong>sergeys</strong>: <em>I'm concerned if writing this tool will take more time than doing the work manually</em>.<br>\r\nIt will depend on how you look at it, investing to acquire knowledge (requires time) or getting a work done.<br>\r\nIf you are hard press with time, getting it done manually with little automation of repeated task could be<br>\r\nfaster, since you already understand the schema and could copy and paste the annotation texts.<br>\r\n<br>\r\nUnfortunately, there is no tool in the market that can really cut this correctly. DocumentX is advertised as<br>\r\nsupporting XSD documentation but that support is close to useless - in fact, it is part of the reason why <br>\r\nI decided to invest more time in the Sandcastle since it offers a lot of flexibility.</p>\r\n<p>Best regards,<br>\r\nPaul.</p>\r\n",
    "PostedDate": "2008-12-22T07:32:59.24-08:00",
    "UserRole": null,
    "MarkedAsAnswerDate": null
  },
  {
    "Id": "142368",
    "ThreadId": "42814",
    "Html": "Hi, <br>\r\n<br>\r\nWriting your own XSLT tool would certainly be more effort than simply documenting your XSDs manually using MAML, although a tool would be reusable so others would benefit from it if you donated it to the community :)<br>\r\n<br>\r\nBut writing a custom XSLT tool sounds a lot to me like reinventing Sandcastle.  Sandcastle, at its core, is an XSLT tool that generates documentation based on some XML inputs, which could very well be XSD files.  So instead of building your own tool, think about updating an existing Sandcastle presentation style like VS2005 to include new XSLT templates that can transform XSD files into help topics.  GUIs such as DocProject and SHFB could then add support for XSD sources later on, and in the meantime you may be able to use their extensibility features to offer support immediately.<br>\r\n<br>\r\nIf you are sure that you'd like to work on this then please post at the <a href=\"http://www.codeplex.com/sandcastlestyles\">Sandcastle Styles</a> project and we can discuss adding you to the team.<br>\r\n<br>\r\nHere's the basic build process for Sandcastle with some information laced in about what you might need to do to support XSD topics, and note that we may help at the SS project if we can find the time: <br>\r\n<br>\r\n<ol>\r\n    <li>MRefBuilder.exe is used to generate an XML reflection file from assembly inputs (in DocProject you can find the reflection.org file in your project's buildhelp folder).  To support XSD inputs, a custom XSLT file would need to be written that added the necessary information about all of the XSD input files to the reflection file.  What's &quot;necessary&quot; may be up for debate, but at the very least a new &lt;api&gt; element would have to be added under &lt;apis&gt; for each XSD file, and each must have a unique value for the id attribute.  What goes inside could probably be an &lt;apidata&gt; element, with appropriate attributes, and a single &lt;source&gt; element with the full path to the XSD file.</li>\r\n    <li>The build process then creates a build manifest for the BuildAssembler.exe tool.</li>\r\n    <li>Build Assembler is executed.  This tool is responsible for loading the appropriate XML data into memory, structuring it as an XML document and then passing it as input to one or more XSLT files.  (In DocProject you'll find the configuration files for this tool in your project's Help\\Presentation\\Style\\Configuration folder.  But for the sake of being tool agnostic, you should instead update the .config files in Sandcastle's presentation folders)  You will need to add build components to the configuration files to load the XSD input files into the in-memory document before it is processed by the main XSLT (e.g., main_sandcastle.xsl), which is also specified by a build component.  Loading the XSD files could be as simple as adding another CopyFromIndexComponent that expects them to be in a certain directory, in the same way that XML documentation files are loaded (see component marked with <strong>Copy in comments</strong>), or you could probably have it infer the directory based on the value of the &lt;source&gt; element that you previously added to the reflection file (seems to me like the way to go).</li>\r\n    <li>The main XSLT references all shared/utility XSLT files and contains templates that output an HTML topic.  This template would have to be adjusted to handle whether it's currently being used to document an XSD file, as opposed to an API, or you could simply create a custom XSLT file for XSD documentation (preferable) and update the Build Assembler configuration file to choose the appropriate XSLT based on the current reflection element being processed (this is possible using an IfThenComponent that looks for a special apidata <em>group </em>attribute value such as, &quot;xsd&quot;).  Your custom XSLT could then reference the shared/utility XSLT files to include support for things like collapsible headers.</li>\r\n</ol>\r\n<p>I haven't tried nor investigated this myself, so my suggestion are up for discussion.</p>\r\n<p>- Dave</p>\r\n",
    "PostedDate": "2008-12-22T08:06:47.827-08:00",
    "UserRole": null,
    "MarkedAsAnswerDate": null
  },
  {
    "Id": "142775",
    "ThreadId": "42814",
    "Html": "Hi, Dave<br>\r\n<br>\r\nI don't mind donating whatever I'll have done for this XSD problem. <br>\r\n<br>\r\nI agree that it makes sense to integrate a new stuff into existing framework rather than inventing all from the beginning. I know that Sandcastle is an extensible XSLT tool and it is an ideal place to add XSD support to. It is interesting for me to dig into Sandcastle, but I'm afraid I wont have enought time to do the work completely and well enought. Let's see later if I need to join your team. For the time being I expect you provide me some help here in this topic.<br>\r\n<p>I am writing an XSLT what will help me automate my task.  Saying briefly I want to generate elements list looking like the lists in XML references in MSDN. For example, http://msdn.microsoft.com/en-us/library/ms256058.aspx. It requires generating of multiple files (topics): ones for each element plus the topic for the summary list. Lets see what a toptic for a certain element contains:</p>\r\n<p>1. Genaral information about element. It could be taken from standard <strong>xs:annotation</strong></p>\r\n<p>2. Syntax code. It could be generated having an information about attributes.</p>\r\n<p>3. List of attributes.The description for an attribute could be taken from <strong>xs:annotation</strong> for this attribute. Additinal fields like &quot;Optional&quot;, &quot;Default Value&quot; are extractable from the attribute defenition in XSD.</p>\r\n<p>4. Element Information with the lists of posisible parents, possible children, and an information about occurrences. First two lists are easy to retrieve from XSD. &quot;Number of occurrences&quot; is more compicated because there could be very non-trival combinations of &lt;xsd:choice&gt;, &lt;xsd:sequence&gt;, &lt;xsd:all&gt;. &quot;Number of occurrences&quot; could be taken from some custom element in the XSD. </p>\r\n<p>5. Remarks and Examples. Defenetely should be taken from a custom element in the XSD. We could allow fragments of MAML format (or some of some other format) to be inserved into <strong>xs:annotation</strong>.</p>\r\n<p>It is not clear for me yet what intermediate formats we need to have. You talked about &quot;the necessary information about all of the XSD input files&quot;. What should it be? Might it be simply a copy of the source xs:schema?</p>\r\n<p>SelormeyPaul  talked about  developerXmlReference. May we reuse it as one of the intermediate formats?</p>\r\n<p></p>\r\n<p></p>\r\n",
    "PostedDate": "2008-12-24T01:05:42.247-08:00",
    "UserRole": null,
    "MarkedAsAnswerDate": null
  },
  {
    "Id": "142779",
    "ThreadId": "42814",
    "Html": "<p>Hi, Paul</p>\r\n<p>&gt;&gt; The .NET 2.x schema classes support has all you will need even for very complex schema parsing</p>\r\n<p>Yeah, I took a look at them. They appear very useful. It is not a problem to parse XSD with XSLT, I've already have written a XSLT code to extract attributes list and it took 100 lines of XML code. But I'm sure my script will hande every possible schema. Of cource it would be more reliable to use production-quatlity classes than own scripts. I already regret starting to write XSLT. I must have used the classes from the beginning.</p>\r\n<p></p>\r\n",
    "PostedDate": "2008-12-24T01:30:05.76-08:00",
    "UserRole": null,
    "MarkedAsAnswerDate": null
  },
  {
    "Id": "142880",
    "ThreadId": "42814",
    "Html": "Hi, <br>\r\n<br>\r\n<em>&gt; SelormeyPaul  talked about  developerXmlReference. May we reuse it as one of the intermediate formats?<br>\r\n</em><br>\r\nThat's the MAML template for documenting XML schemas.  I have a feeling that Microsoft has people write the XML documentation manually using that MAML template.<br>\r\n<br>\r\n<em>&gt; It is not clear for me yet what intermediate formats we need to have. You talked about &quot;the necessary information about all of the XSD input files&quot;. What should it be? Might it be simply a copy of the source xs:schema?</em><br>\r\n<br>\r\nAs I suggested following my first remark that you cited, &quot;What goes inside could probably be an &lt;apidata&gt; element, with appropriate attributes, and a single &lt;source&gt; element with the full path to the XSD file.&quot;<br>\r\n<br>\r\nI don't think that any new &quot;intermediate formats&quot; must be introduced into the build process.  It's just a matter of including the required information into the reflection.org file so that it can later be used by the XSLT.  That's why I suggested simply using the <strong>apidata</strong> element to set the node as <strong>group=&quot;xsd&quot;</strong> and including a new <strong>&lt;source&gt;</strong> element with the full path to the XSD file.<br>\r\n<br>\r\n<em>&gt; I am writing an XSLT what will help me automate my task [snip]</em><br>\r\n<br>\r\nThanks for the link and the explanation of your requirements.  I agree with most of your sentiments towards automatically retrieving information from schemas for inclusion into help topics.<br>\r\n<br>\r\n<em>&gt; Let's see later if I need to join your team. For the time being I expect you provide me some help here in this topic.<br>\r\n</em><br>\r\nThat's fine, I'll try to answer any questions you may have.<br>\r\n<br>\r\n<em>&gt; I don't mind donating whatever I'll have done for this XSD problem.</em><br>\r\n<br>\r\nThanks, I'm sure I'll use it :)<br>\r\n<br>\r\n- Dave\r\n",
    "PostedDate": "2008-12-24T10:56:45.75-08:00",
    "UserRole": null,
    "MarkedAsAnswerDate": null
  },
  {
    "Id": "219496",
    "ThreadId": "42814",
    "Html": "<p>Did anything ever come of this thread? We're investigating different ways to document an XSD. We're pretty familiar now with Sandcastle, so would like to use that if possible.</p>\r\n<p>&nbsp;</p>\r\n<p>Thanks,</p>\r\n<p>Katy</p>",
    "PostedDate": "2009-08-04T16:10:39.68-07:00",
    "UserRole": null,
    "MarkedAsAnswerDate": null
  },
  {
    "Id": "219512",
    "ThreadId": "42814",
    "Html": "<p>&gt;&gt;<strong>katydalton</strong>: <em>Did anything ever come of this thread</em>?<br>After the initial research, I have not yet started work on this. The Sandcastle official support<br>is not complete/usable in the recent codes checked into the source code&nbsp;repository.</p>\r\n<p>If you use the SHFB, then there is an addin here&nbsp;<a href=\"http://xsddoc.codeplex.com/\">http://xsddoc.codeplex.com/</a>&nbsp;. It is also not as<br>complete as I planned but very useful and may be sufficient for most uses, try it.</p>\r\n<p>Best regards,<br>Paul.</p>",
    "PostedDate": "2009-08-04T18:02:45.347-07:00",
    "UserRole": null,
    "MarkedAsAnswerDate": null
  },
  {
    "Id": "219867",
    "ThreadId": "42814",
    "Html": "<p>Thanks so much Paul! This&nbsp;has worked very well&nbsp;for our needs. Great job.</p>\r\n<p>Katy</p>",
    "PostedDate": "2009-08-05T10:22:37.01-07:00",
    "UserRole": null,
    "MarkedAsAnswerDate": null
  }
]