[
  {
    "Id": "159152",
    "ThreadId": "47529",
    "Html": "Hello,<br>\r\n&nbsp; I ran into a problem with Sandcastle, the details are here: http://www.codeplex.com/Sandcastle/Thread/View.aspx?ThreadId=45760.&nbsp; I was able to clean up many of these errors by filtering more classes out of my documentation.&nbsp; I have a use cases that I cannot solve in this way however.&nbsp; I have a number of internal classes that I use as base classes.&nbsp; I do not consider them to be part of the API.&nbsp; There are classes that are part of the API that inherit from these base classes.&nbsp; When Sandcastle attempts to create the documentation for these public classes it does not find the documentation for the base classes because Sandcastle has filtered that documentation out.&nbsp; I am wandering if there is a way to have Sandcastle ignore these base class references since Sandcastle filtered out those classes documentation?<br>\r\n<br>\r\nPat O \r\n",
    "PostedDate": "2009-02-18T13:40:04.567-08:00",
    "UserRole": null,
    "MarkedAsAnswerDate": null
  },
  {
    "Id": "159238",
    "ThreadId": "47529",
    "Html": "They aren't errors, just warnings that let you know something might be missing.  As such, you can safely ignore them if you know the target won't be found.  As mentioned in the prior thread, if you're using SHFB and want to suppress the warnings, you can use the Additional Reference Links plug-in to include another project that does produce reflection info for just the missing items.  Set the project's link type to None in the plug-in config and the warnings will be suppressed.  See the plug-in's help topic for more info.<br>\r\n<br>\r\nEric<br>\r\n",
    "PostedDate": "2009-02-18T19:07:23.113-08:00",
    "UserRole": null,
    "MarkedAsAnswerDate": null
  }
]