[
  {
    "Id": "849407",
    "ThreadId": "359722",
    "Html": "\r\n<p>Hi all,</p>\r\n<p>I'm new to Sandcastle. Now I'm creating a document that for my .NET Assemblies. After Sandcastle build the Help file, VB is the default language will be selected, but I want to select C# instead.</p>\r\n<p>How can I change the default language tab to C#?</p>\r\n<p>I'm using the latest Sandcastle builder (2.6) with SHFB 1.9.4, vs2010 styles.</p>\r\n<p>Thanks all.</p>\r\n",
    "PostedDate": "2012-06-15T01:08:07.887-07:00",
    "UserRole": null,
    "MarkedAsAnswerDate": null
  },
  {
    "Id": "849656",
    "ThreadId": "359722",
    "Html": "<p>I think that requires a modification to the XSL transformations for the VS2010 style.&nbsp; See this post for details: <a href=\"http://shfb.codeplex.com/discussions/354300\">http://shfb.codeplex.com/discussions/354300</a></p>\r\n<p>Eric</p>\r\n<p>&nbsp;</p>",
    "PostedDate": "2012-06-15T12:49:36.987-07:00",
    "UserRole": null,
    "MarkedAsAnswerDate": null
  },
  {
    "Id": "849755",
    "ThreadId": "359722",
    "Html": "<p>Hi Eric,</p>\r\n<p>I've read that discussion before. But I also want to change C# to default language tab, not only reorder the language tab.</p>\r\n<p>Btw, I'll check these xml file again when I back to work.</p>\r\n<p>Sorry because of my terrible English.</p>",
    "PostedDate": "2012-06-15T22:01:13.93-07:00",
    "UserRole": null,
    "MarkedAsAnswerDate": null
  },
  {
    "Id": "850214",
    "ThreadId": "359722",
    "Html": "<p>I've check all xml file in content folder but I don't find anything seem can change the default language. Hope anyone help me.</p>",
    "PostedDate": "2012-06-18T01:46:57.697-07:00",
    "UserRole": null,
    "MarkedAsAnswerDate": null
  },
  {
    "Id": "915866",
    "ThreadId": "359722",
    "Html": "<p>Hi Eric,</p>\r\n<p>I have the same problem - I can change the tab order - but this just results in \"the second tab is selected\" - or in other words - still VB is default an not (as intended) C#</p>\r\n<p>&nbsp;</p>\r\n<p>Manfred</p>",
    "PostedDate": "2012-09-21T12:20:45.45-07:00",
    "UserRole": null,
    "MarkedAsAnswerDate": null
  },
  {
    "Id": "916423",
    "ThreadId": "359722",
    "Html": "<p>I'll ask Don to see if he knows as he developed the presentation style.&nbsp; I haven't examined it too closely yet so I don't know the answer.</p>\r\n<p>Eric</p>\r\n<p>&nbsp;</p>",
    "PostedDate": "2012-09-23T18:28:11.693-07:00",
    "UserRole": null,
    "MarkedAsAnswerDate": null
  },
  {
    "Id": "920625",
    "ThreadId": "359722",
    "Html": "<p>I have looked into this a bit and found the following in branding.js - onload():</p>\r\n<p>var lang = GetCookie(\"CodeSnippetContainerLang\", \"Visual Basic\");</p>\r\n<p>The default is \"Visual Basic\" - I have search everywhere to see who sets \"CodeSnippetContainerLang\" and cannot find it (in SHFB and Sandcastle).</p>\r\n<p>So, assuming it is not being set, the default will always be VB if the VB tab exists.</p>\r\n<p>Questions - Where does branding.js come from? How can we override this?</p>\r\n<p>&nbsp;</p>",
    "PostedDate": "2012-10-02T07:59:35.497-07:00",
    "UserRole": null,
    "MarkedAsAnswerDate": null
  },
  {
    "Id": "920645",
    "ThreadId": "359722",
    "Html": "<p>In the current release, Branding.js is coming from the dev10.mshc file which is part of the Visual Studio 2010 content installed for Help Viewer.&nbsp; That makes it inaccessible for changes in the current release as the Help Viewer output will always load it from the default branding package.&nbsp; Due to the number of changes I had to make to get the presentation styles working with Help Viewer 2, that is no longer the case in the next release and the script will be part of the normal presentation style and will be easy to modify should the need arise.&nbsp; I'm hoping to get the next release out within a week or so.</p>\r\n<p>Using the default branding package seemed like a good idea but it has proved to be otherwise so I'm getting rid of that method in favor of purely self-branded content like the other presentation styles.&nbsp; There are some remnants of the branding stuff in the next release but only as far as the XSL transformations.&nbsp; The images and scripts are available for modification as part of the general presentation style.&nbsp; A future release will probably get rid of the remaining branding&nbsp;transformations&nbsp;too in favor of merging the processing into the other presentation style transformations.</p>\r\n<p>Eric</p>\r\n<p>&nbsp;</p>",
    "PostedDate": "2012-10-02T08:26:46.243-07:00",
    "UserRole": null,
    "MarkedAsAnswerDate": null
  },
  {
    "Id": "920823",
    "ThreadId": "359722",
    "Html": "<p>Awesome.&nbsp; Thanks, as always, for the quick reply.</p>\r\n<p>Scott</p>",
    "PostedDate": "2012-10-02T12:55:16.503-07:00",
    "UserRole": null,
    "MarkedAsAnswerDate": null
  },
  {
    "Id": "920845",
    "ThreadId": "359722",
    "Html": "<p>I confirmed my theory about the default tab.</p>\r\n<p>1) The \"CodeSnippetContainerLang\" cookie is not being set</p>\r\n<p>2) The default of \"Visual Basic\" is being used</p>\r\n<p>3) If you unzip dev10.mshc, edit branding.js, and set the following on line 13:</p>\r\n<p>var lang = GetCookie(\"CodeSnippetContainerLang\", \"C#\");</p>\r\n<p>4) Save the ZIP and rebuild your help file</p>\r\n<p>Then C# will be the default-selected tab on code examples.</p>\r\n<p>Like you don't have enough to do, Eric...but can we implement the \"CodeSnippetContainerLang\" cookie so people don't have to edit a JS file for this feature?</p>\r\n<p>There is&nbsp;similar thread in shfb.codeplex.com...</p>\r\n<p><a href=\"http://shfb.codeplex.com/discussions/354300\">http://shfb.codeplex.com/discussions/354300</a></p>\r\n<p>Let me know which one we should be using.</p>\r\n<p>FYI and thanks!</p>\r\n<p>Scott</p>",
    "PostedDate": "2012-10-02T13:22:41.573-07:00",
    "UserRole": null,
    "MarkedAsAnswerDate": null
  },
  {
    "Id": "921456",
    "ThreadId": "359722",
    "Html": "<p>Keeping the discussion here is fine since it is Sandcastle presentation style related.&nbsp; I've changed the default tab order and made C# the default tab since it's first and this matches MSDN's behavior.&nbsp; With regard to changing the preferences, the files are accessible in the next release and changing the order requires a change to the transformation so if you also want to change the default, a minor change to the script shouldn't be too hard to handle.&nbsp; I'm going to go out on a limb and say that most people either won't care or will want to match the MSDN behavior so trying to add options to allow such customization via the build is probably more effort than it's worth.</p>\r\n<p>Eric</p>\r\n<p>&nbsp;</p>",
    "PostedDate": "2012-10-03T12:29:32.283-07:00",
    "UserRole": null,
    "MarkedAsAnswerDate": null
  },
  {
    "Id": "921460",
    "ThreadId": "359722",
    "Html": "<p>Fair enough....and thank you!</p>\r\n<p>It is important to us because we have mostly C# developers but some VB (that is why I provide VB examples).</p>\r\n<p>However, C# being first/default is really convenient.</p>\r\n<p>Looking forward to the next release.</p>\r\n<p>Thanks, Eric.</p>",
    "PostedDate": "2012-10-03T12:33:02.537-07:00",
    "UserRole": null,
    "MarkedAsAnswerDate": null
  },
  {
    "Id": "921617",
    "ThreadId": "359722",
    "Html": "<p>Thank you for an awesome release, Eric</p>",
    "PostedDate": "2012-10-03T19:05:07.127-07:00",
    "UserRole": null,
    "MarkedAsAnswerDate": null
  }
]