[
  {
    "Id": "455335",
    "ThreadId": "215993",
    "Html": "Hello, \r\n\r\nI am fairly new at using Sandcastle. That said, I have come across an issue that maybe someone can help me with. We are using Sandcastle that was released in January 2008.\r\n\r\nHere's a description of the problem:\r\n\r\nIn the TOC of our help file, all methods that are overloaded with a Messages variable show up with a extra space. For example, after we have compiled our help file, our TOC looks like:\r\n\r\n<p>-Document Methods<br>\r\n&nbsp;&nbsp;-Print Method<br>\r\n&nbsp;&nbsp;&nbsp;&nbsp;&nbsp;&nbsp;Print Method<br>\r\n&nbsp;&nbsp;&nbsp;&nbsp;&nbsp;&nbsp;Print Method (String)<br>\r\n&nbsp;&nbsp;&nbsp;&nbsp;&nbsp;&nbsp;Print Method (String, Int32)<br>\r\n&nbsp;&nbsp;&nbsp;&nbsp;&nbsp;&nbsp;Print Method (String, Int32, _____________Messages _____________)</p>\r\n\r\n<p>Where _________ is extra space on either side of the Messages attribute.\r\n\r\nThe source code for defining the Print method is:\r\n\r\n<p>public Result Print(string firstString, int firstInt, out Messages messages)<br>\r\n{\r\n<br>&nbsp;&nbsp;//Code goes here<br>\r\n}\r\n\r\n<p>Does anyone know how to keep the extra spaces out of the TOC listing for this?\r\n\r\nAny help would be much appreciated!\r\n\r\n<p>Thanks,\r\n\r\nJI",
    "PostedDate": "2010-06-14T11:38:01.813-07:00",
    "UserRole": null,
    "MarkedAsAnswerDate": null
  },
  {
    "Id": "455355",
    "ThreadId": "215993",
    "Html": "<p>I don't recall ever seeing that issue reported before and haven't ran into it myself.&nbsp; There is a May 2008 release available.&nbsp; Have you tried that&nbsp;to see if the same problem exists?</p>\r\n<p>Eric</p>\r\n<p>&nbsp;</p>",
    "PostedDate": "2010-06-14T12:26:57.53-07:00",
    "UserRole": null,
    "MarkedAsAnswerDate": null
  }
]