[
  {
    "Id": "692515",
    "ThreadId": "277991",
    "Html": "\r\n<p>I realize that this might be an unreasonable request, but is there any chance that Sandcastle will work with DLLs generated under Windows 8 with .NET 4.5 and the new beta version of Visual Studio?</p>\r\n<p>We are doing some protoyping on Windows 8 and we would like to generate an API reference.</p>\r\n<p>Trevor</p>\r\n<p>&nbsp;</p>\r\n",
    "PostedDate": "2011-11-01T21:23:11.613-07:00",
    "UserRole": null,
    "MarkedAsAnswerDate": null
  },
  {
    "Id": "692522",
    "ThreadId": "277991",
    "Html": "<p>&gt;&gt;<strong>Trevor</strong>:&nbsp;<em>is there any chance that Sandcastle&nbsp;will work with DLLs generated under Windows 8 with .NET 4.5</em></p>\r\n<p>If you are looking for the possibility, then the simple answer is Yes. Some of the things you will need to do...</p>\r\n<p>1. If you need links resolved to MSDN (wonder if there is .NET 4.5 online), you will have to generate the reflection database<br />2. Teach Sandcastle how to access the .NET 4.5 assemblies.&nbsp;<br />3. Etc. (cannot tell until actually tested).</p>\r\n<p>Best regards,<br />Paul.&nbsp;</p>",
    "PostedDate": "2011-11-01T21:50:28.38-07:00",
    "UserRole": null,
    "MarkedAsAnswerDate": null
  },
  {
    "Id": "692918",
    "ThreadId": "277991",
    "Html": "<p>If it's just for prototyping and you don't mind any new framework&nbsp;class members not getting resolved to links to the online MSDN help, rebuilding the Sandcastle reflection database isn't really necessary.&nbsp; You may need to add the new framework version to the C:\\Program Files (x86)\\Sandcastle\\ProductionTools\\MRefBuilder.exe.config file.&nbsp; Just add a new supportedRuntime element as the first entry with the latest framework version number that matches the 4.5 framework folder name in C:\\Windows\\Microsoft.NET\\Framework.</p>\r\n<p>If you're using the Sandcastle Help File Builder, select the version number in the project's FrameworkVersion property and it should work okay.&nbsp; The standalone GUI for SHFB should work as expected.&nbsp; I can't say for sure whether the SHFB VS Package will install or not.&nbsp; My guess is probably not&nbsp;since the VSIX installer limits it to known VS 2010 versions.</p>\r\n<p>Eric</p>\r\n<p>&nbsp;</p>",
    "PostedDate": "2011-11-02T12:33:56.833-07:00",
    "UserRole": null,
    "MarkedAsAnswerDate": null
  },
  {
    "Id": "693684",
    "ThreadId": "277991",
    "Html": "<p>Sorry, I should have tried this before asking the question. It turns out that .NET 4.5 masquerades as 4.0. So you can just tell Sandcastle that it is 4.0 and it all seems to work.</p>\r\n<p>There might be some missing Framework references, but I don't care about that. I just wanted to be able to see the entire Namespace with all the Properties and Methods because it is an easy way to view it. It also helps to pick up missing documentation headers.</p>\r\n<p>Thanks for the prompt feedback.</p>\r\n<p>Trevor</p>\r\n<p>&nbsp;</p>",
    "PostedDate": "2011-11-03T21:26:22.213-07:00",
    "UserRole": null,
    "MarkedAsAnswerDate": null
  }
]