[
  {
    "Id": "143535",
    "ThreadId": "43192",
    "Html": "How can I create a link to the overloads page containing a list of the overloaded methods? I tried the solution described in <a href=\"http://www.codeplex.com/Sandcastle/Thread/View.aspx?ThreadId=22348\">http://www.codeplex.com/Sandcastle/Thread/View.aspx?ThreadId=22348</a>, and it almost works, it's just that it doesn't produce a link but a non-clickable text in bold with the method name. How can I turn this into a link? Or is there another method that is more applicable?<br>\r\n",
    "PostedDate": "2008-12-30T08:54:19.537-08:00",
    "UserRole": null,
    "MarkedAsAnswerDate": null
  },
  {
    "Id": "143547",
    "ThreadId": "43192",
    "Html": "Turned out the solution in the link actually worked. I had just forgotten to specify the fully qualified name of the method (including namespaces), when I did that everything worked as a charm! :)<br>\r\n",
    "PostedDate": "2008-12-30T09:39:23.833-08:00",
    "UserRole": null,
    "MarkedAsAnswerDate": null
  }
]