[
  {
    "Id": "615850",
    "ThreadId": "258388",
    "Html": "\r\n<p>A very disappointing development...it seems MS is now including adverts in the MSDN library.</p>\r\n<p><a href=\"http://msdn.microsoft.com/en-us/library/fx6bk1f4.aspx\">http://msdn.microsoft.com/en-us/library/fx6bk1f4.aspx</a></p>\r\n<p>Are we going to include advert filters in our help files that link to the MS API references?</p>\r\n<p>Best regards,<br>\r\nPaul.&nbsp;</p>\r\n",
    "PostedDate": "2011-05-20T06:43:25.817-07:00",
    "UserRole": null,
    "MarkedAsAnswerDate": null
  }
]