[
  {
    "Id": "122467",
    "ThreadId": "36920",
    "Html": "Is there an easy way to ignore code in classes with the &quot;<span style=\"font-size:13px\">System.CodeDom.Compiler.</span><span style=\"font-size:13px;color:#2b91af\"><span style=\"font-size:13px;color:#2b91af\">GeneratedCodeAttribute</span></span>&quot; attribute specified on them?&nbsp; I don't want the comments for generated code appearing in my CHM file.\r\n",
    "PostedDate": "2008-10-02T12:43:19.433-07:00",
    "UserRole": null,
    "MarkedAsAnswerDate": null
  },
  {
    "Id": "122516",
    "ThreadId": "36920",
    "Html": "Hi, <br>\r\n<br>\r\nI don't think Sandastle provides a feature that filters APIs by their attributes.<br>\r\n<br>\r\nYou could probably filter topics by their&nbsp;attributes in <a href=\"http://codeplex.com/DocProject\">DocProject</a> if you write a custom dynamic filter, but I haven't tried that myself.&nbsp; I'll try to create one and post it here if you're interested.<br>\r\n<br>\r\nI'm not sure if it's possible in&nbsp;<a href=\"http://codeplex.com/SHFB\">Sandcastle Help File Builder</a> but that's probably worth looking into as well.<br>\r\n<br>\r\n- Dave\r\n",
    "PostedDate": "2008-10-02T15:26:53.407-07:00",
    "UserRole": null,
    "MarkedAsAnswerDate": null
  },
  {
    "Id": "122550",
    "ThreadId": "36920",
    "Html": "There isn't a way in the current release of SHFB but I've got a plug-in that someone else wrote that I'll be adding that may allow it.&nbsp; It allows removing items using XPath queries.&nbsp; I've sent it to a couple of people but haven't had a chance to do much with it yet myself.&nbsp; I plan on adding it to the next release.&nbsp; If you're using SHFB and would like to try it, e-mail me and I can send it to you.<br>\r\n<br>\r\nEric<br>\r\n",
    "PostedDate": "2008-10-02T18:46:11.027-07:00",
    "UserRole": null,
    "MarkedAsAnswerDate": null
  }
]