[
  {
    "Id": "925796",
    "ThreadId": "399115",
    "Html": "\r\n<p>&nbsp;I would like to know if its possible to automatically install local help files created in sandcastle into microsoft help viewer 1.1 while installing an SDK into visual studio. SDK's installer should automatically install the help files. &nbsp;Thank\r\n you.</p>\r\n",
    "PostedDate": "2012-10-12T06:26:27.39-07:00",
    "UserRole": null,
    "MarkedAsAnswerDate": null
  },
  {
    "Id": "925954",
    "ThreadId": "399115",
    "Html": "<p>If you want to do it silently, your help files need to be digitally signed cabinet files.&nbsp; I have instructions on how to accomplish that that I can e-mail you.</p>\r\n<p>Also, please post all future messages in the <a title=\"SHFB\" href=\"http://SHFB.CodePlex.com\" target=\"_blank\">Sandcastle Help File Builder</a> discussion page.&nbsp; This project has been closed and may not be monitored as frequently anymore.</p>\r\n<p>Eric</p>",
    "PostedDate": "2012-10-12T11:55:47.137-07:00",
    "UserRole": null,
    "MarkedAsAnswerDate": null
  },
  {
    "Id": "925975",
    "ThreadId": "399115",
    "Html": "<p>Hello Eric,</p>\r\n<p>&nbsp;That would be great Eric please Email me the instructions. And from now i will be posting on the above link. Thank you</p>",
    "PostedDate": "2012-10-12T12:42:58.943-07:00",
    "UserRole": null,
    "MarkedAsAnswerDate": null
  }
]