[
  {
    "Id": "178071",
    "ThreadId": "52945",
    "Html": "Hello ... I seemed to have discovered two tools that perform the same task:<br>              Sandcastle is one; Ndoc the other.  I think both are free but am not sure about that.<br><br>Any reason to use one instead of the other?<br><br>What are the pros and cons of each?<br><br>Does anyone use both for whatever each is best at?<br><br>Thank you.<br><br>Gerry<br><br>P.S.:  I'm using vs2008 Pro and .Net 3.5 and ASP.NET MVC v1.0.<br><br><br>",
    "PostedDate": "2009-04-10T16:14:54.073-07:00",
    "UserRole": null,
    "MarkedAsAnswerDate": null
  },
  {
    "Id": "188051",
    "ThreadId": "52945",
    "Html": "<p>Is there an NDoc version for .Net 3.5?</p>",
    "PostedDate": "2009-05-08T03:07:12.997-07:00",
    "UserRole": null,
    "MarkedAsAnswerDate": null
  },
  {
    "Id": "188152",
    "ThreadId": "52945",
    "Html": "<p>There's&nbsp;an NDoc version for .NET 2.0 floating around out there somewhere.&nbsp; Google could probably help you find a copy.&nbsp; Since .NET 3.5 is built on top of .NET 2.0, it would most likely work with .NET 3.5 assemblies.&nbsp; However, getting support for NDoc if you do run into problems could prove difficult.&nbsp; I think you'll find that support for Sandcastle and the various community tools related to it is much better.</p>\r\n<p>Eric</p>\r\n<p>&nbsp;</p>\r\n<p>&nbsp;</p>",
    "PostedDate": "2009-05-08T08:04:57.16-07:00",
    "UserRole": null,
    "MarkedAsAnswerDate": null
  },
  {
    "Id": "188228",
    "ThreadId": "52945",
    "Html": "<p>I know only this one:</p>\r\n<p>http://www.kynosarges.de/NDoc.html</p>\r\n<p>&nbsp;</p>\r\n<p>But this doesn't work with .Net 3.5.</p>",
    "PostedDate": "2009-05-08T11:01:25.977-07:00",
    "UserRole": null,
    "MarkedAsAnswerDate": null
  },
  {
    "Id": "189225",
    "ThreadId": "52945",
    "Html": "<p>I'd rather not use NDoc for new projects - NET 2.0 support is completely unofficial (especially generics are not supported really well) and the code is basically unmaintained. While the complexity of sandcastle may be a bit overwhelming, I think it's the much better choice, especiall combined with tools like SHFB.</p>",
    "PostedDate": "2009-05-12T04:46:36.91-07:00",
    "UserRole": null,
    "MarkedAsAnswerDate": null
  }
]