[
  {
    "Id": "89377",
    "ThreadId": "26714",
    "Html": "\r\nWe're using Microsoft Research F# and we'd like to use Sandcastle to generate the documentation. Are there any plans to have an option in Sandcastle to display type names etc. in F# syntax rather than C# syntax?<br />",
    "PostedDate": "2008-04-28T08:16:05.91-07:00",
    "UserRole": null,
    "MarkedAsAnswerDate": null
  },
  {
    "Id": "89512",
    "ThreadId": "26714",
    "Html": "<br /><div class=\"quote\" style=\"border: dotted .1em #aaa; border-left: none; border-right: none; font-style: italic; margin: 1em 0em 2.5em 3em;padding: .2em;\"><br />dcrocker wrote:<br />We're using Microsoft Research F# and we'd like to use Sandcastle to generate the documentation. Are there any plans to have an option in Sandcastle to display type names etc. in F# syntax rather than C# syntax?<br /><br /></div><br />Yes we would Like to have Sandcastle document F#. From what I understand F# compiler also produces XHTML documentation. I am checking on this.<br /><br />Anand..<br />Group Manager, Microsoft.<br />",
    "PostedDate": "2008-04-28T21:34:32-07:00",
    "UserRole": null,
    "MarkedAsAnswerDate": null
  },
  {
    "Id": "89545",
    "ThreadId": "26714",
    "Html": "\r\nWow! welcome back, managed to clear the loads? <br />When do we see the next version? (you know we are expecting it, right!!!)<br /><br />Best regards,<br />Paul.<br />",
    "PostedDate": "2008-04-29T01:47:17.937-07:00",
    "UserRole": null,
    "MarkedAsAnswerDate": null
  },
  {
    "Id": "89789",
    "ThreadId": "26714",
    "Html": "<br /><div class=\"quote\" style=\"border: dotted .1em #aaa; border-left: none; border-right: none; font-style: italic; margin: 1em 0em 2.5em 3em;padding: .2em;\"><br />SelormeyPaul wrote:<br />Wow! welcome back, managed to clear the loads? <br />When do we see the next version? (you know we are expecting it, right!!!)<br /><br />Best regards,<br />Paul.<br /><br /></div><br />Hi Paul,<br />Still working on my new responsibilities. I was hoping to release a new version this week. However this is going to be delayed as I am in training until next week.<br />I am going through various management training that is mandatory for Microsoft managers.<br />Yes I am aware that you are all expecting!<br /><br />Anand..<br />",
    "PostedDate": "2008-04-29T22:59:26.83-07:00",
    "UserRole": null,
    "MarkedAsAnswerDate": null
  }
]