[
  {
    "Id": "470999",
    "ThreadId": "220739",
    "Html": "<p>For a few years I have been successfully building CHM documentation using the Prototype style with some customizations including my custom ReflectionToChmIndex.xsl transformation. Why: CHM indexes generated by default can be slightly improved. In particular I managed to avoid annoying entries with same names (e.g. methods Add in several classes) that are difficult to resolve for a user of CHM - a help viewer only shows silly modal dialogs with several absolutely identical entries to choose from.</p>\r\n<p>I decided to switch to VS2005 style. Basically everything is fine. But my custom ReflectionToChmIndex.xsl apparently is not called in this scenario and the result CHM indexes have mentioned annoying flaws.</p>\r\n<p>I have found why it happens in the script scbuild.ps1: ReflectionToChmIndex.xsl is used there only for the Prototype style:</p>\r\n<p>----- 8&lt; -----<br>function CreateChmProject {<br>...<br>if ($Style -eq &quot;prototype&quot;) {<br>&amp;$XslTransform $TempDir\\ReflectionData\\targets.xml `<br>/xsl:$DxRoot\\ProductionTransforms\\ReflectionToChmIndex.xsl `<br>/out:&quot;$TempDir\\chm\\$($Name).hhk&quot;<br>}<br>...<br>----- 8&lt; -----</p>\r\n<p>Some questions:<br>1) Is it OK if I use the same way for VS2005? (I changed scbuild.ps1 and it looks working fine for VS2005, too, but this way is hacky, indeed).<br>2) If it is OK, can this option be provided by the script in the version next?<br>3) Is there some official way to customize CHM indexes during build of VS2005 style docs now?</p>\r\n<p>--<br>Thanks,<br>Roman</p>",
    "PostedDate": "2010-07-22T05:51:03.6-07:00",
    "UserRole": null,
    "MarkedAsAnswerDate": null
  },
  {
    "Id": "471087",
    "ThreadId": "220739",
    "Html": "<p>The ChmBuilder.exe tool is responsible for generating the Help 1 index file.&nbsp; I'm not sure why the transformation is used for the Prototype style.&nbsp; The Prototype style has been deprecated so it could be that the code to run the transformation is just left over and wasn't removed when they updated&nbsp;the script&nbsp;to use the new tool.&nbsp; If it works for you, you can leave it in so that it overrides the ChmBuilder.exe output.</p>\r\n<p>Eric</p>\r\n<p>&nbsp;</p>",
    "PostedDate": "2010-07-22T08:42:27.677-07:00",
    "UserRole": null,
    "MarkedAsAnswerDate": null
  },
  {
    "Id": "471117",
    "ThreadId": "220739",
    "Html": "<p>Eric,</p>\r\n<p>Thank you for your replay. So it looks like the new tool makes customization of indexes impossible. It would be nice if it or the infrastructure provides some options on how indexes should look like. So far I am aware of the only index defect &ndash; multiple indexes with same names. I solved the problem by adding class/struct names to member names: that is, instead of index items &ldquo;Add method&rdquo; I tell to make &ldquo;Add method, Class1&rdquo;, &ldquo;Add method, Class2&rdquo;, and etc. But this is only possible now with use of a transformation file (obsolete way).</p>\r\n<p>If ChmBuilder.exe could do that itself (optionally, indeed) that would be very convenient. For example this can be configurable via reference_content.xml (or something), for example:</p>\r\n<p>How it is done for &ldquo;locationInformation&rdquo;:<br>&nbsp;&lt;item id=&quot;locationInformation&quot;&gt;Assembly: {0} (Module: {1})&lt;/item&gt;</p>\r\n<p>How it can be done for indexes:</p>\r\n<p>Default (just like it is now):<br>&nbsp;&lt;item id=&quot;chmIndex&quot;&gt;{0} {1}&lt;/item&gt;<br>, where {0} is for a member name, {1} is for a member kind (method/property/field)</p>\r\n<p>Customized (with some more parameters {i}, {j}, .. documented):<br>&nbsp;&lt;item id=&quot;chmIndex&quot;&gt;{0} {1}, {2}.{3}&lt;/item&gt;<br>, where, say, {2} is for a namespace, {3} is for a type name.</p>\r\n<p>Having this information available, ChmBuilder.exe can produce indexes in a way specified by a user.</p>\r\n<p>--<br>Roman</p>",
    "PostedDate": "2010-07-22T10:06:03.3-07:00",
    "UserRole": null,
    "MarkedAsAnswerDate": null
  },
  {
    "Id": "471127",
    "ThreadId": "220739",
    "Html": "<p>ChmBuilder uses the index metadata from the topics to generate the index file.&nbsp; They are written to the MSHelp:Keyword attributes (Index=&quot;K&quot;) by the metadataHelp20.xsl Sandcastle transformation.&nbsp; As such, you may be able to modify that transformation file&nbsp;so that it outputs the value that you want.</p>\r\n<p>Eric</p>\r\n<p>&nbsp;</p>",
    "PostedDate": "2010-07-22T10:27:52.13-07:00",
    "UserRole": null,
    "MarkedAsAnswerDate": null
  },
  {
    "Id": "471148",
    "ThreadId": "220739",
    "Html": "<p>It&rsquo;s good news, thank you. I&rsquo;ll try (though this file so far looks very cryptic to me, I am not an expert in xsl in any way).</p>\r\n<p>&nbsp;</p>\r\n<p>BTW, I have just found that what I proposed (rather naively) is almost there, in reference_content.xml we have (for example for methods):</p>\r\n<p>&lt;item id=&quot;methodIndexEntry&quot;&gt;{0} method&lt;/item&gt;</p>\r\n<p>I tried to change it, say, adding XYZ:</p>\r\n<p>&lt;item id=&quot;methodIndexEntry&quot;&gt;{0} method XYZ&lt;/item&gt;</p>\r\n<p>and this worked, indexes have got &quot;XYZ&quot; added.</p>\r\n<p>I also tried {1} (who knows, maybe?):</p>\r\n<p>&lt;item id=&quot;methodIndexEntry&quot;&gt;{0} method, {1}&lt;/item&gt;</p>\r\n<p>and it failed to build...</p>",
    "PostedDate": "2010-07-22T11:18:31.76-07:00",
    "UserRole": null,
    "MarkedAsAnswerDate": null
  },
  {
    "Id": "471159",
    "ThreadId": "220739",
    "Html": "<p>As for my hack with use of ReflectionToChmIndex.xsl for VS2005, the outcome hhk file is different in a few ways (not only my customizations), so that it is not&nbsp;quite good to be used as a workaround.</p>",
    "PostedDate": "2010-07-22T11:47:20.453-07:00",
    "UserRole": null,
    "MarkedAsAnswerDate": null
  },
  {
    "Id": "471180",
    "ThreadId": "220739",
    "Html": "<p>Adding a parameter to the resource item requires that the parameter value&nbsp;be added in the XSL transformation too.&nbsp; If you can find the place where it uses the methodIndexEntry item, you could possibly add the extra parameter.&nbsp; It's most likely one of the item specific sections of the transformation so you won't find the name exactly, just the &quot;IndexEntry&quot; suffix being concatenated on the end of a variable.</p>\r\n<p>Eric</p>\r\n<p>&nbsp;</p>",
    "PostedDate": "2010-07-22T12:24:33.443-07:00",
    "UserRole": null,
    "MarkedAsAnswerDate": null
  },
  {
    "Id": "471466",
    "ThreadId": "220739",
    "Html": "<p>Eric,<br>Thank you for your help, I really appreciate it.</p>\r\n<p>I tried and gave up after a while; it goes too far for my goals. I&rsquo;ll stay with one of my previous approaches.</p>\r\n<p>I hope Sandcastle will provide some kind of CHM index customization in the future versions. Or even better it will not produce CHM indexes with same names because CHM viewer is simply not well designed for this scenario.</p>",
    "PostedDate": "2010-07-23T03:05:33.39-07:00",
    "UserRole": null,
    "MarkedAsAnswerDate": null
  },
  {
    "Id": "471674",
    "ThreadId": "220739",
    "Html": "<p>For those who are interested: in my custom ReflectionToChmIndex.xsl I replaced these lines:</p>\r\n<p>&lt;xsl:template match=&quot;api[apidata/@group='member' and topicdata/@notopic !='']&quot; &gt;<br>&lt;xsl:variable name=&quot;type&quot; select=&quot;key('index',containers/type/@api)&quot; /&gt;<br>&lt;xsl:if test=&quot;not(apidata/@subgroup='constructor')&quot;&gt;<br>&lt;xsl:call-template name=&quot;createIndexEntry&quot;&gt;<br>&lt;xsl:with-param name=&quot;text&quot;&gt;<br>&lt;xsl:value-of select=&quot;concat(apidata/@name,' ',apidata/@subgroup)&quot; /&gt;</p>\r\n<p>with</p>\r\n<p>&lt;xsl:template match=&quot;api[apidata/@group='member' and not(topicdata/@notopic)]&quot; &gt;<br>&lt;xsl:variable name=&quot;type&quot; select=&quot;key('index',containers/type/@api)&quot; /&gt;<br>&lt;xsl:if test=&quot;not(apidata/@subgroup='constructor')&quot;&gt;<br>&lt;xsl:call-template name=&quot;createIndexEntry&quot;&gt;<br>&lt;xsl:with-param name=&quot;text&quot;&gt;<br>&lt;xsl:value-of select=&quot;concat(apidata/@name,' ',apidata/@subgroup,', ',substring($type/@id,3))&quot; /&gt;</p>\r\n<p>As a result, I got member indexes included (in the original version members are not included, a bug, perhaps, it's unlikely by design) and in most cases there are no indexes with same names. Namely, I have &quot;SomeCommonName method, Namespace.Class&quot; with different Namespace.Class instead of multiple &quot;SomeCommonName method&quot; entries.</p>",
    "PostedDate": "2010-07-23T09:07:17.357-07:00",
    "UserRole": null,
    "MarkedAsAnswerDate": null
  },
  {
    "Id": "472739",
    "ThreadId": "220739",
    "Html": "<p>I was able to fix the problem with creating unique names for the index by changing the following&nbsp;section within the topicTitlePlain template in utilities_reference.xls (line 522)&nbsp;from</p>\r\n<p>&lt;xsl:call-template name=&quot;shortNamePlain&quot;&gt;<br>&nbsp; &lt;xsl:with-param name=&quot;qualifyMembers&quot; select=&quot;$qualifyMembers&quot; /&gt;<br>&lt;/xsl:call-template&gt;</p>\r\n<p>to</p>\r\n<p><br>&lt;xsl:call-template name=&quot;shortNamePlain&quot;&gt;<br>&nbsp; &lt;xsl:with-param name=&quot;qualifyMembers&quot; select=&quot;true()&quot; /&gt;&nbsp;&lt;!-- MODIFIED: Support more meaningful names in 'topics found' dialog. --&gt;<br>&lt;/xsl:call-template&gt;</p>",
    "PostedDate": "2010-07-26T10:18:28.383-07:00",
    "UserRole": null,
    "MarkedAsAnswerDate": null
  },
  {
    "Id": "473092",
    "ThreadId": "220739",
    "Html": "<p>dwhearn,</p>\r\n<p>I tried your solution and it worked just fine. I like it. Though it still takes more clicks to get to the target in cases of duplicated names, the solution is simpler and it preserves index structure produced by ChmBuilder.exe which is better for VS2005 style than produced by ReflectionToChmIndex.xsl.</p>\r\n<p>Thanks,<br>Roman</p>",
    "PostedDate": "2010-07-27T03:20:23.07-07:00",
    "UserRole": null,
    "MarkedAsAnswerDate": null
  }
]