[
  {
    "Id": "703474",
    "ThreadId": "280858",
    "Html": "\r\n<p>I have been searching without success how to integrate the documentation produced by SandCastle directly in Visual Studio to be able to use the F1 Key with my own classes, methods, enumerations and so on.</p>\r\n<p>&nbsp;</p>\r\n<p>I have produced the documentation successfuly bu i need to know the following step to be used with VS 2008 or VS 2010.</p>\r\n<p>It is necessary to use HTMLHelp 2.x format when compiling the help files ?</p>\r\n<p>Thanks a lot.</p>\r\n",
    "PostedDate": "2011-11-25T11:58:22.91-08:00",
    "UserRole": null,
    "MarkedAsAnswerDate": null
  },
  {
    "Id": "703481",
    "ThreadId": "280858",
    "Html": "<p>If producing a help file for VS 2008, you need to use the Help 2 format.&nbsp; For VS 2010, use the MS Help Viewer format.&nbsp; Installing Help 2 files is more cumbersome than MS Help Viewer but there are tools to help such as <a title=\"H2Reg\" href=\"http://www.helpware.net/mshelp2/h2reg.htm\" target=\"_blank\">H2Reg.exe</a> by HelpWare.&nbsp; MS Help Viewer files can be installed manually using the Help Manager tool that comes with Visual Studio.&nbsp; If using the Sandcastle Help File Builder, it provides a utility for MS Help Viewer as well as scripts produced with the built help files for both Help 2 and MS Help Viewer for installing and removing the help files.&nbsp; See the following topics in the SHFB help file for more information:</p>\r\n<p><a title=\"Deploying Help 2\" href=\"http://www.ewoodruff.us/shfbdocs/Index.aspx?topic=html/68a2fa4e-c6de-47ed-a9a6-60cc6ef01df4.htm\" target=\"_blank\">Deploying an MS Help 2 File</a></p>\r\n<p><a title=\"Deploying MS Help Viewer\" href=\"http://www.ewoodruff.us/shfbdocs/Index.aspx?topic=html/4baf93f2-f395-4281-b7ef-bfe6c878a4d7.htm\" target=\"_blank\">Deploying an MS Help Viewer File</a></p>\r\n<p><a title=\"Help Library Manager Launcher\" href=\"http://www.ewoodruff.us/shfbdocs/Index.aspx?topic=html/534c4ff1-3bba-4431-a3a6-76dcb2d374f8.htm\" target=\"_blank\">Help Library Manager Launcher Utility</a></p>\r\n<p>Eric</p>\r\n<p>&nbsp;</p>",
    "PostedDate": "2011-11-25T12:26:02.61-08:00",
    "UserRole": null,
    "MarkedAsAnswerDate": null
  },
  {
    "Id": "704175",
    "ThreadId": "280858",
    "Html": "<p>Thank you very much.</p>\r\n<p>I will try with both (VS2008 and VS2010) and i will reply you if a get any issue.</p>\r\n<p>&nbsp;</p>\r\n<p>Have a nice day.</p>\r\n<p>DIEGO IVAN.</p>",
    "PostedDate": "2011-11-28T06:33:41.09-08:00",
    "UserRole": null,
    "MarkedAsAnswerDate": null
  },
  {
    "Id": "709268",
    "ThreadId": "280858",
    "Html": "<p>Hi.</p>\r\n<p>I was able to reproduce your procedure succesfully with visual studio 2008.&nbsp; Thanks a lot.</p>\r\n<p>&nbsp;</p>\r\n<p>I just have another question. In this line of code:</p>\r\n<p><span style=\"color: #2b91af;\"><span style=\"color: #2b91af;\">\r\n<p>MathematicalOperations myFirstOperations = <span style=\"color: #0000ff;\">new</span> <span style=\"color: #2b91af;\">MathematicalOperations</span>();</p>\r\n</span></span></p>\r\n<p><span style=\"color: #000000;\">If i use F1 over <span style=\"text-decoration: underline;\">MathematicalOperations</span> (at the left) i get the fancy help produced by Sandcastle.</span></p>\r\n<p><span style=\"color: #2b91af;\"><span style=\"color: #2b91af;\"><span style=\"color: #000000;\">﻿</span></span></span><span style=\"color: #000000;\">But if i use F1 over MathematicalOperations() (at the right) i get \"Information not found\"</span></p>\r\n<p><span style=\"color: #000000;\"><span style=\"color: #2b91af;\"><span style=\"color: #2b91af;\">﻿</span></span>Is it the expected behaviour ? or may i have missed some step ?</span></p>\r\n<p><span style=\"color: #000000;\"><span style=\"color: #2b91af;\"><span style=\"color: #2b91af;\">﻿</span></span>Thanks and have a nice day.</span></p>",
    "PostedDate": "2011-12-08T05:14:52.86-08:00",
    "UserRole": null,
    "MarkedAsAnswerDate": null
  }
]