[
  {
    "Id": "126429",
    "ThreadId": "38112",
    "Html": "The release is available from&nbsp;<a href=\"http://www.codeplex.com/SHFB/Release/ProjectReleases.aspx?ReleaseId=14396\">http://www.codeplex.com/SHFB/Release/ProjectReleases.aspx?ReleaseId=14396</a>.<br>\r\n<br>\r\nThe main goal of this release was to rework the help file builder project file format and build engine to ready them for use in a Visual Studio package that will provide full Visual Studio integration in a future release. This resulted in a number of major changes.<br>\r\n<br>\r\nBe sure to read the <a class=externalLink href=\"http://www.ewoodruff.us/shfbdocs/Index.aspx?topic=html/5a484e94-6940-4c97-940c-3f46fb8736d2.htm\"><span style=\"color:#3e62a6\">Version History<span class=externalLinkIcon></span></span></a> as projects from prior versions will require conversion to the new MSBuild project format and the standalone GUI has undergone a major revision as well. See the topics in the <a class=externalLink href=\"http://www.ewoodruff.us/shfbdocs/Index.aspx?topic=html/b772e00e-1705-4062-adb6-774826ce6700.htm\">Getting Started<span class=externalLinkIcon></span></a> section for more information.<br>\r\n<br>\r\n<p><span style=\"text-decoration:underline\"><b>This version is an Alpha release</b></span>. There are a lot of new features and major changes and I have not thoroughly tested all of them in the various option combinations. It appears to be quite stable and the project for the help file builder's help file was developed and built with it. However, don't be surprised if you do find a bug or two. If you find any, please report them in the Discussions forum or Issue Tracker at the <a href=\"http://www.codeplex.com/SHFB\">Sandcastle Help File Builder</a> project on CodePlex. Please be sure to specify the version number you are using to keep the issues separate from the current production release. Thank you!<br>\r\n<br>\r\nEric</p>\r\n",
    "PostedDate": "2008-10-20T19:39:14.837-07:00",
    "UserRole": null,
    "MarkedAsAnswerDate": null
  }
]