[
  {
    "Id": "158468",
    "ThreadId": "47349",
    "Html": "We got alot of documention that we use to generate with NDoc, now we are trying to use SandCastle instead. The problem is that we got alot of namespace descriptions as you use to do with NDoc. <br>\r\nSandCastle is not displaying these info in the CHM files. I have tried to implement this myself in the xls files, but i cant seem to figure out how the data is substracted from the assembly xml an into this skeleton.xml which the xpath is pointing at. Its for the VS2005 style transform im looking...<br>\r\n<br>\r\nAnyway if i only knew how to expand the skeleton.xaml with the data about the namespaces...<br>\r\n<br>\r\nAnyway the xml look something like <br>\r\n<br>\r\n&lt;?xml version=&quot;1.0&quot;?&gt;<br>\r\n&lt;doc&gt;<br>\r\n    &lt;assembly&gt;<br>\r\n        &lt;name&gt;ASSEMBLY NAME&lt;/name&gt;<br>\r\n    &lt;/assembly&gt;<br>\r\n    &lt;members&gt;<br>\r\n        &lt;member name=&quot;T:AssemblyName.NamespaceDoc&quot;&gt;<br>\r\n            &lt;summary&gt;<br>\r\n              &lt;para&gt;<br>\r\n                some text<br>\r\n              &lt;/para&gt;<br>\r\n            &lt;/summary&gt;<br>\r\n            &lt;design&gt;<br>\r\n              &lt;overview&gt;<br>\r\n    &lt;!-- Use this section to present a diagram showing the design overview in its entirety --&gt;<br>\r\n    &lt;para&gt;<br>\r\n          Text<br>\r\n    &lt;/para&gt;<br>\r\n  &lt;/member&gt;<br>\r\n<br>\r\n<br>\r\nAnd then followed by the &quot;normal&quot; assembly xml..<br>\r\n<br>\r\nAny ideas how to put these informations into the sandcastle xls files !?\r\n",
    "PostedDate": "2009-02-17T05:46:42.077-08:00",
    "UserRole": null,
    "MarkedAsAnswerDate": null
  },
  {
    "Id": "158479",
    "ThreadId": "47349",
    "Html": "Hi, <br>\r\n<br>\r\nTry something like the following: <br>\r\n<br>\r\n<div style=\"font-family:courier new;background:white;color:black;font-size:10pt\">\r\n<p style=\"margin:0px\"><span style=\"color:#0000ff\">&lt;</span><span style=\"color:#a31515\">member</span><span style=\"color:#0000ff\"> </span><span style=\"color:#ff0000\">name</span><span style=\"color:#0000ff\">=</span>&quot;<span style=\"color:#0000ff\">N:Root.Name.Space</span>&quot;<span style=\"color:#0000ff\">&gt;<br>\r\n  ...<br>\r\n</span></p>\r\n<p style=\"margin:0px\"><span style=\"color:#0000ff\">&lt;/</span><span style=\"color:#a31515\">member</span><span style=\"color:#0000ff\">&gt;</span></p>\r\n</div>\r\n<p>Note that you don't have to modify the .xsl files in any way.  This just works.<br>\r\n<br>\r\n- Dave</p>\r\n",
    "PostedDate": "2009-02-17T06:35:21.973-08:00",
    "UserRole": null,
    "MarkedAsAnswerDate": null
  },
  {
    "Id": "158484",
    "ThreadId": "47349",
    "Html": "Hey Dave...<br>\r\n<br>\r\nSo what you are saying is that SandCastle can already process these Namespace summaries? The problem is that im not writing the xml, im doing it in the code the old NDoc way, with the NamespaceDoc class.\r\n",
    "PostedDate": "2009-02-17T06:42:35.127-08:00",
    "UserRole": null,
    "MarkedAsAnswerDate": null
  },
  {
    "Id": "158560",
    "ThreadId": "47349",
    "Html": "You'd have to manually rename the member ID on the NamespaceDoc classes in the XML comments files to use an &quot;N:&quot; prefix rather than &quot;T:&quot; and remove the &quot;NamespaceDoc&quot; type name from the IDs so that Sandcastle can pick them up as namespace comments.  You might like to check out the <a href=\"http://SHFB.CodePlex.com\">Sandcastle Help File Builder</a>.  It supports NamespaceDoc classes just like NDoc and also supports many of the same properties and features as NDoc but uses Sandcastle to produce the help file.<br>\r\n<br>\r\nEric<br>\r\n",
    "PostedDate": "2009-02-17T10:27:17.967-08:00",
    "UserRole": null,
    "MarkedAsAnswerDate": null
  },
  {
    "Id": "158960",
    "ThreadId": "47349",
    "Html": "Thank you very much for your help!<br>\r\n<br>\r\nI tried the sandcastle help file builder, but it just dont cut it. When we used NDoc we were able to make our own xls file and plug it in. Therefore we have created alot of our own tags to documentate your code. <br>\r\nLike you see in my first post we also got a design tag, and what it dont show is that we got more tags like that. With NDoc we just expanded our xls file with all these tags, is there really no way to do this in sandcastle ?\r\n",
    "PostedDate": "2009-02-18T05:56:43.327-08:00",
    "UserRole": null,
    "MarkedAsAnswerDate": null
  },
  {
    "Id": "159038",
    "ThreadId": "47349",
    "Html": "Extra tags need to be added to the Sandcastle XSL transformation files.  See this blog post for information on how to do that:  <a href=\"http://blogs.msdn.com/sandcastle/archive/2006/11/22/supporting-custom-tags-in-sandcastle.aspx\"><span style=\"color:#3e62a6\">http://blogs.msdn.com/sandcastle/archive/2006/11/22/supporting-custom-tags-in-sandcastle.aspx</span></a><br>\r\n<br>\r\nEric<br>\r\n",
    "PostedDate": "2009-02-18T09:02:26.827-08:00",
    "UserRole": null,
    "MarkedAsAnswerDate": null
  },
  {
    "Id": "159115",
    "ThreadId": "47349",
    "Html": "Hi, <br>\r\n<br>\r\nIf you need to use different tags and styles for different projects then you may want to check out <a href=\"http://docproject.codeplex.com\">DocProject</a>, which integrates Sandcastle into Visual Studio 2005/2008.  DocProject supports custom presentation styles and also allows you to modify the built-in styles and XSLT files on a per-project basis.<br>\r\n<br>\r\n- Dave\r\n",
    "PostedDate": "2009-02-18T11:54:45.393-08:00",
    "UserRole": null,
    "MarkedAsAnswerDate": null
  },
  {
    "Id": "159290",
    "ThreadId": "47349",
    "Html": "That solves it, thanks for nice support :-)\r\n",
    "PostedDate": "2009-02-19T00:34:31.51-08:00",
    "UserRole": null,
    "MarkedAsAnswerDate": null
  }
]