[
  {
    "Id": "95762",
    "ThreadId": "28705",
    "Html": "Hi,<br>\r\nI wanted to ask if there are any future plans to release the Sandcastle sources.<br>\r\n<br>\r\nThanks,<br>\r\n<br>\r\nMilen\r\n",
    "PostedDate": "2008-05-30T04:27:18.58-07:00",
    "UserRole": null,
    "MarkedAsAnswerDate": null
  },
  {
    "Id": "95771",
    "ThreadId": "28705",
    "Html": "&gt;&gt;Milen: <em>I wanted to ask if there are any future plans to release the Sandcastle sources</em>.<br>\r\nDo you really need that?<br>\r\n<br>\r\nBest regards,<br>\r\nPaul.\r\n",
    "PostedDate": "2008-05-30T05:16:30.797-07:00",
    "UserRole": null,
    "MarkedAsAnswerDate": null
  },
  {
    "Id": "95862",
    "ThreadId": "28705",
    "Html": "It's always a woulderfull experience to look inside good product code, for take inspiration ... like a muse for musicict ... not copy just inspiration.<br>\r\n<br>\r\nBest Regards,<br>\r\nNervo<br>\r\n",
    "PostedDate": "2008-05-30T12:11:57.913-07:00",
    "UserRole": null,
    "MarkedAsAnswerDate": null
  },
  {
    "Id": "96158",
    "ThreadId": "28705",
    "Html": "There are certain cases when sandcastle would not generate xml documentation for our managed dlls. <br>\r\nI think it is due to discrepancies between the IL and xml doc files that we generate. <br>\r\nCertainly it would have been much easier to figure it out if I had the code. <br>\r\nAnyways I think we will have to tune our output files first.<br>\r\n<br>\r\nRegards,<br>\r\n<br>\r\nMilen\r\n",
    "PostedDate": "2008-06-02T01:12:50.38-07:00",
    "UserRole": null,
    "MarkedAsAnswerDate": null
  }
]