[
  {
    "Id": "697241",
    "ThreadId": "279180",
    "Html": "\r\n<p><span style=\"font-family:Calibri; color:#1f497d; font-size:x-small\"><span style=\"color:#1f497d; font-size:11pt\">After&nbsp;upgrading&nbsp;to Sandcastle 2.6 and SHFB 1.9.0.3, my code blocks all now output like the following, that is, with line 1 indented\r\n and line breaks following the line number and vertical bar and an empty line:</span></span></p>\r\n<pre>        1\r\n        |\r\n\r\n        Private Sub UIExtensionComposer_EventName _\r\n2|   (ByVal sender As Object, ByVal e As EventArgs) _\r\n3|   Handles MyBase.EventName\r\n4|   ' TODO: Add your event handling code here.\r\n5| End Sub\r\n</pre>\r\n<pre><span style=\"font-family:Calibri; color:#1f497d; font-size:x-small\"><span style=\"color:#1f497d; font-size:11pt\">I've looked at the custom style sheet and transforms but don't see anything unusual. This only occurs with those code blocks with NumberLines set to True.</span></span></pre>\r\n<pre><span style=\"font-family:Calibri; color:#1f497d; font-size:x-small\"><span style=\"color:#1f497d; font-size:11pt\">Anyone seen this before and can point me in the right direction or do I need to migrate my custom styles to new copies of the presentation files?</span></span></pre>\r\n<pre><span style=\"font-family:Calibri; color:#1f497d; font-size:x-small\"><span style=\"color:#1f497d; font-size:11pt\">Thanks!</span></span></pre>\r\n",
    "PostedDate": "2011-11-11T16:04:32.257-08:00",
    "UserRole": null,
    "MarkedAsAnswerDate": null
  },
  {
    "Id": "697263",
    "ThreadId": "279180",
    "Html": "<p>You've probably got the SHFB project property IndentHtml set to true.&nbsp; Set it to false so that it prevents that issue.&nbsp; It's only for debugging purposes so it should be false unless you're developing a plug-in or build component that affects the generated HTML.</p>\r\n<p>Eric</p>\r\n<p>&nbsp;</p>",
    "PostedDate": "2011-11-11T18:13:24.19-08:00",
    "UserRole": null,
    "MarkedAsAnswerDate": null
  }
]