[
  {
    "Id": "159996",
    "ThreadId": "47953",
    "Html": "Hi, <br>\r\n<br>\r\nI tried to enter an email address in the &quot;FeedbackEMailAddress&quot; property in SHFB v1.8.0.1.  When I regenerated the chm file (VS 2005 format), I got the &quot;Send comments on this topic to &lt;email&gt;&quot; line in the footer which works perfectly.  However, when I click the &quot;Send Feedback&quot; link, I get an Expected &quot;)&quot; error message.  Could anyone let me know what I need to do in order to fix this?<br>\r\n<br>\r\nThanks.\r\n",
    "PostedDate": "2009-02-19T18:40:29.383-08:00",
    "UserRole": null,
    "MarkedAsAnswerDate": null
  },
  {
    "Id": "160004",
    "ThreadId": "47953",
    "Html": "Have you applied the <a href=\"http://SandcastleStyles.CodePlex.com\">Sandcastle Styles</a> patch?  I don't remember any fixes specific to the Send Feedback link but it may be worth a try.  I just tried it in the SHFB help file which uses the VS2005 style and it works fine.<br>\r\n<br>\r\nEric<br>\r\n",
    "PostedDate": "2009-02-19T19:12:50.483-08:00",
    "UserRole": null,
    "MarkedAsAnswerDate": null
  },
  {
    "Id": "160017",
    "ThreadId": "47953",
    "Html": "The .chm was generated in the VS 2005 format/style which I wrote in my original post.  I hadn't tried the patch, and installed it with the same result.\r\n",
    "PostedDate": "2009-02-19T20:12:47.04-08:00",
    "UserRole": null,
    "MarkedAsAnswerDate": null
  },
  {
    "Id": "160019",
    "ThreadId": "47953",
    "Html": "The first part of the error is:<br>\r\n<br>\r\nmk:@MSITStore:&lt;path to chm&gt;::/html/&lt;guid&gt;<br>\r\n<br>\r\nThe Title is: An error has occured in a script on this page\r\n",
    "PostedDate": "2009-02-19T20:18:58.96-08:00",
    "UserRole": null,
    "MarkedAsAnswerDate": null
  },
  {
    "Id": "160351",
    "ThreadId": "47953",
    "Html": "I was able to duplicate the problem by putting a single quote in the HelpTitle property.  The problem is caused by Sandcastle as it passes the title as a parameter to a JavaScript method and the single quote terminates the parameter string prematurely causing the error.  There doesn't appear to be a way to alter the Sandcastle transformations or the script file to fix the issue.  For now, just remove the single quote from the title.  I'll add an extra version of the title to the resources used by the help file builder that is escaped so that the single quote goes through in the script file.<br>\r\n<br>\r\nEric<br>\r\n",
    "PostedDate": "2009-02-20T18:32:12.493-08:00",
    "UserRole": null,
    "MarkedAsAnswerDate": null
  },
  {
    "Id": "160358",
    "ThreadId": "47953",
    "Html": "&gt;&gt;<strong>Eric</strong>: <em>I was able to duplicate the problem by putting a single quote in the HelpTitle property</em>.<br>\r\nNot a normal thing to do and might not be the source of the problem.<br>\r\n<br>\r\n&gt;&gt;<strong>Eric</strong>: <em>The problem is caused by Sandcastle as it passes the title</em>..<br>\r\nYou might as well examine the SHFB support of the feedback, it is not correctly handled.<br>\r\nEven in SHFB own manual, the &quot;Send Feedback&quot; points to a rating feedback content message <br>\r\n(even though there is no rating control on the page), while the link at the bottom points to <br>\r\ndifferent content message.<br>\r\nThe two are supposed to be the same if correctly handled. As it is now, it seems it is confusing<br>\r\ntwo different feedback types supported by the Sandcastle.<br>\r\nIf there is a rating control on the page, the &quot;Send Feedback&quot; will actually direct to the bottom of<br>\r\nthe page for the user to select the rating.<br>\r\n<br>\r\nBest regards,<br>\r\nPaul.\r\n",
    "PostedDate": "2009-02-20T19:09:11.95-08:00",
    "UserRole": null,
    "MarkedAsAnswerDate": null
  },
  {
    "Id": "160365",
    "ThreadId": "47953",
    "Html": "Eric's solution worked.  Thanks.\r\n",
    "PostedDate": "2009-02-20T20:30:03.803-08:00",
    "UserRole": null,
    "MarkedAsAnswerDate": null
  }
]