[
  {
    "Id": "739777",
    "ThreadId": "292818",
    "Html": "\r\n<p>I am trying to create user defined tag for use in the comments.&nbsp; I followed the instructions in this blog:&nbsp;\r\n<a href=\"http://blogs.msdn.com/b/sandcastle/archive/2006/11/22/supporting-custom-tags-in-sandcastle.aspx\">\r\nhttp://blogs.msdn.com/b/sandcastle/archive/2006/11/22/supporting-custom-tags-in-sandcastle.aspx</a>&nbsp;but it is almost 5 years old.&nbsp;</p>\r\n<p>&nbsp;</p>\r\n<p>&lt;xsl:apply-templates select=&quot;/document/comments/preliminary&quot; /&gt;<br>\r\n&nbsp;&nbsp;&lt;xsl:apply-templates select=&quot;/document/comments/summary&quot; /&gt;<br>\r\n&nbsp;&nbsp;&nbsp; &lt;xsl:apply-templates select=&quot;/document/reference/httpStatusCode&quot; /&gt;</p>\r\n<p>&nbsp; &lt;!-- block sections --&gt;<br>\r\n&nbsp; &lt;xsl:template match=&quot;httpStatusCode&quot;&gt;<br>\r\n&nbsp;<br>\r\n&nbsp;&nbsp;&nbsp; &lt;!--Customstyle can be defined in Presentaion.css stylesheet--&gt;<br>\r\n&nbsp;<br>\r\n&nbsp;&nbsp;&nbsp; &lt;div class=&quot;HttpStatusCode&quot;&gt;<br>\r\n&nbsp;<br>\r\n&nbsp;&nbsp;&nbsp;&nbsp;&nbsp; &lt;xsl:apply-templates /&gt;<br>\r\n&nbsp;<br>\r\n&nbsp;&nbsp;&nbsp; &lt;/div&gt;<br>\r\n&nbsp;<br>\r\n&nbsp; &lt;/xsl:template&gt;</p>\r\n<p>&nbsp;</p>\r\n<p>but I do not get anything.&nbsp; I am unfamiliar with xsl sheets so any help would be appreciated.&nbsp; Thanks&nbsp;</p>\r\n",
    "PostedDate": "2012-02-04T09:25:18.333-08:00",
    "UserRole": null,
    "MarkedAsAnswerDate": null
  },
  {
    "Id": "740004",
    "ThreadId": "292818",
    "Html": "<p>&gt; &lt;xsl:apply-templates select=\"/document/reference/httpStatusCode\" /&gt;</p>\r\n<p>Unless that's&nbsp;a typo, shouldn't that be \"/document/<strong>comments</strong>/httpStatusCode\"?&nbsp; Also, you might check your XML comments file to be sure your custom tags are in it.&nbsp; If not, you may need to force a rebuild of your project so that it regenerates the comments file.</p>\r\n<p>Eric</p>\r\n<p>&nbsp;</p>",
    "PostedDate": "2012-02-04T12:29:18.297-08:00",
    "UserRole": null,
    "MarkedAsAnswerDate": null
  },
  {
    "Id": "740144",
    "ThreadId": "292818",
    "Html": "<p>I had comments in place of reference before but still wasn't getting the results I expected.&nbsp; I found three different main_sandcastle.xsl files in my directory under hana, prototyping and vs2005.&nbsp; I am using vs2010 so which of those should I be editing or am I in the wrong place altogether?</p>\r\n<p>Thanks</p>",
    "PostedDate": "2012-02-04T14:11:32.63-08:00",
    "UserRole": null,
    "MarkedAsAnswerDate": null
  },
  {
    "Id": "740212",
    "ThreadId": "292818",
    "Html": "<p>Okay, got it figured out as far as trying to get the contents/value of the new tag into the file.&nbsp; I had originally had the select line ahead of the preliminary section when I used \"comments\".&nbsp; Then when I changed position I did not do it to the right file.&nbsp; I finally figured out the right file of the three by trial and error.</p>\r\n<p>What are the hana and prototype directories for?&nbsp; Just for development purposes?</p>\r\n<p>Thanks for the help.&nbsp;</p>\r\n<p>&nbsp;</p>",
    "PostedDate": "2012-02-04T14:57:24.84-08:00",
    "UserRole": null,
    "MarkedAsAnswerDate": null
  },
  {
    "Id": "740231",
    "ThreadId": "292818",
    "Html": "<p>Hana, Prototype, and VS2005 are the three presentation styles.&nbsp; VS2005 is the only one that's supported anymore since the other two are deprecated due to lack of support for MS Help Viewer output.&nbsp; Prototype was the original style when Sandcastle was first released.&nbsp; Hana came out a little later as an experimental style before the VS2005 style was added.&nbsp; How you select the presentation style depends on whether you're using Sandcastle directly or one of the front-ends like the Sandcastle Help File Builder.&nbsp; If using SHFB, the presentation style is set using the PresentationStyle project property.&nbsp; It defaults to VS2005.</p>\r\n<p>Eric</p>\r\n<p>&nbsp;</p>",
    "PostedDate": "2012-02-04T15:06:55.78-08:00",
    "UserRole": null,
    "MarkedAsAnswerDate": null
  },
  {
    "Id": "740477",
    "ThreadId": "292818",
    "Html": "<p>Ah, really good info.&nbsp; Thanks for the background.&nbsp; It helps me understand a lot of what is going on.&nbsp;</p>\r\n<p>And thanks a bunch for the help.&nbsp; I was finally able to set up a section for my HttpStatusCodes similar to the Exceptions section.</p>",
    "PostedDate": "2012-02-04T18:29:07.457-08:00",
    "UserRole": null,
    "MarkedAsAnswerDate": null
  }
]