[
  {
    "Id": "110197",
    "ThreadId": "33249",
    "Html": "I'm using sandcastle to generate documentation for our system for internal (developer) use only.&nbsp; I'd like to include the docs for private methods, properties, etc. as well as the public and protected methods.&nbsp; Is there a configuration option to enable this?&nbsp; Or an transform I can tweak to include private methods?&nbsp; If not, how hard would it be to add this as a feature for a future release?\r\n",
    "PostedDate": "2008-08-10T08:19:42.58-07:00",
    "UserRole": null,
    "MarkedAsAnswerDate": null
  },
  {
    "Id": "110204",
    "ThreadId": "33249",
    "Html": "Hi,&nbsp;<br>\r\n<br>\r\nUse the&nbsp;<strong>/internal+</strong> switch on the <strong>MRefBuilder.exe</strong> program.<br>\r\n<br>\r\nIf you're using a tool&nbsp;that automates Sandcastle, such as&nbsp;<a href=\"http://www.codeplex.com/DocProject\">DocProject</a> or the&nbsp;<a href=\"http://www.codeplex.com/shfb\">Sandcastle Help File Builder</a>,&nbsp;the scope of the documentation is configurable&nbsp;by setting a project option.<br>\r\n<br>\r\n- Dave\r\n",
    "PostedDate": "2008-08-10T09:27:31.633-07:00",
    "UserRole": null,
    "MarkedAsAnswerDate": null
  },
  {
    "Id": "110213",
    "ThreadId": "33249",
    "Html": "<p>thanks for the quick response.&nbsp; </p>\r\n<p>&nbsp;</p>\r\n<p><a href=\"http://www.codeplex.com/DocProject/Thread/View.aspx?ThreadId=32730\">http://www.codeplex.com/DocProject/Thread/View.aspx?ThreadId=32730</a>&nbsp;is exactly what I was looking for.&nbsp;</p>\r\n",
    "PostedDate": "2008-08-10T11:56:02.733-07:00",
    "UserRole": null,
    "MarkedAsAnswerDate": null
  }
]