[
  {
    "Id": "228329",
    "ThreadId": "67163",
    "Html": "<p>Hi All</p>\r\n<p>&nbsp;&nbsp;&nbsp;&nbsp;&nbsp;&nbsp;&nbsp;&nbsp;&nbsp; I am using &nbsp;Sandcastle Help File Builder GUI <strong>Version:1.8.0.2 </strong>. I am using .html file as help file and have added the <span style=\"font-size:10pt;color:blue\">&lt;</span><span style=\"font-size:10pt;color:#a31515\">meta</span><span style=\"font-size:10pt\"> <span style=\"color:red\">name</span><span style=\"color:blue\">=&quot;id&quot;</span> <span style=\"color:red\">content</span><span style=\"color:blue\">=&quot;504393AE-9CE5-4fce-84BA-CE5FC726F57F&quot;&gt;</span></span></p>\r\n<p><span style=\"font-size:10pt\">&nbsp;<span style=\"color:blue\">&lt;</span><span style=\"color:#a31515\">meta</span> <span style=\"color:red\">name</span><span style=\"color:blue\">=&quot;revisionNumber&quot;</span> <span style=\"color:red\">content</span><span style=\"color:blue\">=&quot;1&quot;&gt; </span>tag to all html files.Now I have created two child in &ldquo;Content Layout.content&rdquo; file, named (&ldquo;Child1&rdquo; and &ldquo;Child2&rdquo; for example) now I have one &ldquo;Example.htm&rdquo; file. I want to associate this one &ldquo;Example.htm&rdquo; to both nodes &ldquo;Child1&rdquo; and &ldquo;Child2&rdquo; but I am getting the error</span></p>\r\n<p><span style=\"font-size:10pt\">&ldquo;Two conceptual content files have the same ID (<span style=\"color:blue\">504393AE-9CE5-4fce-84BA-CE5FC726F57F</span>).&nbsp; The file with the duplicate ID is 'C:\\Users \\ Example.htm'&rdquo;.How can I solve the Problem.</span></p>",
    "PostedDate": "2009-08-27T03:38:05.133-07:00",
    "UserRole": null,
    "MarkedAsAnswerDate": null
  },
  {
    "Id": "228507",
    "ThreadId": "67163",
    "Html": "<p>Sharing a common file between two nodes currently isn't supported.&nbsp; At build time, metadata for the topics is stored separately and is tied to the topic ID.&nbsp; As such, you can't have two topics tied to the same ID and get different topic titles, index keywords, etc.&nbsp; Just clone the file and give it its own ID.&nbsp; By the way, for SHFB related questions, please post them in the SHFB discussion group (<a href=\"http://SHFB.CodePlex.com\">http://SHFB.CodePlex.com</a>).</p>\r\n<p>Eric</p>",
    "PostedDate": "2009-08-27T12:24:45.437-07:00",
    "UserRole": null,
    "MarkedAsAnswerDate": null
  }
]