[
  {
    "Id": "1207793",
    "ThreadId": "531680",
    "Html": "Is there anyway to generate xml documentation for asp classic project with VS 2010 ?\r<br />\nIf yes, which tool will generate help file like Sandcastle ?\r<br />\nThanks for your help<br />\n",
    "PostedDate": "2014-02-13T02:21:54.29-08:00",
    "UserRole": null,
    "MarkedAsAnswerDate": null
  },
  {
    "Id": "1208092",
    "ThreadId": "531680",
    "Html": "Sandcastle only works with .NET assemblies such as those generated for ASP.NET websites and web application projects.  It won't work with classic ASP files.  I'm not aware of anything that does.\r<br />\n<br />\nEric<br />\n",
    "PostedDate": "2014-02-13T12:39:35.9-08:00",
    "UserRole": null,
    "MarkedAsAnswerDate": null
  }
]