[
  {
    "Id": "114861",
    "ThreadId": "34595",
    "Html": "Hi I'm trying to locate the complete documentation/helpfile for the scproj file - where should I look?<br>\r\n<br>\r\nregards<br>\r\nJens Chr\r\n",
    "PostedDate": "2008-08-29T23:31:12.147-07:00",
    "UserRole": null,
    "MarkedAsAnswerDate": null
  },
  {
    "Id": "114863",
    "ThreadId": "34595",
    "Html": "Hi Jens,<br>\r\n<br>\r\nSandcastle doesn't provide any formal documentation yet, although you'll find some information about the build process on&nbsp;the Sandcastle blog (a bit outdated though):&nbsp;<br>\r\n<br>\r\n<a href=\"http://blogs.msdn.com/sandcastle\">http://blogs.msdn.com/sandcastle</a>&nbsp;<br>\r\n<br>\r\n- Dave<br>\r\n",
    "PostedDate": "2008-08-30T00:06:16.457-07:00",
    "UserRole": null,
    "MarkedAsAnswerDate": null
  },
  {
    "Id": "114864",
    "ThreadId": "34595",
    "Html": "<p style=\"margin:0cm 0cm 0pt\"><span style=\"font-size:11pt;color:#1f497d;font-family:'Calibri','sans-serif'\">Hi Dave </span></p>\r\n<p style=\"margin:0cm 0cm 0pt\"><span style=\"font-size:11pt;color:#1f497d;font-family:'Calibri','sans-serif'\">Thx for the link – any xsd specification for the file yet?</span></p>\r\n<p style=\"margin:0cm 0cm 0pt\"><span style=\"font-size:11pt;color:#1f497d;font-family:'Calibri','sans-serif'\">Regards &nbsp;jens chr</span></p>\r\n",
    "PostedDate": "2008-08-30T00:10:05.79-07:00",
    "UserRole": null,
    "MarkedAsAnswerDate": null
  },
  {
    "Id": "114865",
    "ThreadId": "34595",
    "Html": "Hi, <br>\r\n<br>\r\nDon't think so, but there's not much to it anyway :)<br>\r\n<br>\r\n- Dave\r\n",
    "PostedDate": "2008-08-30T00:30:36.727-07:00",
    "UserRole": null,
    "MarkedAsAnswerDate": null
  },
  {
    "Id": "114940",
    "ThreadId": "34595",
    "Html": "The .scproj file is just an MSBuild project file.&nbsp; It's a fairly simple set of property and item groups along with some targets that use the basic tasks to execute the various tools and build steps.&nbsp; You can find out more about the MSBuild project format including the schema for the common project elements at&nbsp;<a href=\"http://msdn.microsoft.com/en-us/library/0k6kkbsd.aspx\">http://msdn.microsoft.com/en-us/library/0k6kkbsd.aspx</a>.&nbsp; Using that info you can figure out what the Sandcastle project file is doing.<br>\r\n<br>\r\nEric<br>\r\n",
    "PostedDate": "2008-08-30T15:58:07.417-07:00",
    "UserRole": null,
    "MarkedAsAnswerDate": null
  }
]