[
  {
    "Id": "87809",
    "ThreadId": "26248",
    "Html": "<a href=\"http://www.codeplex.com/Release/ProjectReleases.aspx?ProjectName=DocProject&amp;ReleaseId=12723\" class=\"externalLink\">DocToMaml 1.0 Beta<span class=\"externalLinkIcon\" style=\"font-family:Consolas, Courier New, Courier, Monospace;\"></span></a> is now available for download.<br /><br />DocToMaml is a tool that converts HTML and XHTML help files to <a href=\"http://www.codeplex.com/DocProject/Wiki/View.aspx?title=Sandcastle+Help#MAML\" class=\"externalLink\">Microsoft Assistance Markup Language<span class=\"externalLinkIcon\" style=\"font-family:Consolas, Courier New, Courier, Monospace;\"></span></a> (MAML) in a batch process.<br /><br />MAML help files are used by <a href=\"http://www.codeplex.com/DocProject\" class=\"externalLink\">DocProject<span class=\"externalLinkIcon\" style=\"font-family:Consolas, Courier New, Courier, Monospace;\"></span></a> and <b>Sandcastle</b> to build user documentation in various presentation styles.<br /><br />DocToMaml provides a project-based graphical user interface (GUI) for adding inputs and defining conversion rules to quickly and easily convert HTML files into MAML.  Future releases will provide more flexibility for defining rules, but the beta can still be used to greatly decrease the amount of effort that would be required to convert large numbers of HTML files into MAML, compared to doing it manually.<br /><br /><h3>\r\nFeatures\r\n</h3>Some of the features of DocToMaml are: <br /><ul><li>GUI and console mode.</li><li>Project-based for quickly saving and loading different configurations.</li><li>File and folder inputs are supported.</li><li>Global and input-specific rule sets may be defined.</li><li>Edit the source HTML of a file input using a WYSIWYG editor for full control over the conversion.</li><li>Convert a file input in memory so that you can see the result quickly.</li><li>MAML results for file inputs can be modified in a text box.</li><li>Batch conversion saves results to disc for all file and folder inputs and generates a conceptual artwork file that can be used by Sandcastle's <i>ResolveArtLinksComponent</i> build component.</li><li>Hyperlink references to local topics are updated automatically.</li><li>Preliminary user documentation.</li></ul>For more information, see <a href=\"http://www.codeplex.com/DocProject/Wiki/View.aspx?title=DocToMaml\" class=\"externalLink\">DocToMaml<span class=\"externalLinkIcon\" style=\"font-family:Consolas, Courier New, Courier, Monospace;\"></span></a>.<br />",
    "PostedDate": "2008-04-19T15:07:15.233-07:00",
    "UserRole": null,
    "MarkedAsAnswerDate": null
  }
]