[
  {
    "Id": "88151",
    "ThreadId": "26347",
    "Html": "\r\nHi,<br /><br />I have a list of documents (scientific books, articles and internal research papers) that I want to cite in my classes library comments and the conceptual topics of the library user guide.<br />The list forms somehow a database of references which I want to maintain in xml format. Each item in the list represents a biblio entry that has an id, author, title, link, ...etc<br />Does MAML have something similar to this to define a bibliography?<br /><br />Moreover,  the biblio items must be referenced with their id such as &lt;see href=\"id\" /&gt; and the reference is replaced with the item short name or number in the list for example, depending on the style used  (idea inspired from LaTeX).<br /><br />For the moment, I looked at \"address\" attribute of MAML elements to create links. I also looked at build component from DocProject project called ResolveExternalLinksComponent. But I couldn't come up with something that works as desired. <br /><br />Is their anything in MAML that handles this issue that I have missed? Any hints to make this works will be of a great help.<br /><br />Thanks<br />SY<br />",
    "PostedDate": "2008-04-21T17:04:35.38-07:00",
    "UserRole": null,
    "MarkedAsAnswerDate": null
  },
  {
    "Id": "88165",
    "ThreadId": "26347",
    "Html": "\r\nHi SY, <br /><br />Could you be more specific as to what the limitations of ResolveExternalLinksComponent are?  I'll add support for your needs if it makes sense for this component :)<br /><br />You may be able to accomplish what you need, however, without using ResolveExternalLinksComponent.  (Note also that I haven't tested it in conceptual builds.)<br /><br />If you check the conceptual configuration file you'll see a component being used to replace tokens.  It works like shared content.<br /><br />Create a shared content file in the <i>Content</i> folder and name it <i>tokens.xml</i>:<br /><br /><pre style=\"background-color:#ECECEC; border:dashed .1em #3E62A6; font-family:Consolas, Courier New, Courier, Monospace; font-size:1em; margin-top:0; padding:.5em; height:auto; overflow:auto; overflow-x:auto; overflow-y:auto;\">\r\n&lt;content xml:space=\"preserve\" xmlns:MSHelp=\"http://msdn.microsoft.com/mshelp\"&gt;\r\n  &lt;item id=\"ref1\"&gt;the first book.&lt;/item&gt;\r\n  &lt;item id=\"ref2\"&gt;the second book.&lt;/item&gt;\r\n&lt;/content&gt;\r\n</pre>Then you can use the content items that it defines in conceptual builds.  I've only hard-coded text in this example, but you can place HTML in the items as well.<br /><br />(Note that shared content items will not work recursively, although they do in reference builds.)<br /><br />To use token replacement in conceptual builds, update the first instance of <b>SharedContentComponent</b> in the conceptual configuration file so that it looks similar to this (I'm using a DocProject path here):<br /><br /><pre style=\"background-color:#ECECEC; border:dashed .1em #3E62A6; font-family:Consolas, Courier New, Courier, Monospace; font-size:1em; margin-top:0; padding:.5em; height:auto; overflow:auto; overflow-x:auto; overflow-y:auto;\">\r\n&lt;!-- resolve tokens --&gt;\r\n&lt;component type=\"Microsoft.Ddue.Tools.SharedContentComponent\" assembly=\"%DXROOT%\\ProductionTools\\BuildComponents.dll\"&gt;\r\n  &lt;context prefix=\"ddue\" name=\"http://ddue.schemas.microsoft.com/authoring/2003/5\" /&gt;\r\n  &lt;content file=\"..\\..\\Help\\Presentation\\Style\\Content\\tokens.xml\" /&gt;\r\n  &lt;replace elements=\"/*//ddue:token\" item=\"string(.)\" /&gt;\r\n&lt;/component&gt;\r\n</pre>Now you can use the <span class=\"codeInline\" style=\"font-family:Consolas, Courier New, Courier, Monospace;\">token</span> element in MAML.<br /><br /><pre style=\"background-color:#ECECEC; border:dashed .1em #3E62A6; font-family:Consolas, Courier New, Courier, Monospace; font-size:1em; margin-top:0; padding:.5em; height:auto; overflow:auto; overflow-x:auto; overflow-y:auto;\">\r\n&lt;para&gt;\r\n  &lt;token&gt;ref1&lt;/token&gt;\r\n&lt;/para&gt;\r\n</pre>Unfortunately, you can't include these content items in XML documentation comments the easy way (probably since the <span class=\"codeInline\" style=\"font-family:Consolas, Courier New, Courier, Monospace;\">include</span> tag is removed by C# and VB.NET compilers).  The only way that I can think of is to define an XSL transformation for a custom XML documentation tag and add it to <i>main_sandcastle.xsl</i>; something like this: <br /><br /><pre style=\"background-color:#ECECEC; border:dashed .1em #3E62A6; font-family:Consolas, Courier New, Courier, Monospace; font-size:1em; margin-top:0; padding:.5em; height:auto; overflow:auto; overflow-x:auto; overflow-y:auto;\">\r\n&lt;xsl:template match=\"token\"&gt;\r\n  &lt;xsl:element name=\"include\"&gt;\r\n    &lt;xsl:attribute name=\"item\"&gt;\r\n      &lt;xsl:value-of select=\".\"/&gt;\r\n    &lt;/xsl:attribute&gt;\r\n  &lt;/xsl:element&gt;\r\n&lt;/xsl:template&gt;\r\n</pre>Then you should be able to use the token element in your XML documentation as well.<br /><br />(Note that I haven't tested this approach for reference documentation so the XSL will probably need some adjustment.)<br /><br />- Dave<br />",
    "PostedDate": "2008-04-21T18:49:20.743-07:00",
    "UserRole": null,
    "MarkedAsAnswerDate": null
  },
  {
    "Id": "88749",
    "ThreadId": "26347",
    "Html": "\r\nHi Dave,<br /><br />Thank for the fast reply.<br /><br />I don't see limitations in ResolveExternalLinksComponent itself but as you have said maybe I can accomplish what I need without ResolveExternalLinksComponent. In fact, I am going to using ResolveExternalLinksComponent in general in my documentation. Nevertheless, maybe a feature of custom replacement of the self-closing tag &lt;see xref=\"id\" /&gt; would be useful. Just a thought.<br /><br />As for the solution/ideas that you have proposed for adding a <b>References</b> or <b>Bibliography</b> to sandcastle documentation: I don't master xslt or sandcastle workflow but I have some questions:<br />- How to create the <b>Bibliography</b> section in the documentation with an anchor on each item?<br />- Will the &lt;token&gt;'s tag be replace by a link to the item in the bibliography or do i have to put the link the text of the &lt;item&gt;'s content?<br /><br />In fact I wasn't aware of the difference between the code and conceptual differences,  thanks for the clarification.<br /><br />Just to make things more concrete, I wish to have some thing similar to the bibliography of scientific documents or any book in general (like in docbook or latex (bibtex))<br /><ul><li>Usage example</li><ul><li>In the comments: <i>/// This method implements the algorithm described in &lt;cite ref=\"doc2\" /&gt;</i></li><li>As output: <b>This method implements the algorithm described in</b><b><a href=\"http://www.codeplex.com/Sandcastle/Wiki/View.aspx?title=%5b2%5d\">[2]</a></b></li></ul><li>The <b>Bibliography</b> section:</li></ul><b><a href=\"http://www.codeplex.com/Sandcastle/Wiki/View.aspx?title=%5b1%5d\">[1]</a></b><b>Author 1</b>, <i>document1 title</i>, publisher<br /><b><a href=\"http://www.codeplex.com/Sandcastle/Wiki/View.aspx?title=%5b2%5d\">[2]</a></b><b>Author 2</b>, <i>document2 title</i>, link<br />...etc<br /><br />where the content is described in xml, for example:<br />&lt;item ref=\"doc2\"&gt;<br />  &lt;author&gt;Author 1&lt;/author&gt;<br />  &lt;title&gt;document1 title&lt;/title&gt;<br />  &lt;link&gt;&lt;/link&gt;<br />  &lt;publisher&gt;&lt;/publisher&gt;<br />&lt;/item&gt;<br /><br />Thanks,<br />sy<br />",
    "PostedDate": "2008-04-24T06:14:02.923-07:00",
    "UserRole": null,
    "MarkedAsAnswerDate": null
  },
  {
    "Id": "88761",
    "ThreadId": "26347",
    "Html": "\r\nHi Sy, <br /><br />I like this idea a lot.  I have a few things I'm going to try now and I'll get back to you soon.<br /><br />- Dave<br />",
    "PostedDate": "2008-04-24T07:09:52.443-07:00",
    "UserRole": null,
    "MarkedAsAnswerDate": null
  },
  {
    "Id": "88818",
    "ThreadId": "26347",
    "Html": "<i>EDIT: Correction to the bibliography_common.xsl file</i><br /><br />Hi Sy, <br /><br />I was able to successfully implement an automatic bibliography feature in the VS 2005 presentation style for both conceptual and reference builds.<br /><br />If you have any trouble following these steps, please let me know and I'll try to explain them better.<br /><br /><b>Note:</b> I'm going to post the solution for conceptual builds in my next post since I ran out of space in this post, according to CodePlex :D<br /><br /><h3>\r\nAuto-Generated Reference Bibliography\r\n</h3>First, we'll start with the required updates for reference documentation.  Open up the <i>Transforms\\skeleton.xml</i> file and add a <b>bibliography</b> element.<br /><br /><pre style=\"background-color:#ECECEC; border:dashed .1em #3E62A6; font-family:Consolas, Courier New, Courier, Monospace; font-size:1em; margin-top:0; padding:.5em; height:auto; overflow:auto; overflow-x:auto; overflow-y:auto;\">\r\n&lt;document&gt;\r\n  &lt;reference /&gt;\r\n  &lt;bibliography /&gt; &lt;!-- add this - it doesn't really matter where since it's only for meta data --&gt;\r\n  &lt;syntax /&gt;\r\n  &lt;comments /&gt;\r\n  &lt;metadata /&gt;\r\n&lt;/document&gt;\r\n</pre>Now open up <i>Transforms\\main_sandcastle.xsl</i> and add an additional include element near the other include elements at the top of the document.<br /><br /><pre style=\"background-color:#ECECEC; border:dashed .1em #3E62A6; font-family:Consolas, Courier New, Courier, Monospace; font-size:1em; margin-top:0; padding:.5em; height:auto; overflow:auto; overflow-x:auto; overflow-y:auto;\">\r\n&lt;xsl:include href=\"bibliography.xsl\"/&gt;  &lt;!-- add this --&gt;\r\n &lt;xsl:include href=\"htmlBody.xsl\"/&gt;\r\n  &lt;xsl:include href=\"utilities_reference.xsl\" /&gt;\r\n</pre>Look down a bit and you'll see <span class=\"codeInline\" style=\"font-family:Consolas, Courier New, Courier, Monospace;\">&lt;xsl:template name=\"body\"&gt;</span>.  Near the end of this template, add a call to our new bibliography template (which we haven't defined yet).<br /><br /><pre style=\"background-color:#ECECEC; border:dashed .1em #3E62A6; font-family:Consolas, Courier New, Courier, Monospace; font-size:1em; margin-top:0; padding:.5em; height:auto; overflow:auto; overflow-x:auto; overflow-y:auto;\">\r\n    &lt;!--versions--&gt;\r\n    &lt;xsl:if test=\"not($group='list' or $group='namespace' or $group='root' )\"&gt;\r\n      &lt;xsl:apply-templates select=\"/document/reference/versions\" /&gt;\r\n    &lt;/xsl:if&gt;\r\n    &lt;!-- bibliography --&gt;\r\n    &lt;xsl:call-template name=\"bibliography\" /&gt;  &lt;!-- add this here  ** location matters ** --&gt;\r\n    &lt;!-- see also --&gt;\r\n    &lt;xsl:call-template name=\"seealso\" /&gt;\r\n</pre>Now create a new file in the <i>Transforms</i> folder and name it, <b>bibliograpy.xsl</b>.  Here are the contents: <br /><br /><b>Important:</b> If you create the file in Visual Studio do not let it auto-format the document.<br /><pre style=\"background-color:#ECECEC; border:dashed .1em #3E62A6; font-family:Consolas, Courier New, Courier, Monospace; font-size:1em; margin-top:0; padding:.5em; height:auto; overflow:auto; overflow-x:auto; overflow-y:auto;\">\r\n&lt;?xml version=\"1.0\" encoding=\"UTF-8\" ?&gt;\r\n&lt;xsl:stylesheet version=\"1.0\" xmlns:xsl=\"http://www.w3.org/1999/XSL/Transform\"&gt;\r\n \r\n  &lt;xsl:include href=\"bibliography_common.xsl\"/&gt;\r\n  \r\n  &lt;xsl:key name=\"citations\" match=\"//cite\" use=\"text()\" /&gt;\r\n \r\n  &lt;xsl:variable name=\"hasCitations\" select=\"boolean(count(//cite) &gt; 0)\"/&gt;\r\n \r\n  &lt;xsl:template match=\"cite\"&gt;\r\n    &lt;xsl:variable name=\"currentCitation\" select=\"text()\"/&gt;\r\n    &lt;xsl:for-each select=\"//cite[generate-id(.)=generate-id(key('citations',text()))]\"&gt; &lt;!-- Distinct citations only --&gt;\r\n      &lt;xsl:if test=\"$currentCitation=.\"&gt;\r\n        &lt;xsl:element name=\"a\"&gt;&lt;xsl:attribute name=\"href\"&gt;#cite&lt;xsl:value-of select=\"position()\"/&gt;&lt;/xsl:attribute&gt;[&lt;xsl:value-of select=\"position()\"/&gt;]&lt;/xsl:element&gt;\r\n      &lt;/xsl:if&gt;\r\n    &lt;/xsl:for-each&gt;\r\n  &lt;/xsl:template&gt;\r\n \r\n  &lt;xsl:template name=\"bibliography\"&gt;\r\n    &lt;xsl:if test=\"$hasCitations\"&gt;\r\n      &lt;xsl:call-template name=\"section\"&gt;\r\n        &lt;xsl:with-param name=\"toggleSwitch\" select=\"'cite'\" /&gt;\r\n        &lt;xsl:with-param name=\"title\"&gt;\r\n          &lt;!--\r\n          &lt;include item=\"bibliographyTitle\" /&gt;\r\n          A content item should be used here instead, but for the sake of simplicity I'm hard-coding a value.\r\n          --&gt;\r\n          Bibliography\r\n        &lt;/xsl:with-param&gt;\r\n        &lt;xsl:with-param name=\"content\"&gt;\r\n          &lt;xsl:call-template name=\"autogenBibliographyLinks\"/&gt;\r\n        &lt;/xsl:with-param&gt;\r\n      &lt;/xsl:call-template&gt;\r\n    &lt;/xsl:if&gt;\r\n  &lt;/xsl:template&gt;\r\n \r\n  &lt;xsl:template name=\"autogenBibliographyLinks\"&gt;\r\n    &lt;xsl:for-each select=\"//cite[generate-id(.)=generate-id(key('citations',text()))]\"&gt; &lt;!-- Distinct citations only --&gt;\r\n      &lt;xsl:variable name=\"citation\" select=\".\"/&gt;\r\n      &lt;xsl:variable name=\"entry\" select=\"/document/bibliography/reference[@name=normalize-space($citation)]\"/&gt;\r\n \r\n      &lt;xsl:call-template name=\"bibliographyReference\"&gt;\r\n        &lt;xsl:with-param name=\"number\" select=\"position()\"/&gt;\r\n        &lt;xsl:with-param name=\"data\" select=\"$entry\"/&gt;\r\n      &lt;/xsl:call-template&gt;\r\n    &lt;/xsl:for-each&gt;\r\n  &lt;/xsl:template&gt;\r\n&lt;/xsl:stylesheet&gt;\r\n</pre>Create another file in the <i>Transforms</i> folder and name it, <b>bibliography_common.xsl</b>.  Here are the contents: <br /><br /><b>Important:</b> If you create the file in Visual Studio do not let it auto-format the document.<br /><pre style=\"background-color:#ECECEC; border:dashed .1em #3E62A6; font-family:Consolas, Courier New, Courier, Monospace; font-size:1em; margin-top:0; padding:.5em; height:auto; overflow:auto; overflow-x:auto; overflow-y:auto;\">\r\n&lt;?xml version=\"1.0\" encoding=\"UTF-8\" ?&gt;\r\n&lt;xsl:stylesheet version=\"1.0\" xmlns:xsl=\"http://www.w3.org/1999/XSL/Transform\"&gt;\r\n \r\n  &lt;xsl:template name=\"bibliographyReference\"&gt;\r\n    &lt;xsl:param name=\"number\" /&gt;\r\n    &lt;xsl:param name=\"data\" /&gt;\r\n    \r\n    &lt;!-- The value of the class attribute should be changed to bibliographyStyle --&gt;\r\n    &lt;div class=\"seeAlsoStyle\"&gt;\r\n      &lt;xsl:element name=\"a\"&gt;\r\n        &lt;xsl:attribute name=\"name\"&gt;cite&lt;xsl:value-of select=\"$number\"/&gt;&lt;/xsl:attribute&gt;\r\n        &lt;xsl:attribute name=\"id\"&gt;cite&lt;xsl:value-of select=\"$number\"/&gt;&lt;/xsl:attribute&gt;\r\n      &lt;/xsl:element&gt;\r\n      [&lt;xsl:value-of select=\"$number\"/&gt;]\r\n      &lt;strong&gt;&lt;xsl:value-of select=\"$data/author/text()\" /&gt;&lt;/strong&gt;, \r\n      &lt;em&gt;&lt;xsl:value-of select=\"$data/title/text()\" /&gt;&lt;/em&gt;&lt;xsl:if test=\"$data/publisher\"&gt;, \r\n        &lt;xsl:value-of select=\"$data/publisher/text()\" /&gt;\r\n      &lt;/xsl:if&gt;&lt;xsl:if test=\"$data/link\"&gt;, \r\n        &lt;xsl:element name=\"a\"&gt;\r\n          &lt;xsl:attribute name=\"target\"&gt;_blank&lt;/xsl:attribute&gt;\r\n          &lt;xsl:attribute name=\"href\"&gt;\r\n            &lt;xsl:value-of select=\"$data/link/text()\" /&gt;\r\n          &lt;/xsl:attribute&gt;\r\n          &lt;xsl:value-of select=\"$data/link/text()\" /&gt;\r\n        &lt;/xsl:element&gt;\r\n      &lt;/xsl:if&gt;\r\n    &lt;/div&gt;\r\n  &lt;/xsl:template&gt;\r\n  \r\n&lt;/xsl:stylesheet&gt;\r\n</pre>Next, open the <i>sandcastle.config</i> file and add the following component configuration immediately after the \"Copy in reflection data\" component, which is near the top of the file.  (Note that you'll have to update the path of the <b>file</b> attribute for your own environment if you're not using DocProject.)<br /><br /><pre style=\"background-color:#ECECEC; border:dashed .1em #3E62A6; font-family:Consolas, Courier New, Courier, Monospace; font-size:1em; margin-top:0; padding:.5em; height:auto; overflow:auto; overflow-x:auto; overflow-y:auto;\">\r\n     &lt;!--Copy in reflection data--&gt;\r\n     ....\r\n \r\n        &lt;!--Copy in bibliography data--&gt;\r\n        &lt;component type=\"Microsoft.Ddue.Tools.CopyFromFileComponent\" assembly=\"%DXROOT%\\ProductionTools\\BuildComponents.dll\"&gt;\r\n          &lt;data file=\"..\\..\\Help\\Settings\\bibliography.xml\" /&gt;\r\n          &lt;copy source=\"/bibliography/*\" target=\"/document/bibliography\" /&gt;\r\n        &lt;/component&gt;\r\n</pre>Now we can easily add a bibliography to our XML documentation comments.  Simply use <span class=\"codeInline\" style=\"font-family:Consolas, Courier New, Courier, Monospace;\">&lt;cite&gt;reference name&lt;/cite&gt;</span>, as in the following example: <br /><br /><pre style=\"background-color:#ECECEC; border:dashed .1em #3E62A6; font-family:Consolas, Courier New, Courier, Monospace; font-size:1em; margin-top:0; padding:.5em; height:auto; overflow:auto; overflow-x:auto; overflow-y:auto;\">\r\n&lt;remarks&gt;\r\n&lt;para&gt;This class provides the algorithm defined in &lt;cite&gt;Direct3D&lt;/cite&gt;.&lt;/para&gt;\r\n&lt;para&gt;However, a related algorithm &lt;cite&gt;DirectX Algorithms&lt;/cite&gt; is not provided.&lt;/para&gt;\r\n&lt;/remarks&gt;\r\n</pre>Obviously, we still need to define our references.  Create a new file (in the path that corresponds to the <b>file</b> attribute from the component configuration above) and name it, <b>bibliography.xml</b>.<br /><br /><pre style=\"background-color:#ECECEC; border:dashed .1em #3E62A6; font-family:Consolas, Courier New, Courier, Monospace; font-size:1em; margin-top:0; padding:.5em; height:auto; overflow:auto; overflow-x:auto; overflow-y:auto;\">\r\n&lt;?xml version=\"1.0\" encoding=\"utf-8\" ?&gt;\r\n&lt;bibliography&gt;\r\n  &lt;reference name=\"Direct3D\"&gt;\r\n    &lt;title&gt;Direct3D&lt;/title&gt; &lt;!-- required --&gt;\r\n    &lt;author&gt;Jack and Jill&lt;/author&gt;  &lt;!-- required --&gt;\r\n    &lt;publisher&gt;Example Printing, Inc.&lt;/publisher&gt;  &lt;!-- optional --&gt;\r\n    &lt;link&gt;http://www.example.com?book=Direct3D&lt;/link&gt;  &lt;!-- optional --&gt;\r\n  &lt;/reference&gt;\r\n  &lt;reference name=\"DirectX Algorithms\"&gt;\r\n    &lt;title&gt;DirectX Algorithms&lt;/title&gt;\r\n    &lt;author&gt;Mario&lt;/author&gt;\r\n    &lt;publisher&gt;Publisher, Ltd.&lt;/publisher&gt;\r\n    &lt;link&gt;http://www.example.com?book=DirectXAlgorithms&lt;/link&gt;\r\n  &lt;/reference&gt;\r\n&lt;/bibliography&gt;\r\n</pre>Here is what Sandcastle produces for my example: <br /><br /><pre style=\"background-color:#ECECEC; border:dashed .1em #3E62A6; font-family:Consolas, Courier New, Courier, Monospace; font-size:1em; margin-top:0; padding:.5em; height:auto; overflow:auto; overflow-x:auto; overflow-y:auto;\">\r\n...\r\n&lt;p&gt;\r\nThis class provides the algorithm defined in &lt;a href=\"#cite1\"&gt;[1]&lt;/a&gt;.\r\n&lt;/p&gt;&lt;p&gt;\r\nHowever, a related algorithm &lt;a href=\"#cite2\"&gt;[2]&lt;/a&gt; is not provided.\r\n&lt;/p&gt;\r\n...\r\n&lt;h1 class=\"heading\"&gt;\r\n&lt;span onclick=\"ExpandCollapse(citeToggle)\" style=\"cursor:default;\" onkeypress=\"ExpandCollapse_CheckKey(citeToggle, event)\" tabindex=\"0\"&gt;\r\n&lt;img id=\"citeToggle\" class=\"toggle\" name=\"toggleSwitch\" src=\"../icons/collapse_all.gif\" /&gt;\r\n          Bibliography\r\n        &lt;/span&gt;&lt;/h1&gt;\r\n&lt;div id=\"citeSection\" class=\"section\" name=\"collapseableSection\" style=\"\"&gt;\r\n&lt;div class=\"seeAlsoStyle\"&gt;&lt;a name=\"cite1\" id=\"cite1\" /&gt;\r\n      [1]\r\n      &lt;strong&gt;Jack and Jill&lt;/strong&gt;, \r\n      &lt;em&gt;Direct3D&lt;/em&gt;, \r\n        Example Printing, Inc., \r\n        &lt;a target=\"_blank\" href=\"http://www.example.com?book=Direct3D\"&gt;http://www.example.com?book=Direct3D&lt;/a&gt;&lt;/div&gt;\r\n&lt;div class=\"seeAlsoStyle\"&gt;&lt;a name=\"cite2\" id=\"cite2\" /&gt;\r\n      [2]\r\n      &lt;strong&gt;Mario&lt;/strong&gt;, \r\n      &lt;em&gt;DirectX Algorithms&lt;/em&gt;, \r\n        Publisher, Ltd., \r\n        &lt;a target=\"_blank\" href=\"http://www.example.com?book=DirectXAlgorithms\"&gt;http://www.example.com?book=DirectXAlgorithms&lt;/a&gt;\r\n&lt;/div&gt;&lt;/div&gt;\r\n</pre>The bibliography is automatically generated near the bottom of the topic if one or more <span class=\"codeInline\" style=\"font-family:Consolas, Courier New, Courier, Monospace;\">&lt;cite&gt;</span> elements are used.<br /><br />If you have any problems let me know since it's quite possible that I simply forgot to mention a step that I took to get this working.<br />",
    "PostedDate": "2008-04-24T10:59:03.123-07:00",
    "UserRole": null,
    "MarkedAsAnswerDate": null
  },
  {
    "Id": "88823",
    "ThreadId": "26347",
    "Html": "<i>Continued from my previous post...</i><br /><br /><h3>\r\nAuto-Generated Conceptual Bibliography\r\n</h3>To get the same functionality in conceptual builds we have to do a bit more work, although the steps are similar to those above (so I'm going to be lite on the comments here....)<br /><br />First, update <i>skeleton_conceptual.xml</i>.<br /><br /><pre style=\"background-color:#ECECEC; border:dashed .1em #3E62A6; font-family:Consolas, Courier New, Courier, Monospace; font-size:1em; margin-top:0; padding:.5em; height:auto; overflow:auto; overflow-x:auto; overflow-y:auto;\">\r\n&lt;document&gt;\r\n  &lt;metadata /&gt;\r\n  &lt;bibliography /&gt;\r\n&lt;/document&gt;\r\n</pre>Next, add an include to <i>main_conceptual.xsl</i>.<br /><br /><pre style=\"background-color:#ECECEC; border:dashed .1em #3E62A6; font-family:Consolas, Courier New, Courier, Monospace; font-size:1em; margin-top:0; padding:.5em; height:auto; overflow:auto; overflow-x:auto; overflow-y:auto;\">\r\n&lt;xsl:include href=\"bibliography_conceptual.xsl\"/&gt;  &lt;!-- add me --&gt;\r\n  &lt;xsl:include href=\"htmlBody.xsl\" /&gt;\r\n&lt;xsl:include href=\"utilities_dduexml.xsl\" /&gt;\r\n</pre>Create the <i>bibliography_conceptual.xsl</i> file.<br /><br /><b>Note:</b> This stylesheet requires <b>bibliography_common.xsl</b> as well.  The contents are shown in my previous post.<br /><pre style=\"background-color:#ECECEC; border:dashed .1em #3E62A6; font-family:Consolas, Courier New, Courier, Monospace; font-size:1em; margin-top:0; padding:.5em; height:auto; overflow:auto; overflow-x:auto; overflow-y:auto;\">\r\n&lt;?xml version=\"1.0\" encoding=\"UTF-8\" ?&gt;\r\n&lt;xsl:stylesheet version=\"1.0\" xmlns:xsl=\"http://www.w3.org/1999/XSL/Transform\" xmlns:ddue=\"http://ddue.schemas.microsoft.com/authoring/2003/5\"&gt;\r\n \r\n  &lt;xsl:include href=\"bibliography_common.xsl\"/&gt;\r\n  \r\n  &lt;xsl:key name=\"citations\" match=\"//ddue:cite\" use=\"text()\" /&gt;\r\n \r\n  &lt;xsl:variable name=\"hasCitations\" select=\"boolean(count(//ddue:cite) &gt; 0)\"/&gt;\r\n  \r\n  &lt;xsl:template match=\"ddue:cite\"&gt;\r\n    &lt;xsl:variable name=\"currentCitation\" select=\"text()\"/&gt;\r\n    &lt;xsl:for-each select=\"//ddue:cite[generate-id(.)=generate-id(key('citations',text()))]\"&gt; &lt;!-- Distinct citations only --&gt;\r\n      &lt;xsl:if test=\"$currentCitation=.\"&gt;\r\n        &lt;xsl:element name=\"a\"&gt;&lt;xsl:attribute name=\"href\"&gt;#cite&lt;xsl:value-of select=\"position()\"/&gt;&lt;/xsl:attribute&gt;[&lt;xsl:value-of select=\"position()\"/&gt;]&lt;/xsl:element&gt;\r\n      &lt;/xsl:if&gt;\r\n    &lt;/xsl:for-each&gt;\r\n  &lt;/xsl:template&gt;\r\n \r\n  &lt;xsl:template match=\"ddue:bibliography\"&gt;\r\n    &lt;xsl:if test=\"$hasCitations\"&gt;\r\n      &lt;xsl:call-template name=\"section\"&gt;\r\n        &lt;xsl:with-param name=\"toggleSwitch\" select=\"'cite'\" /&gt;\r\n        &lt;xsl:with-param name=\"title\"&gt;\r\n          &lt;!--\r\n          &lt;include item=\"bibliographyTitle\" /&gt;\r\n          A content item should be used here instead, but for the sake of simplicity I'm hard-coding a value.\r\n          --&gt;\r\n          Bibliography\r\n        &lt;/xsl:with-param&gt;\r\n        &lt;xsl:with-param name=\"content\"&gt;\r\n          &lt;xsl:call-template name=\"autogenBibliographyLinks\"/&gt;\r\n        &lt;/xsl:with-param&gt;\r\n      &lt;/xsl:call-template&gt;\r\n    &lt;/xsl:if&gt;\r\n  &lt;/xsl:template&gt;\r\n \r\n  &lt;xsl:template name=\"autogenBibliographyLinks\"&gt;\r\n    &lt;xsl:for-each select=\"//ddue:cite[generate-id(.)=generate-id(key('citations',text()))]\"&gt; &lt;!-- Distinct citations only --&gt;\r\n      &lt;xsl:variable name=\"citation\" select=\".\"/&gt;\r\n      &lt;xsl:variable name=\"entry\" select=\"/document/bibliography/reference[@name=normalize-space($citation)]\"/&gt;\r\n \r\n      &lt;xsl:call-template name=\"bibliographyReference\"&gt;\r\n        &lt;xsl:with-param name=\"number\" select=\"position()\"/&gt;\r\n        &lt;xsl:with-param name=\"data\" select=\"$entry\"/&gt;\r\n      &lt;/xsl:call-template&gt;\r\n    &lt;/xsl:for-each&gt;\r\n  &lt;/xsl:template&gt;\r\n&lt;/xsl:stylesheet&gt;\r\n</pre>Add a build component to <i>conceptual.config</i> immediately after the \"Create skeleton document\" component.<br /><br /><b>Note:</b> Point to the same file as the reference documentation bibliography.<br /><pre style=\"background-color:#ECECEC; border:dashed .1em #3E62A6; font-family:Consolas, Courier New, Courier, Monospace; font-size:1em; margin-top:0; padding:.5em; height:auto; overflow:auto; overflow-x:auto; overflow-y:auto;\">\r\n&lt;!--Create skeleton document--&gt;\r\n...\r\n        &lt;!--Copy in bibliography data--&gt;\r\n        &lt;component type=\"Microsoft.Ddue.Tools.CopyFromFileComponent\" assembly=\"%DXROOT%\\ProductionTools\\BuildComponents.dll\"&gt;\r\n          &lt;data file=\"..\\..\\Help\\Settings\\bibliography.xml\" /&gt;\r\n          &lt;copy source=\"/bibliography/*\" target=\"/document/bibliography\" /&gt;\r\n        &lt;/component&gt;\r\n</pre>Here's a working MAML example that has a bibliography generated automatically.<br /><br /><b>Note:</b> You <i>must</i> add the <span class=\"codeInline\" style=\"font-family:Consolas, Courier New, Courier, Monospace;\">bibliography</span> element, preferably before the <span class=\"codeInline\" style=\"font-family:Consolas, Courier New, Courier, Monospace;\">relatedTopics</span> element.<br /><br /><pre style=\"background-color:#ECECEC; border:dashed .1em #3E62A6; font-family:Consolas, Courier New, Courier, Monospace; font-size:1em; margin-top:0; padding:.5em; height:auto; overflow:auto; overflow-x:auto; overflow-y:auto;\">\r\n&lt;?xml version=\"1.0\" encoding=\"utf-8\"?&gt;\r\n&lt;topic id=\"a2fc10e3-5724-4293-a7ce-65db64c82990\" revisionNumber=\"0\"&gt;\r\n  &lt;developerConceptualDocument xmlns=\"http://ddue.schemas.microsoft.com/authoring/2003/5\" xmlns:xlink=\"http://www.w3.org/1999/xlink\"&gt;\r\n    &lt;introduction&gt;\r\n      &lt;para&gt;Welcome to my test.&lt;/para&gt;\r\n    &lt;/introduction&gt;\r\n    &lt;section&gt;\r\n      &lt;title&gt;Test Bibliography&lt;/title&gt;\r\n      &lt;content&gt;\r\n        &lt;para&gt;\r\n          This class provides the algorithm defined in &lt;cite&gt;Direct3D&lt;/cite&gt;.\r\n        &lt;/para&gt;\r\n        &lt;para&gt;\r\n          However, a related algorithm &lt;cite&gt;DirectX Algorithms&lt;/cite&gt; is not provided.\r\n        &lt;/para&gt;\r\n      &lt;/content&gt;\r\n    &lt;/section&gt;\r\n    &lt;bibliography /&gt; &lt;!-- you must add this element --&gt;\r\n    &lt;relatedTopics&gt;\r\n    &lt;/relatedTopics&gt;\r\n  &lt;/developerConceptualDocument&gt;\r\n&lt;/topic&gt;\r\n</pre>- Dave<br />",
    "PostedDate": "2008-04-24T11:07:04.777-07:00",
    "UserRole": null,
    "MarkedAsAnswerDate": null
  },
  {
    "Id": "88824",
    "ThreadId": "26347",
    "Html": "\r\nFeature request: <br /><br /><a href=\"http://www.codeplex.com/Sandcastle/WorkItem/View.aspx?WorkItemId=2082\">Auto-generated Bibliography</a><br />",
    "PostedDate": "2008-04-24T11:12:03.943-07:00",
    "UserRole": null,
    "MarkedAsAnswerDate": null
  },
  {
    "Id": "89212",
    "ThreadId": "26347",
    "Html": "\r\nHi Dave,<br /><br />Great job. Thank you.<br /><br />So this how we extend Sandcastle. Amazing. <br /><br />I will try this. I will try to learn some xslt so that I can customize this later on.<br /><br />Thanks again<br />",
    "PostedDate": "2008-04-27T02:37:16.187-07:00",
    "UserRole": null,
    "MarkedAsAnswerDate": null
  },
  {
    "Id": "89221",
    "ThreadId": "26347",
    "Html": "\r\nHi Sy, <br /><br />Learning XSLT is probably a good idea.  If you want to use a different style for the bibliography, knowing how XSLT works will help you to adjust it.  You certainly don't have to be an expert though (I'm far from being an expert).<br /><br />I didn't realize that this post may be helpful in showing people how to extend Sandcastle themselves in various ways.  I'll create a tutorial from it soon.<br /><br />Here are some of the concepts that are used in the bibliography feature: <br /><br /><ul><li>How to use custom tags in XML documentation comments.</li><li>How to use custom tags in MAML.</li><li>How to add new collapsible sections to both reference and conceptual topics.</li><li>How to use shared content documents and items.  (Actually, I took a shortcut here and didn't use shared content - I placed a note in the XSL.)</li><li>How to add meta data to a topic so that it can be used by build components later in the stack.</li><li>XSLT concepts such as indexes and iteration.</li></ul>- Dave<br />",
    "PostedDate": "2008-04-27T05:37:12.41-07:00",
    "UserRole": null,
    "MarkedAsAnswerDate": null
  }
]