[
  {
    "Id": "726459",
    "ThreadId": "286428",
    "Html": "\r\n<p>Hello,</p>\r\n<p>I'm looking for a way to remove the header scripts (&quot;Collapse All,&quot; &quot;Code All&quot;) from Sandcastle-generated topics.</p>\r\n<p><a href=\"http://s248.photobucket.com/albums/gg183/thismajorsea/Captures/?action=view&current=HeaderScripts.png\" target=\"_blank\"><img src=\"http://i248.photobucket.com/albums/gg183/thismajorsea/Captures/HeaderScripts.png\" border=\"0\" alt=\"Photobucket\"></a></p>\r\n<p>So far, I have accomplished part of this objective by deleting the &quot;CheckboxMenu.js file&quot; (which removes the &quot;Code All&quot; drop-down) from the Flare project (which we use to generate structured WebHelp from the Sandcastle output), and by manually removing the\r\n remaining content from the topic xml. This is an acceptable Plan B, but I have over 150 topics in my project, so Plan B would require a few hours worth of work I'd like to avoid if possible.</p>\r\n<p>Is there a way to remove these scripts automatically from all topics in the output?</p>\r\n<p>Thanks,</p>\r\n<p>Todd</p>\r\n",
    "PostedDate": "2012-01-17T07:55:41.467-08:00",
    "UserRole": null,
    "MarkedAsAnswerDate": null
  },
  {
    "Id": "726497",
    "ThreadId": "286428",
    "Html": "<p>Your best bet is probably to make a copy of the presentation style as a backup and modify the XSL transformations to get rid of the unwanted elements.&nbsp; That way, when you build the help, the elements are not added to the output at all.</p>\r\n<p>Eric</p>\r\n<p>&nbsp;</p>",
    "PostedDate": "2012-01-17T08:58:12.087-08:00",
    "UserRole": null,
    "MarkedAsAnswerDate": null
  },
  {
    "Id": "726509",
    "ThreadId": "286428",
    "Html": "<p>Hello Todd,</p>\r\n<p>One way is to create a custom Sandcastle component which will run after the transformation component.</p>\r\n<p>Now, the header is structure as follows<br />\r\n<div style=\"color: black; background-color: white;\">\r\n<pre><span style=\"color: blue;\">&lt;</span><span style=\"color: #a31515;\">div</span> <span style=\"color: red;\">id</span><span style=\"color: blue;\">=</span><span style=\"color: black;\">\"</span><span style=\"color: blue;\">header</span><span style=\"color: black;\">\"</span><span style=\"color: blue;\">&gt;</span>\r\n  <span style=\"color: blue;\">&lt;</span><span style=\"color: #a31515;\">table</span> <span style=\"color: red;\">id</span><span style=\"color: blue;\">=</span><span style=\"color: black;\">\"</span><span style=\"color: blue;\">topTable</span><span style=\"color: black;\">\"</span> <span style=\"color: red;\">cellspacing</span><span style=\"color: blue;\">=</span><span style=\"color: black;\">\"</span><span style=\"color: blue;\">0</span><span style=\"color: black;\">\"</span> <span style=\"color: red;\">cellpadding</span><span style=\"color: blue;\">=</span><span style=\"color: black;\">\"</span><span style=\"color: blue;\">0</span><span style=\"color: black;\">\"</span><span style=\"color: blue;\">&gt;</span>\r\n    <span style=\"color: blue;\">&lt;</span><span style=\"color: #a31515;\">tr</span><span style=\"color: blue;\">&gt;</span>\r\n      <span style=\"color: blue;\">&lt;</span><span style=\"color: #a31515;\">td</span><span style=\"color: blue;\">&gt;</span>\r\n        <span style=\"color: blue;\">&lt;</span><span style=\"color: #a31515;\">span</span> <span style=\"color: red;\">onclick</span><span style=\"color: blue;\">=</span><span style=\"color: black;\">\"</span><span style=\"color: blue;\">ExpandCollapseAll(toggleAllImage)</span><span style=\"color: black;\">\"</span> <span style=\"color: red;\">style</span><span style=\"color: blue;\">=</span><span style=\"color: black;\">\"</span><span style=\"color: blue;\">cursor:default;</span><span style=\"color: black;\">\"</span> <span style=\"color: red;\">onkeypress</span><span style=\"color: blue;\">=</span><span style=\"color: black;\">\"</span><span style=\"color: blue;\">ExpandCollapseAll_CheckKey(toggleAllImage, event)</span><span style=\"color: black;\">\"</span> <span style=\"color: red;\">tabindex</span><span style=\"color: blue;\">=</span><span style=\"color: black;\">\"</span><span style=\"color: blue;\">0</span><span style=\"color: black;\">\"</span><span style=\"color: blue;\">&gt;</span>\r\n          <span style=\"color: blue;\">&lt;</span><span style=\"color: #a31515;\">img</span> <span style=\"color: red;\">ID</span><span style=\"color: blue;\">=</span><span style=\"color: black;\">\"</span><span style=\"color: blue;\">toggleAllImage</span><span style=\"color: black;\">\"</span> <span style=\"color: red;\">class</span><span style=\"color: blue;\">=</span><span style=\"color: black;\">\"</span><span style=\"color: blue;\">toggleAll</span><span style=\"color: black;\">\"</span> <span style=\"color: red;\">src</span><span style=\"color: blue;\">=</span><span style=\"color: black;\">\"</span><span style=\"color: blue;\">../icons/collapse_all.gif</span><span style=\"color: black;\">\"</span> <span style=\"color: blue;\">/&gt;</span><span style=\"color: red;\">&amp;nbsp;</span><span style=\"color: blue;\">&lt;</span><span style=\"color: #a31515;\">label</span> <span style=\"color: red;\">id</span><span style=\"color: blue;\">=</span><span style=\"color: black;\">\"</span><span style=\"color: blue;\">collapseAllLabel</span><span style=\"color: black;\">\"</span> <span style=\"color: red;\">for</span><span style=\"color: blue;\">=</span><span style=\"color: black;\">\"</span><span style=\"color: blue;\">toggleAllImage</span><span style=\"color: black;\">\"</span> <span style=\"color: red;\">style</span><span style=\"color: blue;\">=</span><span style=\"color: black;\">\"</span><span style=\"color: blue;\">display: none;</span><span style=\"color: black;\">\"</span><span style=\"color: blue;\">&gt;</span>Collapse All<span style=\"color: blue;\">&lt;/</span><span style=\"color: #a31515;\">label</span><span style=\"color: blue;\">&gt;</span><span style=\"color: blue;\">&lt;</span><span style=\"color: #a31515;\">label</span> <span style=\"color: red;\">id</span><span style=\"color: blue;\">=</span><span style=\"color: black;\">\"</span><span style=\"color: blue;\">expandAllLabel</span><span style=\"color: black;\">\"</span> <span style=\"color: red;\">for</span><span style=\"color: blue;\">=</span><span style=\"color: black;\">\"</span><span style=\"color: blue;\">toggleAllImage</span><span style=\"color: black;\">\"</span> <span style=\"color: red;\">style</span><span style=\"color: blue;\">=</span><span style=\"color: black;\">\"</span><span style=\"color: blue;\">display: none;</span><span style=\"color: black;\">\"</span><span style=\"color: blue;\">&gt;</span>Expand All<span style=\"color: blue;\">&lt;/</span><span style=\"color: #a31515;\">label</span><span style=\"color: blue;\">&gt;</span><span style=\"color: red;\">&amp;nbsp;</span><span style=\"color: blue;\">&lt;/</span><span style=\"color: #a31515;\">span</span><span style=\"color: blue;\">&gt;</span>\r\n        <span style=\"color: blue;\">&lt;</span><span style=\"color: #a31515;\">span</span><span style=\"color: blue;\">&gt;</span><span style=\"color: red;\">&amp;nbsp;</span><span style=\"color: red;\">&amp;nbsp;</span><span style=\"color: red;\">&amp;nbsp;</span><span style=\"color: red;\">&amp;nbsp;</span><span style=\"color: blue;\">&lt;/</span><span style=\"color: #a31515;\">span</span><span style=\"color: blue;\">&gt;</span>\r\n        <span style=\"color: blue;\">&lt;</span><span style=\"color: #a31515;\">span</span> <span style=\"color: red;\">id</span><span style=\"color: blue;\">=</span><span style=\"color: black;\">\"</span><span style=\"color: blue;\">devlangsDropdown</span><span style=\"color: black;\">\"</span> <span style=\"color: red;\">class</span><span style=\"color: blue;\">=</span><span style=\"color: black;\">\"</span><span style=\"color: blue;\">filter</span><span style=\"color: black;\">\"</span> <span style=\"color: red;\">tabindex</span><span style=\"color: blue;\">=</span><span style=\"color: black;\">\"</span><span style=\"color: blue;\">0</span><span style=\"color: black;\">\"</span><span style=\"color: blue;\">&gt;</span>\r\n          <span style=\"color: blue;\">&lt;</span><span style=\"color: #a31515;\">img</span> <span style=\"color: red;\">id</span><span style=\"color: blue;\">=</span><span style=\"color: black;\">\"</span><span style=\"color: blue;\">devlangsDropdownImage</span><span style=\"color: black;\">\"</span> <span style=\"color: red;\">src</span><span style=\"color: blue;\">=</span><span style=\"color: black;\">\"</span><span style=\"color: blue;\">../icons/dropdown.gif</span><span style=\"color: black;\">\"</span> <span style=\"color: blue;\">/&gt;</span><span style=\"color: red;\">&amp;nbsp;</span><span style=\"color: blue;\">&lt;</span><span style=\"color: #a31515;\">label</span> <span style=\"color: red;\">id</span><span style=\"color: blue;\">=</span><span style=\"color: black;\">\"</span><span style=\"color: blue;\">devlangsMenuAllLabel</span><span style=\"color: black;\">\"</span> <span style=\"color: red;\">for</span><span style=\"color: blue;\">=</span><span style=\"color: black;\">\"</span><span style=\"color: blue;\">devlangsDropdownImage</span><span style=\"color: black;\">\"</span> <span style=\"color: red;\">style</span><span style=\"color: blue;\">=</span><span style=\"color: black;\">\"</span><span style=\"color: blue;\">display: none;</span><span style=\"color: black;\">\"</span><span style=\"color: blue;\">&gt;</span><span style=\"color: blue;\">&lt;</span><span style=\"color: #a31515;\">nobr</span><span style=\"color: blue;\">&gt;</span>Code: All<span style=\"color: red;\">&amp;nbsp;</span><span style=\"color: blue;\">&lt;/</span><span style=\"color: #a31515;\">nobr</span><span style=\"color: blue;\">&gt;</span><span style=\"color: blue;\">&lt;/</span><span style=\"color: #a31515;\">label</span><span style=\"color: blue;\">&gt;</span><span style=\"color: blue;\">&lt;</span><span style=\"color: #a31515;\">label</span> <span style=\"color: red;\">id</span><span style=\"color: blue;\">=</span><span style=\"color: black;\">\"</span><span style=\"color: blue;\">devlangsMenuMultipleLabel</span><span style=\"color: black;\">\"</span> <span style=\"color: red;\">for</span><span style=\"color: blue;\">=</span><span style=\"color: black;\">\"</span><span style=\"color: blue;\">devlangsDropdownImage</span><span style=\"color: black;\">\"</span> <span style=\"color: red;\">style</span><span style=\"color: blue;\">=</span><span style=\"color: black;\">\"</span><span style=\"color: blue;\">display: none;</span><span style=\"color: black;\">\"</span><span style=\"color: blue;\">&gt;</span><span style=\"color: blue;\">&lt;</span><span style=\"color: #a31515;\">nobr</span><span style=\"color: blue;\">&gt;</span>Code: Multiple<span style=\"color: red;\">&amp;nbsp;</span><span style=\"color: blue;\">&lt;/</span><span style=\"color: #a31515;\">nobr</span><span style=\"color: blue;\">&gt;</span><span style=\"color: blue;\">&lt;/</span><span style=\"color: #a31515;\">label</span><span style=\"color: blue;\">&gt;</span><span style=\"color: blue;\">&lt;</span><span style=\"color: #a31515;\">label</span> <span style=\"color: red;\">id</span><span style=\"color: blue;\">=</span><span style=\"color: black;\">\"</span><span style=\"color: blue;\">devlangsMenuCSharpLabel</span><span style=\"color: black;\">\"</span> <span style=\"color: red;\">for</span><span style=\"color: blue;\">=</span><span style=\"color: black;\">\"</span><span style=\"color: blue;\">devlangsDropdownImage</span><span style=\"color: black;\">\"</span> <span style=\"color: red;\">style</span><span style=\"color: blue;\">=</span><span style=\"color: black;\">\"</span><span style=\"color: blue;\">display: none;</span><span style=\"color: black;\">\"</span><span style=\"color: blue;\">&gt;</span><span style=\"color: blue;\">&lt;</span><span style=\"color: #a31515;\">nobr</span><span style=\"color: blue;\">&gt;</span>Code: C#<span style=\"color: red;\">&amp;nbsp;</span><span style=\"color: blue;\">&lt;/</span><span style=\"color: #a31515;\">nobr</span><span style=\"color: blue;\">&gt;</span><span style=\"color: blue;\">&lt;/</span><span style=\"color: #a31515;\">label</span><span style=\"color: blue;\">&gt;</span><span style=\"color: blue;\">&lt;</span><span style=\"color: #a31515;\">label</span> <span style=\"color: red;\">id</span><span style=\"color: blue;\">=</span><span style=\"color: black;\">\"</span><span style=\"color: blue;\">devlangsMenuVisualBasicLabel</span><span style=\"color: black;\">\"</span> <span style=\"color: red;\">for</span><span style=\"color: blue;\">=</span><span style=\"color: black;\">\"</span><span style=\"color: blue;\">devlangsDropdownImage</span><span style=\"color: black;\">\"</span> <span style=\"color: red;\">style</span><span style=\"color: blue;\">=</span><span style=\"color: black;\">\"</span><span style=\"color: blue;\">display: none;</span><span style=\"color: black;\">\"</span><span style=\"color: blue;\">&gt;</span><span style=\"color: blue;\">&lt;</span><span style=\"color: #a31515;\">nobr</span><span style=\"color: blue;\">&gt;</span>Code: Visual Basic<span style=\"color: red;\">&amp;nbsp;</span><span style=\"color: blue;\">&lt;/</span><span style=\"color: #a31515;\">nobr</span><span style=\"color: blue;\">&gt;</span><span style=\"color: blue;\">&lt;/</span><span style=\"color: #a31515;\">label</span><span style=\"color: blue;\">&gt;</span><span style=\"color: blue;\">&lt;</span><span style=\"color: #a31515;\">label</span> <span style=\"color: red;\">id</span><span style=\"color: blue;\">=</span><span style=\"color: black;\">\"</span><span style=\"color: blue;\">devlangsMenuManagedCPlusPlusLabel</span><span style=\"color: black;\">\"</span> <span style=\"color: red;\">for</span><span style=\"color: blue;\">=</span><span style=\"color: black;\">\"</span><span style=\"color: blue;\">devlangsDropdownImage</span><span style=\"color: black;\">\"</span> <span style=\"color: red;\">style</span><span style=\"color: blue;\">=</span><span style=\"color: black;\">\"</span><span style=\"color: blue;\">display: none;</span><span style=\"color: black;\">\"</span><span style=\"color: blue;\">&gt;</span><span style=\"color: blue;\">&lt;</span><span style=\"color: #a31515;\">nobr</span><span style=\"color: blue;\">&gt;</span>Code: Visual C++<span style=\"color: red;\">&amp;nbsp;</span><span style=\"color: blue;\">&lt;/</span><span style=\"color: #a31515;\">nobr</span><span style=\"color: blue;\">&gt;</span><span style=\"color: blue;\">&lt;/</span><span style=\"color: #a31515;\">label</span><span style=\"color: blue;\">&gt;</span><span style=\"color: blue;\">&lt;/</span><span style=\"color: #a31515;\">span</span><span style=\"color: blue;\">&gt;</span>\r\n      <span style=\"color: blue;\">&lt;/</span><span style=\"color: #a31515;\">td</span><span style=\"color: blue;\">&gt;</span>\r\n    <span style=\"color: blue;\">&lt;/</span><span style=\"color: #a31515;\">tr</span><span style=\"color: blue;\">&gt;</span>\r\n  <span style=\"color: blue;\">&lt;/</span><span style=\"color: #a31515;\">table</span><span style=\"color: blue;\">&gt;</span>\r\n  <span style=\"color: blue;\">&lt;</span><span style=\"color: #a31515;\">div</span> <span style=\"color: red;\">id</span><span style=\"color: blue;\">=</span><span style=\"color: black;\">\"</span><span style=\"color: blue;\">devlangsMenu</span><span style=\"color: black;\">\"</span><span style=\"color: blue;\">&gt;</span>\r\n    <span style=\"color: blue;\">&lt;</span><span style=\"color: #a31515;\">input</span> <span style=\"color: red;\">id</span><span style=\"color: blue;\">=</span><span style=\"color: black;\">\"</span><span style=\"color: blue;\">CSharpCheckbox</span><span style=\"color: black;\">\"</span> <span style=\"color: red;\">type</span><span style=\"color: blue;\">=</span><span style=\"color: black;\">\"</span><span style=\"color: blue;\">checkbox</span><span style=\"color: black;\">\"</span> <span style=\"color: red;\">data</span><span style=\"color: blue;\">=</span><span style=\"color: black;\">\"</span><span style=\"color: blue;\">CSharp,cs,'persist'</span><span style=\"color: black;\">\"</span> <span style=\"color: red;\">value</span><span style=\"color: blue;\">=</span><span style=\"color: black;\">\"</span><span style=\"color: blue;\">on</span><span style=\"color: black;\">\"</span> <span style=\"color: red;\">onClick</span><span style=\"color: blue;\">=</span><span style=\"color: black;\">\"</span><span style=\"color: blue;\">SetLanguage(this)</span><span style=\"color: black;\">\"</span> <span style=\"color: blue;\">/&gt;</span>\r\n    <span style=\"color: blue;\">&lt;</span><span style=\"color: #a31515;\">label</span> <span style=\"color: red;\">class</span><span style=\"color: blue;\">=</span><span style=\"color: black;\">\"</span><span style=\"color: blue;\">checkboxLabel</span><span style=\"color: black;\">\"</span> <span style=\"color: red;\">for</span><span style=\"color: blue;\">=</span><span style=\"color: black;\">\"</span><span style=\"color: blue;\">CSharpCheckbox</span><span style=\"color: black;\">\"</span><span style=\"color: blue;\">&gt;</span>C#<span style=\"color: blue;\">&lt;/</span><span style=\"color: #a31515;\">label</span><span style=\"color: blue;\">&gt;</span>\r\n    <span style=\"color: blue;\">&lt;</span><span style=\"color: #a31515;\">br</span> <span style=\"color: blue;\">/&gt;</span>\r\n    <span style=\"color: blue;\">&lt;</span><span style=\"color: #a31515;\">input</span> <span style=\"color: red;\">id</span><span style=\"color: blue;\">=</span><span style=\"color: black;\">\"</span><span style=\"color: blue;\">VisualBasicCheckbox</span><span style=\"color: black;\">\"</span> <span style=\"color: red;\">type</span><span style=\"color: blue;\">=</span><span style=\"color: black;\">\"</span><span style=\"color: blue;\">checkbox</span><span style=\"color: black;\">\"</span> <span style=\"color: red;\">data</span><span style=\"color: blue;\">=</span><span style=\"color: black;\">\"</span><span style=\"color: blue;\">VisualBasic,vb,'persist'</span><span style=\"color: black;\">\"</span> <span style=\"color: red;\">value</span><span style=\"color: blue;\">=</span><span style=\"color: black;\">\"</span><span style=\"color: blue;\">on</span><span style=\"color: black;\">\"</span> <span style=\"color: red;\">onClick</span><span style=\"color: blue;\">=</span><span style=\"color: black;\">\"</span><span style=\"color: blue;\">SetLanguage(this)</span><span style=\"color: black;\">\"</span> <span style=\"color: blue;\">/&gt;</span>\r\n    <span style=\"color: blue;\">&lt;</span><span style=\"color: #a31515;\">label</span> <span style=\"color: red;\">class</span><span style=\"color: blue;\">=</span><span style=\"color: black;\">\"</span><span style=\"color: blue;\">checkboxLabel</span><span style=\"color: black;\">\"</span> <span style=\"color: red;\">for</span><span style=\"color: blue;\">=</span><span style=\"color: black;\">\"</span><span style=\"color: blue;\">VisualBasicCheckbox</span><span style=\"color: black;\">\"</span><span style=\"color: blue;\">&gt;</span>Visual Basic<span style=\"color: blue;\">&lt;/</span><span style=\"color: #a31515;\">label</span><span style=\"color: blue;\">&gt;</span>\r\n    <span style=\"color: blue;\">&lt;</span><span style=\"color: #a31515;\">br</span> <span style=\"color: blue;\">/&gt;</span>\r\n    <span style=\"color: blue;\">&lt;</span><span style=\"color: #a31515;\">input</span> <span style=\"color: red;\">id</span><span style=\"color: blue;\">=</span><span style=\"color: black;\">\"</span><span style=\"color: blue;\">ManagedCPlusPlusCheckbox</span><span style=\"color: black;\">\"</span> <span style=\"color: red;\">type</span><span style=\"color: blue;\">=</span><span style=\"color: black;\">\"</span><span style=\"color: blue;\">checkbox</span><span style=\"color: black;\">\"</span> <span style=\"color: red;\">data</span><span style=\"color: blue;\">=</span><span style=\"color: black;\">\"</span><span style=\"color: blue;\">ManagedCPlusPlus,cpp,'persist'</span><span style=\"color: black;\">\"</span> <span style=\"color: red;\">value</span><span style=\"color: blue;\">=</span><span style=\"color: black;\">\"</span><span style=\"color: blue;\">on</span><span style=\"color: black;\">\"</span> <span style=\"color: red;\">onClick</span><span style=\"color: blue;\">=</span><span style=\"color: black;\">\"</span><span style=\"color: blue;\">SetLanguage(this)</span><span style=\"color: black;\">\"</span> <span style=\"color: blue;\">/&gt;</span>\r\n    <span style=\"color: blue;\">&lt;</span><span style=\"color: #a31515;\">label</span> <span style=\"color: red;\">class</span><span style=\"color: blue;\">=</span><span style=\"color: black;\">\"</span><span style=\"color: blue;\">checkboxLabel</span><span style=\"color: black;\">\"</span> <span style=\"color: red;\">for</span><span style=\"color: blue;\">=</span><span style=\"color: black;\">\"</span><span style=\"color: blue;\">ManagedCPlusPlusCheckbox</span><span style=\"color: black;\">\"</span><span style=\"color: blue;\">&gt;</span>Visual C++<span style=\"color: blue;\">&lt;/</span><span style=\"color: #a31515;\">label</span><span style=\"color: blue;\">&gt;</span>\r\n    <span style=\"color: blue;\">&lt;</span><span style=\"color: #a31515;\">br</span> <span style=\"color: blue;\">/&gt;</span>\r\n  <span style=\"color: blue;\">&lt;/</span><span style=\"color: #a31515;\">div</span><span style=\"color: blue;\">&gt;</span>\r\n  <span style=\"color: blue;\">&lt;</span><span style=\"color: #a31515;\">table</span> <span style=\"color: red;\">id</span><span style=\"color: blue;\">=</span><span style=\"color: black;\">\"</span><span style=\"color: blue;\">bottomTable</span><span style=\"color: black;\">\"</span> <span style=\"color: red;\">cellpadding</span><span style=\"color: blue;\">=</span><span style=\"color: black;\">\"</span><span style=\"color: blue;\">0</span><span style=\"color: black;\">\"</span> <span style=\"color: red;\">cellspacing</span><span style=\"color: blue;\">=</span><span style=\"color: black;\">\"</span><span style=\"color: blue;\">0</span><span style=\"color: black;\">\"</span><span style=\"color: blue;\">&gt;</span>\r\n    <span style=\"color: blue;\">&lt;</span><span style=\"color: #a31515;\">tr</span> <span style=\"color: red;\">id</span><span style=\"color: blue;\">=</span><span style=\"color: black;\">\"</span><span style=\"color: blue;\">headerTableRow1</span><span style=\"color: black;\">\"</span><span style=\"color: blue;\">&gt;</span>\r\n      <span style=\"color: blue;\">&lt;</span><span style=\"color: #a31515;\">td</span> <span style=\"color: red;\">align</span><span style=\"color: blue;\">=</span><span style=\"color: black;\">\"</span><span style=\"color: blue;\">left</span><span style=\"color: black;\">\"</span><span style=\"color: blue;\">&gt;</span>\r\n        <span style=\"color: blue;\">&lt;</span><span style=\"color: #a31515;\">span</span> <span style=\"color: red;\">id</span><span style=\"color: blue;\">=</span><span style=\"color: black;\">\"</span><span style=\"color: blue;\">runningHeaderText</span><span style=\"color: black;\">\"</span><span style=\"color: blue;\">&gt;</span>Sandcastle Helpers: Test Hierarchical Toc<span style=\"color: blue;\">&lt;/</span><span style=\"color: #a31515;\">span</span><span style=\"color: blue;\">&gt;</span>\r\n      <span style=\"color: blue;\">&lt;/</span><span style=\"color: #a31515;\">td</span><span style=\"color: blue;\">&gt;</span>\r\n    <span style=\"color: blue;\">&lt;/</span><span style=\"color: #a31515;\">tr</span><span style=\"color: blue;\">&gt;</span>\r\n    <span style=\"color: blue;\">&lt;</span><span style=\"color: #a31515;\">tr</span> <span style=\"color: red;\">id</span><span style=\"color: blue;\">=</span><span style=\"color: black;\">\"</span><span style=\"color: blue;\">headerTableRow2</span><span style=\"color: black;\">\"</span><span style=\"color: blue;\">&gt;</span>\r\n      <span style=\"color: blue;\">&lt;</span><span style=\"color: #a31515;\">td</span> <span style=\"color: red;\">align</span><span style=\"color: blue;\">=</span><span style=\"color: black;\">\"</span><span style=\"color: blue;\">left</span><span style=\"color: black;\">\"</span><span style=\"color: blue;\">&gt;</span>\r\n        <span style=\"color: blue;\">&lt;</span><span style=\"color: #a31515;\">span</span> <span style=\"color: red;\">id</span><span style=\"color: blue;\">=</span><span style=\"color: black;\">\"</span><span style=\"color: blue;\">nsrTitle</span><span style=\"color: black;\">\"</span><span style=\"color: blue;\">&gt;</span>Company.Supports.Sales.Games Namespace<span style=\"color: blue;\">&lt;/</span><span style=\"color: #a31515;\">span</span><span style=\"color: blue;\">&gt;</span>\r\n      <span style=\"color: blue;\">&lt;/</span><span style=\"color: #a31515;\">td</span><span style=\"color: blue;\">&gt;</span>\r\n    <span style=\"color: blue;\">&lt;/</span><span style=\"color: #a31515;\">tr</span><span style=\"color: blue;\">&gt;</span>\r\n    <span style=\"color: blue;\">&lt;</span><span style=\"color: #a31515;\">tr</span> <span style=\"color: red;\">id</span><span style=\"color: blue;\">=</span><span style=\"color: black;\">\"</span><span style=\"color: blue;\">headerTableRow3</span><span style=\"color: black;\">\"</span><span style=\"color: blue;\">&gt;</span>\r\n      <span style=\"color: blue;\">&lt;</span><span style=\"color: #a31515;\">td</span> <span style=\"color: red;\">align</span><span style=\"color: blue;\">=</span><span style=\"color: black;\">\"</span><span style=\"color: blue;\">left</span><span style=\"color: black;\">\"</span><span style=\"color: blue;\">&gt;</span><span style=\"color: blue;\">&lt;/</span><span style=\"color: #a31515;\">td</span><span style=\"color: blue;\">&gt;</span>\r\n    <span style=\"color: blue;\">&lt;/</span><span style=\"color: #a31515;\">tr</span><span style=\"color: blue;\">&gt;</span>\r\n  <span style=\"color: blue;\">&lt;/</span><span style=\"color: #a31515;\">table</span><span style=\"color: blue;\">&gt;</span>\r\n  <span style=\"color: blue;\">&lt;</span><span style=\"color: #a31515;\">table</span> <span style=\"color: red;\">id</span><span style=\"color: blue;\">=</span><span style=\"color: black;\">\"</span><span style=\"color: blue;\">gradientTable</span><span style=\"color: black;\">\"</span><span style=\"color: blue;\">&gt;</span>\r\n    <span style=\"color: blue;\">&lt;</span><span style=\"color: #a31515;\">tr</span><span style=\"color: blue;\">&gt;</span>\r\n      <span style=\"color: blue;\">&lt;</span><span style=\"color: #a31515;\">td</span> <span style=\"color: red;\">class</span><span style=\"color: blue;\">=</span><span style=\"color: black;\">\"</span><span style=\"color: blue;\">nsrBottom</span><span style=\"color: black;\">\"</span> <span style=\"color: red;\">background</span><span style=\"color: blue;\">=</span><span style=\"color: black;\">\"</span><span style=\"color: blue;\">../icons/gradient.gif</span><span style=\"color: black;\">\"</span> <span style=\"color: blue;\">/&gt;</span>\r\n    <span style=\"color: blue;\">&lt;/</span><span style=\"color: #a31515;\">tr</span><span style=\"color: blue;\">&gt;</span>\r\n  <span style=\"color: blue;\">&lt;/</span><span style=\"color: #a31515;\">table</span><span style=\"color: blue;\">&gt;</span>\r\n<span style=\"color: blue;\">&lt;/</span><span style=\"color: #a31515;\">div</span><span style=\"color: blue;\">&gt;</span>\r\n</pre>\r\n</div>\r\n</p>\r\n<p>You can remove the header table with the <strong>id = \"topTable\"</strong> or just the cell. This is what I do to remove the feedback,<br />if the user sets it to none in my build tool. The code used is similar to:<br />\r\n<div style=\"color: black; background-color: white;\">\r\n<pre><span style=\"color: blue;\">void</span> RemoveFeedback(XPathNavigator docNavigator)\r\n{\r\n\t<span style=\"color: blue;\">if</span> (!_hasFeedback)\r\n\t{\r\n\t\tXPathNavigator headerDiv = docNavigator.SelectSingleNode(_headDivSelector);\r\n\t\t<span style=\"color: blue;\">if</span> (headerDiv == <span style=\"color: blue;\">null</span>)\r\n\t\t{\r\n\t\t\t<span style=\"color: blue;\">return</span>;\r\n\t\t}\r\n\t\t<span style=\"color: blue;\">if</span> (_feedbackRowSelector == <span style=\"color: blue;\">null</span>)\r\n\t\t{\r\n\t\t\t_feedbackRowSelector = XPathExpression.Compile(\r\n\t\t\t\t<span style=\"color: #a31515;\">\"//table[@id='bottomTable']/tr[@id='headerTableRow3']/td\"</span>);\r\n\t\t}\r\n\t\tXPathNavigator feedbackRow = docNavigator.SelectSingleNode(\r\n\t\t\t_feedbackRowSelector);\r\n\t\t<span style=\"color: blue;\">if</span> (feedbackRow == <span style=\"color: blue;\">null</span>)\r\n\t\t{\r\n\t\t\t<span style=\"color: blue;\">return</span>;\r\n\t\t}\r\n\t\t<span style=\"color: blue;\">if</span> (_feedbackSpanSelector == <span style=\"color: blue;\">null</span>)\r\n\t\t{\r\n\t\t\t_feedbackSpanSelector = XPathExpression.Compile(\r\n\t\t\t\t<span style=\"color: #a31515;\">\"//include[@item='feedbackHeader']\"</span>);\r\n\t\t}\r\n\t\tXPathNavigator feedbackSpan = feedbackRow.SelectSingleNode(\r\n\t\t\t_feedbackSpanSelector);\r\n\t\t<span style=\"color: blue;\">if</span> (feedbackSpan != <span style=\"color: blue;\">null</span>)\r\n\t\t{\r\n\t\t\tfeedbackSpan.DeleteSelf();\r\n\t\t}\r\n\t}\r\n}\r\n\r\n</pre>\r\n</div>\r\n</p>\r\n<p>The _headDivSelector is defined as</p>\r\n<p>_headDivSelector = XPathExpression.Compile(\"//div[@id='header']\");</p>\r\n<p>and the&nbsp;docNavigator&nbsp;= document.CreateNavigator();</p>\r\n<p>I use the XPath because I do several other operations in the component where this is used, but you do not have to use it.</p>\r\n<p>Best regards,<br />Paul&nbsp;</p>",
    "PostedDate": "2012-01-17T09:15:17.657-08:00",
    "UserRole": null,
    "MarkedAsAnswerDate": null
  },
  {
    "Id": "726554",
    "ThreadId": "286428",
    "Html": "<p>Thanks for the quick replies. It sounds like these recommendations will allow me to accomplish what I'm trying to do.</p>",
    "PostedDate": "2012-01-17T10:03:24.62-08:00",
    "UserRole": null,
    "MarkedAsAnswerDate": null
  },
  {
    "Id": "726617",
    "ThreadId": "286428",
    "Html": "<blockquote style=\"border: solid .1em #ccc; font-style: italic; margin: .25em 1em 0 1em; padding: 0 .25em 0 .25em;\"><strong>EWoodruff wrote:</strong><br />\r\n<p>Your best bet is probably to make a copy of the presentation style as a backup and modify the XSL transformations to get rid of the unwanted elements.&nbsp; That way, when you build the help, the elements are not added to the output at all.</p>\r\n<p>Eric</p>\r\n<p>&nbsp;</p>\r\n</blockquote>\r\n<p>Eric, with regard to this, what specific XSL transformations would I want to target? I tried removing code from the Presentation file in bits, then adding it back, to see which parts corresponded to the content I want to remove, but I wasn't able to find the right code. Any help with this would be appreciated.</p>\r\n<p>Thanks.</p>",
    "PostedDate": "2012-01-17T11:34:02.017-08:00",
    "UserRole": null,
    "MarkedAsAnswerDate": null
  },
  {
    "Id": "726769",
    "ThreadId": "286428",
    "Html": "<p>Pretty much all of the literal text is stored in the resource files in the .\\Content folder.&nbsp; The best way to locate something is to search those for the text and then search the XSL files for the item names.&nbsp; So, in this example, if you search the content files for \"Collapse All\", you'll find it in reference_content.xml in the collapseAll item.&nbsp; Searching the XSL files for \"collapseAll\" leads you to the bodyHeaderTopTable template in the the htmlBody.xsl file.&nbsp; You'll see that it renders the \"Collapse All\" link. the \"Code\" dropdown, and a few other elements.</p>\r\n<p>Eric</p>\r\n<p>&nbsp;</p>",
    "PostedDate": "2012-01-17T15:24:28.477-08:00",
    "UserRole": null,
    "MarkedAsAnswerDate": null
  },
  {
    "Id": "727212",
    "ThreadId": "286428",
    "Html": "<p>Eric,</p>\n<p>Thank you - following this lead, I found the correct code. I was able to remove the \"Collapse All\" link from the header table.</p>\n<p>&nbsp;</p>\n<div style=\"color: black; background-color: white;\">\n<pre>&lt;span onclick=<span style=\"color: #a31515;\">\"ExpandCollapseAll(toggleAllImage)\"</span> style=<span style=\"color: #a31515;\">\"cursor:default;\"</span> onkeypress=<span style=\"color: #a31515;\">\"ExpandCollapseAll_CheckKey(toggleAllImage, event)\"</span> tabindex=<span style=\"color: #a31515;\">\"0\"</span>&gt;\n            &lt;img ID=<span style=\"color: #a31515;\">\"toggleAllImage\"</span> <span style=\"color: blue;\">class</span>=<span style=\"color: #a31515;\">\"toggleAll\"</span>&gt;\n              &lt;includeAttribute name=<span style=\"color: #a31515;\">\"src\"</span> item=<span style=\"color: #a31515;\">\"iconPath\"</span>&gt;\n                &lt;parameter&gt;collapse_all.gif&lt;/parameter&gt;\n              &lt;/includeAttribute&gt;\n            &lt;/img&gt;\n            &lt;xsl:text&gt;&amp;#xa0;&lt;/xsl:text&gt;\n            &lt;label id=<span style=\"color: #a31515;\">\"collapseAllLabel\"</span> <span style=\"color: blue;\">for</span>=<span style=\"color: #a31515;\">\"toggleAllImage\"</span> style=<span style=\"color: #a31515;\">\"display: none;\"</span>&gt;\n              &lt;include item=<span style=\"color: #a31515;\">\"collapseAll\"</span>/&gt;\n            &lt;/label&gt;\n            &lt;label id=<span style=\"color: #a31515;\">\"expandAllLabel\"</span> <span style=\"color: blue;\">for</span>=<span style=\"color: #a31515;\">\"toggleAllImage\"</span> style=<span style=\"color: #a31515;\">\"display: none;\"</span>&gt;\n              &lt;include item=<span style=\"color: #a31515;\">\"expandAll\"</span>/&gt;\n            &lt;/label&gt;\n            &lt;xsl:text&gt;&amp;#160;&lt;/xsl:text&gt;\n          &lt;/span&gt;</pre>\n</div>\n<p>&nbsp;</p>\n<p>However, when I remove the code for DevLangs (to remove the \"CodeAll\" dropdown), I encounter a script error when I view the resulting CHM:</p>\n<p>Code:</p>\n<p>&nbsp;</p>\n<div style=\"color: black; background-color: white;\">\n<pre>          &lt;xsl:<span style=\"color: blue;\">if</span> test=<span style=\"color: #a31515;\">\"boolean($showDevlangsFilter)\"</span>&gt;\n            &lt;xsl:call-template name=<span style=\"color: #a31515;\">\"devlangsDropdown\"</span>/&gt;\n          &lt;/xsl:<span style=\"color: blue;\">if</span>&gt;</pre>\n</div>\n<p>&nbsp;</p>\n<p>Error:</p>\n<p><span>&nbsp;</span><span><a href=\"http://s248.photobucket.com/albums/gg183/thismajorsea/Captures/?action=view&amp;current=ScriptError.png\" target=\"_blank\"><img src=\"http://i248.photobucket.com/albums/gg183/thismajorsea/Captures/ScriptError.png\" border=\"0\" alt=\"Photobucket\" /></a></span></p>\n<p>What is the correlation between attachEvent and the code I am removing? How can I remove the \"CodeAll\" dropdown without causing script errors?</p>\n<p>I appreciate your help with this.</p>\n<p>Todd</p>",
    "PostedDate": "2012-01-18T11:57:19.643-08:00",
    "UserRole": null,
    "MarkedAsAnswerDate": null
  },
  {
    "Id": "727223",
    "ThreadId": "286428",
    "Html": "<p>Eric,</p>\r\n<p>Disregard the previous post. There was a bit of code I neglected to remove. Having removed it, I no longer encounter script errors in the CHM output.&nbsp;Once again, thanks for your assistance with this. It saved me a lot of time.</p>\r\n<p>Todd</p>",
    "PostedDate": "2012-01-18T12:26:45.41-08:00",
    "UserRole": null,
    "MarkedAsAnswerDate": null
  }
]