[
  {
    "Id": "74502",
    "ThreadId": "22348",
    "Html": "\r\nIs there a way of linking to overloads with Sandcastle?  <br /><br />Back in the days of NDOC, I could do something like this:<br /><br />&lt;see href=\"Test.Info.ProgressTracker.Increment_overloads.html\"&gt;Increment&lt;/see&gt;<br /><br />where Test.Info.ProgressTracker.Increment is a method with overloads.  When the user clicked the link that was generated in the help file, the page that showed all the overloads for the method was shown.  With Sandcastle, this doe not work, unless there is something additional I need to do.  The reason appears to be that, unlike with NDoc, the HTML page that Sandcastle generates for the overloads has an arbitrary and unpredictable name, such as c2723e13-7a4b-c01c-0314-5ba748bc6c82.htm.<br /><br />If there is not currently a workaround for this, might I suggest that a good future enhancement might be to revert to the naming convention for overloads pages that was used in NDOC?<br /><br />Thanks.<br />Simon<br />",
    "PostedDate": "2008-02-17T16:51:13.703-08:00",
    "UserRole": null,
    "MarkedAsAnswerDate": null
  },
  {
    "Id": "74504",
    "ThreadId": "22348",
    "Html": "\r\nHi Simon, <br /><br />If you enable friendly HTML file names then your example will work.  How to do that depends upon the tool you're using.<br /><br />Note that the GUID file names are not arbitrary.  They remain the same for a particular topic regardless of how many times you build.  So technically, you could reference the overloads page with GUID file names too - you'd just have to figure out the GUID file name of the topic that you want.<br /><br />Another way to reference an overloads page is to use the member ID without specifying any signature.  For example: <br /><br /><pre style=\"background-color:#ECECEC; border:dashed .1em #3E62A6; font-family:Consolas, Courier New, Courier, Monospace; font-size:1em; margin-top:0; padding:.5em; height:auto; overflow:auto; overflow-x:auto; overflow-y:auto;\">\r\n&lt;see cref=\"M:Test.Info.ProgressTracker.Increment\" /&gt;\r\n</pre>Note that it must be a <span class=\"codeInline\" style=\"font-family:Consolas, Courier New, Courier, Monospace;\">cref</span> link instead of <span class=\"codeInline\" style=\"font-family:Consolas, Courier New, Courier, Monospace;\">href</span>.<br /><br />- Dave<br />",
    "PostedDate": "2008-02-17T17:07:33.027-08:00",
    "UserRole": null,
    "MarkedAsAnswerDate": null
  },
  {
    "Id": "74506",
    "ThreadId": "22348",
    "Html": "\r\nHi Simon, <br /><br />Sorry, but my last example wasn't correct.  Instead of the <i>M:</i> prefix you'd have to use <i>Overload:</i>, although that doesn't work either because the C# compiler changes it.  (I didn't try with VB though.)<br /><br />I thought that it used to work like in my original example.  Is this a regression bug or am I just dreaming?<br /><br />- Dave<br />",
    "PostedDate": "2008-02-17T17:23:44.46-08:00",
    "UserRole": null,
    "MarkedAsAnswerDate": null
  },
  {
    "Id": "74704",
    "ThreadId": "22348",
    "Html": "\r\nBased upon this <a href=\"http://www.codeplex.com/Sandcastle/Wiki/View.aspx?title=https%3a%2f%2fforums.microsoft.com%2fMSDN%2fShowPost.aspx%3fPostID%3d1452885%26SiteID%3d1\">https://forums.microsoft.com/MSDN/ShowPost.aspx?PostID=1452885&amp;SiteID=1</a> posting, I was able to modified the presentation transforms to add support for the <i>O:</i> prefex which converts to use <i>Overload:</i>. Here is the changed template in VS2005's main_sandcastle.xsl file (note, this feature was to be added to Sandcastle, but does not appear to be added yet):<br /><br />&lt;!-- MODIFIED TO SUPPORT O: FOR OVERLOADS AND CUSTOM TEXT FOR CREF --&gt;<br />  &lt;xsl:template match=\"see<a href=\"http://www.codeplex.com/Sandcastle/Wiki/View.aspx?title=%40cref\">@cref</a>\"&gt;\"}<br />    &lt;xsl:choose&gt;<br />      &lt;xsl:when test=\"normalize-space(.)\"&gt;<br />        &lt;xsl:choose&gt;<br />          &lt;xsl:when test=\"starts-with(@cref,'O:')\"&gt;<br />            &lt;referenceLink target=\"{concat('Overload:', substring(@cref,3))}\"&gt;<br />              &lt;xsl:value-of select=\".\" /&gt;<br />            &lt;/referenceLink&gt;<br />          &lt;/xsl:when&gt;<br />          &lt;xsl:otherwise&gt;<br />            &lt;referenceLink target=\"{@cref}\"&gt;<br />              &lt;xsl:value-of select=\".\" /&gt;<br />            &lt;/referenceLink&gt;<br />          &lt;/xsl:otherwise&gt;<br />        &lt;/xsl:choose&gt;<br />      &lt;/xsl:when&gt;<br />      &lt;xsl:otherwise&gt;<br />        &lt;xsl:choose&gt;<br />          &lt;xsl:when test=\"starts-with(@cref,'O:')\"&gt;<br />            &lt;referenceLink target=\"{concat('Overload:', substring(@cref,3))}\" /&gt;<br />          &lt;/xsl:when&gt;<br />          &lt;xsl:otherwise&gt;<br />            &lt;referenceLink target=\"{@cref}\" /&gt;<br />          &lt;/xsl:otherwise&gt;<br />        &lt;/xsl:choose&gt;<br />      &lt;/xsl:otherwise&gt;<br />    &lt;/xsl:choose&gt;<br />  &lt;/xsl:template&gt;<br /><br />  &lt;!-- MODIFIED TO SUPPORT O: FOR OVERLOADS --&gt;<br />  &lt;xsl:template match=\"seealso\"&gt;<br />    &lt;xsl:choose&gt;<br />      &lt;xsl:when test=\"normalize-space(.)\"&gt;<br />        &lt;xsl:choose&gt;<br />          &lt;xsl:when test=\"starts-with(@cref,'O:')\"&gt;<br />            &lt;referenceLink target=\"{concat('Overload:', substring(@cref,3))}\" qualified=\"true\"&gt;<br />              &lt;xsl:value-of select=\".\" /&gt;<br />            &lt;/referenceLink&gt;<br />          &lt;/xsl:when&gt;<br />          &lt;xsl:otherwise&gt;<br />            &lt;referenceLink target=\"{@cref}\" qualified=\"true\"&gt;<br />              &lt;xsl:value-of select=\".\" /&gt;<br />            &lt;/referenceLink&gt;<br />          &lt;/xsl:otherwise&gt;<br />        &lt;/xsl:choose&gt;<br />      &lt;/xsl:when&gt;<br />      &lt;xsl:otherwise&gt;<br />        &lt;xsl:choose&gt;<br />          &lt;xsl:when test=\"starts-with(@cref,'O:')\"&gt;<br />            &lt;referenceLink target=\"{concat('Overload:', substring(@cref,3))}\" qualified=\"true\" /&gt;<br />          &lt;/xsl:when&gt;<br />          &lt;xsl:otherwise&gt;<br />            &lt;referenceLink target=\"{@cref}\" qualified=\"true\" /&gt;<br />          &lt;/xsl:otherwise&gt;<br />        &lt;/xsl:choose&gt;<br />      &lt;/xsl:otherwise&gt;<br />    &lt;/xsl:choose&gt;<br />  &lt;/xsl:template&gt;<br /><br />",
    "PostedDate": "2008-02-18T09:51:30.547-08:00",
    "UserRole": null,
    "MarkedAsAnswerDate": null
  },
  {
    "Id": "74728",
    "ThreadId": "22348",
    "Html": "\r\nCool, thanks!<br /><br />Note that when you specify external hyperlinks in this wiki they must be prefixed with <b>url:</b>, as in: <br /><br />[url:https://forums.microsoft.com/MSDN/ShowPost.aspx?PostID=1452885&amp;SiteID=1]<br /><br /><a href=\"https://forums.microsoft.com/MSDN/ShowPost.aspx?PostID=1452885&amp;SiteID=1\" class=\"externalLink\">https://forums.microsoft.com/MSDN/ShowPost.aspx?PostID=1452885&amp;SiteID=1<span class=\"externalLinkIcon\" style=\"font-family:Consolas, Courier New, Courier, Monospace;\"></span></a><br />",
    "PostedDate": "2008-02-18T11:28:17.743-08:00",
    "UserRole": null,
    "MarkedAsAnswerDate": null
  },
  {
    "Id": "74756",
    "ThreadId": "22348",
    "Html": "\r\nThanks for the tips.  I'm using Sandcastle Help File Builder to control Sandcastle.  I can't see how to enable friendly HTML file names in SHFB.  My guess is that it is not supported directly by SHFB.  In that case perhaps there is a way of doing it by manually editing a Sandcastle configuration file or something.  Do you know anything about that?<br /><br />I did wonder if those GUID file names stayed the same every time.  Thanks for the clarification.  However, I've got a lot of code documentation that links to overloads the old-fashioned way.  So I would prefer to get friendly HTML file names working. <br /><br />I'll probably give the third suggestion a go with the tweak suggested by dwhearn, though I would rather get the friendly HTML file names suggestion working if that is possible.<br />",
    "PostedDate": "2008-02-18T14:20:12.57-08:00",
    "UserRole": null,
    "MarkedAsAnswerDate": null
  },
  {
    "Id": "74765",
    "ThreadId": "22348",
    "Html": "\r\nTo control how the files are named by SHFB, select the method using the <b>NamingMethod</b> property.  You'll find it in the <b>Help File</b> category.  See the help file for a description of the naming methods and how the friendly names are created.<br /><br />Eric<br />",
    "PostedDate": "2008-02-18T14:46:00.537-08:00",
    "UserRole": null,
    "MarkedAsAnswerDate": null
  },
  {
    "Id": "74795",
    "ThreadId": "22348",
    "Html": "\r\nThanks, Eric.  I set <b>NamingMethod</b> to <b>MemberName</b> and sure enough the HTML pages are now generated with meaningful file names.  They are not the same file names as NDOC used to generate.  So I will still need to change all my links that reference overloads.  That is OK.  But what do I need to change them to?<br /><br />I have tried several variations using the example I cited in my opening post as my test case. According to the generated Help 2 collection, the URL of the overloads page for the Increment method is:<br /><br />ms-help://Test.Info/Test.Info/html/Overload_Test_Info_ProgressTracker_Increment.htm<br /><br />Based on that URL, I tried all of the following to reference the overloads page:<br /><br />&lt;see href=\"Overload_Test_Info_ProgressTracker_Increment.htm\"}\"&gt;Increment&lt;/see&gt;<br />&lt;see href=\"html/Overload_Test_Info_ProgressTracker_Increment.htm\"&gt;Increment&lt;/see&gt;<br />&lt;see href=\"Test.Info/html/Overload_Test_Info_ProgressTracker_Increment.htm\"&gt;Increment&lt;/see&gt;<br />&lt;see href=\"Test.Info/Test.Info/html/Overload_Test_Info_ProgressTracker_Increment.htm\"&gt;Increment&lt;/see&gt;<br />&lt;see href=\"ms-help://Test.Info/Test.Info/html/Overload_Test_Info_ProgressTracker_Increment.htm\"&gt;Increment&lt;/see&gt;<br /><br />None of those worked.<br /><br />Simon<br />",
    "PostedDate": "2008-02-18T17:37:01.16-08:00",
    "UserRole": null,
    "MarkedAsAnswerDate": null
  },
  {
    "Id": "74806",
    "ThreadId": "22348",
    "Html": "\r\nAs noted, see the property help in the help file.  It describes how it comes up with the names.  As for how the links are rendered, it's based on the <b>ProjectLinkType</b> setting.  If set to local, it renders all internal links as standard anchor tags (&lt;a href='xxx'&gt;).  If set to Index, it renders them as mshelp:link keywords.  &lt;see href=&gt; will always render as an anchor tag so if the link type is set to Index, they may not work.  I haven't tested that to see if it's true though.<br /><br />The first or second form would be the one's that work.  You might try a Help 1 build to see if the links work (ProjectLinkType would have to be Local in that case).<br /><br />Eric<br />",
    "PostedDate": "2008-02-18T18:51:57.02-08:00",
    "UserRole": null,
    "MarkedAsAnswerDate": null
  },
  {
    "Id": "75087",
    "ThreadId": "22348",
    "Html": "\r\nHello Eric,<br /><br />Thanks for the further suggestions.<br /><br />Yes, I had read the documentation for the <b>NamingMethod</b> property.  The names that would be generated according to that documentation match the names actually generated, as can be seen by checking the URLs in the generated help files.  <br /><br />I've just tried setting <b>ProjectLinkType</b> to Index for the Help 2 build.  That did not make any difference.  I've also tried a Help 1 build with <b>ProjectLinkType</b> set to Local.  That did not work either.  <br /><br />For both types of builds I have also tried four additional variations on the <b>see</b> tag, as shown at the top of the following revised list of all the variations I have tested and none of which work in either the Help 1 build or the Help 2 build described above:<br /><br />&lt;see href=\"/Overload_Test_Info_ProgressTracker_Increment.htm\"}\"&gt;Increment&lt;/see&gt;<br />&lt;see href=\"/html/Overload_Test_Info_ProgressTracker_Increment.htm\"&gt;Increment&lt;/see&gt;<br />&lt;see href=\"/Test.Info/html/Overload_Test_Info_ProgressTracker_Increment.htm\"&gt;Increment&lt;/see&gt;<br />&lt;see href=\"/Test.Info/Test.Info/html/Overload_Test_Info_ProgressTracker_Increment.htm\"&gt;Increment&lt;/see&gt;<br />&lt;see href=\"Overload_Test_Info_ProgressTracker_Increment.htm\"}\"&gt;Increment&lt;/see&gt;<br />&lt;see href=\"html/Overload_Test_Info_ProgressTracker_Increment.htm\"&gt;Increment&lt;/see&gt;<br />&lt;see href=\"Test.Info/html/Overload_Test_Info_ProgressTracker_Increment.htm\"&gt;Increment&lt;/see&gt;<br />&lt;see href=\"Test.Info/Test.Info/html/Overload_Test_Info_ProgressTracker_Increment.htm\"&gt;Increment&lt;/see&gt;<br />&lt;see href=\"ms-help://Test.Info/Test.Info/html/Overload_Test_Info_ProgressTracker_Increment.htm\"&gt;Increment&lt;/see&gt;<br /><br />Simon<br />",
    "PostedDate": "2008-02-19T15:16:53.91-08:00",
    "UserRole": null,
    "MarkedAsAnswerDate": null
  },
  {
    "Id": "76377",
    "ThreadId": "22348",
    "Html": "\r\nI've tried the solution explained by davedev and dwhearn. It works with just one line corrected in the main_sandcastle.xsl code given by dwhearn:<br /><br /> &lt;xsl:template match=\"see@cref\"&gt;\"}<br /><br />has to be replaced with<br /><br />&lt;xsl:template match=\"see[@cref]\"&gt;<br /><br />I expect that is what dwhearn intended, but it fell foul of WIKI markup.  Thanks Dave and dwhearn for your help.<br /><br />Simon<br />",
    "PostedDate": "2008-02-25T18:27:06.36-08:00",
    "UserRole": null,
    "MarkedAsAnswerDate": null
  }
]