[
  {
    "Id": "848385",
    "ThreadId": "359430",
    "Html": "\r\n<p>Hi,</p>\r\n<p>I am able to link to the .aml file from the xml documentation by using the following code:</p>\r\n<p>&lt;a href=&quot;html/ff1b584d-972a-4f13-8de6-03a577bcf7a5.htm&quot;&gt;Test&lt;/a&gt;</p>\r\n<p>where i am referencing the GUID of the .aml file.</p>\r\n<p>I would just like to know if its possible to link to a specific section of the file?</p>\r\n<p>I have a table and would like to link to a specific row, i have added a row id and then thought i would be able to go straight to the row by using:</p>\r\n<p>&lt;a href=&quot;html/ff1b584d-972a-4f13-8de6-03a577bcf7a5.htm#Test&quot;&gt;Test&lt;/a&gt;</p>\r\n<p>Where Test is the id i have given the row.</p>\r\n<p>Is there a way to do this?</p>\r\n<p>Thanks</p>\r\n",
    "PostedDate": "2012-06-13T05:31:10.65-07:00",
    "UserRole": null,
    "MarkedAsAnswerDate": null
  },
  {
    "Id": "848585",
    "ThreadId": "359430",
    "Html": "<p>If you're using the latest release of Sandcastle or SHFB, what you've done should work.&nbsp; However, only certain MAML elements support the address attribute used to specify the ID.&nbsp; In the case of tables, you need to put it on an &lt;entry&gt; element within the table.&nbsp; For example:</p>\r\n<div style=\"color: black; background-color: white;\">\r\n<pre><span style=\"color: blue;\">&lt;</span><span style=\"color: #a31515;\">table</span><span style=\"color: blue;\">&gt;</span>\r\n  <span style=\"color: blue;\">&lt;</span><span style=\"color: #a31515;\">row</span><span style=\"color: blue;\">&gt;</span>\r\n    <span style=\"color: blue;\">&lt;</span><span style=\"color: #a31515;\">entry</span> <span style=\"color: red;\">address</span><span style=\"color: blue;\">=</span><span style=\"color: black;\">\"</span><span style=\"color: blue;\">Row1Cell1</span><span style=\"color: black;\">\"</span><span style=\"color: blue;\">&gt;</span><span style=\"color: blue;\">&lt;</span><span style=\"color: #a31515;\">para</span><span style=\"color: blue;\">&gt;</span>This entry has an <span style=\"color: blue;\">&lt;</span><span style=\"color: #a31515;\">codeInline</span><span style=\"color: blue;\">&gt;</span>address<span style=\"color: blue;\">&lt;/</span><span style=\"color: #a31515;\">codeInline</span><span style=\"color: blue;\">&gt;</span>\r\nattribute that can be used as a link target.<span style=\"color: blue;\">&lt;/</span><span style=\"color: #a31515;\">para</span><span style=\"color: blue;\">&gt;</span><span style=\"color: blue;\">&lt;/</span><span style=\"color: #a31515;\">entry</span><span style=\"color: blue;\">&gt;</span>\r\n    <span style=\"color: blue;\">&lt;</span><span style=\"color: #a31515;\">entry</span><span style=\"color: blue;\">&gt;</span><span style=\"color: blue;\">&lt;</span><span style=\"color: #a31515;\">para</span><span style=\"color: blue;\">&gt;</span>Row 1, Cell 2<span style=\"color: blue;\">&lt;/</span><span style=\"color: #a31515;\">para</span><span style=\"color: blue;\">&gt;</span><span style=\"color: blue;\">&lt;/</span><span style=\"color: #a31515;\">entry</span><span style=\"color: blue;\">&gt;</span>\r\n    <span style=\"color: blue;\">&lt;</span><span style=\"color: #a31515;\">entry</span><span style=\"color: blue;\">&gt;</span><span style=\"color: blue;\">&lt;</span><span style=\"color: #a31515;\">para</span><span style=\"color: blue;\">&gt;</span>Row 1, Cell 3<span style=\"color: blue;\">&lt;/</span><span style=\"color: #a31515;\">para</span><span style=\"color: blue;\">&gt;</span><span style=\"color: blue;\">&lt;/</span><span style=\"color: #a31515;\">entry</span><span style=\"color: blue;\">&gt;</span>\r\n  <span style=\"color: blue;\">&lt;/</span><span style=\"color: #a31515;\">row</span><span style=\"color: blue;\">&gt;</span>\r\n<span style=\"color: blue;\">&lt;/</span><span style=\"color: #a31515;\">table</span><span style=\"color: blue;\">&gt;</span>\r\n\r\n</pre>\r\n</div>\r\n<p>Eric</p>\r\n<p>&nbsp;</p>",
    "PostedDate": "2012-06-13T12:19:36.263-07:00",
    "UserRole": null,
    "MarkedAsAnswerDate": null
  },
  {
    "Id": "849033",
    "ThreadId": "359430",
    "Html": "<p>Hi Eric,</p>\r\n<p>Thanks for help thats works great now :)</p>\r\n<p>&nbsp;</p>\r\n<p>&nbsp;</p>\r\n<p>&nbsp;</p>\r\n<p>&nbsp;</p>",
    "PostedDate": "2012-06-14T08:06:01.863-07:00",
    "UserRole": null,
    "MarkedAsAnswerDate": null
  }
]