[
  {
    "Id": "1190982",
    "ThreadId": "520520",
    "Html": "Where would I look to change or eliminate the way Sandcastle generates Index entries?\r<br />\n<br />\nMy API has a huge number of classes and the index is unwieldy. Also, the namespaces are very long, adding to the file size.\r<br />\n<br />\nWhat transform would I edit to eliminate index entries altogether?\r<br />\n<br />\nWhat if I wanted to trim the prefixes of the namespace?\r<br />\n<br />\nIs there a way to eliminate all the &quot;About...&quot; index entries?\r<br />\n<br />\nThanks for any help,\r<br />\n<br />\nKen<br />\n",
    "PostedDate": "2014-01-22T07:49:00.833-08:00",
    "UserRole": null,
    "MarkedAsAnswerDate": null
  },
  {
    "Id": "1198997",
    "ThreadId": "520520",
    "Html": "The index keywords are generated in the <em>metadata</em>.xsl transformation files in each presentation style.  There are a couple for Help 2 and a couple for MS Help Viewer.  Each generates keywords using different metadata elements and there are a pair for conceptual and a pair for reference builds.  Suppressing the metadata altogether isn't a good idea for Help Viewer output since the help viewer relies on it to generate the TOC so be careful what you remove.  All formats rely on the index keywords to build the index so with out any index keywords, there won't be an index at all.\r<br />\n<br />\nPlease note that this project has been discontinued and may not be monitored as frequently. For future questions or issues concerning Sandcastle or SHFB, post them over on the <a href=\"http://SHFB.CodePlex.com\" rel=\"nofollow\">Sandcastle Help File Builder project's</a> discussion page. Thanks. \r<br />\n<br />\n Eric<br />\n",
    "PostedDate": "2014-01-27T08:30:19.967-08:00",
    "UserRole": null,
    "MarkedAsAnswerDate": null
  }
]