[
  {
    "Id": "737808",
    "ThreadId": "291157",
    "Html": "\r\n<p>Hi,</p>\r\n<p>I have been trying to get a documentation project to run, but to no avail.</p>\r\n<p>&lt;error&gt;SHFB&nbsp;error&nbsp;BE0042:&nbsp;You&nbsp;must&nbsp;specify&nbsp;at&nbsp;least&nbsp;one&nbsp;documentation&nbsp;source&nbsp;in&nbsp;the&nbsp;form&nbsp;of&nbsp;an&nbsp;assembly&nbsp;or&nbsp;a&nbsp;Visual&nbsp;Studio&nbsp;solution/project&nbsp;file&lt;/error&gt;</p>\r\n<p>The project compiles from VS2010 with not problems reported.</p>\r\n<p>I am running the newest SHFB on .NET 4.0 with a project set to build on MSBuild with .NET 4.0</p>\r\n<p>&nbsp;</p>\r\n<p>Does anyone have an idea why the loaded plug-in &quot;additional content only&quot; seems to be ignored in TeamCity?</p>\r\n<p>&nbsp;</p>\r\n<p>Thank you</p>\r\n",
    "PostedDate": "2012-02-03T07:06:59.563-08:00",
    "UserRole": null,
    "MarkedAsAnswerDate": null
  },
  {
    "Id": "737892",
    "ThreadId": "291157",
    "Html": "<p>Are you sure the Team City project is using the SHFB project you expect?&nbsp; If the plug-in is in the project, it will get used.&nbsp; Do you see any output from it earlier in the log file?&nbsp; You should see a message from the plug-in stating that it will only include conceptual content.&nbsp; If not, the plug-in is not there.</p>\r\n<p>Eric</p>\r\n<p>&nbsp;</p>",
    "PostedDate": "2012-02-03T08:00:57.143-08:00",
    "UserRole": null,
    "MarkedAsAnswerDate": null
  }
]