[
  {
    "Id": "114494",
    "ThreadId": "34488",
    "Html": "I've been using &lt;procedure&gt; as suggested in the examples but I'm confused about what the &lt;content&gt; tag is for. I have something like this:<br>\r\n<br>\r\n&lt;procedure&gt;<br>\r\n&nbsp;&nbsp;&nbsp;&nbsp;&nbsp; &lt;title&gt;Development steps&lt;/title&gt;<br>\r\n&nbsp;&nbsp;&nbsp;&nbsp;&nbsp; &lt;steps class=&quot;ordered&quot;&gt;<br>\r\n&nbsp;&nbsp;&nbsp;&nbsp;&nbsp;&nbsp;&nbsp; &lt;step&gt;<br>\r\n&nbsp;&nbsp;&nbsp;&nbsp;&nbsp;&nbsp;&nbsp;&nbsp;&nbsp; &lt;content&gt;<br>\r\n&nbsp;&nbsp;&nbsp;&nbsp;&nbsp;&nbsp;&nbsp;&nbsp;&nbsp;&nbsp;&nbsp; &lt;para&gt;Creating a server application&lt;/para&gt;<br>\r\n&nbsp;&nbsp;&nbsp;&nbsp;&nbsp;&nbsp;&nbsp;&nbsp;&nbsp;&nbsp;&nbsp; &lt;para&gt;<br>\r\n&nbsp;&nbsp;&nbsp;&nbsp;&nbsp;&nbsp;&nbsp;&nbsp;&nbsp;&nbsp;&nbsp;&nbsp;&nbsp; A server application ...<br>\r\n&nbsp;&nbsp;&nbsp;&nbsp;&nbsp;&nbsp;&nbsp;&nbsp;&nbsp;&nbsp;&nbsp; &lt;/para&gt;<br>\r\n&nbsp;&nbsp;&nbsp;&nbsp;&nbsp;&nbsp;&nbsp;&nbsp;&nbsp; &lt;/content&gt;<br>\r\n&nbsp;&nbsp;&nbsp;&nbsp;&nbsp;&nbsp;&nbsp; &lt;/step&gt;<br>\r\n&nbsp;&nbsp;&nbsp;&nbsp;&nbsp;&nbsp;&nbsp; &lt;step&gt;<br>\r\n&nbsp;&nbsp;&nbsp;&nbsp;&nbsp;&nbsp;&nbsp;&nbsp;...<br>\r\n<br>\r\nWhat is the &lt;content&gt; for and are there other things I can do with &lt;step&gt;? Right now I just use &lt;step&gt;&lt;content&gt; together and the first &lt;para&gt; becomes my numbered &quot;heading&quot;. It would be nice to make the steps collapsible and maybe have a separate title style instead of just numbering the first paragraph.<br>\r\n<br>\r\nThanks,<br>\r\nAndrew<br>\r\n",
    "PostedDate": "2008-08-28T11:37:13.573-07:00",
    "UserRole": null,
    "MarkedAsAnswerDate": null
  },
  {
    "Id": "114504",
    "ThreadId": "34488",
    "Html": "Hi Andrew,&nbsp;<br>\r\n<br>\r\nThe <strong>content</strong>&nbsp;element is defined as a&nbsp;schema&nbsp;element type that is used by several <em>section</em>-type structural elements, not just <strong>procedure </strong>elements.&nbsp; Its purpose, it seems,&nbsp;is to be a container&nbsp;of <em>block</em>-level content and nested <em>structure </em>elements.&nbsp; It certainly accepts more children than just <strong>para</strong> elements too.&nbsp; Here's the relevant schema that describes its content:&nbsp;<br>\r\n<br>\r\n&lt;group name=&quot;structureGroup&quot;&gt;<br>\r\n&nbsp;&lt;choice&gt;<br>\r\n&nbsp;&nbsp;&lt;group ref=&quot;maml:blockGroup&quot;/&gt;<br>\r\n&nbsp;&nbsp;&lt;group ref=&quot;maml:structureListGroup&quot;/&gt;<br>\r\n&nbsp;&nbsp;&lt;element ref=&quot;maml:definitionTable&quot;/&gt;<br>\r\n&nbsp;&nbsp;&lt;element ref=&quot;maml:table&quot;/&gt;<br>\r\n&nbsp;&nbsp;&lt;element ref=&quot;maml:procedure&quot;/&gt;<br>\r\n&nbsp;&nbsp;&lt;group ref=&quot;maml:structureMediaGroup&quot;/&gt;<br>\r\n&nbsp;&lt;/choice&gt;<br>\r\n&lt;/group&gt;<br>\r\n<br>\r\nI think <strong>step </strong>can also contain other <strong>steps</strong>, IIRC.&nbsp; Whether Sandcastle honors them is a different story though ;)<br>\r\n<br>\r\nIf you're authoring MAML&nbsp;topics using Visual Studio's XML editor, then I recommend reading the following article: <br>\r\n<br>\r\nHow To Enable IntelliSense in Conceptual Topics<br>\r\n<a href=\"http://www.codeplex.com/DocProject/Wiki/View.aspx?title=How To Enable IntelliSense in Conceptual Topics\">http://www.codeplex.com/DocProject/Wiki/View.aspx?title=How%20To%20Enable%20IntelliSense%20in%20Conceptual%20Topics</a><br>\r\n<br>\r\nSandcastle's <strong>main_conceptual.xsl</strong> file&nbsp;provides the XSLT templates&nbsp;that transform MAML to HTML.&nbsp; If you want a different output for the <strong>step </strong>element&nbsp;you'll have to update this file or one of the XSLT files that it imports.<br>\r\n<br>\r\n- Dave\r\n",
    "PostedDate": "2008-08-28T11:55:28.037-07:00",
    "UserRole": null,
    "MarkedAsAnswerDate": null
  },
  {
    "Id": "114513",
    "ThreadId": "34488",
    "Html": "Brilliant, thanks for all the info.<br>\r\n<br>\r\nI'm using DocProject and I'm writing MAML from within VisualStudio so enabling&nbsp;IntelliSense on MAML was a huge help!<br>\r\n<br>\r\nAndrew<br>\r\n<br>\r\n<br>\r\n",
    "PostedDate": "2008-08-28T12:42:34.797-07:00",
    "UserRole": null,
    "MarkedAsAnswerDate": null
  }
]