[
  {
    "Id": "117868",
    "ThreadId": "35464",
    "Html": "The position of the Collapse All / Language Filter elements apparently changed in one of the more recent releases of Sandcastle. Instead of being below the page title, these items are now above it, at least in the VS 2005 presentation style. This really doesn't look very good.<br>\r\n<br>\r\nI understand that it may be possible to modify the <span id=\"ctl00_ctl00_Content_TabContentPanel_Content_CommentsRepeater_ctl00_MessageLabel\" style=\"width:99%\">htmlBody.xsl transformation, specifiically the bodyHeaderBottomTable and bodyHeaderTopTable templates to accomplish this, but all my efforts so far cause Sandcastle Help File Builder to crash. For example, I've tried switching the contents of these two sections, and I've also  tried switching the order of the items found in the bodyHeader template. This also seems to be complicated by the use of a Post-transform Component to place an image in the header. <br>\r\n<br>\r\nI would be most grateful if someone will provide a working htmlBody file that will (1) place the title at the top of the page, and (2) suppress the display of the language filter.<br>\r\n<br>\r\n</span>\r\n",
    "PostedDate": "2008-09-11T08:40:39.87-07:00",
    "UserRole": null,
    "MarkedAsAnswerDate": null
  },
  {
    "Id": "118025",
    "ThreadId": "35464",
    "Html": "<p>&gt;&gt;<strong>wmlrose</strong>: <em>I would be most grateful if someone will provide a working htmlBody file that will</em>... <br>\r\nThe issues related to the SHFB will be best address if you post to the SHFB forum. However, if you<br>\r\nsimply want to <strong>suppress</strong> not <strong>remove</strong> the top table (the collapse all/lang filter stuff) add this to the end of<br>\r\nthe Presentation.css<br>\r\n<br>\r\ntable#topTable<br>\r\n{<br>\r\n&nbsp;&nbsp;&nbsp; display:none;<br>\r\n}</p>\r\n<p>If you want to remove the running header&nbsp;text, to have only the title at the top, add the following...<br>\r\n<br>\r\ntr#headerTableRow1<br>\r\n{<br>\r\n&nbsp;&nbsp;&nbsp; display:none;<br>\r\n}<br>\r\n<br>\r\nI will investigate how best to satisfy your requirements may be&nbsp;in my components.<br>\r\n<br>\r\nBest regards,<br>\r\nPaul.</p>\r\n",
    "PostedDate": "2008-09-11T22:13:16.11-07:00",
    "UserRole": null,
    "MarkedAsAnswerDate": null
  },
  {
    "Id": "118113",
    "ThreadId": "35464",
    "Html": "Thank you for the suggestions. I tried both in both of the paths below, again building using SHFB. Neither the Help1x or the web page output seems to have changed. Any other suggestions? <br>\r\n<br>\r\n...\\Program Files\\Sandcastle\\Presentation\\vs2005\\Styles\\Presentation.css<br>\r\n...\\Program Files\\Sandcastle\\Presentation\\vs2005\\Styles\\Whidbey\\presentation.css<br>\r\n<br>\r\n<br>\r\n",
    "PostedDate": "2008-09-12T06:46:25.023-07:00",
    "UserRole": null,
    "MarkedAsAnswerDate": null
  },
  {
    "Id": "118129",
    "ThreadId": "35464",
    "Html": "First take a look at these <a href=\"http://picasaweb.google.com/paulselormey/ScreenshotsForIllustrations\">Outputs</a>.<br>\r\nI have uploaded some images, are these the types of output you are looking for?<br>\r\n<br>\r\nBest regards,<br>\r\nPaul.\r\n",
    "PostedDate": "2008-09-12T07:28:42.01-07:00",
    "UserRole": null,
    "MarkedAsAnswerDate": null
  },
  {
    "Id": "118134",
    "ThreadId": "35464",
    "Html": "Yes, these look great. I wouldn't mind retaining the &quot;collapse all&quot; element somewhere below the title, but this isn't critical. <br>\r\n",
    "PostedDate": "2008-09-12T07:35:02.817-07:00",
    "UserRole": null,
    "MarkedAsAnswerDate": null
  },
  {
    "Id": "118139",
    "ThreadId": "35464",
    "Html": "And here's how my current output looks: <br>\r\n<a href=\"http://picasaweb.google.com/wmlrose/Sandcastle#\">Picasa link</a>\r\n",
    "PostedDate": "2008-09-12T07:48:27.76-07:00",
    "UserRole": null,
    "MarkedAsAnswerDate": null
  },
  {
    "Id": "118159",
    "ThreadId": "35464",
    "Html": "I have added another screenshot using the Whidbey style in your documentations, there is no problem here too.<br>\r\n<br>\r\nI am <strong>not</strong> using the SHFB for those outputs,&nbsp;so either<br>\r\n<ol>\r\n    <li>SHFB component&nbsp;support for the logo is affecting the document structure there, or\r\n    <li>Parts of your transform&nbsp;modifications, you mentioned earlier, are still there, affecting the results. </li>\r\n</ol>\r\n<p>To hide only the filters, use display:none; <br>\r\n<br>\r\nFor the Vs2005, modify the span.filter as<br>\r\nspan.filter<br>\r\n{<br>\r\n&nbsp;&nbsp; &nbsp;color: #0000FF;<br>\r\n&nbsp;&nbsp;&nbsp; display:none;<br>\r\n}<br>\r\n<br>\r\nFor the Whidbey, add the span.filter style as<br>\r\nspan.filter<br>\r\n{<br>\r\n&nbsp;&nbsp;&nbsp; display:none;<br>\r\n}<br>\r\n<br>\r\nI <strong>think</strong> you will need to modify the transforms or use build&nbsp;components to move the &quot;collapse all&quot; to below the title.<br>\r\nIf you really need to, I could work on it for you, but I&nbsp;think Eric is around and will investigate this issue with the SHFB and offer some help.<br>\r\n<br>\r\nBest regards,<br>\r\nPaul.</p>\r\n",
    "PostedDate": "2008-09-12T08:34:13.38-07:00",
    "UserRole": null,
    "MarkedAsAnswerDate": null
  },
  {
    "Id": "118165",
    "ThreadId": "35464",
    "Html": "Paul,<br>\r\n<br>\r\nIt doesn't seem like any of these changes have an effect. I think it does have something to do with SHFB logo support. I believe it was a change there that caused the original problem. I guess I will see if Eric has other suggestions, and at this point I should probably re-install both applications. Thanks again for looking into all this. <br>\r\n<br>\r\nBill<br>\r\n<br>\r\n",
    "PostedDate": "2008-09-12T09:04:32.39-07:00",
    "UserRole": null,
    "MarkedAsAnswerDate": null
  },
  {
    "Id": "118203",
    "ThreadId": "35464",
    "Html": "The post-transform component supports placing the logo based on the default layout of the elements in the transformations supplied with Sandcastle.&nbsp; If you move things around (the topTable and bottomTable elements), it's not going to place the logo correctly.&nbsp; You may be able to alter the content of the tables such that you swap the content of one table with the other but maintain their original positions which would probably work.&nbsp; Other than that, your only option is to remove the logo if you want a customized header layout in your transformations.&nbsp; Since you're modifying the transformations anyway, you could probably just incorporate the logo into your changes.&nbsp; Using a generic image name would allow you to alter the image on a project-by-project basis.<br>\r\n<br>\r\nEric<br>\r\n",
    "PostedDate": "2008-09-12T12:28:32.5-07:00",
    "UserRole": null,
    "MarkedAsAnswerDate": null
  },
  {
    "Id": "118215",
    "ThreadId": "35464",
    "Html": "I have tried nearly all of these suggestions, and experimented quite a bit with both the styles and the transformations. Any changes I have made either do nothing or cause the SHFB build to fail. I'm surprised this issue has not generated more attention. The header of these files really does not look good. But thanks to both of you for your time, and for providing these overall really useful tools. <br>\r\n",
    "PostedDate": "2008-09-12T13:11:17.53-07:00",
    "UserRole": null,
    "MarkedAsAnswerDate": null
  },
  {
    "Id": "118272",
    "ThreadId": "35464",
    "Html": "&gt;&gt;<strong>Bill</strong>: <em>I'm surprised this issue has not generated more attention. The header of these files really does not look good</em>.<br>\r\nWe are sorry, I will investigate a solution for you, in particular the effect of the logo.<br>\r\nSo give us a little more time, it is not helpless situation.<br>\r\n<br>\r\n<strong>OT</strong>: I will also&nbsp;take&nbsp;this issue&nbsp;as feature request and make sure it is supported in my Sandcastle&nbsp;build library,&nbsp;<br>\r\nSandcastle Helpers - preparing for beta release. <br>\r\nSo, if I cannot cut it with the SHFB, I will with my library, so there will be a solution, and I will get back to you soon.<br>\r\n<br>\r\nBest regards,<br>\r\nPaul.\r\n",
    "PostedDate": "2008-09-12T18:27:45.75-07:00",
    "UserRole": null,
    "MarkedAsAnswerDate": null
  }
]