[
  {
    "Id": "720071",
    "ThreadId": "284883",
    "Html": "\r\n<p>The release is available from <a href=\"http://shfb.codeplex.com/releases/view/77155\">\r\nhttp://shfb.codeplex.com/releases/view/77155</a></p>\r\n<p>The primary purpose of this release is to move the Visual Studio 2010 Package into a beta stage so that more people can start using it and to test and get feedback on the new file editors. The build engine and the package in general are quite stable and\r\n are suitable for general use. As before, if there are issues you can drop back to the last stable release as there have been no changes that would affect the project file format.</p>\r\n<p><span style=\"text-decoration:underline\"><strong>This version is a beta release.</strong></span> See the\r\n<strong>Important Information</strong> section on the download page for more information. If you have any problems, please report them in the Discussions forum or Issue Tracker in the\r\n<a title=\"SHFB Project\" href=\"http://SHFB.CodePlex.com\" target=\"_blank\">SHFB project</a>. Please be sure to specify the version number you are using to keep the issues separate from the current production release. Thank you!</p>\r\n<p>Eric</p>\r\n",
    "PostedDate": "2012-01-03T15:10:13.57-08:00",
    "UserRole": null,
    "MarkedAsAnswerDate": null
  }
]