[
  {
    "Id": "1489915",
    "ThreadId": "660159",
    "Html": "Hi,\r<br />\nin my sandcastle help file builder, I reference a .csproj\r<br />\nNow I was able to produce a TOC with the Contents of 2 namespaces.\r<br />\nIt's OK,<br />\n<ul>\n<li>Welcome</li>\n<li>Com.MyCompany.DocumentProcessor.Contracts</li>\n<li>\nCom.MyCompany.DocumentProcessor.Services<br />\n<ul>\n<li>\nIDocumentProcessorInf Interface<br />\n<ul>\n<li>\niDocumentProcessor Methods<br />\n<ul>\n<li>Method1 Methods</li>\n<li>\nMethod2 Methods<br />\n</li>\n</ul>\n</li>\n</ul>\n</li>\n</ul>\n</li>\n</ul>\nBut this looks not very nice:  In the Toc I see the namespaces.\r<br />\nInstead I would like to see a descriptive Text Example:<br />\n<ul>\n<li>Welcome</li>\n<li>\nMethods\n<ul>\n<li>Method1</li>\n<li>Method2</li>\n</ul>\n</li>\n<li>\nContracts<br />\n</li>\n</ul>\nHow can I get this ?\r<br />\n<br />\nThanks a lot for help.\r<br />\nWilli<br />\n",
    "PostedDate": "2016-12-15T06:00:21.763-08:00",
    "UserRole": null,
    "MarkedAsAnswerDate": null
  }
]