[
  {
    "Id": "194772",
    "ThreadId": "57611",
    "Html": "<p>Hi,</p>\r\n<p>I have integrated the sandcastle with the build script. Now when I run the sandcastle, I got one exception in BuildAssemler (but not sure if it is build assembler, just found by the messages in build log file).</p>\r\n<p>The exceprion message is:</p>\r\n<p><span style=\"font-size:x-small\">\r\n<p>Unhandled Exception: System.IO.PathTooLongException: The specified path, file name, or both are too long. The fully qualified file name must be less than 260 characters, and the directory name must be less than 248 characters.</p>\r\n<p>at System.IO.Path.SafeSetStackPointerValue(Char* buffer, Int32 index, Char value)</p>\r\n<p>at System.IO.Path.NormalizePathFast(String path, Boolean fullCheck)</p>\r\n<p>at System.IO.Path.NormalizePath(String path, Boolean fullCheck)</p>\r\n<p>at System.IO.Path.GetDirectoryName(String path)</p>\r\n<p>at Microsoft.Ddue.Tools.SaveComponent.Apply(XmlDocument document, String key)</p>\r\n<p>at Microsoft.Ddue.Tools.BuildAssembler.Apply(IEnumerable`1 topics)</p>\r\n<p>at Microsoft.Ddue.Tools.BuildAssembler.Apply(String manifestFile)</p>\r\n<p>at Microsoft.Ddue.Tools.BuildAssemblerConsole.Main(String[] args)</p>\r\n<p>&nbsp;</p>\r\n<p>What may be the issue, and is there any resolution for this</p>\r\n</span></p>",
    "PostedDate": "2009-05-27T06:11:46.663-07:00",
    "UserRole": null,
    "MarkedAsAnswerDate": null
  },
  {
    "Id": "194901",
    "ThreadId": "57611",
    "Html": "<p>If you are using AddFriendlyFilenames.xsl to add friendly names to the topics, you can try switching to AddGuidFilenames.xsl to use GUID naming for the topics.&nbsp; If you are using the Sandcastle Help File Builder, you can do this using the NamingMethod project property.&nbsp; The other option is to move the project to a folder closer to the root so that the combined fully qualified path length plus filename lengths don't exceed the maximum.&nbsp; If you are using SHFB and don't want to move the project you can set the WorkingPath project property to a location with a shorter path.</p>\r\n<p>Eric</p>\r\n<p>&nbsp;</p>",
    "PostedDate": "2009-05-27T12:18:31.68-07:00",
    "UserRole": null,
    "MarkedAsAnswerDate": null
  }
]