[
  {
    "Id": "76794",
    "ThreadId": "22961",
    "Html": "\r\nIt appears that &lt;seealso&gt; tags that occur within an &lt;overloads&gt; section do not appear on the overload help page generated that contains the “Overload List” and “Remarks” sections. There is a “See Also” section on the page, but it will not contain any items explicitly identified by &lt;seealso&gt; tags. It only contains the default “See Also” values (i.e. &lt;Class Name&gt; Class, &lt;Class Name&gt; Members, and &lt;Class’s Namespace&gt; Namespace).<br /><br />In the example below, the “AnotherMethod” reference will be included in the “See Also” section of the specific method being defined, but the “AnotherMethod” reference will not appear on the overload help page generated for this method, even though a seealso tag exists in the overloads section.<br /><br />    ''' &lt;summary&gt;<br />    ''' Method specific summary.<br />    ''' &lt;/summary&gt;<br />    ''' &lt;overloads&gt;<br />    ''' &lt;summary&gt;<br />    ''' Overload page summary.<br />    ''' &lt;/summary&gt;<br />    ''' &lt;seealso cref=\"M:SampleNamespace.SampleClass.AnotherMethod\" /&gt;<br />    ''' &lt;remarks&gt;<br />    ''' Overload page remarks.<br />    ''' &lt;/remarks&gt;<br />    ''' &lt;/overloads&gt;<br />    ''' &lt;seealso cref=\" M:SampleNamespace.SampleClass.AnotherMethod \" /&gt;<br />    ''' &lt;remarks&gt;<br />    ''' Method specific remarks.<br />    ''' &lt;/remarks&gt;<br />",
    "PostedDate": "2008-02-27T08:36:38-08:00",
    "UserRole": null,
    "MarkedAsAnswerDate": null
  },
  {
    "Id": "77076",
    "ThreadId": "22961",
    "Html": "\r\nFile it in the issue tracker. <br />Many overload page features were broken in a certain release of the Sandcastle, I cannot remember which one.<br /><br />Best regards,<br />Paul.<br />",
    "PostedDate": "2008-02-28T07:50:32.78-08:00",
    "UserRole": null,
    "MarkedAsAnswerDate": null
  },
  {
    "Id": "77148",
    "ThreadId": "22961",
    "Html": "\r\nI have created a new issue (1613 - seealso tags within an overloads tag not listed Title is required) to track this problem.<br /><br />Thanks,<br />Matt<br />",
    "PostedDate": "2008-02-28T11:43:45.713-08:00",
    "UserRole": null,
    "MarkedAsAnswerDate": null
  }
]