[
  {
    "Id": "159685",
    "ThreadId": "47872",
    "Html": "We are using the Prototype style for our documentation.&nbsp; We have run into a couple of issues with this style.&nbsp; The issues include warnings about missing content (see http://www.codeplex.com/Sandcastle/Thread/View.aspx?ThreadId=44412) and printing issues.&nbsp; I am wondering how much work it would be for me to &quot;finish&quot; the prototype style.&nbsp; Is there a doc that describes defining styles?&nbsp; Is there a list someplace of the work that still needs to be done to get the prototype style up and going?&nbsp; I appreciate that this is not an open source project, but I am still willing to help.&nbsp; Obviously I would relinquish any rights I or my company have to the style, it would continue to be owned by Microsoft.<br>\r\n<br>\r\nPat O<br>\r\n",
    "PostedDate": "2009-02-19T05:45:54.257-08:00",
    "UserRole": null,
    "MarkedAsAnswerDate": null
  },
  {
    "Id": "159693",
    "ThreadId": "47872",
    "Html": "Hi Pat, <br>\r\n<br>\r\nUnfortunately, there's no formal documentation yet on the prototype style, or any style for that matter.  The most you'll find on the subject will probably be in these discussions, the <a href=\"http://social.msdn.microsoft.com/forums/en-US/devdocs/threads/\">original forum</a>, and the <a href=\"http://blogs.msdn.com/sandcastle/\">Sandcastle blog</a>.<br>\r\n<br>\r\nAs for the open source question, see <a href=\"http://blogs.msdn.com/sandcastle/\">this blog post</a> and <a href=\"http://www.codeplex.com/Sandcastle/Thread/View.aspx?ThreadId=29085\">this discussion</a>.  They don't provide a definitive answer, but if you were to fixup the prototype style then the <a href=\"http://sandcastlestyles.codeplex.com\">Sandcastle Styles</a> project would certinaly consider hosting it anyway.<br>\r\n<br>\r\n- Dave\r\n",
    "PostedDate": "2009-02-19T06:03:12.007-08:00",
    "UserRole": null,
    "MarkedAsAnswerDate": null
  },
  {
    "Id": "159695",
    "ThreadId": "47872",
    "Html": "BTW, the Sandcastle Styles project will require that you note all of your changes, so keep track of them.\r\n",
    "PostedDate": "2009-02-19T06:07:37.643-08:00",
    "UserRole": null,
    "MarkedAsAnswerDate": null
  },
  {
    "Id": "159747",
    "ThreadId": "47872",
    "Html": "If you haven't done so already, apply the Sandcastle Styles patch.  It fixes up a number of issues with missing content in the Prototype style.  The MAML part of the Prototype style is still quite incomplete though and will require a lot of work to bring it up to par with the VS2005 style.  The Hana style is closer but also requires some work.<br>\r\n<br>\r\nEric<br>\r\n",
    "PostedDate": "2009-02-19T08:16:04.963-08:00",
    "UserRole": null,
    "MarkedAsAnswerDate": null
  }
]