[
  {
    "Id": "86260",
    "ThreadId": "25760",
    "Html": "\r\nMRefBuilder ends with:<br /><br />Process is terminated due to StackOverflowException.<br />    Last step completed in 00:00:21.1406<br /><br /><br />BUILD FAILED: Root element is missing.<br /><br />Any idea? Can I run source code to find the real problem?<br />Thanks!<br /><br />",
    "PostedDate": "2008-04-11T02:03:48.15-07:00",
    "UserRole": null,
    "MarkedAsAnswerDate": null
  },
  {
    "Id": "86261",
    "ThreadId": "25760",
    "Html": "\r\nIt is a known problem, download the <b>Sandcastle Presentation File Patches</b> here...<br /><a href=\"http://www.codeplex.com/SHFB/Release/ProjectReleases.aspx?ReleaseId=9848\" class=\"externalLink\">http://www.codeplex.com/SHFB/Release/ProjectReleases.aspx?ReleaseId=9848<span class=\"externalLinkIcon\" style=\"font-family:Consolas, Courier New, Courier, Monospace;\"></span></a><br /><br />It fixed the problem.<br /><br />Best regards,<br />Paul.<br />",
    "PostedDate": "2008-04-11T02:10:45.543-07:00",
    "UserRole": null,
    "MarkedAsAnswerDate": null
  },
  {
    "Id": "86889",
    "ThreadId": "25760",
    "Html": "\r\nUnfortunaltly the problem still exists after Sandcastle Presentation File Patches.<br /><br />Any other idea (I can send you the specific dll-file for analysing)?<br /><br />Best regards,<br />Eckhard<br />",
    "PostedDate": "2008-04-15T07:36:15.627-07:00",
    "UserRole": null,
    "MarkedAsAnswerDate": null
  },
  {
    "Id": "86906",
    "ThreadId": "25760",
    "Html": "\r\nFirst, post some more of the log from a little before the error to the end.  That will give us some more context with which to work and we may be able to see what is actually causing the problem if it isn't the same error.  Also, let us know if you are using one of the community tools such as SHFB or DocProject.  If it's a tool-specific error, it may not be Sandcastle's fault.<br /><br />Eric<br />",
    "PostedDate": "2008-04-15T08:08:38.273-07:00",
    "UserRole": null,
    "MarkedAsAnswerDate": null
  },
  {
    "Id": "87085",
    "ThreadId": "25760",
    "Html": "\r\nHi Eric,<br /><br />I use SHFB, here the log-file from it:<br /><br />-------------------------------<br />Generating reflection information...<br /><a href=\"http://www.codeplex.com/Sandcastle/Wiki/View.aspx?title=C%3a%5cProjekte%5cCondor5%5cbin%5cSanddcastle%5cWorking%5cGenerateRefInfo.bat\">C:\\Projekte\\Condor5\\bin\\Sanddcastle\\Working\\GenerateRefInfo.bat</a><br />MrefBuilder (v2.4.10111.0)<br />Copyright ¸ Microsoft 2006<br />Info: Loaded 1 assemblies for reflection and 3 dependency assemblies.<br /><br />Process is terminated due to StackOverflowException.<br />    Last step completed in 00:00:12.5469<br /><br /><br />BUILD FAILED: Root element is missing.<br /><br /><br />Here the GenerateRefInfo.bat::<br /><br />@ECHO OFF<br /><br />REM Step 1 - Generate the reflection information<br />\"C:\\Projekte\\Condor5\\Sandcastle\\ProductionTools\\MRefBuilder\" /config:MRefBuilder.config /out:reflection.org /dep:DLL\\<b>.</b>  *.dll *.exe<br /><br /><br />Here the MRefBuilder.config:<br /><br />&lt;configuration&gt;<br />  &lt;dduetools&gt;<br />    &lt;platform version=\"2.0\" path=\"%SystemRoot%\\Microsoft.NET\\Framework\\v2.0.50727\\\" /&gt;<br />    &lt;resolver type=\"Microsoft.Ddue.Tools.Reflection.AssemblyResolver\" assembly=\"C:\\Projekte\\Condor5\\Sandcastle\\ProductionTools\\MRefBuilder.exe\" use-gac=\"false\" /&gt;<br />    &lt;attributeFilter expose=\"true\"&gt;<br />      &lt;!-- Most attributes in System.ComponentModel control designer behavior. Don't show them. --&gt;<br />      &lt;!-- The exceptions are attributes relating to data binding. Do show them. --&gt;<br />      &lt;namespace name=\"System.ComponentModel\" expose=\"false\"&gt;<br />        &lt;type name=\"BindableAttribute\" expose=\"true\"/&gt;<br />        &lt;type name=\"ComplexBindingPropertiesAttribute\" expose=\"true\"/&gt;<br />        &lt;type name=\"DataObjectAttribute\" expose=\"true\"/&gt;<br />        &lt;type name=\"DefaultBindingPropertyAttribute\" expose=\"true\"/&gt;<br />        &lt;type name=\"ListBindableAttribute\" expose=\"true\"/&gt;<br />        &lt;type name=\"LookupBindingPropertiesAttribute\" expose=\"true\"/&gt;<br />        &lt;type name=\"SettingsBindableAttribute\" expose=\"true\"/&gt;<br />        &lt;type name=\"TypeConverterAttribute\" expose=\"true\"/&gt;<br />        &lt;!-- These may provide useful information too --&gt;<br />        &lt;type name=\"BrowsableAttribute\" expose=\"true\"/&gt;<br />        &lt;type name=\"DefaultEventAttribute\" expose=\"true\"/&gt;<br />        &lt;type name=\"DefaultPropertyAttribute\" expose=\"true\"/&gt;<br />        &lt;type name=\"DefaultValueAttribute\" expose=\"true\"/&gt;<br />        &lt;type name=\"DesignerSerializationVisibilityAttribute\" expose=\"true\"/&gt;<br />        &lt;type name=\"EditorAttribute\" expose=\"true\"/&gt;<br />        &lt;type name=\"EditorBrowsableAttribute\" expose=\"true\"/&gt;<br />        &lt;type name=\"ExtenderProvidedProperty\" expose=\"true\"/&gt;<br />        &lt;type name=\"ProvideProperty\" expose=\"true\"/&gt;<br />      &lt;/namespace&gt;<br />      &lt;namespace name=\"System.ComponentModel.Design\" expose=\"false\" /&gt;<br />      &lt;!-- Most attributes in System.Diagnostics control debugger behavior. Don't show them. --&gt;<br />      &lt;namespace name=\"System.Diagnostics\" expose=\"false\"&gt;<br />        &lt;type name=\"ConditionalAttribute\" expose=\"true\"/&gt;<br />        &lt;type name=\"EventLogPermissionAttribute\" expose=\"true\"/&gt;<br />        &lt;type name=\"PerformanceCounterPermissionAttribute\" expose=\"true\"/&gt;<br />      &lt;/namespace&gt;<br />      &lt;!-- Attributes in System.Diagnostics.CodeAnalysis control interaction with FxCop. Don't show them. --&gt;<br />      &lt;namespace name=\"System.Diagnostics.CodeAnalysis\" expose=\"false\" /&gt;<br />      &lt;!-- Attributes in System.EnterpriseServices control obscure details of COM+ interop. Don't show them. --&gt;<br />      &lt;namespace name=\"System.EnterpriseServices\" expose=\"false\" /&gt;<br />      &lt;!-- The DefaultMember attribute is usually compiler-generated. Users will see it from the member syntax. --&gt;<br />      &lt;namespace name=\"System.Reflection\" expose=\"true\"&gt;<br />        &lt;type name=\"DefaultMemberAttribute\" expose=\"false\" /&gt;<br />      &lt;/namespace&gt;<br />      &lt;!-- Attributes in System.Runtime.CompilerServices control obscure details of compilation. Don't show them. --&gt;<br />      &lt;namespace name=\"System.Runtime.CompilerServices\" expose=\"false\" /&gt;<br />      &lt;!-- Attributes in System.Runtime.ConstrainedExecution control obscure details of compilation. Don't show them. --&gt;<br />      &lt;namespace name=\"System.Runtime.ConstrainedExecution\" expose=\"false\" /&gt;<br />      &lt;!-- Most attributes in System.Runtime.InteropServices control obscure details of COM interop. Don't show them. --&gt;<br />      &lt;namespace name=\"System.Runtime.InteropServices\" expose=\"false\"&gt;<br />        &lt;type name=\"ComVisibleAttribute\" expose=\"true\"/&gt;<br />        &lt;type name=\"GuidAttribute\" expose=\"true\"/&gt;<br />        &lt;type name=\"ClassInterfaceAttribute\" expose=\"true\"/&gt;<br />        &lt;type name=\"InterfaceTypeAttribute\" expose=\"true\"/&gt;<br />      &lt;/namespace&gt;<br />      &lt;!-- Attributes in System.Runtime.Versioning control details of resource loading. Don't show them. --&gt;<br />      &lt;namespace name=\"System.Runtime.Versioning\" expose=\"false\" /&gt;<br />      &lt;!-- Attributes in System.Security might hint as security implementation details. Don't show them. --&gt;<br />      &lt;namespace name=\"System.Security\" expose=\"false\"&gt;<br />        &lt;type name=\"AllowPartiallyTrustedCallersAttribute\" expose=\"true\" /&gt;<br />      &lt;/namespace&gt;<br />      &lt;!-- Attributes in System.Web.Compilation control interaction with the Expression designer. Don't show them. --&gt;<br />      &lt;namespace name=\"System.Web.Compilation\" expose=\"false\" /&gt;<br />      &lt;!-- The ASP.NET team only wants these attributes exposed from their namespace. Their logic ecscapes me, but here it is. --&gt;<br />      &lt;namespace name=\"System.Web.UI\" expose=\"false\"&gt;<br />        &lt;type name=\"ControlValuePropertyAttribute\" expose=\"true\"/&gt;<br />        &lt;type name=\"ValidationPropertyAttribute\" expose=\"true\"/&gt;<br />        &lt;type name=\"WebResourceAttribute\" expose=\"true\"/&gt;<br />        &lt;type name=\"TemplateContainerAttribute\" expose=\"true\"/&gt;<br />        &lt;type name=\"ThemeableAttribute\" expose=\"true\"/&gt;<br />        &lt;type name=\"TemplateInstanceAttribute\" expose=\"true\"/&gt;<br />      &lt;/namespace&gt;<br />      &lt;!-- Don't show attributes related to XAML serialization details. --&gt;<br />      &lt;namespace name=\"System.Windows.Markup\" expose=\"true\"&gt;<br />        &lt;type name=\"ConstructorArgumentAttribute\" expose=\"false\" /&gt;<br />        &lt;type name=\"DependsOnAttribute\" expose=\"false\" /&gt;<br />        &lt;type name=\"DesignerSerializationOptionsAttribute\" expose=\"false\" /&gt;<br />        &lt;type name=\"ValueSerializerAttribute\" expose=\"false\" /&gt;<br />        &lt;type name=\"XmlnsCompatibleWithAttribute\" expose=\"false\" /&gt;<br />        &lt;type name=\"XmlnsDefinitionAttribute\" expose=\"false\" /&gt;<br />        &lt;type name=\"XmlnsPrefixAttribute\" expose=\"false\" /&gt;<br />      &lt;/namespace&gt;<br />      &lt;!-- Attributes in System.Xml.Serialization control obscure details of XML serialization. Don't show them.--&gt;<br />      &lt;!-- namespace name=\"System.Xml.Serialization\" expose=\"false\" / --&gt;<br />    &lt;/attributeFilter&gt;<br />&lt;apiFilter expose=\"true\"&gt;<br />  &lt;namespace name=\"\" expose=\"false\"/&gt;<br />  &lt;namespace name=\"MathNet.Numerics\" expose=\"false\"/&gt;<br />  &lt;namespace name=\"Wintellect.PowerCollections\" expose=\"false\"/&gt;<br />&lt;/apiFilter&gt;<br /><br />  &lt;/dduetools&gt;<br />&lt;/configuration&gt;<br /><br />I hope that helps you to help me. As mentioned, I can send you the specific DLL involved.<br /><br />Best regards<br /><br />Eckhard<br />",
    "PostedDate": "2008-04-16T01:55:15.867-07:00",
    "UserRole": null,
    "MarkedAsAnswerDate": null
  },
  {
    "Id": "87211",
    "ThreadId": "25760",
    "Html": "\r\nMRefBuilder is failing with a stack overflow exception.  Since that's a Sandcastle tool, there isn't anything I can do.  I notice from the config file that you are excluding the MathNet.Numerics and Wintellect.PowerCollections namespaces.  If these are just in assemblies that your project references, remove them from the <b>Assemblies to Document</b> list and add them to the <b>Dependencies</b> project property as that's where stuff you need referenced but don't need documented actually belongs.  If either of those is causing the stack overflow problem, that might work around the issue.<br /><br />You can open a work item reporting the bug.  However, a new release should be coming out soon so your best chance of getting it fixed may be to report it directly to Anand via e-mail with a test case they can use to reproduce the problem (Aram at microsoft dot com).<br /><br />Eric<br />",
    "PostedDate": "2008-04-16T12:47:06.253-07:00",
    "UserRole": null,
    "MarkedAsAnswerDate": null
  }
]