[
  {
    "Id": "149139",
    "ThreadId": "44790",
    "Html": "Hi,<br>\r\n<br>\r\nI am using Sandcastle + Sandcastle Styles to create a website with conceptual content. The presentation style used is Hana.<br>\r\n<br>\r\nIf I look at the page in IE, everything is fine. But if I look at it in FF 3, every single paragraph has a hover effect (color change). This results from the fact that each paragraph is included in an a tag that is used for anchoring. The same problem applies to Prototype style.<br>\r\n<br>\r\nAny ideas how to solve this?<br>\r\n<br>\r\nCheerio,<br>\r\n<br>\r\n<br>\r\nGolo\r\n",
    "PostedDate": "2009-01-21T02:54:22.673-08:00",
    "UserRole": null,
    "MarkedAsAnswerDate": null
  },
  {
    "Id": "149178",
    "ThreadId": "44790",
    "Html": "There is no need for the cross posting to both Sandcastle and Sandcastle Styles lists, <br>\r\nI have deleted the one in the Sandcastle Styles.<br>\r\n<br>\r\n&gt;&gt;<strong>Golo</strong>: <em>Any ideas how to solve this</em>?<br>\r\nI will test to see what is happening. <br>\r\nFor your information, Hana and Prototype styles are incomplete, even after applying <br>\r\nthe Sandcastle Styles patch, and should not be considered <strong>yet</strong> for serious work, <br>\r\nunless you are ready to roll up your sleeves.<br>\r\n<br>\r\nBest regards,<br>\r\nPaul.\r\n",
    "PostedDate": "2009-01-21T04:20:41.17-08:00",
    "UserRole": null,
    "MarkedAsAnswerDate": null
  },
  {
    "Id": "149598",
    "ThreadId": "44790",
    "Html": "Hi Paul,<br>\r\n<br>\r\nas I do not know whether this behavior is caused by Sandcastle without or with Styles extension, I posted it to both lists (sorry for that).<br>\r\n<br>\r\nThe problem occurs with VS2005 style, too, so this is a general problem. I have looked at the generated code and identified the problem, perhaps this might help:<br>\r\n<br>\r\nSandcastle puts every single paragraph into an a tag which has a name attribute, so that this can be addressed directly. Since the a tag represents a link, the stylesheet for hovering links matches in FF and every paragraph hgets highlighted when hovered. To be honest, that IE does not do this is an error of IE, not FF ;-).<br>\r\n<br>\r\nA simple (and according to modern web standards) correct solution would be to get rid of any &lt;a name=&quot;xyz&quot;&gt;...&lt;/a&gt; and replace it by &lt;div id=&quot;xyz&quot;&gt;...&lt;/div&gt;. In modern browsers each element with an ID is reachable from a normal href.<br>\r\n<br>\r\nCheerio,<br>\r\n<br>\r\n<br>\r\nGolo\r\n",
    "PostedDate": "2009-01-22T00:32:56.52-08:00",
    "UserRole": null,
    "MarkedAsAnswerDate": null
  },
  {
    "Id": "149602",
    "ThreadId": "44790",
    "Html": "Hi Golo, <br>\r\n<br>\r\nI can't reproduce this issue.  Are you using the latest version of Sandcastle from CodePlex?  Also, just to be absolutely sure, have you modified Sandcastle in any way?  e.g., XSLT, CSS, shared content XML, configuration files, etc.  If so, I suggest trying again on a clean install.<br>\r\n<br>\r\nIf you're up-to-date and haven't modified Sandcastle, then perhaps you could provide us with some of your XML documentation comments and/or MAML files that are causing a problem for you.<br>\r\n<br>\r\n- Dave\r\n",
    "PostedDate": "2009-01-22T00:54:02.85-08:00",
    "UserRole": null,
    "MarkedAsAnswerDate": null
  },
  {
    "Id": "149606",
    "ThreadId": "44790",
    "Html": "Hi,<br>\r\n<br>\r\nwe are using Sandcastle May 2008 CTP (which seems to be the latest version for me), it has not been modified in any way. Additionally, we use the appropriate Sandcastle Styles extension that is suited for May 2008 CTP.<br>\r\n<br>\r\nOur project files are built using SHFB, also latest version.<br>\r\n<br>\r\nMoreover, the code block component is enabled.<br>\r\n<br>\r\nCheerio,<br>\r\n<br>\r\n<br>\r\nGolo\r\n",
    "PostedDate": "2009-01-22T01:01:27.34-08:00",
    "UserRole": null,
    "MarkedAsAnswerDate": null
  },
  {
    "Id": "149611",
    "ThreadId": "44790",
    "Html": "PS: This happens only when using the address attribute on a section or paragraph.\r\n",
    "PostedDate": "2009-01-22T01:21:44.527-08:00",
    "UserRole": null,
    "MarkedAsAnswerDate": null
  },
  {
    "Id": "149687",
    "ThreadId": "44790",
    "Html": "Hi Golo, <br>\r\n<br>\r\nI was able to reproduce the problem in Firefox using the <strong>address </strong>attribute on a <strong>section </strong>element.  But frankly, it seems like it may be a bug in Firefox instead of Sandcastle, although that depends upon what the HTML specification is for self-closing anchor elements.<br>\r\n<br>\r\nFor example, given the following MAML: <br>\r\n<br>\r\n<div style=\"font-family:courier new;background:white;color:black;font-size:10pt\">\r\n<p style=\"margin:0px\"><span style=\"color:blue\">&lt;</span><span style=\"color:#a31515\">section</span><span style=\"color:blue\"> </span><span style=\"color:red\">address</span><span style=\"color:blue\">=</span>&quot;<span style=\"color:blue\">first</span>&quot;<span style=\"color:blue\">&gt;</span></p>\r\n<p style=\"margin:0px\"><span style=\"color:blue\">  &lt;</span><span style=\"color:#a31515\">title</span><span style=\"color:blue\">&gt;</span>A topic section<span style=\"color:blue\">&lt;/</span><span style=\"color:#a31515\">title</span><span style=\"color:blue\">&gt;</span></p>\r\n<p style=\"margin:0px\"> </p>\r\n<p style=\"margin:0px\"><span style=\"color:blue\">  &lt;</span><span style=\"color:#a31515\">content</span><span style=\"color:blue\">&gt;</span></p>\r\n<p style=\"margin:0px\"><span style=\"color:blue\">    &lt;</span><span style=\"color:#a31515\">para</span><span style=\"color:blue\">&gt;</span>Some topic content<span style=\"color:blue\">&lt;/</span><span style=\"color:#a31515\">para</span><span style=\"color:blue\">&gt;</span></p>\r\n<p style=\"margin:0px\"><span style=\"color:blue\">  &lt;/</span><span style=\"color:#a31515\">content</span><span style=\"color:blue\">&gt;</span></p>\r\n<p style=\"margin:0px\"><span style=\"color:blue\">&lt;/</span><span style=\"color:#a31515\">section</span><span style=\"color:blue\">&gt;</span></p>\r\n</div>\r\n&lt;!--EndFragment--&gt;<br>\r\nSandcastle will generate something similar to the following HTML:<br>\r\n<br>\r\n<div style=\"font-family:courier new;background:white;color:black;font-size:10pt\">\r\n<p style=\"margin:0px\"><span style=\"color:blue\">&lt;</span><span style=\"color:#a31515\">a</span> <span style=\"color:red\">name</span><span style=\"color:blue\">=&quot;first&quot;</span> <span style=\"color:blue\">/&gt;</span></p>\r\n<p style=\"margin:0px\"><span style=\"color:blue\">&lt;</span><span style=\"color:#a31515\">h1</span> <span style=\"color:red\">class</span><span style=\"color:blue\">=&quot;heading&quot;&gt;</span></p>\r\n<p style=\"margin:0px\"><span style=\"color:blue\">  &lt;</span><span style=\"color:#a31515\">span</span> <span style=\"color:red\">onclick</span><span style=\"color:blue\">=&quot;ExpandCollapse(sectionToggleID0EFBAA)&quot;</span><span style=\"color:blue\">&gt;</span></p>\r\n<p style=\"margin:0px\"><span style=\"color:blue\">    &lt;</span><span style=\"color:#a31515\">img</span> <span style=\"color:red\">id</span><span style=\"color:blue\">=&quot;sectionToggleID0EFBAA&quot;</span> <span style=\"color:red\">class</span><span style=\"color:blue\">=&quot;toggle&quot;</span> <span style=\"color:red\">name</span><span style=\"color:blue\">=&quot;toggleSwitch&quot;</span> <span style=\"color:red\">src</span><span style=\"color:blue\">=&quot;../icons/collapse_all.gif&quot;</span> <span style=\"color:blue\">/&gt;<br>\r\n</span>    A topic section<br>\r\n<span style=\"color:blue\">  &lt;/</span><span style=\"color:#a31515\">span</span><span style=\"color:blue\">&gt;<br>\r\n&lt;/</span><span style=\"color:#a31515\">h1</span><span style=\"color:blue\">&gt;</span></p>\r\n<p style=\"margin:0px\"><span style=\"color:blue\">&lt;</span><span style=\"color:#a31515\">div</span> <span style=\"color:red\">id</span><span style=\"color:blue\">=&quot;sectionSectionID0EFBAA&quot;</span> <span style=\"color:red\">class</span><span style=\"color:blue\">=&quot;section&quot;</span> <span style=\"color:red\">name</span><span style=\"color:blue\">=&quot;collapseableSection&quot;</span> <span style=\"color:red\">style</span><span style=\"color:blue\">=&quot;&quot;&gt;</span></p>\r\n<p style=\"margin:0px\"><span style=\"color:blue\">  &lt;</span><span style=\"color:#a31515\">p</span><span style=\"color:blue\">&gt;</span>Some topic content<span style=\"color:blue\">&lt;/</span><span style=\"color:#a31515\">p</span><span style=\"color:blue\">&gt;</span></p>\r\n<p style=\"margin:0px\"><span style=\"color:blue\">&lt;/</span><span style=\"color:#a31515\">div</span><span style=\"color:blue\">&gt;</span></p>\r\n</div>\r\n&lt;!--EndFragment--&gt;<br>\r\nApparently, Firefox does not see that the anchor is self-closing so it applies it to all of the following sibling elements, hence you see a mouse-over effect.<br>\r\n<br>\r\nThe solution is simply to fixup the Sandcastle XSLT so that it outputs a full anchor element instead of a self-closing one: <br>\r\n<br>\r\n<ol>\r\n    <li>Open the <strong>utilities_dduexml.xsl</strong>, located in Sandcastle's <strong>Shared </strong>folder: <em>{install}\\Presentation\\Shared\\transforms\\utilities_dduexml.xsl</em>\r\n    <ol>\r\n        <li><strong>Note: </strong>Do not confuse this file with the one of the same name in each presentation's <strong>Transforms </strong>folder.</li>\r\n    </ol>\r\n    </li>\r\n    <li>Locate the following template:\r\n    <div style=\"font-family:courier new;background:white;color:black;font-size:10pt\">\r\n    <p style=\"margin:0px\"><span style=\"color:blue\">&lt;</span><span style=\"color:#2b91af\">xsl:template</span><span style=\"color:blue\"> </span><span style=\"color:red\">match</span><span style=\"color:blue\">=</span>&quot;<span style=\"color:blue\">@address</span>&quot;<span style=\"color:blue\">&gt;</span></p>\r\n    </div>\r\n    &lt;!--EndFragment--&gt;</li>\r\n    <li>Change its content to:\r\n    <div style=\"font-family:courier new;background:white;color:black;font-size:10pt\">\r\n    <p style=\"margin:0px\"><span style=\"color:blue\">&lt;</span><span style=\"color:#a31515\">a</span><span style=\"color:blue\"> </span><span style=\"color:red\">name</span><span style=\"color:blue\">=</span>&quot;<span style=\"color:blue\">{string(.)}</span>&quot;<span style=\"color:blue\">&gt;&lt;</span><span style=\"color:#2b91af\">xsl:text</span><span style=\"color:blue\">&gt; &lt;/</span><span style=\"color:#2b91af\">xsl:text</span><span style=\"color:blue\">&gt;&lt;/</span><span style=\"color:#a31515\">a</span><span style=\"color:blue\">&gt;</span></p>\r\n    </div>\r\n    &lt;!--EndFragment--&gt;&lt;!--EndFragment--&gt;</li>\r\n</ol>\r\nI will report the problem in the Sandcastle issue tracker and the Sandcastle Styles issue tracker so that it will be fixed.<br>\r\n<br>\r\n- Dave\r\n",
    "PostedDate": "2009-01-22T03:58:50.267-08:00",
    "UserRole": null,
    "MarkedAsAnswerDate": null
  },
  {
    "Id": "149689",
    "ThreadId": "44790",
    "Html": "Hi, <br>\r\n<br>\r\nPlease ignore that <strong>EndFragment</strong> junk - apparently it's just a side effect of pasting code snippets into the HTML editor.<br>\r\n<br>\r\n- Dave\r\n",
    "PostedDate": "2009-01-22T04:02:32.383-08:00",
    "UserRole": null,
    "MarkedAsAnswerDate": null
  },
  {
    "Id": "149690",
    "ThreadId": "44790",
    "Html": "Great, thanks a lot :-)!\r\n",
    "PostedDate": "2009-01-22T04:06:06.817-08:00",
    "UserRole": null,
    "MarkedAsAnswerDate": null
  },
  {
    "Id": "149691",
    "ThreadId": "44790",
    "Html": "Reported issue: <br>\r\n<a href=\"http://www.codeplex.com/Sandcastle/WorkItem/View.aspx?WorkItemId=3652\">http://www.codeplex.com/Sandcastle/WorkItem/View.aspx?WorkItemId=3652</a>\r\n",
    "PostedDate": "2009-01-22T04:10:46.337-08:00",
    "UserRole": null,
    "MarkedAsAnswerDate": null
  }
]