[
  {
    "Id": "73976",
    "ThreadId": "22187",
    "Html": "\r\nOK, I just downloaded Sandcastle (Jan 08 release) and installed it clean. Now I'm trying to build a test project per the procedures at: <a href=\"https://blogs.msdn.com/sandcastle/archive/2006/07/29/682398.aspx\" class=\"externalLink\">https://blogs.msdn.com/sandcastle/archive/2006/07/29/682398.aspx<span class=\"externalLinkIcon\" style=\"font-family:Consolas, Courier New, Courier, Monospace;\"></span></a>.<br /><br />When I try the Mrefbuilder command: <b>mrefbuilder test.dll /out:reflection.org</b> from <b>C:\\Program Files\\Sandcastle\\Examples\\sandcastle</b> (per the link above) I get the following load error:<br /><br />Error: A file access error occured while attempting to load the component assembly 'C:\\Program Files\\Sandcastle\\ProductionTools\\%DXROOT%\\ProductionTools\\MRefBuilder.exe'. <br />The error message is: Could not load file or assembly 'file:///C:\\Program Files\\Sandcastle\\ProductionTools\\%DXROOT%\\ProductionTools\\MRefBuilder.exe'or one of its dependencies. <br />The system cannot find the file specified.<br /><br />The DXROOT specified in the <b>system</b> variables is <b>C:\\Program Files\\Sandcastle\\</b>, which is where Sandcastle is installed. I have no DXROOT variable for my userid.<br /><br />I'm not using any UIs at the moment. I was trying to just get oriented to the architecture from the command line (and would still like to as I'll eventually be doing this in some type of batch)<br /><br />Obviously I'm more of a writer than a system guy. Where am I going wrong?<br /><br />Thx,<br />Keith<br /><br />---------------------------------------<br />OK, so after the above I looked at where the error message said it was looking and concluded that if I edited the msrefbuilder.config to just specify the msrefbuilder assembly (no path at all, just <b>assembly=\"MrefBuilder.exe\"</b>) in the top resolver element that it would work, and it did. But now I'm still wondering how this was <b>supposed</b> to work, and whether I've bastardized my system somehow with this workaround.<br /><br />Any comments would be helpful.<br /><br />Keith<br /><br />",
    "PostedDate": "2008-02-14T14:18:29.707-08:00",
    "UserRole": null,
    "MarkedAsAnswerDate": null
  },
  {
    "Id": "73984",
    "ThreadId": "22187",
    "Html": "\r\nHi Keith, <br /><br />Since that blog post was published there have been significant changes to the help build process.<br /><br />In the <i>%dxroot%Examples\\sandcastle</i> folder you'll find a batch file named, <i>build_Sandcastle.bat</i>.  It contains the most up-to-date process for building auto-generated reference documentation.<br /><br />You don't have to modify the <i>MRefBuilder.config</i> file that ships with Sandcastle.<br /><br /><div class=\"quote\" style=\"border: dotted .1em #aaa; border-left: none; border-right: none; font-style: italic; margin: 1em 0em 2.5em 3em;padding: .2em;\"><br />I'm not using any UIs at the moment. I was trying to just get oriented to the architecture from the command line (and would still like to as I'll eventually be doing this in some type of batch)<br /><br /></div><a href=\"http://www.codeplex.com/DocProject/Wiki/View.aspx?title=Sandcastle%20Help#OpenSource\" class=\"externalLink\">Open source community tools that automate Sandcastle<span class=\"externalLinkIcon\" style=\"font-family:Consolas, Courier New, Courier, Monospace;\"></span></a> can be used on the command-line as well, so I don't see any reason why you should suffer through batch configuration if it's not entirely necessary.<br /><br />- Dave<br />",
    "PostedDate": "2008-02-14T15:23:24.42-08:00",
    "UserRole": null,
    "MarkedAsAnswerDate": null
  },
  {
    "Id": "73993",
    "ThreadId": "22187",
    "Html": "\r\nThanks Dave - I'm working through the bat file now!<br />",
    "PostedDate": "2008-02-14T16:16:23.34-08:00",
    "UserRole": null,
    "MarkedAsAnswerDate": null
  },
  {
    "Id": "74006",
    "ThreadId": "22187",
    "Html": "\r\nThis is all better now! Thanks again Dave.<br />",
    "PostedDate": "2008-02-14T18:32:15.133-08:00",
    "UserRole": null,
    "MarkedAsAnswerDate": null
  }
]