[
  {
    "Id": "279442",
    "ThreadId": "81420",
    "Html": "<p>I tried it yesterday, and it still works for .NET 4.0 Assemblies even that Sandcastle is running in the 2.0 CLR, but not without some tweaking:</p>\r\n<p>How to make it work:&nbsp;<br>Copy all referenced assemblies to the same folder, including the 4.0 System assemblies. Then it compiles and the files are generated.</p>\r\n<p>- Rune<br><a href=\"http://enyosoft.com\">http://enyosoft.com</a></p>",
    "PostedDate": "2010-01-20T05:24:57.233-08:00",
    "UserRole": null,
    "MarkedAsAnswerDate": null
  },
  {
    "Id": "290439",
    "ThreadId": "81420",
    "Html": "<p>I am seeing that it chokes on Action&lt;&gt; delegate. This code:</p>\r\n<p>\r\n<div style=\"color:Black;background-color:White\">\r\n<pre><span style=\"color:Blue\">public</span> <span style=\"color:Blue\">class</span> Class1: Intro\r\n    {\r\n        <span style=\"color:Gray\">///</span> <span style=\"color:Gray\">&lt;inheritdoc /&gt;</span>\r\n        <span style=\"color:Blue\">public</span> <span style=\"color:Blue\">void</span> Method(Action&lt;<span style=\"color:Blue\">int</span>, <span style=\"color:Blue\">int</span>&gt; i)\r\n        {\r\n            <span style=\"color:Blue\">throw</span> <span style=\"color:Blue\">new</span> NotImplementedException();\r\n        }\r\n    }\r\n\r\n    <span style=\"color:Blue\">public</span> <span style=\"color:Blue\">interface</span> Intro\r\n    {\r\n        <span style=\"color:Gray\">///</span> <span style=\"color:Gray\">&lt;summary&gt;</span>\r\n        <span style=\"color:Gray\">///</span><span style=\"color:Green\"> SOme method.</span>\r\n        <span style=\"color:Gray\">///</span> <span style=\"color:Gray\">&lt;/summary&gt;</span>\r\n        <span style=\"color:Blue\">void</span> Method(Action&lt;<span style=\"color:Blue\">int</span>, <span style=\"color:Blue\">int</span>&gt; i);\r\n    }\r\n</pre>\r\n</div>\r\n</p>\r\n<p>Will result in no members generated for interface Intro nor any method from Intro will be visible in Class1. I've found that the problem is caused by Action&lt;&gt; delegate. Once I remove it everything works fine (in .net &lt;4.0 it works as expected).</p>\r\n<p>Hopefully the update will solve this issue.</p>",
    "PostedDate": "2010-02-13T05:33:13.8-08:00",
    "UserRole": null,
    "MarkedAsAnswerDate": null
  }
]