[
  {
    "Id": "833927",
    "ThreadId": "355058",
    "Html": "<p>Hi,</p>\n<p>I've got an issue with one particular assembly where some of the classes/methods get topics generated but others will not. I can't see anything obviously wrong with the comments file. See the link below for the xml file and screenshot of the generated web  content:</p>\n<p>https://skydrive.live.com/?cid=AAD9BF93550C70C7&amp;id=AAD9BF93550C70C7%21124#cid=AAD9BF93550C70C7&amp;id=AAD9BF93550C70C7%21124</p>\n<p>Does anyone have ideas what might be wrong? Where could I start debugging SHFB to work out why I get some topics but not others?</p>\n<p>Thanks in advance,</p>\n<p>Mike.</p>",
    "PostedDate": "2012-05-09T04:19:48.043-07:00",
    "UserRole": null,
    "MarkedAsAnswerDate": null
  },
  {
    "Id": "833953",
    "ThreadId": "355058",
    "Html": "<p>Apologies, this should have gone in the SHFB project.</p>",
    "PostedDate": "2012-05-09T05:43:46.807-07:00",
    "UserRole": null,
    "MarkedAsAnswerDate": null
  }
]