[
  {
    "Id": "569930",
    "ThreadId": "246998",
    "Html": "\r\n<p>There have been a number of requests recently to come up with a better way of installing all of the various parts that make up Sandcastle and the extra items available in the Sandcastle Styles project.&nbsp; I think I've come up with an acceptable solution\r\n in the form of a guided installation application.&nbsp;&nbsp;The current version of Sandcastle, the patch, and other tools in the Sandcastle Styles&nbsp;project are included.&nbsp; For the non-distributable parts (the help compilers), it will check for their\r\n presence and, if not found, it tells you where to get them and how to install them.&nbsp; When installing Sandcastle, it checks for and can fix the issues caused by the Visual Studio SDK (a user copy of DXROOT and a path to the outdated SDK version).&nbsp;\r\n It also includes an option to install the MAML schemas in Visual Studio's global schema cache to provide IntelliSense when editing MAML topics in Visual Studio.&nbsp; Each step gives details about what it will do and provides the necessary warnings so that\r\n you don't overwrite something you might want to keep such as customizations to the Sandcastle transformations.&nbsp;&nbsp;The optional components can be skipped and installed later.&nbsp; The application can also be extended by third party build tool providers\r\n to install their tools too.&nbsp; An example is included in the source code for the installer for the Sandcastle Help File Builder and I'll be updating the current release of SHFB to use it soon.</p>\r\n<p>Since this is the initial release, I'd like to get some feedback on it.&nbsp; Were there any problems?&nbsp; Is anything missing?&nbsp; Any suggestions for improvements?</p>\r\n<p>You can get it here: <a href=\"http://sandcastlestyles.codeplex.com/releases/view/47767\">\r\nhttp://sandcastlestyles.codeplex.com/releases/view/47767</a></p>\r\n<p>Eric</p>\r\n",
    "PostedDate": "2011-02-21T16:33:08.883-08:00",
    "UserRole": null,
    "MarkedAsAnswerDate": null
  },
  {
    "Id": "573320",
    "ThreadId": "246998",
    "Html": "<p>Excellent Eric. Thank you for the tool.</p>",
    "PostedDate": "2011-02-28T08:31:07.26-08:00",
    "UserRole": null,
    "MarkedAsAnswerDate": null
  },
  {
    "Id": "1247394",
    "ThreadId": "246998",
    "Html": "This link seems to be broken.<br />\n",
    "PostedDate": "2014-05-20T06:24:46.763-07:00",
    "UserRole": null,
    "MarkedAsAnswerDate": null
  },
  {
    "Id": "1247462",
    "ThreadId": "246998",
    "Html": "The Sandcastle Styles project has been closed.  All Sandcastle development and requests for help are now handled at the Sandcastle Help File Builder project site: <a href=\"http://SHFB.CodePlex.com\" rel=\"nofollow\">http://SHFB.CodePlex.com</a>\r<br />\n<br />\nEric<br />\n",
    "PostedDate": "2014-05-20T08:18:43.037-07:00",
    "UserRole": null,
    "MarkedAsAnswerDate": null
  }
]