[
  {
    "Id": "154182",
    "ThreadId": "46185",
    "Html": "I'm using SHFB, and I have a conceptual topic that has some subsections. However, the subsection titles are ignored completely in the CHM/vs2005 output. Are they supported?<br>\r\n<br>\r\n       -Steve\r\n",
    "PostedDate": "2009-02-04T03:54:39.253-08:00",
    "UserRole": null,
    "MarkedAsAnswerDate": null
  },
  {
    "Id": "154277",
    "ThreadId": "46185",
    "Html": "Do you mean as collapsible sections?  If so, no the Sandcastle transformations don't render them as collapsible sections.  They are rendered using a title style though.<br>\r\n<br>\r\nEric<br>\r\n",
    "PostedDate": "2009-02-04T08:01:58.553-08:00",
    "UserRole": null,
    "MarkedAsAnswerDate": null
  },
  {
    "Id": "154342",
    "ThreadId": "46185",
    "Html": "I had mistakenly removed the &lt;title&gt; elements on my subsections. My bad!<br>\r\n<br>\r\nThanks, Eric<br>\r\n       -Steve\r\n",
    "PostedDate": "2009-02-04T10:21:46.39-08:00",
    "UserRole": null,
    "MarkedAsAnswerDate": null
  }
]