[
  {
    "Id": "1233074",
    "ThreadId": "541937",
    "Html": "Hi,\r<br />\n<br />\nWhat is the presentation style used in the Sandcastle Help documentation.\r<br />\nI am currently using the VS2010 Presentation style from the Project Properties.\r<br />\n<br />\nI want to be able to get collapsible topics the way it is used in the Sandastle Help.\r<br />\n<br />\nRegards,\r<br />\nAnita<br />\n",
    "PostedDate": "2014-04-10T22:24:56.423-07:00",
    "UserRole": null,
    "MarkedAsAnswerDate": null
  },
  {
    "Id": "1233336",
    "ThreadId": "541937",
    "Html": "SHFB still uses the VS2005 presentation style.  I had some issues with the VS2010 style so haven't updated the help files to use it yet.  I'm in the process of stripping out the branding component stuff now to simplify it and make it more like the other presentation styles with regard to how it works in the build process.  The VS2010 style is modeled after the VS2010 help and the collapsible sections went away in VS2010's help.  They came back in VS2012 and VS2013.\r<br />\n<br />\nBased on what I know now after going over the presentation style more thoroughly, I noticed that the differences between the non-collapsible sections in the VS2010 style are minor compared to the VS2005 style so it should be possible to put that code in the VS2010 style to get the collapsible sections again.  I'll see what I can do since I'm reworking it anyway.\r<br />\n<br />\nEric<br />\n",
    "PostedDate": "2014-04-11T12:21:01.183-07:00",
    "UserRole": null,
    "MarkedAsAnswerDate": "2014-04-12T05:23:16.21-07:00"
  },
  {
    "Id": "1233465",
    "ThreadId": "541937",
    "Html": "Thanks Eric. That worked.\r<br />\n<br />\nI hadn't tried VS2005 option at all :(\r<br />\n<br />\nI am using VS 2012, but I don't see VS2012 as one of the options in the Presentation style field in Sandcastle. Do I have to do some configuration for it to appear in the Presentation style field?<br />\n",
    "PostedDate": "2014-04-12T05:26:48.323-07:00",
    "UserRole": null,
    "MarkedAsAnswerDate": null
  },
  {
    "Id": "1233505",
    "ThreadId": "541937",
    "Html": "What you see is what's currently available.  There isn't a specific presentation style for VS 2012 or later yet.\r<br />\n<br />\nEric<br />\n",
    "PostedDate": "2014-04-12T11:27:40.833-07:00",
    "UserRole": null,
    "MarkedAsAnswerDate": null
  }
]