[
  {
    "Id": "533365",
    "ThreadId": "237725",
    "Html": "\r\n<p>Hello,</p>\r\n<p>I&acute;m new to sandcastle and I&acute;m searching over 2 Days in forums and this discussion group. We like to change the presentation style of the vs2005 style. I hope to could change the style a little but more like the current msdn style.&nbsp;</p>\r\n<p>Is there a&nbsp;possibility to download a presentation style? I try to change the style by my self but every change I made have no&nbsp;exposures to the result. We want to publish our documentation as a website.</p>\r\n<p>The only think I find was this.&nbsp;<a href=\"http://code.google.com/p/sandcastle-presentation/\">http://code.google.com/p/sandcastle-presentation/</a>&nbsp;but I don&acute;t get it to work. Everytime it used the&nbsp;Prototype or hana style.</p>\r\n<p>Thanks vor every answer!</p>\r\n",
    "PostedDate": "2010-12-09T05:11:02.93-08:00",
    "UserRole": null,
    "MarkedAsAnswerDate": null
  }
]