[
  {
    "Id": "68277",
    "ThreadId": "20557",
    "Html": "\r\nHi, <br /><br />The name of the latest release (<i>Sandcastle January 2008</i>) doesn't indicate whether it's a community technology preview (CTP).  Are you considering it to be the first actual RTW or is it still a CTP?<br /><br />Also, the license that appears on the <b>License</b> page is different than the license that's presented by the installer.  Do they both apply to different areas of the distribution or does one apply over the other?   (IIRC, the installer's license still indicates that the release is a CTP.)<br /><br />And last, but not least, are there any plans to release the source code?  If so, as a separate download or will Team Server and the <b>Source Code</b> page be used for distribution?<br /><br />BTW, thanks for starting this project on CodePlex :)<br /><br />- Dave<br />",
    "PostedDate": "2008-01-16T06:24:44.543-08:00",
    "UserRole": null,
    "MarkedAsAnswerDate": null
  },
  {
    "Id": "68429",
    "ThreadId": "20557",
    "Html": "\r\nWe are no longer in the CTP mode! I will make a fix to the installed to reflect the new license. Yes we are officially RTW in Codeplex. I will try to update the license with a new version by February 1st week. Cheers.<br /><br />Anand..<br />",
    "PostedDate": "2008-01-16T21:03:24.46-08:00",
    "UserRole": null,
    "MarkedAsAnswerDate": null
  },
  {
    "Id": "68450",
    "ThreadId": "20557",
    "Html": "\r\nThe licence in the installer still says:<br /><br />MICROSOFT PRE-RELEASE SOFTWARE LICENSE TERMS<br />MICROSOFT MANAGED REFERENCE DOCUMENTATION COMPILERS CODE NAMED \"SANDCASTLE\" CTP<br /><br />- Chris D-W<br />",
    "PostedDate": "2008-01-17T00:45:44.543-08:00",
    "UserRole": null,
    "MarkedAsAnswerDate": null
  },
  {
    "Id": "68458",
    "ThreadId": "20557",
    "Html": "\r\nHi Anand, <br /><br />Thanks for the reply, that's good news.  I have some follow-ups though: <br /><br /><ul><li>Should we still expect monthly deployments?</li><li>What features, if any, would you consider to be finalized?  Knowing this will help me to finalize DocProject features that rely directly on Sandcastle.  I assume that the overall architecture isn't going to change much anymore (e.g., presentations that have a project-like encapsulation consisting of configuration files, transformations and content items), but what about tools such as ChmBuilder and MRefBuilder?  Do you expect to deploy new builds of these tools or will I have to work around limitations on my own?  And do you expect the transformations to change much?</li><li>The CodePlex license seems to indicate that we can \"[prepare and distribute] derivative works\".  Is this the license that you're going to keep?  If so, I'm seriously considering building DocProject as a stand-alone install that ships with only the Sandcastle components that it needs, while asking end-users to agree to Microsoft's license and, of course, giving Microsoft credit for the Sandcastle components.  Is this something that, legally speaking, would be acceptable?</li></ul><br />Thanks, <br />Dave<br />",
    "PostedDate": "2008-01-17T01:57:22.77-08:00",
    "UserRole": null,
    "MarkedAsAnswerDate": null
  },
  {
    "Id": "68504",
    "ThreadId": "20557",
    "Html": "<br /><div class=\"quote\" style=\"border: dotted .1em #aaa; border-left: none; border-right: none; font-style: italic; margin: 1em 0em 2.5em 3em;padding: .2em;\"><br />chrisdw wrote:<br />The licence in the installer still says:<br /><br />MICROSOFT PRE-RELEASE SOFTWARE LICENSE TERMS<br />MICROSOFT MANAGED REFERENCE DOCUMENTATION COMPILERS CODE NAMED \"SANDCASTLE\" CTP<br /><br />- Chris D-W<br /><br /></div><br />Chris - I am working with Microsoft legal team so that we can replace the CTP license in the installer with the license terms in codeplex. I should have this done for our February release.<br /><br />Anand..<br />",
    "PostedDate": "2008-01-17T08:10:25.87-08:00",
    "UserRole": null,
    "MarkedAsAnswerDate": null
  },
  {
    "Id": "68505",
    "ThreadId": "20557",
    "Html": "<br /><div class=\"quote\" style=\"border: dotted .1em #aaa; border-left: none; border-right: none; font-style: italic; margin: 1em 0em 2.5em 3em;padding: .2em;\"><br />davedev wrote:<br />Hi Anand, <br /><br />Thanks for the reply, that's good news.  I have some follow-ups though: <br /><br /><ul><li>Should we still expect monthly deployments?</li><li>What features, if any, would you consider to be finalized?  Knowing this will help me to finalize DocProject features that rely directly on Sandcastle.  I assume that the overall architecture isn't going to change much anymore (e.g., presentations that have a project-like encapsulation consisting of configuration files, transformations and content items), but what about tools such as ChmBuilder and MRefBuilder?  Do you expect to deploy new builds of these tools or will I have to work around limitations on my own?  And do you expect the transformations to change much?</li><li>The CodePlex license seems to indicate that we can \"[prepare and distribute] derivative works\".  Is this the license that you're going to keep?  If so, I'm seriously considering building DocProject as a stand-alone install that ships with only the Sandcastle components that it needs, while asking end-users to agree to Microsoft's license and, of course, giving Microsoft credit for the Sandcastle components.  Is this something that, legally speaking, would be acceptable?</li></ul><br />Thanks, <br />Dave<br /><br /></div><br />Hi Dave,<br /><ul><li>Yes I plan on releasing monthly</li><li>All of the features have been finalized. I do expect changes mainly to VS 2005 and/or Hana presentation styles. If you can email your limitation and add the features you need to \"Issue Tracker\" area I will be happy to address them.</li><li>I believe yes is the naser for the license. I am working with our legal team and will provide a response.</li></ul><br />Anand..<br />",
    "PostedDate": "2008-01-17T08:14:35.303-08:00",
    "UserRole": null,
    "MarkedAsAnswerDate": null
  },
  {
    "Id": "68512",
    "ThreadId": "20557",
    "Html": "\r\nThanks Anand.<br /><br />I already submitted a couple of ChmBuilder <i>limitations</i> via the Issue Tracker.  I hope that's OK :)  If you prefer email I can certainly do that instead.<br /><br />- Dave<br />",
    "PostedDate": "2008-01-17T08:29:04.177-08:00",
    "UserRole": null,
    "MarkedAsAnswerDate": null
  }
]