[
  {
    "Id": "154240",
    "ThreadId": "46206",
    "Html": "This is the <b>planning</b> stage of the Sandcastle Workshop, an IDE for creating Sandcastle documentations.<br>\r\n<br>\r\nIt is build as a customized version of <a href=\"http://sharpdevelop.codeplex.com\"><span style=\"color:#3e62a6\">SharpDevelop</span></a>. We have dropped more than half of the SharpDevelop add-ins and eliminated the tools that will not be of any use in a documentation process. There are many reasons leading to the choice of SharpDevelop, we will post further information in the Sandcastle Assist discussion forum.<br>\r\n<br>\r\nThe current stage does <b>not</b> have any integrated Sandcastle build tool. However, IntelliSense support is enabled for conceptual topics. It is being released at this stage so that we could seek input on how to enhance or improve it, we really need your suggestions and ideas. You can create either a C# or VB.NET project and use it to explore the environment.<br>\r\n<br>\r\nYou can access both the source codes (for VS 2008) and the binary here...<br>\r\n<br>\r\n<a href=\"http://www.codeplex.com/SandAssist/Release/ProjectReleases.aspx?ReleaseId=22713\">http://www.codeplex.com/SandAssist/Release/ProjectReleases.aspx?ReleaseId=22713</a><br>\r\n<br>\r\nBest regards,<br>\r\nPaul.<br>\r\n<br>\r\n",
    "PostedDate": "2009-02-04T06:45:39.73-08:00",
    "UserRole": null,
    "MarkedAsAnswerDate": null
  }
]