[
  {
    "Id": "142608",
    "ThreadId": "42913",
    "Html": "I'm new to Sandcastle. I really like the fact that it generates the links to the MSDN online when encountering a .Net framework type. <br>\r\nIn my projects, I reference to Enterprise Library 4.0 a lot. I can't figure out a way to reference the help content in EL help files or a web site if there is one. <br>\r\nRight now, I have to generate one big help1x file which includes EL help topics.<br>\r\nWould please point me to a better solution?<br>\r\n<br>\r\nThanks!<br>\r\n<br>\r\nRichard.\r\n",
    "PostedDate": "2008-12-23T08:23:27.463-08:00",
    "UserRole": null,
    "MarkedAsAnswerDate": null
  },
  {
    "Id": "142661",
    "ThreadId": "42913",
    "Html": "Hi Richard, <br>\r\n<br>\r\nThe target URLs for links to MSDN content are retrieved by an MSDN content web service.  If this service does not return links for Enterprise Library topics then you must explicitly set the links in your documentation using &lt;see <strong>href</strong>=&quot;http://...&quot; /&gt; instead of &lt;see <strong>cref</strong>=&quot;{code entity name}&quot; /&gt;.<br>\r\n<br>\r\nIn order for Sandcastle to request a link from the web service, it needs to identify the entity being requested as being of the MSDN link type.  This information is provided by the Sandcastle configuration file in combination with the reflection files generated by MRefBuilder.exe (found in Sandcastle's ProductionTools folder).  You can run MRefBuilder on the EL assemblies to produce a reflection.org file.  Then run a doc model transformation (ApplyPrototypeDocModel.xsl or ApplyVSDocModel.xsl in the ProductionTransforms folder, depending upon your chosen presentation style) using the XslTransform.exe tool to generate a reflection.xml file.  Finally, rename the file appropriately and drop it in Sandcastle's Data\\Reflection folder so that builds pick it up when resolving links using the MSDN content web service.<br>\r\n<br>\r\nAll of the &lt;see <strong>cref</strong>=&quot;&quot; /&gt; will become links if the service provides information for them, otherwise they will just be bold text.<br>\r\n<br>\r\nFor help with the tools see the Examples folder.<br>\r\n<br>\r\n- Dave\r\n",
    "PostedDate": "2008-12-23T11:51:18.377-08:00",
    "UserRole": null,
    "MarkedAsAnswerDate": null
  }
]