[
  {
    "Id": "71849",
    "ThreadId": "21560",
    "Html": "\r\nI am having some trouble using the SvnBridge and TortoiseSVN method of downloading the source code.  The problem is the location of the TFS server.  I entered <br /><br />SvnBridge Bridge Port: 8081 (default)<br />SvnBridge Team Foundation Server:  https://tfs05.codeplex.com (listed http://www.codeplex.com/Sandcastle/SourceControl/ListDownloadableCommits.aspx)<br /><br />Upon clicking Ok, I receive a message indicating that address is not a valid TFS server.  Can someone please point me to the correct address?<br />",
    "PostedDate": "2008-02-05T10:22:49.887-08:00",
    "UserRole": null,
    "MarkedAsAnswerDate": null
  },
  {
    "Id": "71875",
    "ThreadId": "21560",
    "Html": "\r\nThey haven't published the source code for Sandcastle so there is nothing to download.<br /><br />Eric<br />",
    "PostedDate": "2008-02-05T11:16:48.27-08:00",
    "UserRole": null,
    "MarkedAsAnswerDate": null
  }
]