[
  {
    "Id": "702120",
    "ThreadId": "280503",
    "Html": "\r\n<p>I'm trying to modify the htmlBody.xsl file provided with Sandcastle so that at the top of every HTML page, I can have a &quot;Direct Link&quot; a element added which links to our public website with that document.</p>\r\n<p>For example, the new HTML could would be:</p>\r\n<p>&lt;a href=&quot;http://www.mywebsite.com/Documentation/?topic=html/{$topicId}.htm&quot;&gt;Direct Link&lt;/a&gt;</p>\r\n<p>Where {$topicId} would be something like: 0e26de78-610d-5924-1161-813a2380fe3c (the GUID assigned to the generated HTML file). I've tried using @id and @topicId but these both appear to be undefined / empty. Most other IDs I've found probing around the XML\r\n aren't in anything close to that form.</p>\r\n<p>Any help would be GREATLY appreciated.</p>\r\n<p>Thanks!</p>\r\n",
    "PostedDate": "2011-11-22T18:55:33.69-08:00",
    "UserRole": null,
    "MarkedAsAnswerDate": null
  },
  {
    "Id": "702121",
    "ThreadId": "280503",
    "Html": "<p>With time, maintaining the styles will be another issue you will have to deal with.</p>\r\n<p>I will recommend you use custom components to handle this, just as custom components<br />are used to handle adding logo to the non-scrollable header.</p>\r\n<p>Best regards,<br />Paul.&nbsp;</p>",
    "PostedDate": "2011-11-22T19:02:18.04-08:00",
    "UserRole": null,
    "MarkedAsAnswerDate": null
  },
  {
    "Id": "702124",
    "ThreadId": "280503",
    "Html": "<p>Thanks for the response Paul.</p>\r\n<p>I'd rather NOT go down the route of a custom component because we've made other changes to the styles anyways.</p>\r\n<p>Is there a way to do this with the XSL files? If so, any advise?</p>\r\n<p>If not, is there an example you can point me to for custom component development? We're using SHFB.</p>",
    "PostedDate": "2011-11-22T19:18:10.553-08:00",
    "UserRole": null,
    "MarkedAsAnswerDate": null
  },
  {
    "Id": "702149",
    "ThreadId": "280503",
    "Html": "<p>The topic identifier is stored as the parameter&nbsp;<strong>key</strong>. You can refer to it any where as <strong>$key</strong>.</p>\r\n<p>You can find it defined in utilities_reference.xsl for references and&nbsp;main_conceptual.xsl for conceptual topics.</p>\r\n<p>Best regards,<br />Paul&nbsp;</p>",
    "PostedDate": "2011-11-22T20:39:55.927-08:00",
    "UserRole": null,
    "MarkedAsAnswerDate": null
  },
  {
    "Id": "702181",
    "ThreadId": "280503",
    "Html": "<p>Thanks, I appreciate the prompt responses and help!</p>",
    "PostedDate": "2011-11-22T22:39:51.513-08:00",
    "UserRole": null,
    "MarkedAsAnswerDate": null
  },
  {
    "Id": "710766",
    "ThreadId": "280503",
    "Html": "<p>Thanks for your help, but in working with this, I've found that $key contains the value I expect for topics specified in our SFHB .content file, but in the documentation generated from the .xml file itself, it includes something like T:MyNameSpace.MyClass instead of 0e26de78-610d-5924-1161-813a2380fe3c.</p>\r\n<p>How do I get the GUID of the HTML file which is to be put into CHM file instead?</p>\r\n<p>Thanks for your assistance.</p>",
    "PostedDate": "2011-12-12T00:01:24.213-08:00",
    "UserRole": null,
    "MarkedAsAnswerDate": null
  },
  {
    "Id": "710781",
    "ThreadId": "280503",
    "Html": "<p>For the references, the file name can be retrieved as&nbsp;<strong>{/document/reference/file/@name}</strong></p>\r\n<p>Again, see the utilities_reference.xsl to see how that is done.</p>\r\n<p>Best regards,<br />Paul.&nbsp;</p>",
    "PostedDate": "2011-12-12T00:33:16.783-08:00",
    "UserRole": null,
    "MarkedAsAnswerDate": null
  },
  {
    "Id": "711005",
    "ThreadId": "280503",
    "Html": "<p>Thank you again for your help!</p>",
    "PostedDate": "2011-12-12T09:45:39.083-08:00",
    "UserRole": null,
    "MarkedAsAnswerDate": null
  }
]