[
  {
    "Id": "118220",
    "ThreadId": "35568",
    "Html": "I have two Windows platforms set up to build Help2 (VS, VS SP1, VS SDK, Sandcastle, and Sandcastle Help Builder are installed.). Some of my conceptual content topics use the &lt;autoOutline/&gt; tag. When I build the help project on one platform, I get the auto-outllines in the output, but when I build the exact same project on the other platform, the auto-outlines don't appear in the output. It's definitely the exact same project -- everything, including the shlb file, is&nbsp;retrieved on each platform&nbsp;from a source code management system.<br>\r\n<br>\r\nAs far as I can tell, all my settings are the same. What am I missing?&nbsp;&nbsp;\r\n",
    "PostedDate": "2008-09-12T13:33:54.377-07:00",
    "UserRole": null,
    "MarkedAsAnswerDate": null
  },
  {
    "Id": "118226",
    "ThreadId": "35568",
    "Html": "&gt;&gt;<strong>Owens</strong>: <em>As far as I can tell, all my settings are the same. What am I missing</em>?<br>\r\nPossibly one is using the Sandcastle Styles and the&nbsp;other is not since the &lt;autoOutline/&gt; is a Sandcastle Styles addition.<br>\r\n<br>\r\nBest regards,<br>\r\nPaul.\r\n",
    "PostedDate": "2008-09-12T13:54:27.243-07:00",
    "UserRole": null,
    "MarkedAsAnswerDate": null
  },
  {
    "Id": "119214",
    "ThreadId": "35568",
    "Html": "That was it; I had forgotten to overlay the Styles patch on the second system. Thanks.<br>\r\n",
    "PostedDate": "2008-09-17T12:57:24.64-07:00",
    "UserRole": null,
    "MarkedAsAnswerDate": null
  }
]