[
  {
    "Id": "612983",
    "ThreadId": "257690",
    "Html": "\r\n<p><span style=\"font-size:12pt; color:#333333\">Now I&rsquo;m getting a BE0043 error.&nbsp; All was working ok and then suddenly I get this error and can&rsquo;t get round it.&nbsp; It&rsquo;s on my laptop &ndash; everything works ok on my desktop with identical\r\n code/comments.&nbsp; Reinstall Sandcastle/SHFB perhaps?</span></p>\r\n<p><span style=\"font-size:12pt\">&nbsp;</span></p>\r\n<p><span style=\"font-size:12pt\">The offending section in the log seems to be:</span></p>\r\n<p><span style=\"font-size:12pt\">&nbsp;</span></p>\r\n<h2>BuildReferenceTopics</h2>\r\n<p><span style=\"font-size:12pt\">&nbsp;</span></p>\r\n<p><span style=\"font-size:12pt\">Building reference help topics...</span></p>\r\n<p><span><span style=\"font-size:12pt; color:black\">[c:\\WINDOWS\\Microsoft.NET\\Framework\\v3.5\\MSBuild.exe]</span></span></p>\r\n<p><span style=\"font-size:12pt\">BuildReferenceTopics:</span></p>\r\n<p><span style=\"font-size:12pt\">&nbsp; BuildAssembler (v2.6.10621.1)</span></p>\r\n<p><span style=\"font-size:12pt\">&nbsp; Copyright c Microsoft 2006</span></p>\r\n<p><span style=\"font-size:12pt\">&nbsp; Info: CopyFromFileComponent: Instantiating component.</span></p>\r\n<p><span style=\"font-size:12pt\">&nbsp; Info: CopyFromFileComponent: Loading data file 'C:\\Program Files\\Sandcastle\\Presentation\\vs2005\\Transforms\\skeleton.xml'.</span></p>\r\n<p><span style=\"font-size:12pt\">&nbsp; Info: CopyFromIndexComponent: Instantiating component.</span></p>\r\n<p><span style=\"font-size:12pt\">&nbsp; Info: CopyFromIndexComponent: Searching for files that match '*.xml'.</span></p>\r\n<p>&nbsp;</p>\r\n<p><span style=\"font-size:12pt; color:black\">BUILDASSEMBLER : error: CopyFromIndexComponent: The indexed document 'C:\\Program Files\\Sandcastle\\Data\\Reflection\\System.Windows.Documents.DocumentStructures.xml' is not a valid XML document. The error message is:\r\n Invalid character in the given encoding. Line 32037, position 180.</span></p>\r\n<p><span style=\"font-size:12pt; color:#333333\">&nbsp;</span></p>\r\n<p><span style=\"font-size:12pt; color:#333333\">&nbsp;</span></p>\r\n<p><span style=\"font-size:12pt; color:#333333\">Keith</span></p>\r\n<p><span style=\"font-size:12pt; color:#333333\">&nbsp;</span></p>\r\n",
    "PostedDate": "2011-05-15T08:33:21.5-07:00",
    "UserRole": null,
    "MarkedAsAnswerDate": null
  },
  {
    "Id": "613385",
    "ThreadId": "257690",
    "Html": "<p><span style=\"font-size: 12pt;\">Problem has disappeared by itself.&nbsp; I didn&rsquo;t alter the code at all.&nbsp; All I did was turn the machine off over night and next day the BE0043 error is gone.&nbsp; Amazing what a reboot can do.</span></p>\r\n<p><span style=\"font-size: 12pt;\">Keith</span></p>",
    "PostedDate": "2011-05-16T08:02:37.687-07:00",
    "UserRole": null,
    "MarkedAsAnswerDate": null
  }
]