[
  {
    "Id": "899273",
    "ThreadId": "391591",
    "Html": "\r\n<p>Hi Everyone,</p>\r\n<p>Here is what is currently happening with regard to the status of Sandcastle.&nbsp; Last week, I was contacted by Darren Parker and was given the following information.&nbsp; For quite a while, he tried to get resources to work on Sandcastle but higher priority\r\n projects prevented that from happening.&nbsp; There has been no committed team actively working on Sandcastle since then.&nbsp; They do have a Sustained Engineering team that can sometimes do work on other projects as time permits.&nbsp; Recently, that team\r\n started going through my list of submitted bugs and fixing issues in Sandcastle.&nbsp; After starting work, they realized that a newer version of the Sandcastle tools had been released independently on CodePlex (v2.7.0.0&nbsp;from the Sandcastle Styles project).&nbsp;\r\n Since it fixed all of those bugs, they contacted Darren to see about integrating those changes into their code base.</p>\r\n<p>A phone conference was held yesterday between Darren, some members of the Sustained Engineering team, and myself with the following results:</p>\r\n<ul>\r\n<li>The 2.7.0.0 version of the code from the Sandcastle Styles project will be used going forward.\r\n</li><li>It appears that the SE team made a couple of bug fixes and changes that I had not.&nbsp; I also have a few additional bug fixes and changes that I have made since that release.\r\n</li><li>The SE team will diff the code for the version they have against the 2.7.0.0 version and a copy will be sent to me so that I can incorporate their additional changes with my latest changes.\r\n</li><li>Once the two code bases are reconciled, Microsoft will do one more release of the code base.&nbsp; The target date for that is October 3rd but it could be earlier.\r\n</li><li>After that release and contingent upon Microsoft Legal approval, permissions for managing the Sandcastle code and releases will then be turned over to me and the community.&nbsp; Work is underway on that and Darren is currently waiting to hear from Legal.\r\n</li><li>Once I am able to do so, I will merge the content of the Sandcastle Styles project (the patches for the older versions and the documentation) into the main Sandcastle site and retire the Sandcastle Styles project site.\r\n</li></ul>\r\n<p>Darren mentioned that his main dev team is working on building their next CMS and content build system.&nbsp; After that is finished, they will no longer be using Sandcastle.&nbsp; Microsoft would like to see Sandcastle continue to move forward and is willing\r\n to facilitate this.&nbsp; As such, he does think that fully turning it over to the community makes the most sense.</p>\r\n<p>That's where things stand right now.&nbsp; I'll keep you posted as things progress.</p>\r\n<p>Eric</p>\r\n<p>&nbsp;Project Status Update Thread #1: <a href=\"http://sandcastle.codeplex.com/discussions/288079\">\r\nhttp://sandcastle.codeplex.com/discussions/288079</a></p>\r\n<p>&nbsp;</p>\r\n",
    "PostedDate": "2012-08-14T12:35:57.713-07:00",
    "UserRole": null,
    "MarkedAsAnswerDate": null
  },
  {
    "Id": "899418",
    "ThreadId": "391591",
    "Html": "<p>Thank you Eric for the information. It is much appreciated.</p>",
    "PostedDate": "2012-08-14T23:57:54.057-07:00",
    "UserRole": null,
    "MarkedAsAnswerDate": null
  },
  {
    "Id": "901991",
    "ThreadId": "391591",
    "Html": "<p>Thank you for your job.</p>",
    "PostedDate": "2012-08-21T07:54:04.703-07:00",
    "UserRole": null,
    "MarkedAsAnswerDate": null
  },
  {
    "Id": "923315",
    "ThreadId": "391591",
    "Html": "<p>The target date Oct 3rd is already in the past, neither on this page nor on the Sandcastle Styles website is this \"new\" version available. When can we expect it to be released?</p>\r\n<p>Best regards,<br />D.R.</p>",
    "PostedDate": "2012-10-08T02:01:56.503-07:00",
    "UserRole": null,
    "MarkedAsAnswerDate": null
  },
  {
    "Id": "923327",
    "ThreadId": "391591",
    "Html": "\r\n<p>Keep faith: <a title=\"SHFB history\" href=\"https://shfb.codeplex.com/wikipage/history\">\r\nSHFB history</a></p>\r\n<p>The release is getting prepared obviously :)</p>\r\n<p>&nbsp;</p>\r\n<p>EDIT: my link got messed up :(</p>\r\n",
    "PostedDate": "2012-10-08T02:36:24.643-07:00",
    "UserRole": null,
    "MarkedAsAnswerDate": null
  },
  {
    "Id": "923447",
    "ThreadId": "391591",
    "Html": "<p>There has been a change of plans.&nbsp; I'll post details soon and the new release will be out later today.</p>\r\n<p>Eric</p>\r\n<p>&nbsp;</p>",
    "PostedDate": "2012-10-08T07:58:10.62-07:00",
    "UserRole": null,
    "MarkedAsAnswerDate": null
  }
]