[
  {
    "Id": "68346",
    "ThreadId": "20580",
    "Html": "\r\nThe Sandcastle Page at MSDN (<a href=\"http://msdn2.microsoft.com/en-us/vstudio/bb608422.aspx\" class=\"externalLink\">http://msdn2.microsoft.com/en-us/vstudio/bb608422.aspx<span class=\"externalLinkIcon\" style=\"font-family:Consolas, Courier New, Courier, Monospace;\"></span></a>) has been broken for a while.<br /><br /><ul><li>It says June CTP but goes to the download page for the October CTP.  It should come here now.</li><li>The <b>Sandcastle Projects on CodePlex</b> link doesn't work.  It should be changed to <a href=\"http://codeplex.com/Project/ProjectDirectory.aspx?ProjectSearchText=sandcastle\" class=\"externalLink\">http://codeplex.com/Project/ProjectDirectory.aspx?ProjectSearchText=sandcastle<span class=\"externalLinkIcon\" style=\"font-family:Consolas, Courier New, Courier, Monospace;\"></span></a>.</li></ul><br />Eric<br />",
    "PostedDate": "2008-01-16T12:20:46.113-08:00",
    "UserRole": null,
    "MarkedAsAnswerDate": null
  },
  {
    "Id": "68428",
    "ThreadId": "20580",
    "Html": "\r\nThanks Eric. I will make these fixes.<br /><br />Anand..<br />",
    "PostedDate": "2008-01-16T21:00:45.48-08:00",
    "UserRole": null,
    "MarkedAsAnswerDate": null
  }
]