[
  {
    "Id": "242572",
    "ThreadId": "71133",
    "Html": "<p>Hello!</p>\r\n<p>I am using Sandcastle to write the .chm help files and the automation tool - Sandcastle Help File Builder. The problem is that the links in the topics are yellow NOT BLUE, but when I hover the link it gets blue. What wrong do I do? The standard way how I write links is:</p>\r\n<p>&lt;link xlink:href=&quot;b0302e06-4e6a-404c-ae2e-33010abd6c91&quot; /&gt;</p>\r\n<p>The link itself works, it redirects to the relevant place. But it is yellow.</p>\r\n<p>Thank you in advance!!</p>\r\n<p>&nbsp;</p>\r\n<p>&nbsp;</p>\r\n<p>&nbsp;</p>\r\n<p>&lt;input id=&quot;gwProxy&quot; type=&quot;hidden&quot; /&gt;&lt;input id=&quot;jsProxy&quot; onclick=&quot;jsCall();&quot; type=&quot;hidden&quot; /&gt;</p>",
    "PostedDate": "2009-10-06T08:04:52.88-07:00",
    "UserRole": null,
    "MarkedAsAnswerDate": null
  },
  {
    "Id": "242579",
    "ThreadId": "71133",
    "Html": "<p>Download and apply the <a title=\"Sandcastle Styles\" href=\"http://SandcastleStyles.CodePlex.com\">Sandcastle Styles</a> patch to Sandcastle.&nbsp; It fixes up a number of issues including some inconsistencies in the stylesheets like that one.</p>\r\n<p>Eric</p>\r\n<p>&nbsp;</p>",
    "PostedDate": "2009-10-06T08:11:41.047-07:00",
    "UserRole": null,
    "MarkedAsAnswerDate": null
  },
  {
    "Id": "242867",
    "ThreadId": "71133",
    "Html": "<p>Thanks a lot!!! That worked!</p>\r\n<p>&nbsp;</p>",
    "PostedDate": "2009-10-07T02:03:24.253-07:00",
    "UserRole": null,
    "MarkedAsAnswerDate": null
  }
]