[
  {
    "Id": "148885",
    "ThreadId": "44718",
    "Html": "<p>Running SHFB, BuildAssembler crashes with a Fatal Execution Engine exception on my build server (Windows 2003 R2 Std x86). It all works fine on my workstation (Windows XP Pro). The SHFB error log does not say anything about the error, and i don't think it is at fault (because it works on my workstation i think its a .NET or Windows configuration issue). The exact event log message is:</p>\r\n<span style=\"font-size:10px\">\r\n<p>.NET Runtime version 2.0.50727.1433 - Fatal Execution Engine Error (79FFEE24) (80131506)</p>\r\n</span>\r\n<p>The strange thing is that there is nothing more, BuildAssembler crashes (giving me option to debug or cancel, both having the same outcom eg. close the application), SHFB Console application continues like nothing happened (later on it says its missing files that should have been generated by BuildAssembler though).<br>\r\n<br>\r\nHas anyone else encountered this problem before and know a solution?</p>\r\n",
    "PostedDate": "2009-01-20T13:07:18.757-08:00",
    "UserRole": null,
    "MarkedAsAnswerDate": null
  },
  {
    "Id": "148945",
    "ThreadId": "44718",
    "Html": "&gt;&gt;<strong>Vossekop</strong>: <em>Fatal Execution Engine exception on my build server....works fine on my workstation</em>...<br>\r\nIs your workstation also without .NET 2 Service Pack 1?<br>\r\n<br>\r\nBest regards,<br>\r\nPaul. \r\n",
    "PostedDate": "2009-01-20T15:52:53.337-08:00",
    "UserRole": null,
    "MarkedAsAnswerDate": null
  },
  {
    "Id": "149091",
    "ThreadId": "44718",
    "Html": "Both server and workstation have .NET 2.0 Service Pack 1 installed.\r\n",
    "PostedDate": "2009-01-21T00:12:16.663-08:00",
    "UserRole": null,
    "MarkedAsAnswerDate": null
  },
  {
    "Id": "149115",
    "ThreadId": "44718",
    "Html": "&gt;&gt;<em>Both server and workstation have .NET 2.0 Service Pack 1 installed</em>.<br>\r\nThanks. I have just installed the Sandcastle on a machine with the .NET Runtime version 2.0.50727.1433, <br>\r\nand it works without any problem.<br>\r\nIt seems the problem requires a more careful investigation. You may also try the Windows &quot;patented&quot; <br>\r\napproach...uninstall/re-install to see what happens.<br>\r\n<br>\r\nBest regards,<br>\r\nPaul.\r\n",
    "PostedDate": "2009-01-21T01:53:50.953-08:00",
    "UserRole": null,
    "MarkedAsAnswerDate": null
  },
  {
    "Id": "149131",
    "ThreadId": "44718",
    "Html": "Thanks for the help so far Paul.<br>\r\n<br>\r\nReinstalling the .NET Framework is not an option i am afraid. The box is a production Team Foundation Server with Team Build. Reinstalling the .NET Framework would mean reinstalling the entire production box. I did find out one more peculiar thing which essentially makes this problem no problem anymore. When i came back this morning i noticed all my nightly builds completed succesfully, even the one with the documentation built in. After some more tests i concluded the problems only occur when i am logged on to the box via Remote Desktop. It then does not only occur when i run the build, but also when i run it from the command line. If i log out and run the build, everything works fine. And since the server is usually never logged on anyway, the problem isn't really a problem anymore. It is however very strange that this is happening.<br>\r\n<br>\r\nKind Regards,<br>\r\nJeroen\r\n",
    "PostedDate": "2009-01-21T02:35:34.53-08:00",
    "UserRole": null,
    "MarkedAsAnswerDate": null
  },
  {
    "Id": "149171",
    "ThreadId": "44718",
    "Html": "&gt;&gt;<strong>Jeroen</strong>: <em>Reinstalling the .NET Framework is not an option i am afraid</em>.  <br>\r\nNeither will I advice that on a server - I mean Sandcastle and the related tools.<br>\r\n<br>\r\n&gt;&gt;<strong>Jeroen</strong>: <em>It is however very strange that this is happening</em>.<br>\r\nAt least you found a way around it, I think that should be enough for now, <br>\r\nuntil an expert in Remote Desktop comes around :)<br>\r\n<br>\r\nBest regards,<br>\r\nPaul.<br>\r\n",
    "PostedDate": "2009-01-21T04:06:35.11-08:00",
    "UserRole": null,
    "MarkedAsAnswerDate": null
  }
]