[
  {
    "Id": "518893",
    "ThreadId": "233896",
    "Html": "\r\n<p>Hello what I'am looking for is:</p>\r\n<p>1. adding an image on which it is possible to click and it will navigate you to some web page.&nbsp;</p>\r\n<p>2. adding a link to a video file, which will show as a thumb and when it is clicked it will navigate you to some page.</p>\r\n<p>&nbsp;</p>\r\n<p>and some off topic</p>\r\n<p>3. How to add some items in the Insert section</p>\r\n<p>4. It is possible to format the XML while editing it in SandCastle</p>\r\n<p>5. Is there any spell checker that I can use</p>\r\n<p>6. I saw on the forums that some people are using Visual Studio for editing their help. Is there any way I can embed sandcastle's functionality in visual studio (bold, italic, insert etc) so I can take advantage of both</p>\r\n<p>&nbsp;</p>\r\n<p>Thank you in advance for your time and cooperation</p>\r\n",
    "PostedDate": "2010-11-08T10:28:05.17-08:00",
    "UserRole": null,
    "MarkedAsAnswerDate": null
  },
  {
    "Id": "519428",
    "ThreadId": "233896",
    "Html": "\r\n<p>Are you referring to XML comments or the XML in a MAML conceptual topic?&nbsp; Are you using one of the community tools such as the Sandcastle Help File Builder or DocProject?</p>\r\n<p>Eric</p>\r\n<p>&nbsp;</p>\r\n",
    "PostedDate": "2010-11-09T09:13:52.877-08:00",
    "UserRole": null,
    "MarkedAsAnswerDate": null
  },
  {
    "Id": "519530",
    "ThreadId": "233896",
    "Html": "\r\n<p>Hello and thanks for writing.</p>\r\n<p>I'am using Sandcastle Help File Builder 1.8.0.3 only and I am editing the help articles with this tool so all my questions are regarding this it.</p>\r\n",
    "PostedDate": "2010-11-09T12:07:42.927-08:00",
    "UserRole": null,
    "MarkedAsAnswerDate": null
  },
  {
    "Id": "520679",
    "ThreadId": "233896",
    "Html": "\r\n<p>I don't believe that it's possible to embedd an image/video within a link using the standard MAML elements.&nbsp; If you've applied the\r\n<a title=\"Sandcastle Styles\" href=\"http://SandcastleStyles.CodePlex.com\" target=\"_blank\">\r\nSandcastle Styles</a> patch, you can wrap the equivalent HTML in a MAML &lt;markup&gt; element so that it passes through as-is.&nbsp; Here are a few examples of embedding links to video files:</p>\r\n<div style=\"color:black; background-color:white\">\r\n<pre><span style=\"color:blue\">&lt;</span><span style=\"color:#a31515\">para</span><span style=\"color:blue\">&gt;</span><span style=\"color:blue\">&lt;</span><span style=\"color:#a31515\">legacyBold</span><span style=\"color:blue\">&gt;</span>NOTE: These require full paths to the video file<span style=\"color:blue\">&lt;/</span><span style=\"color:#a31515\">legacyBold</span><span style=\"color:blue\">&gt;</span><span style=\"color:blue\">&lt;/</span><span style=\"color:#a31515\">para</span><span style=\"color:blue\">&gt;</span>\r\n\r\n<span style=\"color:blue\">&lt;</span><span style=\"color:#a31515\">para</span><span style=\"color:blue\">&gt;</span>An external link to an HTML page containing a link to play the video:\r\n\r\n<span style=\"color:blue\">&lt;</span><span style=\"color:#a31515\">externalLink</span><span style=\"color:blue\">&gt;</span>\r\n<span style=\"color:blue\"><span style=\"color:#000000\">    </span>&lt;</span><span style=\"color:#a31515\">linkText</span><span style=\"color:blue\">&gt;</span>Click to Play<span style=\"color:blue\">&lt;/</span><span style=\"color:#a31515\">linkText</span><span style=\"color:blue\">&gt;</span>\r\n    <span style=\"color:blue\">&lt;</span><span style=\"color:#a31515\">linkAlternateText</span><span style=\"color:blue\">&gt;</span>The video<span style=\"color:blue\">&lt;/</span><span style=\"color:#a31515\">linkAlternateText</span><span style=\"color:blue\">&gt;</span>\r\n    <span style=\"color:blue\">&lt;</span><span style=\"color:#a31515\">linkUri</span><span style=\"color:blue\">&gt;</span>file://C:\\Download\\Temp\\ExternalVideoTest.html<span style=\"color:blue\">&lt;/</span><span style=\"color:#a31515\">linkUri</span><span style=\"color:blue\">&gt;</span>\r\n    <span style=\"color:blue\">&lt;</span><span style=\"color:#a31515\">linkTarget</span><span style=\"color:blue\">&gt;</span>_self<span style=\"color:blue\">&lt;/</span><span style=\"color:#a31515\">linkTarget</span><span style=\"color:blue\">&gt;</span>\r\n   <span style=\"color:blue\">&lt;/</span><span style=\"color:#a31515\">externalLink</span><span style=\"color:blue\">&gt;</span>\r\n<span style=\"color:blue\">&lt;/</span><span style=\"color:#a31515\">para</span><span style=\"color:blue\">&gt;</span>\r\n\r\n<span style=\"color:blue\">&lt;</span><span style=\"color:#a31515\">para</span><span style=\"color:blue\">&gt;</span>An external link to the video itself:\r\n<span style=\"color:blue\">&lt;</span><span style=\"color:#a31515\">externalLink</span><span style=\"color:blue\">&gt;</span>\r\n<span style=\"color:blue\"><span style=\"color:#000000\">    </span>&lt;</span><span style=\"color:#a31515\">linkText</span><span style=\"color:blue\">&gt;</span>Click to Play<span style=\"color:blue\">&lt;/</span><span style=\"color:#a31515\">linkText</span><span style=\"color:blue\">&gt;</span>\r\n    <span style=\"color:blue\">&lt;</span><span style=\"color:#a31515\">linkAlternateText</span><span style=\"color:blue\">&gt;</span>The video<span style=\"color:blue\">&lt;/</span><span style=\"color:#a31515\">linkAlternateText</span><span style=\"color:blue\">&gt;</span>\r\n    <span style=\"color:blue\">&lt;</span><span style=\"color:#a31515\">linkUri</span><span style=\"color:blue\">&gt;</span>file://C:\\Download\\Temp\\Media\\Upload.avi<span style=\"color:blue\">&lt;/</span><span style=\"color:#a31515\">linkUri</span><span style=\"color:blue\">&gt;</span>\r\n    <span style=\"color:blue\">&lt;</span><span style=\"color:#a31515\">linkTarget</span><span style=\"color:blue\">&gt;</span>_self<span style=\"color:blue\">&lt;/</span><span style=\"color:#a31515\">linkTarget</span><span style=\"color:blue\">&gt;</span>\r\n   <span style=\"color:blue\">&lt;/</span><span style=\"color:#a31515\">externalLink</span><span style=\"color:blue\">&gt;</span>\r\n<span style=\"color:blue\">&lt;/</span><span style=\"color:#a31515\">para</span><span style=\"color:blue\">&gt;</span>\r\n\r\n<span style=\"color:blue\">&lt;</span><span style=\"color:#a31515\">para</span><span style=\"color:blue\">&gt;</span>HTML link in a <span style=\"color:blue\">&lt;</span><span style=\"color:#a31515\">codeInline</span><span style=\"color:blue\">&gt;</span>markup<span style=\"color:blue\">&lt;/</span><span style=\"color:#a31515\">codeInline</span><span style=\"color:blue\">&gt;</span> element<span style=\"color:blue\">&lt;/</span><span style=\"color:#a31515\">para</span><span style=\"color:blue\">&gt;</span>\r\n<span style=\"color:blue\">&lt;</span><span style=\"color:#a31515\">markup</span><span style=\"color:blue\">&gt;</span>\r\n<span style=\"color:blue\">&lt;</span><span style=\"color:#a31515\">div</span><span style=\"color:blue\">&gt;</span>\r\n    <span style=\"color:blue\">&lt;</span><span style=\"color:#a31515\">p</span><span style=\"color:blue\">/&gt;</span>The file: <span style=\"color:blue\">&lt;</span><span style=\"color:#a31515\">a</span> <span style=\"color:red\">href</span><span style=\"color:blue\">=</span><span style=\"color:black\">&quot;</span><span style=\"color:blue\">file://C:\\Download\\Temp\\Media\\Upload.avi</span><span style=\"color:black\">&quot;</span><span style=\"color:blue\">&gt;</span>The Video<span style=\"color:blue\">&lt;/</span><span style=\"color:#a31515\">a</span><span style=\"color:blue\">&gt;</span>\r\n<span style=\"color:blue\">&lt;/</span><span style=\"color:#a31515\">div</span><span style=\"color:blue\">&gt;</span>\r\n<span style=\"color:blue\">&lt;/</span><span style=\"color:#a31515\">markup</span><span style=\"color:blue\">&gt;</span>\r\n\r\n<span style=\"color:blue\">&lt;</span><span style=\"color:#a31515\">para</span><span style=\"color:blue\">&gt;</span>Using <span style=\"color:blue\">&lt;</span><span style=\"color:#a31515\">codeInline</span><span style=\"color:blue\">&gt;</span>object<span style=\"color:blue\">&lt;/</span><span style=\"color:#a31515\">codeInline</span><span style=\"color:blue\">&gt;</span> in a <span style=\"color:blue\">&lt;</span><span style=\"color:#a31515\">codeInline</span><span style=\"color:blue\">&gt;</span>markup<span style=\"color:blue\">&lt;/</span><span style=\"color:#a31515\">codeInline</span><span style=\"color:blue\">&gt;</span> element:<span style=\"color:blue\">&lt;/</span><span style=\"color:#a31515\">para</span><span style=\"color:blue\">&gt;</span>\r\n\r\n<span style=\"color:blue\">&lt;</span><span style=\"color:#a31515\">markup</span><span style=\"color:blue\">&gt;</span>\r\n<span style=\"color:blue\">&lt;</span><span style=\"color:#a31515\">div</span><span style=\"color:blue\">&gt;</span>\r\n<span style=\"color:blue\">&lt;</span><span style=\"color:#a31515\">object</span> <span style=\"color:red\">width</span><span style=\"color:blue\">=</span><span style=\"color:black\">&quot;</span><span style=\"color:blue\">320</span><span style=\"color:black\">&quot;</span> <span style=\"color:red\">height</span><span style=\"color:blue\">=</span><span style=\"color:black\">&quot;</span><span style=\"color:blue\">260</span><span style=\"color:black\">&quot;</span> <span style=\"color:red\">classid</span><span style=\"color:blue\">=</span><span style=\"color:black\">&quot;</span><span style=\"color:blue\">CLSID:22d6f312-b0f6-11d0-94ab-0080c74c7e95</span><span style=\"color:black\">&quot;</span>\r\n  <span style=\"color:red\">hspace</span><span style=\"color:blue\">=</span><span style=\"color:black\">&quot;</span><span style=\"color:blue\">0</span><span style=\"color:black\">&quot;</span> <span style=\"color:red\">border</span><span style=\"color:blue\">=</span><span style=\"color:black\">&quot;</span><span style=\"color:blue\">1</span><span style=\"color:black\">&quot;</span><span style=\"color:blue\">&gt;</span>\r\n\t<span style=\"color:blue\">&lt;</span><span style=\"color:#a31515\">param</span> <span style=\"color:red\">name</span><span style=\"color:blue\">=</span><span style=\"color:black\">&quot;</span><span style=\"color:blue\">Filename</span><span style=\"color:black\">&quot;</span> <span style=\"color:red\">value</span><span style=\"color:blue\">=</span><span style=\"color:black\">&quot;</span><span style=\"color:blue\">file://C:\\Download\\Temp\\Media\\Upload.avi</span><span style=\"color:black\">&quot;</span> <span style=\"color:blue\">/&gt;</span>\r\n    <span style=\"color:blue\">&lt;</span><span style=\"color:#a31515\">param</span> <span style=\"color:red\">name</span><span style=\"color:blue\">=</span><span style=\"color:black\">&quot;</span><span style=\"color:blue\">AutoStart</span><span style=\"color:black\">&quot;</span> <span style=\"color:red\">value</span><span style=\"color:blue\">=</span><span style=\"color:black\">&quot;</span><span style=\"color:blue\">False</span><span style=\"color:black\">&quot;</span> <span style=\"color:blue\">/&gt;</span>\r\n    <span style=\"color:blue\">&lt;</span><span style=\"color:#a31515\">param</span> <span style=\"color:red\">name</span><span style=\"color:blue\">=</span><span style=\"color:black\">&quot;</span><span style=\"color:blue\">ShowControls</span><span style=\"color:black\">&quot;</span> <span style=\"color:red\">value</span><span style=\"color:blue\">=</span><span style=\"color:black\">&quot;</span><span style=\"color:blue\">True</span><span style=\"color:black\">&quot;</span> <span style=\"color:blue\">/&gt;</span>\r\n    <span style=\"color:blue\">&lt;</span><span style=\"color:#a31515\">param</span> <span style=\"color:red\">name</span><span style=\"color:blue\">=</span><span style=\"color:black\">&quot;</span><span style=\"color:blue\">ShowStatusBar</span><span style=\"color:black\">&quot;</span> <span style=\"color:red\">value</span><span style=\"color:blue\">=</span><span style=\"color:black\">&quot;</span><span style=\"color:blue\">False</span><span style=\"color:black\">&quot;</span> <span style=\"color:blue\">/&gt;</span>\r\n    <span style=\"color:blue\">&lt;</span><span style=\"color:#a31515\">param</span> <span style=\"color:red\">name</span><span style=\"color:blue\">=</span><span style=\"color:black\">&quot;</span><span style=\"color:blue\">ShowDisplay</span><span style=\"color:black\">&quot;</span> <span style=\"color:red\">value</span><span style=\"color:blue\">=</span><span style=\"color:black\">&quot;</span><span style=\"color:blue\">False</span><span style=\"color:black\">&quot;</span> <span style=\"color:blue\">/&gt;</span>\r\n    <span style=\"color:blue\">&lt;</span><span style=\"color:#a31515\">param</span> <span style=\"color:red\">name</span><span style=\"color:blue\">=</span><span style=\"color:black\">&quot;</span><span style=\"color:blue\">AutoRewind</span><span style=\"color:black\">&quot;</span> <span style=\"color:red\">value</span><span style=\"color:blue\">=</span><span style=\"color:black\">&quot;</span><span style=\"color:blue\">True</span><span style=\"color:black\">&quot;</span> <span style=\"color:blue\">/&gt;</span>\r\n<span style=\"color:blue\">&lt;/</span><span style=\"color:#a31515\">object</span><span style=\"color:blue\">&gt;</span>\r\n<span style=\"color:blue\">&lt;/</span><span style=\"color:#a31515\">div</span><span style=\"color:blue\">&gt;</span>\r\n<span style=\"color:blue\">&lt;/</span><span style=\"color:#a31515\">markup</span><span style=\"color:blue\">&gt;</span>\r\n\r\n<span style=\"color:blue\">&lt;</span><span style=\"color:#a31515\">para</span><span style=\"color:blue\">&gt;</span>Using <span style=\"color:blue\">&lt;</span><span style=\"color:#a31515\">codeInline</span><span style=\"color:blue\">&gt;</span>embed<span style=\"color:blue\">&lt;/</span><span style=\"color:#a31515\">codeInline</span><span style=\"color:blue\">&gt;</span> in a <span style=\"color:blue\">&lt;</span><span style=\"color:#a31515\">codeInline</span><span style=\"color:blue\">&gt;</span>markup<span style=\"color:blue\">&lt;/</span><span style=\"color:#a31515\">codeInline</span><span style=\"color:blue\">&gt;</span> element:<span style=\"color:blue\">&lt;/</span><span style=\"color:#a31515\">para</span><span style=\"color:blue\">&gt;</span>\r\n\r\n<span style=\"color:blue\">&lt;</span><span style=\"color:#a31515\">markup</span><span style=\"color:blue\">&gt;</span>\r\n<span style=\"color:blue\">&lt;</span><span style=\"color:#a31515\">div</span><span style=\"color:blue\">&gt;</span>\r\n<span style=\"color:blue\">&lt;</span><span style=\"color:#a31515\">embed</span> <span style=\"color:red\">width</span><span style=\"color:blue\">=</span><span style=\"color:black\">&quot;</span><span style=\"color:blue\">320</span><span style=\"color:black\">&quot;</span> <span style=\"color:red\">height</span><span style=\"color:blue\">=</span><span style=\"color:black\">&quot;</span><span style=\"color:blue\">260</span><span style=\"color:black\">&quot;</span> <span style=\"color:red\">hspace</span><span style=\"color:blue\">=</span><span style=\"color:black\">&quot;</span><span style=\"color:blue\">320</span><span style=\"color:black\">&quot;</span>\r\n  <span style=\"color:red\">autostart</span><span style=\"color:blue\">=</span><span style=\"color:black\">&quot;</span><span style=\"color:blue\">False</span><span style=\"color:black\">&quot;</span> <span style=\"color:red\">showcontrols</span><span style=\"color:blue\">=</span><span style=\"color:black\">&quot;</span><span style=\"color:blue\">True</span><span style=\"color:black\">&quot;</span> <span style=\"color:red\">showstatusbar</span><span style=\"color:blue\">=</span><span style=\"color:black\">&quot;</span><span style=\"color:blue\">False</span><span style=\"color:black\">&quot;</span>\r\n  <span style=\"color:red\">showdisplay</span><span style=\"color:blue\">=</span><span style=\"color:black\">&quot;</span><span style=\"color:blue\">False</span><span style=\"color:black\">&quot;</span> <span style=\"color:red\">autorewind</span><span style=\"color:blue\">=</span><span style=\"color:black\">&quot;</span><span style=\"color:blue\">True</span><span style=\"color:black\">&quot;</span> <span style=\"color:red\">border</span><span style=\"color:blue\">=</span><span style=\"color:black\">&quot;</span><span style=\"color:blue\">1</span><span style=\"color:black\">&quot;</span>\r\n  <span style=\"color:red\">src</span><span style=\"color:blue\">=</span><span style=\"color:black\">&quot;</span><span style=\"color:blue\">file://C:\\Download\\Temp\\Media\\Upload.avi</span><span style=\"color:black\">&quot;</span><span style=\"color:blue\">&gt;</span><span style=\"color:blue\">&lt;/</span><span style=\"color:#a31515\">embed</span><span style=\"color:blue\">&gt;</span>\r\n<span style=\"color:blue\">&lt;/</span><span style=\"color:#a31515\">div</span><span style=\"color:blue\">&gt;</span>\r\n<span style=\"color:blue\">&lt;/</span><span style=\"color:#a31515\">markup</span><span style=\"color:blue\">&gt;</span>\r\n\r\n<span style=\"color:blue\">&lt;</span><span style=\"color:#a31515\">para</span><span style=\"color:blue\">&gt;</span><span style=\"color:blue\">&lt;</span><span style=\"color:#a31515\">legacyBold</span><span style=\"color:blue\">&gt;</span>NOTE: Relative paths are used to reach the video file.<span style=\"color:blue\">&lt;/</span><span style=\"color:#a31515\">legacyBold</span><span style=\"color:blue\">&gt;</span><span style=\"color:blue\">&lt;/</span><span style=\"color:#a31515\">para</span><span style=\"color:blue\">&gt;</span>\r\n\r\n<span style=\"color:blue\">&lt;</span><span style=\"color:#a31515\">para</span><span style=\"color:blue\">&gt;</span>Using <span style=\"color:blue\">&lt;</span><span style=\"color:#a31515\">codeInline</span><span style=\"color:blue\">&gt;</span>img<span style=\"color:blue\">&lt;/</span><span style=\"color:#a31515\">codeInline</span><span style=\"color:blue\">&gt;</span> with a <span style=\"color:blue\">&lt;</span><span style=\"color:#a31515\">codeInline</span><span style=\"color:blue\">&gt;</span>dynsrc<span style=\"color:blue\">&lt;/</span><span style=\"color:#a31515\">codeInline</span><span style=\"color:blue\">&gt;</span>\r\nattribute in a <span style=\"color:blue\">&lt;</span><span style=\"color:#a31515\">codeInline</span><span style=\"color:blue\">&gt;</span>markup<span style=\"color:blue\">&lt;/</span><span style=\"color:#a31515\">codeInline</span><span style=\"color:blue\">&gt;</span> element is the only way to play\r\nvideo files embedded in the help file.  Mouse over it to start it.  Use\r\n<span style=\"color:blue\">&lt;</span><span style=\"color:#a31515\">codeInline</span><span style=\"color:blue\">&gt;</span>start=&quot;FILEOPEN&quot; loop=&quot;1&quot;<span style=\"color:blue\">&lt;/</span><span style=\"color:#a31515\">codeInline</span><span style=\"color:blue\">&gt;</span> to play it on file open a\r\ngiven number of times.  Use <span style=\"color:blue\">&lt;</span><span style=\"color:#a31515\">codeInline</span><span style=\"color:blue\">&gt;</span>loop=&quot;-1&quot;<span style=\"color:blue\">&lt;/</span><span style=\"color:#a31515\">codeInline</span><span style=\"color:blue\">&gt;</span> for infinite\r\nreplays.<span style=\"color:blue\">&lt;/</span><span style=\"color:#a31515\">para</span><span style=\"color:blue\">&gt;</span>\r\n\r\n<span style=\"color:blue\">&lt;</span><span style=\"color:#a31515\">markup</span><span style=\"color:blue\">&gt;</span>\r\n<span style=\"color:blue\">&lt;</span><span style=\"color:#a31515\">div</span><span style=\"color:blue\">&gt;</span>\r\n<span style=\"color:blue\">&lt;</span><span style=\"color:#a31515\">img</span> <span style=\"color:red\">start</span><span style=\"color:blue\">=</span><span style=\"color:black\">&quot;</span><span style=\"color:blue\">MOUSEOVER</span><span style=\"color:black\">&quot;</span> <span style=\"color:red\">dynsrc</span><span style=\"color:blue\">=</span><span style=\"color:black\">&quot;</span><span style=\"color:blue\">../Media/Upload.avi</span><span style=\"color:black\">&quot;</span><span style=\"color:blue\">/&gt;</span>\r\n<span style=\"color:blue\">&lt;/</span><span style=\"color:#a31515\">div</span><span style=\"color:blue\">&gt;</span>\r\n<span style=\"color:blue\">&lt;/</span><span style=\"color:#a31515\">markup</span><span style=\"color:blue\">&gt;</span>\r\n</pre>\r\n</div>\r\n<p>What do you mean by &quot;add some items to the Insert section&quot;?&nbsp; I'm not sure what you are referring to there.</p>\r\n<p>Using SHFB, you can preview the topic by hitting F5 or selecting Window | Preview Topic.&nbsp; This will do a quick build of the conceptual topics so that you can see how they look without doing a full build.&nbsp; There is no spellchecker available within\r\n SHFB.&nbsp; You can use Visual Studio to edit the XML files so that you get schema IntelliSense.&nbsp; See this thread for details:&nbsp;\r\n<a href=\"http://sandcastle.codeplex.com/Thread/View.aspx?ThreadId=227096\">http://sandcastle.codeplex.com/Thread/View.aspx?ThreadId=227096</a>.&nbsp; As with SHFB, there is no WYSIWYG editor for MAML topics available so you can only edit the XML.</p>\r\n<p>Eric</p>\r\n<p>&nbsp;</p>\r\n",
    "PostedDate": "2010-11-11T09:46:04.803-08:00",
    "UserRole": null,
    "MarkedAsAnswerDate": null
  },
  {
    "Id": "528717",
    "ThreadId": "233896",
    "Html": "\r\n<p>Hello&nbsp;Eric,&nbsp;</p>\r\n<p>Thank you very much for the provided support.&nbsp;</p>\r\n<p>It seems that most of these should work, the problem is that I can no display html in my project. Simply adding the:</p>\r\n<p>&lt;markup&gt;&lt;div&gt;&lt;b&gt;askdhasjkldah&lt;/b&gt;&lt;/div&gt;&lt;/markup&gt;</p>\r\n<p>does not make the text bold. Is there is any plug in or something that I should install. (</p>\r\n<p>My current version is 1.9.1.0</p>\r\n<p>&nbsp;</p>\r\n<p>Thank you very much for your assistance.</p>\r\n",
    "PostedDate": "2010-11-30T02:44:14.58-08:00",
    "UserRole": null,
    "MarkedAsAnswerDate": null
  },
  {
    "Id": "529647",
    "ThreadId": "233896",
    "Html": "\r\n<p>If the &lt;markup&gt; element isn't rendering the HTML, you probably need to apply the\r\n<a title=\"Sandcastle Styles\" href=\"http://SandcastleStyles.CodePlex.com\" target=\"_blank\">\r\nSandcastle Styles</a> patch as that's what adds that functionality to Sandcastle.</p>\r\n<p>Eric</p>\r\n<p>&nbsp;</p>\r\n",
    "PostedDate": "2010-12-01T12:41:13.25-08:00",
    "UserRole": null,
    "MarkedAsAnswerDate": null
  },
  {
    "Id": "545452",
    "ThreadId": "233896",
    "Html": "\r\n<p>Hello Eric,&nbsp;</p>\r\n<p>I was able to add html content thanks to your help. I was even able to embed videos with silverlight player.&nbsp;</p>\r\n<p>&nbsp;</p>\r\n<p>I have one more question about videos, the content that I embed, which is a video mp4 located on some server (online not local) displays correctly on our help build for WebSite, but those videos does not display in chm or help2 builds. Do you have any idea\r\n how can I change this.&nbsp;</p>\r\n<p>At finally is are there any &quot;Build Profiles&quot; supported by SandCastle - these profiles in other software for help builds allows building the very same article to have sections that determine which part will be builded for online, help1 and respectively help2\r\n builds. Here is an example of such a file:</p>\r\n<p>&nbsp;</p>\r\n<p>#online&nbsp;</p>\r\n<p>This content will appear only in the online build</p>\r\n<p>#endonline</p>\r\n<p>#help2</p>\r\n<p>This content will appear only in the help2 build</p>\r\n<p>#endhelp2</p>\r\n<p>#help1</p>\r\n<p>This content will appear only in the help1 build</p>\r\n<p>#endhelp1</p>\r\n",
    "PostedDate": "2011-01-07T08:32:40.293-08:00",
    "UserRole": null,
    "MarkedAsAnswerDate": null
  },
  {
    "Id": "546292",
    "ThreadId": "233896",
    "Html": "\r\n<p>Unfortunately, I can't help with the embedded video issue.&nbsp; The extent of my knowledge on the subject is in the post above.&nbsp; Regarding the conditional content within a topic, I don't think there is a way to do it by default but a build component\r\n could be developed that included content conditionally.&nbsp; It's possible you could do it by altering the Sandcastle XSL transformations too but a build component would be more flexible as it could work for both XML comments and MAML topics and wouldn't\r\n require altering Sandcastle.</p>\r\n<p>Eric</p>\r\n<p>&nbsp;</p>\r\n",
    "PostedDate": "2011-01-09T11:12:13.427-08:00",
    "UserRole": null,
    "MarkedAsAnswerDate": null
  },
  {
    "Id": "553171",
    "ThreadId": "233896",
    "Html": "\r\n<p>Ok Eric. Thank you for your time and cooperation</p>\r\n",
    "PostedDate": "2011-01-21T05:02:20.357-08:00",
    "UserRole": null,
    "MarkedAsAnswerDate": null
  }
]