[
  {
    "Id": "824180",
    "ThreadId": "352390",
    "Html": "\r\n<p>A new release of the Sandcastle tools is available. It has temporarily been published at the\r\n<a href=\"http://SandcastleStyles.CodePlex.com/releases\">Sandcastle Styles</a> project site. See the\r\n<a href=\"http://Sandcastle.CodePlex.com/documentation\">Sandcastle 2.7.0.0 Release Notes</a> for full details.</p>\r\n<p>&nbsp;</p>\r\n",
    "PostedDate": "2012-04-15T21:50:00.14-07:00",
    "UserRole": null,
    "MarkedAsAnswerDate": null
  },
  {
    "Id": "826226",
    "ThreadId": "352390",
    "Html": "<p>Yay! I'm glad you're taking charge.</p>\r\n<p>I can't get the VS2010 style to build. I always get \"BUILDASSEMBLER : error : BrandingComponent: Self-branding is required for [project type]\"</p>\r\n<p>Is this a known issue or did I screw something up?</p>",
    "PostedDate": "2012-04-19T15:28:59.723-07:00",
    "UserRole": null,
    "MarkedAsAnswerDate": null
  },
  {
    "Id": "826285",
    "ThreadId": "352390",
    "Html": "<p>It depends on whether you are build MS Help Viewer output or not.&nbsp; If you are building CHM or website output, you need to manually set the SelfBranded project property back to True in SHFB.&nbsp; It gets forced to False when you select the VS2010 style with the assumption that you will be building MS Help Viewer output in which case, False is required.&nbsp; It need to tweak the behavior of the property interactions to prevent this and also just force it to true in the component and have it issue a warning instead of just stopping.&nbsp; This is the first release for the style and components so expect some issues like this that need to be worked out.&nbsp; If you still can't get it to work, send me a small example so that I can diagnose the issue.</p>\r\n<p>Eric</p>\r\n<p>&nbsp;</p>",
    "PostedDate": "2012-04-19T19:21:01.103-07:00",
    "UserRole": null,
    "MarkedAsAnswerDate": null
  },
  {
    "Id": "826296",
    "ThreadId": "352390",
    "Html": "<p>You were right, 'SelfBranded' was set to false when I viewed it in the HFB GUI (the project was in VS11). I set it to true and it STILL didn't work.</p>\r\n<p>Then I manually edited the project file and set the SelfBranded element to 'True' and everything seems to work fine now! The VS2010 style seems a bit off, but it's a work in progress, I know :) If I find some time, I'll try to spruce it up a bit for you.</p>",
    "PostedDate": "2012-04-19T20:15:58.607-07:00",
    "UserRole": null,
    "MarkedAsAnswerDate": null
  },
  {
    "Id": "829400",
    "ThreadId": "352390",
    "Html": "<p><span class=\"hps\">Hi,</span> <span class=\"hps\">Eric</span><span>!</span> <span class=\"hps\">I want to</span> <span class=\"hps\">localize the</span> <span class=\"hps\">content</span> <span class=\"hps\">folder</span> <span class=\"hps\">for the Russian</span> <span class=\"hps\">language.</span> <span class=\"hps\">You</span> <span class=\"hps\">can</span> <span class=\"hps\">then</span> <span class=\"hps\">enable</span> <span class=\"hps\">content</span> in <span class=\"hps\">Sandcastle</span> <span class=\"hps\">as</span> <span class=\"hps\">a folder</span> <span class=\"hps\">ru-ru?</span></p>",
    "PostedDate": "2012-04-27T08:07:40.117-07:00",
    "UserRole": null,
    "MarkedAsAnswerDate": null
  },
  {
    "Id": "829513",
    "ThreadId": "352390",
    "Html": "<p>Thanks for the offer.&nbsp; Somebody sent me Russian translations a couple of days ago.&nbsp; I'm going to merge them in for the next release of Sandcastle.&nbsp; I can e-mail them to you if you'd like them before then.</p>\r\n<p>Eric</p>\r\n<p>&nbsp;</p>",
    "PostedDate": "2012-04-27T12:25:30.963-07:00",
    "UserRole": null,
    "MarkedAsAnswerDate": null
  },
  {
    "Id": "829667",
    "ThreadId": "352390",
    "Html": "<p>Through Visual Studio under Project Properties, MS Help Viewer,&nbsp; someone have to check the option \"The help file is self-branded\". If is already checked then unckeck and check again. Save and build again. Project properties in Visual Studio shows that option checked event if it isn't.</p>\r\n<p>Having the same problem as you, doing as above, I finally be able to build the documentation project.</p>",
    "PostedDate": "2012-04-28T06:36:03.647-07:00",
    "UserRole": null,
    "MarkedAsAnswerDate": null
  },
  {
    "Id": "829732",
    "ThreadId": "352390",
    "Html": "<p>I'll have this fixed and a refresh published sometime tomorrow. The basic problem is a misunderstanding on my part on how the self-branded property was to be used. In the current release, it's being forced to false when the VS2010 style is selected which is incorrect. There's also a problem in how it's used in the configuration file templates for non-MS Help Viewer output. In reality, it should always be left set to true unless you want some default branding applied by the help viewer which typically is not what you'd want. Once the refresh is published and you've installed it, set the SelfBranded property back to true/checked and all should be well.</p>\r\n<p>Eric</p>",
    "PostedDate": "2012-04-28T11:34:05.803-07:00",
    "UserRole": null,
    "MarkedAsAnswerDate": null
  },
  {
    "Id": "829957",
    "ThreadId": "352390",
    "Html": "<p><span class=\"hps\">Hi, Eric! </span><span class=\"hps\">I sent</span> <span class=\"hps\">you my</span> <span class=\"hps\">e-mail to</span> <span class=\"hps\">notifications@codeplex.com</span></p>",
    "PostedDate": "2012-04-29T12:30:08.043-07:00",
    "UserRole": null,
    "MarkedAsAnswerDate": null
  }
]