[
  {
    "Id": "91636",
    "ThreadId": "27479",
    "Html": "&nbsp;&nbsp; &nbsp;&nbsp;&nbsp;&nbsp; ''' &lt;summary&gt;<br>\r\n&nbsp;&nbsp; &nbsp;&nbsp;&nbsp; &nbsp;''' Evento disparado quando a sessão é reiniciada<br>\r\n&nbsp;&nbsp; &nbsp;&nbsp;&nbsp; &nbsp;''' &lt;/summary&gt;<br>\r\n&nbsp;&nbsp; &nbsp;&nbsp;&nbsp; &nbsp;''' &lt;param name=&quot;session&quot;&gt;Sessão sendo reiniciada&lt;/param&gt;<br>\r\n&nbsp;&nbsp; &nbsp;&nbsp;&nbsp; &nbsp;Public Event SessionReseted(ByVal session As Session)<br>\r\n<br>\r\nIn VisualBasic, there is an implicit declaration of a delegate named SessionResetedEventHandler, and we can not declare this delegate by hand. For VB users, this delegate is invisible, 'cos we don't need it (VB uses AddHandler SessionReseted, FunctionPointer and RaiseEvent Event(Arguments))<br>\r\n<br>\r\nBut, SandCastle inserts the SessionResetedEventHandler without any documentation.<br>\r\n<br>\r\nThe expected behavior is a XML comment &quot;inheritance&quot; that would document the EventHandler with the same xml comments from its parent event.<br>\r\n<br>\r\nTo reproduce:<br>\r\n<br>\r\nCreate a project in VB with the following:<br>\r\n<br>\r\n'''&lt;Summary&gt;Namespace&lt;/Summary&gt;<br>\r\nNamespace nsTest<br>\r\n&nbsp; '''&lt;Summary&gt;Class&lt;/Summary&gt;<br>\r\n&nbsp; Public Class clsTest<br>\r\n<br>\r\n&nbsp;&nbsp;&nbsp; '''&lt;Summary&gt;Event&lt;/Summary&gt;<br>\r\n&nbsp;&nbsp;&nbsp; Public Event evTest(ByRef argTest As Integer)<br>\r\n<br>\r\n&nbsp;&nbsp;&nbsp; Rem Public Delegate Sub evTestEventHandler(ByRef argTest As Integer) &lt;--- This is forbidden, because there is already an implicit delegate in this class, so, we cannot document it<br>\r\n<br>\r\n&nbsp;&nbsp;&nbsp; '''&lt;Summary&gt;Sub&lt;/Summary&gt;<br>\r\n&nbsp;&nbsp;&nbsp; Public Sub TestEvent()<br>\r\n&nbsp;&nbsp;&nbsp; &nbsp;&nbsp;&nbsp;  Dim X As Integer = 3<br>\r\n<br>\r\n&nbsp;&nbsp;&nbsp;&nbsp;&nbsp;&nbsp;&nbsp; RaiseEvent evTest(X)<br>\r\n&nbsp;&nbsp;&nbsp; End Sub<br>\r\nEnd Class<br>\r\n<br>\r\nThe sandcastle will generate the implicit delegate evTestEventHandler, but without any documentation.<br>\r\n",
    "PostedDate": "2008-05-09T20:32:34.49-07:00",
    "UserRole": null,
    "MarkedAsAnswerDate": null
  },
  {
    "Id": "91649",
    "ThreadId": "27479",
    "Html": "Hi, <br>\r\n<br>\r\nUnless there's some way to identify the delegate as being implicitly declared by VB.NET via reflection, such as by searching for a particular Attribute that the compiler adds to the delegate, it's unlikely that this will be something that Sandcastle can handle with its current tool set (which uses reflection).  In other languages the delegate is not implicit, so automatically inheriting documentation might not be desirable.<br>\r\n<br>\r\nOne option is to add the XML documentation manually before it's supplied to Sandcastle, or create a tool that can parse the XML documentation and add automatically inherit comments for event delegates.  Eric Woodruff wrote <a href=\"http://www.codeplex.com/SHFB/Release/ProjectReleases.aspx?ReleaseId=10445\">a tool that inherits documentation</a> for other APIs, so maybe this is a feature that's worth adding to that tool.<br>\r\n<br>\r\n- Dave \r\n",
    "PostedDate": "2008-05-09T22:33:04.16-07:00",
    "UserRole": null,
    "MarkedAsAnswerDate": null
  },
  {
    "Id": "91727",
    "ThreadId": "27479",
    "Html": "<p>It's not a bug.  The delegate is compiler generated but since it's public and not marked with a <strong>CompilerGenerated</strong> attribute, it gets included in the reflection information.  I'm not sure commenting it with the same comments as the event is a good idea anyway since a delegate is not an event and the comments may not be a good fit.  If it doesn't really add anything to the documentation and you don't use it anyway, you could just get rid of it with the API filter.  The other option is to redo the event so that it conforms to the standard way of doing it which is to use <strong>EventArgs</strong> or a derived <strong>EventArgs</strong> class and use <strong>EventHandler</strong> or <strong>EventHandler&lt;T&gt;</strong>.  That would also get rid of the compiler generated delegate.</p>\r\n<p>Eric</p>\r\n",
    "PostedDate": "2008-05-10T19:03:46.993-07:00",
    "UserRole": null,
    "MarkedAsAnswerDate": null
  }
]