[
  {
    "Id": "111887",
    "ThreadId": "33764",
    "Html": "Hi,<br>\r\n<br>\r\nThe source release does not contain the Presentation, ProductionTransforms, and Schemas directories that are included in the installer.&nbsp; The installer requires accepting a non-open-source CTP license.&nbsp; As a result, it's not clear whether MS is releasing everything\r\nincluded in the installer under the Ms-PL, or is just releasing the\r\nexecutables (and corresponding source) under the Ms-PL while keeping\r\nthe various styles, transforms, etc. as a propietary add-on.&nbsp; <br>\r\n<br>\r\nCan someone from MS clarify the license that applies to the contents of the Presentation, ProductionTransforms, and Schemas directories?<br>\r\n<br>\r\nThanks,<br>\r\n--Dean<br>\r\n<br>\r\nP.S. The <a href=\"../../SandcastleStyles\">Sandcastle Styles</a> project distributes patched versions of those\r\ndirectories but I'm not sure whether they are actually allowed to do\r\nthat if they are considered proprietary add-ons.<br>\r\n",
    "PostedDate": "2008-08-18T15:01:32.85-07:00",
    "UserRole": null,
    "MarkedAsAnswerDate": null
  },
  {
    "Id": "111893",
    "ThreadId": "33764",
    "Html": "Hi Dean, <br>\r\n<br>\r\nI think it might just be an oversight, although&nbsp;it's been <a href=\"http://www.codeplex.com/Sandcastle/WorkItem/View.aspx?WorkItemId=2247\">reported&nbsp;before</a>.<br>\r\n<br>\r\nSandcastle Styles&nbsp;was mentioned on the Sandcastle blog though, so I'm sure MS is aware of our intentions:&nbsp;<br>\r\n<br>\r\nSandcastle Community Projects - Sandcastle Styles<br>\r\n<a href=\"http://blogs.msdn.com/sandcastle/archive/2008/06/05/sandcastle-community-projects-sandcastle-styles.aspx\">http://blogs.msdn.com/sandcastle/archive/2008/06/05/sandcastle-community-projects-sandcastle-styles.aspx</a><br>\r\n<br>\r\n- Dave\r\n",
    "PostedDate": "2008-08-18T15:34:14.877-07:00",
    "UserRole": null,
    "MarkedAsAnswerDate": null
  },
  {
    "Id": "111897",
    "ThreadId": "33764",
    "Html": "Hi Dave,<br>\r\n<br>\r\nThanks for pointing out the existing bug report.&nbsp; I just voted for it.<br>\r\n<br>\r\nIt's quite possible that it is just an oversight (and I certainly hope so), but the fact that Sandcastle Styles was mentioned on the Sandcastle blog doesn't really clear up the license issue.&nbsp; MS is free to choose whether or when to enforce the CTP license against Sandcastle Styles and can choose to not enforce it against Sandcastle Styles but still enforce it against someone else distributing the same files.&nbsp; That's why I'd really like someone from MS to clear up the issue officially.<br>\r\n<br>\r\n--Dean<br>\r\n<br>\r\n<br>\r\n",
    "PostedDate": "2008-08-18T16:07:24.68-07:00",
    "UserRole": null,
    "MarkedAsAnswerDate": null
  }
]