[
  {
    "Id": "124144",
    "ThreadId": "37418",
    "Html": "I'm unable to get a solution to build with Sandcastle/DocProject.  In step 7, I get the &quot;OutOfMemory&quot; exception.  The assembly is small: 8 classes with less than 200 member total.  The machine has 2GB RAM.$0$0$0$0There are only about 50 compiler warnings, so I'm not running up against a limit there.$0$0$0$0$0Has anyone been able to resolve this issue without breaking down the assembly into smaller assemblies?$0",
    "PostedDate": "2008-10-09T13:34:08.88-07:00",
    "UserRole": null,
    "MarkedAsAnswerDate": null
  },
  {
    "Id": "124170",
    "ThreadId": "37418",
    "Html": "Hi, <br>\r\n<br>\r\nUnfortunately it isn't clear why&nbsp;this exception occurs, although it seems to have something to do with the memory space of Visual Studio since building on the command-line using MSBuild or a build server such as Team Build often works.&nbsp;&nbsp;You can also try the <a href=\"http://www.codeplex.com/DocProject/Wiki/View.aspx?title=DocProject External UI\">DocProject External UI</a> instead of building inside VS.<br>\r\n<br>\r\nCheck out this thread over at the DocProject forum since it may contain additional suggestions:<br>\r\n<br>\r\n<a href=\"http://www.codeplex.com/DocProject/Thread/View.aspx?ThreadId=12222\">http://www.codeplex.com/DocProject/Thread/View.aspx?ThreadId=12222</a>&nbsp;<br>\r\n<br>\r\n- Dave\r\n",
    "PostedDate": "2008-10-09T15:38:12.81-07:00",
    "UserRole": null,
    "MarkedAsAnswerDate": null
  }
]