[
  {
    "Id": "177553",
    "ThreadId": "52779",
    "Html": "I am working on documentation for a class library. I'd like to write how-to-s that include sample source. I can do that with code blocks, but I'd like that code to come from real samples that are compiled and linked, therefore avoiding including samples that don't work and avoiding a lot of typing.<br>\r\n<br>\r\nWhat's the best way to achieve that? <br>\r\n<br>\r\nIdeally I'd like something like &lt;codeEntityReference full=&quot;true&quot;&gt;M:Namespace.Class.Function&lt;/codeEntityReference&gt;.\r\n",
    "PostedDate": "2009-04-09T04:57:11.877-07:00",
    "UserRole": null,
    "MarkedAsAnswerDate": null
  },
  {
    "Id": "177742",
    "ThreadId": "52779",
    "Html": "The custom Code Block Component distributed with the Sandcastle Help File Builder and also available in a standalone download for use with other build tools or scripts can be used to do that.  You'll find both at <a href=\"http://SHFB.CodePlex.com\">http://SHFB.CodePlex.com</a>.  It works in both XML comments and MAML topics.  You can specify a source attribute on a &lt;code&gt; tag to import a source file and an optional region attribute to limit the imported code to a specific region within the file.  The component is paired with the included Post Transform component.  The code block component handles the import, code colorization, etc. and the post transform component handles inserting the code into the HTML topic along with the supporting stylesheet and script file.  The included help file contains usage notes but if you have any questions you can ask them over in the SHFB project's discussion forum.<br>\r\n<br>\r\nEric<br>\r\n",
    "PostedDate": "2009-04-09T12:18:56.553-07:00",
    "UserRole": null,
    "MarkedAsAnswerDate": null
  },
  {
    "Id": "178036",
    "ThreadId": "52779",
    "Html": "That worked, thank you.\r\n",
    "PostedDate": "2009-04-10T13:33:18.463-07:00",
    "UserRole": null,
    "MarkedAsAnswerDate": null
  }
]