[
  {
    "Id": "215916",
    "ThreadId": "63493",
    "Html": "<p>I have a problem with sandcastle when generating HTML Help 1x documentation. It's kind of weird and I am not even sure if others have encountered this.</p>\r\n<p>My machine is an AMD Phenom X4 9650 with 2GB of RAM and a 1GB ATI Radeon 3650 graphics card. I have configured my BIOS to automatically shutdown the computer whenever the system and core temperature has reached 70 degress Celcius.</p>\r\n<p>Whenever I build a documentation using Sandcastle Help File Builder I noticed that my CPU fan suddenly spins so fast and then goes back to normal. This happens thrice during the build process. On the third time, my system shuts down. The shutting down is due to the fact that my core or system temp has gone above the normal operating temp (70 and above). I tried using DocProject in building the documentation and the same thing happens. This means that the problem is not with the UI used in the build process but it is within Sandcastle itself. From what I remember, the problem occurs during the resolving of external/internal links at the Data\\Reflection folder of Sandcastle.</p>\r\n<p>This has left me dumbfounded because I am not a hardware type of guy and I find it kind of weird that a software such as Sandcastle would make the system/core temp go beyond the normal values. I ran graphics intensive apps such as Terragen, WinMorph, Orbiter 3D and Terragen 2 but the problem did not surfaced. Why is this with Sandcastle? Is the thread executing the Build process of Sandcastle causing this?</p>\r\n<p>&nbsp;Any help would be appreciated.</p>\r\n<p>&nbsp;</p>",
    "PostedDate": "2009-07-24T19:02:53.453-07:00",
    "UserRole": null,
    "MarkedAsAnswerDate": null
  },
  {
    "Id": "215979",
    "ThreadId": "63493",
    "Html": "<p>&gt;&gt;<strong>epgirang</strong>: <em>...occurs during the resolving of external/internal links at the Data\\Reflection folder of Sandcastle</em>.<br>As I have noted in the concluding part of&nbsp;my last blog, <a href=\"http://sandcastleassist.blogspot.com/\">http://sandcastleassist.blogspot.com/</a><br>This is part of the work I am currently doing to help reduce the memory requirements of the Sandcastle.<br>That operation could consume quite a memory depending on the size of your work.</p>\r\n<p>&gt;&gt;<strong>epigirang</strong>: <em>Any help would be appreciated</em>.<br>It will help if you can try compiling the help on another machine (preferably Intel), so that we could<br>eliminate any processor issue in this case.</p>\r\n<p>For now, <br>1. try splitting your help into various parts (if it is large)&nbsp;as Microsoft does.<br>2. also, make sure you are not documenting the&nbsp;<strong>dependencies</strong>; these are the assemblies that your main<br>assemblies reference (like the third party libraries including the .NET libraries). If you are not sure on<br>how to do this second step, post your project file for us to examine it.</p>\r\n<p>Best regards,<br>Paul.</p>",
    "PostedDate": "2009-07-25T04:50:17.06-07:00",
    "UserRole": null,
    "MarkedAsAnswerDate": null
  },
  {
    "Id": "216240",
    "ThreadId": "63493",
    "Html": "<p>Hi SelormeyPaul,</p>\r\n<p>Thanks for your reply and for the link to your blog post. I will try again the recommendations you have given and see if everything goes well.</p>\r\n<p>Regards,</p>\r\n<p>Ely.</p>",
    "PostedDate": "2009-07-26T18:52:04.067-07:00",
    "UserRole": null,
    "MarkedAsAnswerDate": null
  }
]