[
  {
    "Id": "837600",
    "ThreadId": "356135",
    "Html": "<p>I'm trying to integrate some developer help I built with the latest Sandcastle release (April 2012 release from&nbsp;the SandcastleStyles project) into the Help Viewer 2.0 beta that's installed with Visual Studio 11 Beta. I'm using the new VS2010 style, and the HelpFileFormat of MSHelpViewer. If I run the Install_&lt;helpcollection&gt;.bat file thats created alongside the .mshc and .msha, the help collection installs just fine into the Help Viewer 1.0 for VS 2010 help.</p>\n<p>So&nbsp;next, I used the following line to try installing the same collection to Help Viewer 2.0 for VS 11:</p>\n<p>\"%SYSTEMDRIVE%\\Program Files (x86)\\Microsoft Help Viewer\\v2.0\\HlpCtntMgr.exe\" /operation install /catalogName VisualStudio11 /locale en-us /sourceUri \"&lt;Full_path_to_my_msha_file&gt;\"</p>\n<p>And have found that when I open the VS 11 help, I can see the topics I expected in the TOC, but all topics show a completely blank page when selected, no errors or messages are shown, but it appears the page is still loading as the mouse cursor stays spinning if over the page.</p>\n<p>I can see the imported msha, mshi and metadata files in the HelpLibrary2\\Catalogs\\VisualStudio11\\ContentStore\\en-US folder. I have built a different test project that is much smaller, and this has the same behaviour. I've also tried choosing some different styles, and get the same behaviour again.</p>\n<p>I've seen the thread (<a title=\"here\" href=\"http://social.msdn.microsoft.com/Forums/en-US/devdocs/thread/6d36d6cc-fb12-4fb8-8d30-5b83695b237a\">here</a>) with similar symptoms, but I am using the VS2010 style not the VS2005 style (I checked and those references to HxLink.css are not part of the new style).</p>\n<p>I'm unsure where to start if I need to make other edits to the Sandcastle styles. So two questions really:</p>\n<p>- Has anyone seen this behaviour, and have any advice of solutions to try.</p>\n<p>- Does anyone have any advice on how to debug the issue? (My next step would otherwise be to post a bug on Microsoft Connect, but I was wondering if there was some way to view loading errors or other debug information from the Help Viewer).</p>\n<p>Thanks for any advice.</p>",
    "PostedDate": "2012-05-17T02:38:51.443-07:00",
    "UserRole": null,
    "MarkedAsAnswerDate": null
  },
  {
    "Id": "837718",
    "ThreadId": "356135",
    "Html": "<p>This is a known issue as listed in the release notes.&nbsp; Don sent me some changes which should address that issue and I'll get them into the next release.&nbsp; I have no time line for when that will be out yet.</p>\r\n<p>Eric</p>\r\n<p>&nbsp;</p>",
    "PostedDate": "2012-05-17T08:04:49.593-07:00",
    "UserRole": null,
    "MarkedAsAnswerDate": null
  },
  {
    "Id": "837728",
    "ThreadId": "356135",
    "Html": "<p>Thanks for pointing out what I'd missed Eric. So I'd tried the other help formats, and failed to get any of the styles loading in the viewer, including the VS2005 style - however the important bit was \"It does support the self-branded VS2005 style.\" - when I switched styles I hadnt changed the Self branded setting - now I've set style to VS2005 and SelfBranded to True I can see the help topics display.</p>\r\n<p>Thanks for releasing the update - it's going to be very useful, I've used Sandcastle very successfully in past projects and look forward to the next updates.</p>\r\n<p>Ta, Shelly.</p>",
    "PostedDate": "2012-05-17T08:20:53.343-07:00",
    "UserRole": null,
    "MarkedAsAnswerDate": null
  }
]