[
  {
    "Id": "561419",
    "ThreadId": "244835",
    "Html": "\r\n<p>Hi all,</p>\r\n<p>I am using Sandcastle Help File builder to build documentation from XML files for my .NET assemblies (using the default out the box settings).</p>\r\n<p>I noticed that when the .chm file is produced, it generated C&#43;&#43; examples of the code as well as C# and VB. Is there any way I can get the C&#43;&#43; examples to be generated from my native libraries (which my managed assemblies are wrapping)?</p>\r\n<p>Kind Regards</p>\r\n<p>T Noble</p>\r\n",
    "PostedDate": "2011-02-06T02:27:56.413-08:00",
    "UserRole": null,
    "MarkedAsAnswerDate": null
  },
  {
    "Id": "561523",
    "ThreadId": "244835",
    "Html": "\r\n<p>Sandcastle only works with managed assemblies and there is currently no way to produce help files for unmanaged&nbsp;assemblies using it.&nbsp; There have been a few threads discussing how it may be possible, but so far it hasn't been pursued.&nbsp; So,\r\n for unmanaged code, you need to use a tool like Doxygen which does support unmanaged C&#43;&#43;.</p>\r\n<p>Eric</p>\r\n<p>&nbsp;</p>\r\n",
    "PostedDate": "2011-02-06T10:18:49.03-08:00",
    "UserRole": null,
    "MarkedAsAnswerDate": null
  }
]