[
  {
    "Id": "121037",
    "ThreadId": "36491",
    "Html": "I am working with the Web Service Software Factory and I would like to add comments to the default &lt;summary&gt; comment on classes and add comments to the methods and properties created by the code generation process.<br>\r\n<br>\r\nWhat would be the recommended guidance for achieving this?&nbsp; <br>\r\n<br>\r\nShane\r\n",
    "PostedDate": "2008-09-25T12:15:18.69-07:00",
    "UserRole": null,
    "MarkedAsAnswerDate": null
  },
  {
    "Id": "121042",
    "ThreadId": "36491",
    "Html": "<p>For tool-generated code, the most likely approach would be to maintain a separate XML comments file that you could add to your documentation project if you are using the&nbsp;<a href=\"http://www.codeplex.com/SHFB\">Sandcastle Help File Builder</a> or&nbsp;<a href=\"http://www.codeplex.com/DocProject\">DocProject</a> or to the sandcastle.config file if you are using your own build scripts.&nbsp; That way, you can regenerate the code at will without losing the comments.</p>\r\n<p>If you're managing the <strong>sandcastle.config</strong> file yourself, add your extra comments file after all the others in the&nbsp;<strong>CopyFromIndexComponent</strong> component configuration that is preceded by the &quot;Copy in comments&quot; comment.&nbsp; The Sandcastle Help File Builder manages this automatically.&nbsp; I'm not sure about DocProject.&nbsp; With your comments file listed last, your comments override any matching comments found earlier in the preceding files and they will appear in the help file.<br>\r\n<br>\r\nEric</p>\r\n",
    "PostedDate": "2008-09-25T12:38:41.617-07:00",
    "UserRole": null,
    "MarkedAsAnswerDate": null
  },
  {
    "Id": "121046",
    "ThreadId": "36491",
    "Html": "Hi Shane, <br>\r\n<br>\r\nI agree with Eric that&nbsp;adding external XML documentation to the help build process is the most appropriate solution.<br>\r\n<br>\r\nI'd just like to add that&nbsp;DocProject also allows you to configure the <strong>CopyFromIndexComponent</strong> to include external XML documentation files.&nbsp; The recommend approach though is to use the <strong>Topic Editor </strong>to create external XML documentation&nbsp;or you can create your own XML documentation file and drop it in the <strong>Comments </strong>folder.&nbsp; DocProject will merge it with the compiler-generated documentation automatically during help builds.&nbsp; (Just make sure you use the same file name as the compiler-generated file if you're not using the <strong>Topic Editor</strong>.)<br>\r\n<br>\r\n- Dave\r\n",
    "PostedDate": "2008-09-25T13:09:43.727-07:00",
    "UserRole": null,
    "MarkedAsAnswerDate": null
  },
  {
    "Id": "122117",
    "ThreadId": "36491",
    "Html": "Thanks for the info.&nbsp; One more question.&nbsp; Does this mean that I should turn off the comment genration in the VS project?&nbsp; I like the idea of having both files that get merged together, especially with the option that shows missing documentation.&nbsp; That way I get to review any features which I have not documented via the external doc file.<br>\r\n<br>\r\nShane\r\n",
    "PostedDate": "2008-10-01T08:10:27.68-07:00",
    "UserRole": null,
    "MarkedAsAnswerDate": null
  },
  {
    "Id": "122137",
    "ThreadId": "36491",
    "Html": "Hi Shane, <br>\r\n<br>\r\nDocProject automatically merges your external XML documentation file with the file generated by the compiler.&nbsp; You have the option of specifying whether external comments overwrite&nbsp;existing source code comments or visa-versa.<br>\r\n<br>\r\nThere is no <em>missing</em> documentation comments feature in DocProject.&nbsp; Instead, simply refer to the compiler warnings that are generated when XML documentation is enabled for the project.<br>\r\n<br>\r\n- Dave\r\n",
    "PostedDate": "2008-10-01T09:08:22.157-07:00",
    "UserRole": null,
    "MarkedAsAnswerDate": null
  },
  {
    "Id": "122236",
    "ThreadId": "36491",
    "Html": "Leave the comments option enabled in the VS project.&nbsp; In the SHFB project, just add the extra comments file to the <strong>Assemblies to Document</strong> list and set the <strong>CommentsOnly</strong> property on it to True.&nbsp; It will then pick up the assembly comments file and the extra comments file and include the combined comments from both files when generating the topics.&nbsp; The <strong>ShowMissingComponent</strong> will add &quot;missing&quot; notes to any missing elements based on the project's &quot;Show Missing Tags&quot; category property settings.<br>\r\n<br>\r\nEric<br>\r\n",
    "PostedDate": "2008-10-01T15:13:07.15-07:00",
    "UserRole": null,
    "MarkedAsAnswerDate": null
  },
  {
    "Id": "406668",
    "ThreadId": "36491",
    "Html": "<p>This sounds like the same problem I'm trying to solve.&nbsp; I want to leave the &lt;summary&gt; and &lt;param&gt; elements in the .cs file, and place the &lt;remarks&gt; and &lt;examples&gt; elements into a seperate XML file.&nbsp; This way I can add/update examples to the documentation without having to recompile the assembly.&nbsp; I cannot find how to set the CommentsOnly property within SHFB 1.8.0.3.&nbsp; I've added my assembly.dll, assembly.xml (compiler generated), and assemblyextra.xml to &quot;Documentation Sources&quot; in the &quot;Project Explorer&quot;, but assembly.xml and assemblyextra.xml are not being merged together.&nbsp; I'm getting a last one wins result.</p>\r\n<p>Is this scenario possible within SHFB and how do I set the CommentsOnly property?</p>\r\n<p>Mike</p>",
    "PostedDate": "2010-02-25T13:32:35.41-08:00",
    "UserRole": null,
    "MarkedAsAnswerDate": null
  },
  {
    "Id": "410328",
    "ThreadId": "36491",
    "Html": "<p>The CommentsOnly property doesn't exist in v1.8.0.3.&nbsp; You just add the extra comments files as documentation sources as you have done.&nbsp; However, your problem is that the Sandcastle build component does not merge comments for member elements that are duplicated in multiple comments files.&nbsp; It's behavior of &quot;last one seen wins&quot; is the way it works.&nbsp; In order to provide that functionality, you would need to write a plug-in for SHFB that loads the XML comments files and merges the duplicate members into one entry containing the unique comment elements from each and deletes the member&nbsp;from one of the files.</p>\r\n<p>Eric</p>\r\n<p>&nbsp;</p>",
    "PostedDate": "2010-02-26T13:06:48.56-08:00",
    "UserRole": null,
    "MarkedAsAnswerDate": null
  }
]