[
  {
    "Id": "573516",
    "ThreadId": "247920",
    "Html": "\r\n<p>Is this project still alive?</p>\r\n<p>In June 2010, we were told this tool was what <a href=\"http://blogs.msdn.com/b/sandcastle/archive/2010/06/25/sandcastle-june-2010-release.aspx\" target=\"_blank\">\r\nMicrosoft used to build the .NET Framework 4.0 documentation</a>, but today it <a href=\"http://sandcastle.codeplex.com/workitem/10165\" target=\"_blank\">\r\nstill doesn't support .NET 4.0 assemblies</a>.</p>\r\n<p>Looking through the <a href=\"http://sandcastle.codeplex.com/team/view\" target=\"_blank\">\r\ndevelopers and coordinators for this project</a>, the only activity in the last 60 days was by\r\n<a href=\"http://www.codeplex.com/site/users/view/DarrenParker\" target=\"_blank\">Darren Parker</a>, who closed\r\n<a href=\"http://sandcastle.codeplex.com/workitem/922\" target=\"_blank\">a two-year-old bug report</a> as &quot;<em>not a Sandcastle bug</em>&quot;. None of the others have visited CodePlex at all since last June. The last update on the\r\n<a href=\"http://blogs.msdn.com/b/sandcastle/\" target=\"_blank\">MSDN Sandcastle blog</a> is from June as well.</p>\r\n<p><a href=\"http://www.codeplex.com/site/users/view/EWoodruff\" target=\"_blank\">Eric</a> seems to be the only person answering questions in here. He's doing a great job, but he's not a &quot;developer&quot; on this project, and he's not a Microsoft employee, so I doubt\r\n he has access to fix any of the <a href=\"http://sandcastle.codeplex.com/workitem/list/basic\" target=\"_blank\">\r\noutstanding issues</a> that Microsoft have forgotten.</p>\r\n<p>This is all very reminiscent of the <a href=\"http://ndoc.sourceforge.net/\" target=\"_blank\">\r\nNDoc project</a> after the .NET 2.0 release. Has Microsoft has abandoned this project? Is anyone else going to take over development? Or do we have to start looking for\r\n<em>yet another</em> tool to build our documentation?</p>\r\n",
    "PostedDate": "2011-02-28T13:59:05.737-08:00",
    "UserRole": null,
    "MarkedAsAnswerDate": null
  },
  {
    "Id": "573623",
    "ThreadId": "247920",
    "Html": "<p>I heard from Darren in November at which time a future update was planned.&nbsp; I've sent him an e-mail to see if he can comment here&nbsp;on an updated timeline and planned fixes.</p>\r\n<p>Eric</p>\r\n<p>&nbsp;</p>",
    "PostedDate": "2011-02-28T18:17:32.01-08:00",
    "UserRole": null,
    "MarkedAsAnswerDate": null
  },
  {
    "Id": "574650",
    "ThreadId": "247920",
    "Html": "<p>I'm wondering about this also. I'm looking at generating documentation about a framework we've been developing, and my first thought was Sandcastle. Problem for me was that it's very hard to start with, but after a lot of hours, I now have aspx pages generated in the old VS2005 syntax (also with bugs in it as the aspx pages contain links to htm pages instead of other aspx pages).</p>\r\n<p>I now have a few things I'm wondering about.</p>\r\n<p>1. There have been several questions if there will be support for generating the msdn 2010 style, which I would really prefer over the vs2005 style<br />2. I want to add some extra information to the pages, so I was starting to look into creating a buildcomponent for this. However, if there is no real active development from MS on this project, I don't see much use in working on a custom buildcomponent, but I'll have to figure out other ways to generate the required documentation.</p>\r\n<p>Hope there will be a clear&nbsp;answer on the future of this project.</p>",
    "PostedDate": "2011-03-02T14:18:57.29-08:00",
    "UserRole": null,
    "MarkedAsAnswerDate": null
  },
  {
    "Id": "574676",
    "ThreadId": "247920",
    "Html": "<p>&gt;&gt;KoenWillemse: ...msdn 2010 style, which I would really prefer over the vs2005 style</p>\r\n<p>The MSDN 2010 style will only support the MS Help Viewer platform, so unless you are plugging into the<br />that help collecton, it is really not useful.</p>\r\n<p>The MSDN 2010 style is clearly work in progress, if you have being following the changes in the MSDN, so<br />until it is finalized, Sandcastle release for this will be useless. My guess is after VS2010 SP1 is released with<br />its offline viewer, we might see a completed version of the MSDN 2010 style, which could be supported by<br />the Sandcastle.</p>\r\n<p>&gt;&gt;KoenWillemse: ..so I was starting to look into creating a buildcomponent for this..</p>\r\n<p>The current release is complete and usable, and any build component, which takes into account the style type<br />will have to make adjustments for each style, so I see no reason why you cannot continue with your custom build<br />component, and update it to support later Sandcastle releases.</p>\r\n<p>Best regards,<br />Paul.&nbsp;</p>",
    "PostedDate": "2011-03-02T15:19:15.087-08:00",
    "UserRole": null,
    "MarkedAsAnswerDate": null
  },
  {
    "Id": "574948",
    "ThreadId": "247920",
    "Html": "<p>&gt;&gt; SelormeyPaul: The current release is complete and usable ...</p>\r\n<p>Unless you're trying to document .NET 4.0 assemblies, in which case <a href=\"http://sandcastle.codeplex.com/workitem/10165\" target=\"_blank\">the output is useless gibberish</a>!</p>",
    "PostedDate": "2011-03-03T04:32:44.913-08:00",
    "UserRole": null,
    "MarkedAsAnswerDate": null
  },
  {
    "Id": "574978",
    "ThreadId": "247920",
    "Html": "<p>&gt;&gt;richarddeeming: Unless you're trying to document .NET 4.0 assemblies...</p>\r\n<p>The result you are seen there is a bug in the SHFB and has nothing to do with Sandcastle. SHFB is setting the<br />the source directory for .NET 4.0 to that of .NET 2.0, so you get that result.&nbsp;</p>\r\n<p>May be it is fixed in the new release of the SHFB, I cannot tell - please, verify that.</p>\r\n<p>Best regards,<br />Paul.&nbsp;</p>",
    "PostedDate": "2011-03-03T05:23:10.513-08:00",
    "UserRole": null,
    "MarkedAsAnswerDate": null
  },
  {
    "Id": "575003",
    "ThreadId": "247920",
    "Html": "<p>Strange - I <a href=\"http://shfb.codeplex.com/workitem/30062\" target=\"_blank\">reported it as a bug in SHFB</a>, and was told by Eric that it was a bug in MRefBuilder, which is why I reported it here.</p>\r\n<p>I've just tried SHFB v1.9.2, and apart from 60Mb of warnings like [1], there's no difference in the output.</p>\r\n<p><strong>Eric</strong> - any comments on Paul's analysis? Is this a bug in Sandcastle or SHFB?</p>\r\n<p>&nbsp;</p>\r\n<p>[1] <em>Warn: CopyFromIndexComponent: Entries for the key 'F:System.IO.Ports.StopBits.One' occur in both 'C:\\Program Files (x86)\\Reference Assemblies\\Microsoft\\Framework\\.NETFramework\\v4.0\\System.xml' and 'C:\\Program Files (x86)\\Reference Assemblies\\Microsoft\\Framework\\.NETFramework\\v4.0\\Profile\\Client\\System.xml'. The last entry will be used.</em></p>\r\n<div id=\"_mcePaste\" class=\"mcePaste\" style=\"position: absolute; left: -10000px; top: 0px; width: 1px; height: 1px; overflow: hidden;\">&nbsp;Warn: CopyFromIndexComponent: Entries for the key 'F:System.IO.Ports.StopBits.One' occur in both 'C:\\Program Files (x86)\\Reference Assemblies\\Microsoft\\Framework\\.NETFramework\\v4.0\\System.xml' and 'C:\\Program Files (x86)\\Reference Assemblies\\Microsoft\\Framework\\.NETFramework\\v4.0\\Profile\\Client\\System.xml'. The last entry will be used.</div>",
    "PostedDate": "2011-03-03T05:58:28.477-08:00",
    "UserRole": null,
    "MarkedAsAnswerDate": null
  },
  {
    "Id": "575019",
    "ThreadId": "247920",
    "Html": "<p>Not a bug in&nbsp;MRefBuilder, but in the use of the&nbsp;MRefBuilder. The platform version and path could be<br /> confusing, see below:&nbsp;</p>\n<p>Try this, if you are using the sample posted there...</p>\n<p>1. Set the \"clean intermediates\" property to false.</p>\n<p>2. Build the help, go to the output directory and examine the&nbsp;MRefBuilder.config file.</p>\n<p>3. If it displays the following line for the platform for the .NET 4.0 build, then that is the source of the problem&nbsp;</p>\n<div style=\"color: black; background-color: white;\">\n<pre><span style=\"color: blue;\">&lt;</span><span style=\"color: #a31515;\">platform</span> <span style=\"color: red;\">version</span><span style=\"color: blue;\">=</span><span style=\"color: black;\">\"</span><span style=\"color: blue;\">2.0</span><span style=\"color: black;\">\"</span> <span style=\"color: red;\">path</span><span style=\"color: blue;\">=</span><span style=\"color: black;\">\"</span><span style=\"color: blue;\">%SystemRoot%\\Microsoft.NET\\Framework\\v2.0.50727\\</span><span style=\"color: black;\">\"</span> <span style=\"color: blue;\">/&gt;</span></pre>\n</div>\n<p>4. Now, go to the SHFB installed directory, and in the Template folder, create a backup of that configuration file for later<br /> restoration, manually change the platform to look like this...</p>\n<div style=\"color: black; background-color: white;\">\n<pre><span style=\"color: blue;\">&lt;</span><span style=\"color: #a31515;\">platform</span> <span style=\"color: red;\">version</span><span style=\"color: blue;\">=</span><span style=\"color: black;\">\"</span><span style=\"color: blue;\">2.0</span><span style=\"color: black;\">\"</span> <span style=\"color: red;\">path</span><span style=\"color: blue;\">=</span><span style=\"color: black;\">\"</span><span style=\"color: blue;\">%SystemRoot%\\Microsoft.NET\\Framework\\v4.0.30319\\</span><span style=\"color: black;\">\"</span> <span style=\"color: blue;\">/&gt;</span>\n</pre>\n</div>\n<p>Save this file. Build again and see the results. Restore that configuration after the verifications.</p>\n<p><strong>NOTE</strong>: For .NET 2.0 and later, the platform version should be 2.0, otherwise, you will get an exception.&nbsp;</p>\n<p>Best regards,<br /> Paul.&nbsp;</p>",
    "PostedDate": "2011-03-03T06:23:17.723-08:00",
    "UserRole": null,
    "MarkedAsAnswerDate": null
  },
  {
    "Id": "575035",
    "ThreadId": "247920",
    "Html": "<p>Excellent! It's definitely a bug in SHFB, not Sandcastle.</p>\r\n<p>The tempate config file had:<br />\r\n<div style=\"color: black; background-color: white;\">\r\n<pre><span style=\"color: blue;\">&lt;</span><span style=\"color: #a31515;\">platform</span> <span style=\"color: red;\">version</span><span style=\"color: blue;\">=</span><span style=\"color: black;\">\"</span><span style=\"color: blue;\">{@MRefFrameworkVersionShort}</span><span style=\"color: black;\">\"</span> <span style=\"color: red;\">path</span><span style=\"color: blue;\">=</span><span style=\"color: black;\">\"</span><span style=\"color: blue;\">%SystemRoot%\\Microsoft.NET\\Framework\\v{@MRefFrameworkVersion}\\</span><span style=\"color: black;\">\"</span> <span style=\"color: blue;\">/&gt;</span>\r\n</pre>\r\n</div>\r\n</p>\r\n<p>Despite setting the framework version in the project file to v4, the output config file had:<br />\r\n<div style=\"color: black; background-color: white;\">\r\n<pre><span style=\"color: blue;\">&lt;</span><span style=\"color: #a31515;\">platform</span> <span style=\"color: red;\">version</span><span style=\"color: blue;\">=</span><span style=\"color: black;\">\"</span><span style=\"color: blue;\">2.0</span><span style=\"color: black;\">\"</span> <span style=\"color: red;\">path</span><span style=\"color: blue;\">=</span><span style=\"color: black;\">\"</span><span style=\"color: blue;\">%SystemRoot%\\Microsoft.NET\\Framework\\v2.0.50727\\</span><span style=\"color: black;\">\"</span> <span style=\"color: blue;\">/&gt;</span>\r\n</pre>\r\n</div>\r\n</p>\r\n<p>I've replaced the line in the template config file with:<br />\r\n<div style=\"color: black; background-color: white;\">\r\n<pre><span style=\"color: blue;\">&lt;</span><span style=\"color: #a31515;\">platform</span> <span style=\"color: red;\">version</span><span style=\"color: blue;\">=</span><span style=\"color: black;\">\"</span><span style=\"color: blue;\">{@MRefFrameworkVersionShort}</span><span style=\"color: black;\">\"</span> <span style=\"color: red;\">path</span><span style=\"color: blue;\">=</span><span style=\"color: black;\">\"</span><span style=\"color: blue;\">%SystemRoot%\\Microsoft.NET\\Framework\\v4.0.30319\\</span><span style=\"color: black;\">\"</span> <span style=\"color: blue;\">/&gt;</span>\r\n</pre>\r\n</div>\r\nand now the file is generated perfectly.</p>\r\n<p>Thanks for your help.</p>",
    "PostedDate": "2011-03-03T06:40:14.177-08:00",
    "UserRole": null,
    "MarkedAsAnswerDate": null
  },
  {
    "Id": "575107",
    "ThreadId": "247920",
    "Html": "<p>I know MRefBuilder won't accept a version value greater than 2.0 and was under the impression that the path had to match the version.&nbsp; I'll adjust SHFB so that it uses the selected framework path.&nbsp; I'd still call this a problem with MRefBuilder since it should accept a version that matches the path.&nbsp; This would avoid such confusion.</p>\r\n<p>Eric</p>\r\n<p>&nbsp;</p>",
    "PostedDate": "2011-03-03T08:30:47.39-08:00",
    "UserRole": null,
    "MarkedAsAnswerDate": null
  }
]