[
  {
    "Id": "125685",
    "ThreadId": "37898",
    "Html": "Hi,<br>\r\nI am wondering if there is a way to edit the TOC to insert conceptual-type topics within the reference topics? For instance, we'd like to insert a couple of&nbsp;PDF files underneath the main Namespace heading, not in a separate &quot;conceptual&quot; node. I hope that makes sense. <br>\r\n<br>\r\nIs this possible...and if so, can someone point me in the right direction in terms of the stylesheet I should look at? (We're using the Prototype style)<br>\r\n<br>\r\nThanks,<br>\r\nKaty\r\n",
    "PostedDate": "2008-10-16T12:50:06.017-07:00",
    "UserRole": null,
    "MarkedAsAnswerDate": null
  },
  {
    "Id": "125689",
    "ThreadId": "37898",
    "Html": "Hi Katy, <br>\r\n<br>\r\nThe typical build process for Sandcastle will generate a <strong>toc.xml </strong>file at some point.&nbsp; This file expresses the TOC&nbsp;in a general way for use with other tools.&nbsp; It's created by&nbsp;transforming the reflection file generated by <strong>MRefBuilder</strong>&nbsp;using <strong>ProductionTransforms\\CreatePrototypeToc.xsl</strong>.<br>\r\n<br>\r\nYou can modify <strong>toc.xml </strong>after its generated and before it's used by other tools and subsequent build tasks; e.g., ChmBuilder&nbsp;creates the HTML Help Workshop TOC file (.hhc) from <strong>toc.xml</strong>.<br>\r\n<br>\r\n- Dave\r\n",
    "PostedDate": "2008-10-16T13:06:54.17-07:00",
    "UserRole": null,
    "MarkedAsAnswerDate": null
  }
]