[
  {
    "Id": "128398",
    "ThreadId": "38706",
    "Html": "I looked through the Forums and only saw one other person mention this issue, but I've also been experiencing this issue.  I'm building several assemblies (26), and the machine has 4 GBs of RAM and when it throws the exception it is only using about 2GBs.  The BuildAssembler.exe is what program is running when the exception is thrown.  I'm using the SandCastle Help File Builder UI, but it doesn't appear to have anything to do with that.<br>\r\n<br>\r\nAnybody??<br>\r\n<br>\r\n--Geoff\r\n",
    "PostedDate": "2008-10-28T13:00:15.07-07:00",
    "UserRole": null,
    "MarkedAsAnswerDate": null
  },
  {
    "Id": "128425",
    "ThreadId": "38706",
    "Html": "Hi Geoff, <br>\r\n<br>\r\nThere is a limit to the amount of RAM a process can use.  .NET might impose some of its own restrictions as well.  There's also the potential issue of memory fragmentation that can cause an OutOfMemoryException when a contiguous block of memory that's large enough to fit a particular structure (like an array) isn't available.<br>\r\n<br>\r\nUnfortunately, the only solution seems to be building documentation for smaller groups of assemblies instead of building one large documentation set.<br>\r\n<br>\r\n- Dave \r\n",
    "PostedDate": "2008-10-28T15:09:09.467-07:00",
    "UserRole": null,
    "MarkedAsAnswerDate": null
  },
  {
    "Id": "128464",
    "ThreadId": "38706",
    "Html": "If building from within the help file builder GUI, try turning off the verbose logging option in the User Preferences so that it only shows the build steps when building the project.  On a large project, there is a lot of output from BuildAssembler and it can overwhelm the rich text box that is used to display it at the bottom of the main form.  You could also try building from the command line to see if that makes any difference.<br>\r\n<br>\r\nEric<br>\r\n",
    "PostedDate": "2008-10-28T18:32:44.147-07:00",
    "UserRole": null,
    "MarkedAsAnswerDate": null
  },
  {
    "Id": "128592",
    "ThreadId": "38706",
    "Html": "Thanks Dave and Eric for the suggestions.  Looks like I'm going to have to split out my assemblies into smaller groups/projects; even after trying Eric's suggestions I continued to get the OutofMemory exception.  We currently build with the assemblies all split out in the tool we use now, just wanted to see if we could try and build them all together in one big project using SandCastle.<br>\r\n<br>\r\nThanks again.<br>\r\n-Geoff\r\n",
    "PostedDate": "2008-10-29T06:11:14.55-07:00",
    "UserRole": null,
    "MarkedAsAnswerDate": null
  }
]