[
  {
    "Id": "573277",
    "ThreadId": "247879",
    "Html": "\r\n<p>I hope you can clear this confusion.</p>\r\n<p>&nbsp;</p>\r\n<p>The situation is I have a base class in which I&rsquo;ve implemented operator overloads for &#43;, -, *, /, etc.&nbsp; These, of course are static methods.&nbsp; I have xml commented them all.</p>\r\n<p>&nbsp;</p>\r\n<p>I have a derived class that does not re-implement these overloads.&nbsp; Nevertheless, instances of this derived class obey the base class operator overloads quite happily.</p>\r\n<p>&nbsp;</p>\r\n<p>I produce the help file documentation with Sandcastle Help File Builder.&nbsp; As expected, the overloaded operators are listed as members of the base class.&nbsp; However, the overloads are not included in the derived class member documentation.</p>\r\n<p>&nbsp;</p>\r\n<p>I realise that this is because no static members from the base class are listed as derived class members.&nbsp; However, a casual browser of the documentation might conclude that the derived class does not obey any operator overloads.</p>\r\n<p>&nbsp;</p>\r\n<p>Of course, I can always include a link to the base class documentation from within the derived class documentation.&nbsp; However, is there a better generally accepted way of improving the discoverability of these operator overloads?&nbsp; Or, is there something\r\n I&rsquo;m not understanding here?</p>\r\n",
    "PostedDate": "2011-02-28T07:10:32.177-08:00",
    "UserRole": null,
    "MarkedAsAnswerDate": null
  },
  {
    "Id": "573552",
    "ThreadId": "247879",
    "Html": "<p>Static members are only listed in the base class, not derived classes.&nbsp; This is true of the MSDN documenation for the base framework classes too and you'll see the same behavior in tools like Reflector.&nbsp; This makes sense if you think about it as static members belong to the class in which they are declared and are not really inherited although operators are a special case and do act that way.&nbsp; I don't know of any way to indicate the fact that the base class overloads the operators short of looking at it's member list to see if that's the case.</p>\r\n<p>Eric</p>\r\n<p>&nbsp;</p>",
    "PostedDate": "2011-02-28T15:18:24.177-08:00",
    "UserRole": null,
    "MarkedAsAnswerDate": null
  },
  {
    "Id": "573778",
    "ThreadId": "247879",
    "Html": "<p>Thanks for your answer, which is very helpful.&nbsp; I perhaps did not tell the whole story.</p>\n<p>&nbsp;</p>\n<p>I have made the operator overloads defined in my base class polymorphic.&nbsp; That is, they call protected instance methods on one or other of their arguments.&nbsp; Also, I have defined static &ldquo;multi-language friendly&rdquo; methods in the base class like Add, Subtract,  Multiply, Divide, etc.&nbsp; These methods apply the operator overloads and so also behave polymorphically.&nbsp; So for example I can do the following.</p>\n<p>&nbsp;</p>\n<p><strong><span style=\"font-size: 8pt;\">BaseClass t1 = BaseClass.Multiply(baseInstance, baseInstance);</span></strong><span style=\"font-size: 8pt;\">&nbsp;&nbsp;&nbsp;&nbsp;&nbsp;&nbsp;&nbsp;&nbsp;&nbsp;&nbsp;&nbsp;&nbsp;&nbsp;&nbsp;&nbsp; //t1 is baseInstance</span></p>\n<p><strong><span style=\"font-size: 8pt;\">&nbsp;</span></strong></p>\n<p><strong><span style=\"font-size: 8pt;\">BaseClass t2 = DerivedClass.Multiply(baseInstance, baseInstance);</span></strong><span style=\"font-size: 8pt;\">&nbsp;&nbsp;&nbsp;&nbsp;&nbsp;&nbsp;&nbsp;&nbsp;&nbsp;&nbsp; //t2 is baseInstance</span></p>\n<p><strong><span style=\"font-size: 8pt;\">&nbsp;</span></strong></p>\n<p><strong><span style=\"font-size: 8pt;\">BaseClass t3 = BaseClass.Multiply(derivedInstance, derivedInstance);</span></strong><span style=\"font-size: 8pt;\">&nbsp;&nbsp;&nbsp;&nbsp;&nbsp;&nbsp; //t3 is derivedInstance</span></p>\n<p><strong><span style=\"font-size: 8pt;\">&nbsp;</span></strong></p>\n<p><strong><span style=\"font-size: 8pt;\">BaseClass t4 = DerivedClass.Multiply(derivedInstance, derivedInstance);</span></strong><span style=\"font-size: 8pt;\">&nbsp; //t4 is derivedInstance</span></p>\n<p>&nbsp;</p>\n<p>It just seems a pity this functionality is not more apparent in the documentation but I do understand your explanation of why this is so.</p>",
    "PostedDate": "2011-03-01T04:31:07.26-08:00",
    "UserRole": null,
    "MarkedAsAnswerDate": null
  }
]