[
  {
    "Id": "112708",
    "ThreadId": "34007",
    "Html": "When generating documentation for C++/CLI classes, I get warnings about Dispose() and Dispose(bool) not being documented, and of course there are no documentation associated with these methods. Is there any way to document these in C++?<br>\r\n",
    "PostedDate": "2008-08-21T10:11:11.45-07:00",
    "UserRole": null,
    "MarkedAsAnswerDate": null
  },
  {
    "Id": "112729",
    "ThreadId": "34007",
    "Html": "Hmmm, the IDisposable stuff is what I hate about C++/CLI, it makes the whole C++/CLI <br>\r\nlooks like VB where the compiler writer decides for you.<br>\r\n<br>\r\nThat said, just document the &quot;normal&quot; destructor to take care of&nbsp; the <strong>Dispose()</strong>. For the <strong>Dispose(bool)</strong>,<br>\r\nmay be&nbsp;that is one of the fixes we might have to provide for the C++/CLI documentations in the tools, unless someone&nbsp; has a solution - still searching!.<br>\r\n<br>\r\n<p>using namespace System;</p>\r\n<p>namespace TestHello {</p>\r\n<p>&nbsp;&nbsp;&nbsp; ///&lt;summary&gt;<br>\r\n&nbsp;&nbsp;&nbsp; /// Summary of Class1....<br>\r\n&nbsp;&nbsp;&nbsp; ///&lt;/summary&gt;<br>\r\n&nbsp;&nbsp;public ref class Class1 : IDisposable<br>\r\n&nbsp;{<br>\r\n&nbsp;&nbsp;&nbsp;&nbsp;&nbsp;&nbsp;&nbsp; ///&lt;summary&gt;<br>\r\n&nbsp;&nbsp;&nbsp;&nbsp;&nbsp;&nbsp;&nbsp; /// Initializes a constructor....<br>\r\n&nbsp;&nbsp;&nbsp;&nbsp;&nbsp;&nbsp;&nbsp; ///&lt;/summary&gt;<br>\r\n&nbsp;&nbsp;&nbsp; public: Class1()<br>\r\n&nbsp;&nbsp;&nbsp;&nbsp;&nbsp;&nbsp;&nbsp;&nbsp;&nbsp;&nbsp;&nbsp; {<br>\r\n&nbsp;&nbsp;&nbsp;&nbsp;&nbsp;&nbsp;&nbsp;&nbsp;&nbsp;&nbsp;&nbsp; }</p>\r\n<p>&nbsp;&nbsp;&nbsp;&nbsp;&nbsp;&nbsp;&nbsp;&nbsp;&nbsp;&nbsp;&nbsp; ///&lt;<strong>overloads</strong>&gt;<br>\r\n&nbsp;&nbsp;&nbsp;&nbsp;&nbsp;&nbsp;&nbsp;&nbsp;&nbsp;&nbsp;&nbsp; /// All Destructor....<br>\r\n&nbsp;&nbsp;&nbsp;&nbsp;&nbsp;&nbsp;&nbsp;&nbsp;&nbsp;&nbsp;&nbsp; ///&lt;/<strong>overloads</strong>&gt;<br>\r\n&nbsp;&nbsp;&nbsp;&nbsp;&nbsp;&nbsp;&nbsp;&nbsp;&nbsp;&nbsp;&nbsp; ///&lt;<strong>summary</strong>&gt;<br>\r\n&nbsp;&nbsp;&nbsp;&nbsp;&nbsp;&nbsp;&nbsp;&nbsp;&nbsp;&nbsp;&nbsp; /// Destructor == Dispose()....<br>\r\n&nbsp;&nbsp;&nbsp;&nbsp;&nbsp;&nbsp;&nbsp;&nbsp;&nbsp;&nbsp;&nbsp; ///&lt;/<strong>summary</strong>&gt;<br>\r\n&nbsp;&nbsp;&nbsp; public: ~Class1()<br>\r\n&nbsp;&nbsp;&nbsp;&nbsp;&nbsp;&nbsp;&nbsp;&nbsp;&nbsp;&nbsp;&nbsp; {<br>\r\n&nbsp;&nbsp;&nbsp;&nbsp;&nbsp;&nbsp;&nbsp;&nbsp;&nbsp;&nbsp;&nbsp; }<br>\r\n&nbsp;};<br>\r\n}<br>\r\n<br>\r\nBest regards,<br>\r\nPaul.</p>\r\n",
    "PostedDate": "2008-08-21T12:05:16.943-07:00",
    "UserRole": null,
    "MarkedAsAnswerDate": null
  },
  {
    "Id": "112747",
    "ThreadId": "34007",
    "Html": "If you don't care to see a particular member or can't document something that the compiler generates, you can use the <strong>ApiFilter</strong> project property to get rid of those items so that they don't show up in the help file.&nbsp; If you want them included but don't care to see the &quot;missing documentation&quot; warnings, you can set the corresponding project properties in the <strong>Show Missing Tags</strong> category to false.&nbsp; The <strong>ShowMissingComponent</strong> could probably be expanded to auto-document IDisposable members since it already auto-documents constructors.&nbsp; I'll look into it.<br>\r\n<br>\r\nEric<br>\r\n",
    "PostedDate": "2008-08-21T12:55:56.447-07:00",
    "UserRole": null,
    "MarkedAsAnswerDate": null
  }
]