[
  {
    "Id": "543218",
    "ThreadId": "240278",
    "Html": "\r\n<p>I&rsquo;m sure this question betrays my ignorance, but here goes.</p>\r\n<p>When I view my class library&rsquo;s help generated by SHFB there are little drop down menus at the top of each page, for example the &ldquo;Code: All&rdquo; menu, which gives tick-boxes for C#, Visual Basic and Visual C&#43;&#43;.&nbsp; When I, for example, turn\r\n off Visual Basic and Visual C&#43;&#43;, this only seems to remain in effect for the current page.&nbsp; When I move to another help page, it reverts to &ldquo;All&rdquo;.&nbsp; When I return to original page, it too has forgotten my settings.&nbsp; How does one make\r\n the menu selections persistent?</p>\r\n",
    "PostedDate": "2011-01-03T07:49:36.707-08:00",
    "UserRole": null,
    "MarkedAsAnswerDate": null
  },
  {
    "Id": "543901",
    "ThreadId": "240278",
    "Html": "\r\n<p>It's a known issue.&nbsp; There's a patch here that fixes it for Help 1 files though it may break other build types:\r\n<a href=\"http://sandcastlestyles.codeplex.com/workitem/5362\">http://sandcastlestyles.codeplex.com/workitem/5362</a></p>\r\n<p>Eric</p>\r\n<p>&nbsp;</p>\r\n",
    "PostedDate": "2011-01-04T12:28:26.8-08:00",
    "UserRole": null,
    "MarkedAsAnswerDate": null
  }
]