[
  {
    "Id": "176073",
    "ThreadId": "52399",
    "Html": "Hi,<br>\r\n<br>\r\nI want to know if it is possible to have types that come from a dependent library to be made hyperlinks to that chm during the build of another library.<br>\r\n<br>\r\nFor example I have LibraryA which has a type TypeA.&nbsp; I build the documentation for this library and end up with a .chm file.&nbsp; I also have LibraryB which references LibraryA and has the type TypeB which inherits from TypeA and TypeC which takes a TypeA as a parameter.&nbsp; When I produce the documentation for LibraryB the references to TypeA are not hyperlinks, and I would like them to be.&nbsp; I would also like any comments that contains &lt;see cref=&quot;TypeA&quot;&gt; to also be hyperlinks to the type in the chm for LibraryA.&nbsp; Is this possible?&nbsp; What do I need to do to suport this?<br>\r\n<br>\r\nThanks \r\n",
    "PostedDate": "2009-04-06T05:01:30.82-07:00",
    "UserRole": null,
    "MarkedAsAnswerDate": null
  },
  {
    "Id": "176129",
    "ThreadId": "52399",
    "Html": "Hi, <br>\r\n<br>\r\nSee if the following article answers your question.<br>\r\n<br>\r\n<a href=\"http://www.helpware.net/htmlhelp/linktochm.htm\">http://www.helpware.net/htmlhelp/linktochm.htm</a><br>\r\n<br>\r\nNote that for questions directly related to Help 1.x and MS Help 2 you'll probably get better answers in the following forum: <br>\r\n<br>\r\n<a href=\"http://social.msdn.microsoft.com/forums/en-US/devdocs/threads/\">http://social.msdn.microsoft.com/forums/en-US/devdocs/threads/</a><br>\r\n<br>\r\n- Dave\r\n",
    "PostedDate": "2009-04-06T07:34:32.847-07:00",
    "UserRole": null,
    "MarkedAsAnswerDate": null
  }
]