[
  {
    "Id": "152731",
    "ThreadId": "45760",
    "Html": "I have looked for the error &quot;<span style=\"font-size:12pt;font-family:'times new roman','serif'\">Unknown reference link target&quot; here and it seems to be associated with failing to find external resources such as MSDN links.  I am getting a little over 100 such errors on code that is part of the SDK I am creating.  I am wondering if someone can fill me in on what might be happening in my case.  I assume that the error means it cannot find the documentation for the specified type.  Would I get this error if the types had been filtered out by specifying not to include internal types?  Is it an issue finding a type defined in one project and used in another?  The projects are all part of the same solution.<br>\r\n<br>\r\nThanks for what ever help you can offer.<br>\r\n<br>\r\nPat O</span>\r\n",
    "PostedDate": "2009-01-30T16:33:14.73-08:00",
    "UserRole": null,
    "MarkedAsAnswerDate": null
  },
  {
    "Id": "152756",
    "ThreadId": "45760",
    "Html": "It's normal to see those errors for certain .NET Framework members.  String.Empty, String.GetHashCode, and System.Windows.Forms.Control.ImeMode are a few that occur with regularity depending on how the MSDN web service is feeling at any given point in time.  Sometimes it finds them but a lot of the time it won't.  Others can occur because you've got a third-party reference assembly that contains the type.  Since they aren't documented and aren't part of the base framework, there is no reflection information to use for them.  If you filter them out, or a public method's comments link to a private member's comments and you don't include the private members, it won't find them either since they aren't there.<br>\r\n<br>\r\nIf you're using SHFB and want to suppress the warnings or you have a separate Help 2 file that does contain help for those items and you want to link to those topics, you can use the Additional Reference Links plug-in.  See the plug-in's help topic for more info on that.<br>\r\n<br>\r\nEric<br>\r\n",
    "PostedDate": "2009-01-30T19:04:31.723-08:00",
    "UserRole": null,
    "MarkedAsAnswerDate": null
  },
  {
    "Id": "152817",
    "ThreadId": "45760",
    "Html": "Thanks,<br>\r\n  That is pretty much what I thought.  I will back track it to look at the documentation that references those classes, it probably shouldn't.<br>\r\n<br>\r\nPat O\r\n",
    "PostedDate": "2009-01-31T04:12:31.607-08:00",
    "UserRole": null,
    "MarkedAsAnswerDate": null
  }
]