[
  {
    "Id": "106998",
    "ThreadId": "32267",
    "Html": "Hi,<br>\r\n<br>\r\njust out of curiosity: Why does it take so long to build docs using Sandcastle? If I simply add one single MAML file, it takes about 30 to 60 seconds on a Core 2 Duo with 2.4 GHz and 4 GBytes RAM. Is this normal?<br>\r\n<br>\r\nCheerio,<br>\r\n<br>\r\n<br>\r\nGolo\r\n",
    "PostedDate": "2008-07-25T01:40:18.573-07:00",
    "UserRole": null,
    "MarkedAsAnswerDate": null
  },
  {
    "Id": "107028",
    "ThreadId": "32267",
    "Html": "Are you building with the basic script or using third party tools?<br>\r\n<br>\r\nBest regards,<br>\r\nPaul.\r\n",
    "PostedDate": "2008-07-25T03:57:59.25-07:00",
    "UserRole": null,
    "MarkedAsAnswerDate": null
  },
  {
    "Id": "107034",
    "ThreadId": "32267",
    "Html": "Hi,<br>\r\n<br>\r\nI am using SHFB 1.7.<br>\r\n<br>\r\nCheerio,<br>\r\n<br>\r\n<br>\r\nGolo\r\n",
    "PostedDate": "2008-07-25T04:24:58.13-07:00",
    "UserRole": null,
    "MarkedAsAnswerDate": null
  },
  {
    "Id": "107057",
    "ThreadId": "32267",
    "Html": "<p>Hello Golo,</p>\r\n<p>Sandcastle is designed to offer maximum flexibility by using a system similar to assembly line in a modern manufacturing line - you start at one end and many sub-steps modify and shape it until it reaches the other end. <br>\r\nSo unlike tools like the&nbsp;NDoc, you pay the price in terms of speed.</p>\r\n<p>For simply work involving&nbsp;one or two files, <strong>like</strong> the assembly line, the system will take time to initialize or warm up so you will notice this overhead.<br>\r\n<strong>Note</strong>: The third party tools may add to the overhead.</p>\r\n<p>For the normal multi-file project, <strong>unlike</strong> the assembly line, the Sandcastle build processes idle for a single step to be completed before starting the next. Currently, much effort is&nbsp;into the&nbsp;output&nbsp;with little into speeding up the build process - beyond code optimization.&nbsp;With the output getting stabilized, you will see improvements<br>\r\nin the build process soon.<br>\r\n<br>\r\nBest regards,<br>\r\nPaul</p>\r\n",
    "PostedDate": "2008-07-25T06:27:47.39-07:00",
    "UserRole": null,
    "MarkedAsAnswerDate": null
  },
  {
    "Id": "107095",
    "ThreadId": "32267",
    "Html": "You can take a look at the build times in the log file to see which step(s) are taking the longest.&nbsp; Most complete in a few seconds.&nbsp; The longest step, and the most likely offender regarding slowness, is the BuildAssembler step.&nbsp; The reference link component can take 20 to 30 seconds to initialize as it has to index all of the framework elements.&nbsp; If you have <strong>SdkLinkType</strong> set to MSDN, that can slow down the build a little too as it has to contact the MSDN web service to resolve links to the online framework content.&nbsp; Some of this time can be offset by using the cached build components that come with SHFB.&nbsp; Use the <strong>ComponentConfigurations</strong> option to add them to the project.&nbsp; See the help file for information on what is cached.<br>\r\n<br>\r\nEric<br>\r\n",
    "PostedDate": "2008-07-25T07:58:06.833-07:00",
    "UserRole": null,
    "MarkedAsAnswerDate": null
  },
  {
    "Id": "107129",
    "ThreadId": "32267",
    "Html": "Hi Golo, <br>\r\n<br>\r\nIt may be worth pointing out that the initial startup time is basically a constant factor in Sandcastle.&nbsp; So try adding another MAML topic and you should see&nbsp;that the&nbsp;time doesn't change much at all.&nbsp;&nbsp;As Eric mentioned already, the&nbsp;Framework link type that you choose is another variable in the speed of the build, so if you choose to not resolve&nbsp;MSDN links then you should see a fairly constant time with each additional MAML file only adding a very small delay, relative&nbsp;to the entire process.&nbsp; With MSDN links enabled that small delay is&nbsp;a bit more variable and unpredictable, since Sandcastle is making a web service call for each .NET&nbsp;API reference (barring caching), but the time it takes to produce each topic is&nbsp;still much smaller than the initial constant startup cost.\r\n",
    "PostedDate": "2008-07-25T10:12:03.22-07:00",
    "UserRole": null,
    "MarkedAsAnswerDate": null
  },
  {
    "Id": "107193",
    "ThreadId": "32267",
    "Html": "Hey ...<br>\r\n<br>\r\nThanks for your answers :-). I will check out the log files and see what I can find out ...<br>\r\n<br>\r\nCheerio,<br>\r\n<br>\r\n<br>\r\nGolo\r\n",
    "PostedDate": "2008-07-25T16:57:19.053-07:00",
    "UserRole": null,
    "MarkedAsAnswerDate": null
  }
]