[
  {
    "Id": "69421",
    "ThreadId": "20869",
    "Html": "\r\nThe latest release of the Sandcastle Help File Builder is now available at <a href=\"http://www.codeplex.com/SHFB\" class=\"externalLink\">http://www.codeplex.com/SHFB<span class=\"externalLinkIcon\" style=\"font-family:Consolas, Courier New, Courier, Monospace;\"></span></a>.<br /><br />v1.6.0.4 - Changes in this release:<br /><br /><ul><li>Added support for the January 2008 release of Sandcastle.</li><li>Added <b>CachedCopyFromIndexComponent</b> and <b>CachedResolveReferenceLinksComponent</b> to the custom build components assembly. These cache key information for use across builds that should speed up the builds in many cases. These are experimental and I'd like to get feedback on how well they work for projects of varying sizes. See the documentation in the help file or <a href=\"https://www.codeplex.com/Thread/View.aspx?ProjectName=SHFB&amp;ThreadId=18355\" class=\"externalLink\">this thread<span class=\"externalLinkIcon\" style=\"font-family:Consolas, Courier New, Courier, Monospace;\"></span></a> for details.</li><li>Added the <b>DeploymentPlugIn</b> which allows you to deploy the resulting help file output to a location other than the output folder (i.e. a file share, a web server, an FTP site, etc.).</li><li>Added the <b>VersionBuilderPlugIn</b> that allows you to generate version information for assemblies in the current project and other projects related to the same product that can be merged into the current project's help file topics.</li><li>Fixed a bug that caused the <i>{@WorkingFolder}</i> replacement tag to fail if used in a template file.</li><li>Fixed a bug in the <b>Code Block</b> and <b>Post-transform Components</b> that caused \"none\" language code blocks in API topics to always be hidden.</li><li>Fixed a bug in the default topic file transforms that caused it to not find the code colorizer script and stylesheet if the topic was not in the root folder.</li><li>Fixed issues caused by characters such as ampersand in the table of content topic titles and filenames for Help 2 and website output.</li><li>If a topic file transform's output contains replacement tags, include items, blocks of code that need colorizing, or include code tags, they are now processed after the transform has occurred as well.</li><li>Added the map and area tags to the HTML passthrough section of the default transform files so that image maps can be used in additional content topics.</li><li>Added support for the <b>Script#</b> syntax generator to the <b>SyntaxFilters</b> project property.</li><li>The <b>Assemblies to Document</b> list now accepts files dragged and dropped from Windows Explorer.</li><li>When clearing the output folder, hidden folders and files are now ignored in addition to read-only folders and files.</li><li>When copying stock and additional content, hidden folders are ignored.</li><li>Added a <b>Help2x_NamedURLIndex.HxK</b> file to support the <b>NamedURLIndex</b> keyword options such as <i>HomePage</i> and <i>DefaultPage</i> within API and/or additional content topics.</li><li>Modified the Help 2 compiler check to also look for the <i>Common Files\\Microsoft Shared\\Help 2.0 Compiler</i> folder to handle versions installed by the VS 2008 SDK.</li><li>Fixed up handling of empty string literals in the code colorizer rules and added support for character literals (all C-style languages) and regular expression literals (JavaScript).</li><li>Added \"Open help file after successful build\" option to the View Help File sub-menu and toolbar button dropdown menu. If checked, the help file will be opened after the build completes successfully. This is a user setting and is saved across sessions.</li><li>Thanks to Joey Bradshaw for the PowerShell script keywords and code colorizer rule definitions. Use the language ID pshell, powershell, or ps1 to colorize a code block as PowerShell script.</li><li>Thanks to Milly for supplying the Japanese translations of the help file builder's shared content files.</li></ul><br />Eric<br />",
    "PostedDate": "2008-01-22T20:00:44.413-08:00",
    "UserRole": null,
    "MarkedAsAnswerDate": null
  },
  {
    "Id": "69629",
    "ThreadId": "20869",
    "Html": "\r\nThanks so much for the hard work. <br />I am currently working on the user manual of our product, but I will find the time <br />today or tomorrow to download and install this new version.<br /><br />Best regards,<br />Paul.<br />",
    "PostedDate": "2008-01-23T16:27:23.96-08:00",
    "UserRole": null,
    "MarkedAsAnswerDate": null
  }
]