[
  {
    "Id": "69943",
    "ThreadId": "21030",
    "Html": "\r\nHi,<br /><br /><br /><br />       I have around 400 assemblies and equal amount of corresponding .xml files. Now, I want to use the MRefBuilder, BuildAssembler and XSLTransformer individually in a batch file and compile the .chm help file.<br /><br /><br /><br />       I am using the MrefBuilder as following since I have multiple .dlls<br /><br /><br /><br />MRefBuilder *.dll  /out:reflection.org<br /><br /><br /><br />       My question is how and where can I feed these 400+ .xml files which are the documentation generated by \"csc \\doc\" ? Also, can anyone give me an example on how to do so?<br /><br /><br /><br />        I appreciate your help in advance.<br /><br /><br /><br />Thanks<br /><br />KP<br />",
    "PostedDate": "2008-01-25T07:38:28.477-08:00",
    "UserRole": null,
    "MarkedAsAnswerDate": null
  },
  {
    "Id": "69948",
    "ThreadId": "21030",
    "Html": "\r\nIf you're doing a command line build, the easiest way would be to have your script copy everything to a common location so that you only have to specify one folder for the tools and in the configuration file.  The comments files are specified in sandcastle.config in the CopyFromIndexComponent preceeded by the \"Copy in comments\" comment.  By default, it only uses comments.xml so you can search for that too to find out where to specify your files.<br /><br />If you haven't tried them yet, check out the community tools such as The Sandcastle Help File Builder (<a href=\"http://www.codeplex.com/SHFB\" class=\"externalLink\">http://www.codeplex.com/SHFB<span class=\"externalLinkIcon\" style=\"font-family:Consolas, Courier New, Courier, Monospace;\"></span></a>) and DocProject (<a href=\"http://www.codeplex.com/DocProject\" class=\"externalLink\">http://www.codeplex.com/DocProject<span class=\"externalLinkIcon\" style=\"font-family:Consolas, Courier New, Courier, Monospace;\"></span></a>) which can help you manage the project and automate the build process.<br /><br />Eric<br />",
    "PostedDate": "2008-01-25T08:00:41.66-08:00",
    "UserRole": null,
    "MarkedAsAnswerDate": null
  },
  {
    "Id": "69957",
    "ThreadId": "21030",
    "Html": "\r\nHi KP,<br /><br />Check out <a href=\"http://www.codeplex.com/DocProject/Wiki/View.aspx?title=Sandcastle%20Help\" class=\"externalLink\">Sandcastle Help<span class=\"externalLinkIcon\" style=\"font-family:Consolas, Courier New, Courier, Monospace;\"></span></a> for some links to more information.  Also dig through the <a href=\"http://blogs.msdn.com/sandcastle\" class=\"externalLink\">Sandcastle Blog<span class=\"externalLinkIcon\" style=\"font-family:Consolas, Courier New, Courier, Monospace;\"></span></a> for more information about the build process and Sandcastle's tools.<br /><br />Although, if you follow Eric's suggestion and check out the community tools, then you won't need to learn much about Sandcastle in order to use it.<br /><br />- Dave<br />",
    "PostedDate": "2008-01-25T08:36:37.217-08:00",
    "UserRole": null,
    "MarkedAsAnswerDate": null
  },
  {
    "Id": "69958",
    "ThreadId": "21030",
    "Html": "\r\nEric &amp; dave <br /><br /> Thanks for your quick replies. I do have enough knowledge about how this works.<br />Eric, I have all my libraries in one folder. However, some of my libraries are referring to GAC libraries. Is  there anyway I can make the MRefBuilder look in GAC.<br /><br />Also, I checked out SHFB, It is pretty much doing everything I want. I just want to know how to replicate that using a batch file instead of GUI.<br /><br />Thanks<br />KP<br />",
    "PostedDate": "2008-01-25T08:50:36.01-08:00",
    "UserRole": null,
    "MarkedAsAnswerDate": null
  },
  {
    "Id": "69969",
    "ThreadId": "21030",
    "Html": "\r\nHi KP, <br /><br /><div class=\"quote\" style=\"border: dotted .1em #aaa; border-left: none; border-right: none; font-style: italic; margin: 1em 0em 2.5em 3em;padding: .2em;\"><br />Is there anyway I can make the MRefBuilder look in GAC?<br /><br /></div>Assuming that you're referring to <i>dependencies</i> and not source assemblies that you want documented, try setting <span class=\"codeInline\" style=\"font-family:Consolas, Courier New, Courier, Monospace;\">use-gac=\"true\"</span> in the <span class=\"codeInline\" style=\"font-family:Consolas, Courier New, Courier, Monospace;\">resolver</span> element of the <b>MRefBuilder.config</b> file, found in the <i>ProductionTools</i> folder (the value is <i>false</i> by default).  Example: <br /><br /><pre style=\"background-color:#ECECEC; border:dashed .1em #3E62A6; font-family:Consolas, Courier New, Courier, Monospace; font-size:1em; margin-top:0; padding:.5em; height:auto; overflow:auto; overflow-x:auto; overflow-y:auto;\">\r\n&lt;resolver type=\"Microsoft.Ddue.Tools.Reflection.AssemblyResolver\" \r\n  assembly=\"%DXROOT%\\ProductionTools\\MRefBuilder.exe\"\r\n  use-gac=\"true\" /&gt;\r\n</pre>- Dave<br />",
    "PostedDate": "2008-01-25T09:32:44.117-08:00",
    "UserRole": null,
    "MarkedAsAnswerDate": null
  },
  {
    "Id": "69970",
    "ThreadId": "21030",
    "Html": "\r\nDave, I did it with no luck.<br /><br />Eric do you remember this thread http://www.codeplex.com/SHFB/Thread/View.aspx?ThreadId=17094<br /><br />Now I am trying to use the SandcastleBuilderConsole instead of the GUI and I get the following error <br /><br />\"Error: BuildAssembler: The type 'SandcastleBuilder.Components.ShowMissingComponent' was not found in the component assembly 'C:\\Program Files\\EWSoftware\\Sandcastle Help File Builder\\SandcastleBuilder.Components.dll'.\"<br /><br />Can you or Dave help me with this. I am using 1.6.0.2<br />",
    "PostedDate": "2008-01-25T09:42:24.357-08:00",
    "UserRole": null,
    "MarkedAsAnswerDate": null
  },
  {
    "Id": "69973",
    "ThreadId": "21030",
    "Html": "\r\nEric I downloaded the latest version you uploaded on January 22 and it worked.<br /><br />I have one more question. I missed some of the namespace summaries and when the .chm is generated under description for the namespace it read<br />\"<a href=\"http://www.codeplex.com/Sandcastle/Wiki/View.aspx?title=Missing%20namespace%20summary%20documentation%20for%20N%3aProjectLoader\">Missing namespace summary documentation for N:ProjectLoader</a>\"<br /><br />How can I disable that?<br /><br />Thanks for the help guys<br />Karteek<br />",
    "PostedDate": "2008-01-25T09:57:26.797-08:00",
    "UserRole": null,
    "MarkedAsAnswerDate": null
  },
  {
    "Id": "69984",
    "ThreadId": "21030",
    "Html": "\r\nEric I was able to disable the Missing Name space summary too.<br />One last question is the output .chm is generated with a default name how can i change the name?<br /><br />Thanks<br />KP<br />",
    "PostedDate": "2008-01-25T10:47:57.107-08:00",
    "UserRole": null,
    "MarkedAsAnswerDate": null
  },
  {
    "Id": "70009",
    "ThreadId": "21030",
    "Html": "\r\nYou can use the <b>HtmlHelpName</b> project property to set the name of the help file.  Don't include a path or extention.  They are added automatically during the build.<br /><br />Eric<br />",
    "PostedDate": "2008-01-25T12:24:02.57-08:00",
    "UserRole": null,
    "MarkedAsAnswerDate": null
  },
  {
    "Id": "70039",
    "ThreadId": "21030",
    "Html": "\r\nThanks Eric. It was right there I just overlooked. You saved my day! <br /><br />This process is paifully slow. Last time I used sandcastle help file builder to build the .chm file it took nearly 30 hours for my 400+ assemblies. But NDoc is really fast when compared nearly 3 hours. <br /><br />Why do you think it is taking so long?<br /><br />Thanks a million,<br />KP<br />",
    "PostedDate": "2008-01-25T14:39:11.763-08:00",
    "UserRole": null,
    "MarkedAsAnswerDate": null
  },
  {
    "Id": "70043",
    "ThreadId": "21030",
    "Html": "\r\nHi KP, <br /><br />Sandcastle generates topics by running XML input files through a series of XSL transformations and build components, making the process extremely flexible at the cost of performance (although performance has improved during its development).   For example, you can completely modify the existing presentation styles (or even create your own) to produce any conceivable style of XML-based documentation.  I don't think NDoc supports such a high level of flexibility.<br /><br />- Dave<br />",
    "PostedDate": "2008-01-25T15:12:18.38-08:00",
    "UserRole": null,
    "MarkedAsAnswerDate": null
  },
  {
    "Id": "70064",
    "ThreadId": "21030",
    "Html": "\r\nYou can examine the build log to see how long each step took.  That may help identify possible bottlenecks.  I did add some cached build components which may improve performance a little but with such a large project they may not make much difference in this case.  You can add them via the <b>ComponentConfigurations</b> project property.  It takes one build to create the caches and after that you'd see any improvement they provide.  If you'd care to post the timing results over in the SHFB forum or e-mail me the build log, I may be able to offer some ideas specific to SHFB or see if there's possibly somewhere I may be able to improve performance in the SHFB-related steps.<br /><br />Eric<br />",
    "PostedDate": "2008-01-25T19:19:11.49-08:00",
    "UserRole": null,
    "MarkedAsAnswerDate": null
  },
  {
    "Id": "71520",
    "ThreadId": "21030",
    "Html": "\r\nHi KP,<br />Can you send me the build log? My email is \"v-wenjp AT microsoft.com\". I would like to investigate the perf issue you mentioned. It does not take 30 hours for us to build help doc for .Net framework.<br />I will be on vacation soon, so my response will be delayed. Thanks.<br />",
    "PostedDate": "2008-02-04T01:26:35.99-08:00",
    "UserRole": null,
    "MarkedAsAnswerDate": null
  },
  {
    "Id": "71827",
    "ThreadId": "21030",
    "Html": "\r\nHi Eric &amp; Steve,<br /><br />I've been away for quite some time. I am sorry I couldn't reply to your messages.  I donot have the build log as of now as I kept overwriting them with new builds. I didn't want to do the whole build as I said earlier it was  time consuming. So I am just making sure that the process is initiated without any hickups.<br /><br />But I will do a complete build this weekend and will see if I can send the log to you. The only reason I am skeptical about sending the log is that it contains the information about my organizarion's product's assemblies.  However, as far as sharing information about how long each step is taking I can do that I suppose.<br /><br />Finally, a question. Is there a flag or something that indicated if the build is successful or not at the end of the process? cause I am trying to send an email message depending on the success of the help file generation.<br /><br />Thanks a million<br />KP<br /><div class=\"quote\" style=\"border: dotted .1em #aaa; border-left: none; border-right: none; font-style: italic; margin: 1em 0em 2.5em 3em;padding: .2em;\"><br />StevenPei wrote:<br />Hi KP,<br />Can you send me the build log? My email is \"v-wenjp AT microsoft.com\". I would like to investigate the perf issue you mentioned. It does not take 30 hours for us to build help doc for .Net framework.<br />I will be on vacation soon, so my response will be delayed. Thanks.<br /><br /></div>",
    "PostedDate": "2008-02-05T08:39:17.873-08:00",
    "UserRole": null,
    "MarkedAsAnswerDate": null
  },
  {
    "Id": "71924",
    "ThreadId": "21030",
    "Html": "\r\nSHFB has a Completion Notification plug-in.  Select the <b>PlugInConfigurations</b> project property and click the \"...\" button to the right of it to open the configuration dialog.  In it, select the <b>Completion Notification</b> plug-in and add it to the project then configure it to specify where to send the notification on failure and/or success.<br /><br />Eric<br />",
    "PostedDate": "2008-02-05T14:14:42.303-08:00",
    "UserRole": null,
    "MarkedAsAnswerDate": null
  }
]