[
  {
    "Id": "1431917",
    "ThreadId": "640466",
    "Html": "How can I get the sections (fields, properties, events etc.) ordered in the same way as the .net documentation on namespace and class pages.<br />\n",
    "PostedDate": "2015-06-25T15:09:31.51-07:00",
    "UserRole": null,
    "MarkedAsAnswerDate": null
  },
  {
    "Id": "1432079",
    "ThreadId": "640466",
    "Html": "Namespace pages are ordered the same way.  I've modified the class pages to order them in a similar fashion for the next release.  If you want to modify the existing release, you'll need to update the <code>t_memberElements</code> template in the <em>utilities_reference.xsl</em> transformation file in each presentation style.   Just reorder the <code>t_putMemberListSection</code> calls to match the order you want.\r<br />\n<br />\nPlease note that this project site has been discontinued and may not be monitored as frequently. For future questions or issues concerning Sandcastle or SHFB, post them over on the <a href=\"https://github.com/EWSoftware/SHFB\" rel=\"nofollow\">Sandcastle Help File Builder</a> project's Issues page on GitHub. Thanks. \r<br />\n<br />\nEric<br />\n",
    "PostedDate": "2015-06-26T12:05:44.107-07:00",
    "UserRole": null,
    "MarkedAsAnswerDate": null
  }
]