[
  {
    "Id": "87088",
    "ThreadId": "26020",
    "Html": "\r\nHi everyone, <br /><br />Just wondering if anyone else can repro this issue.<br /><br />When I open a MAML topic in the Visual Studio 2008 XML editor I don't get any IntelliSense unless I first delete <span class=\"codeInline\" style=\"font-family:Consolas, Courier New, Courier, Monospace;\">xmlns:xlink=\"http://www.w3.org/1999/xlink\"</span> from the root MAML element.  After the namespace declaration is removed IntelliSense beings to work.<br /><br />Then, if I add a <span class=\"codeInline\" style=\"font-family:Consolas, Courier New, Courier, Monospace;\">&lt;link /&gt;</span> element, the IntelliSense list shows an <span class=\"codeInline\" style=\"font-family:Consolas, Courier New, Courier, Monospace;\">a:href</span> attribute; when selected it serializes <span class=\"codeInline\" style=\"font-family:Consolas, Courier New, Courier, Monospace;\">a:href=\"\" xmlns:a=\"http://www.w3.org/1999/xlink\"</span>.  That's fine, although since the xlink namespace is declared in the document again, IntelliSense no longer works (anywhere) until the <span class=\"codeInline\" style=\"font-family:Consolas, Courier New, Courier, Monospace;\">xmlns:a</span> attribute is removed.<br /><br />I'm not sure if it's a VS 2008 issue or a MAML schema issue.<br /><br />Thanks, <br />Dave<br /><br />P.S., I'm having major trouble with my Internet connection so I may not be able to respond for a while, but I will as soon as I can :|<br />",
    "PostedDate": "2008-04-16T02:19:46.377-07:00",
    "UserRole": null,
    "MarkedAsAnswerDate": null
  },
  {
    "Id": "87256",
    "ThreadId": "26020",
    "Html": "\r\nI can reproduce it. I have not being using the VS 2008 so just tested it and found the problem.<br /><br />This is a quick work around, still looking for a better fix:<br /><br /><ul><li>In the <b>Properties Windows</b> of the document, click the <b>Schemas</b> to display the <b>XML Schemas</b> dialog</li><li>Scroll down to the <b>http://www.w3.org/1999/xlink</b><i>Target Namespace</i>.</li><li>You will find that both the <b>default</b> and the <b>conceptual</b> links are <b>checked</b>, this is the problem.</li><li>Set the <b>default</b> http://www.w3.org/1999/xlink to <b>Automatic</b></li><li>Also, there is same problem with <i>Target Namespace</i><b>http://www.w3.org/XML/1998/namespace</b></li><li>Again, set the <b>default</b> http://www.w3.org/XML/1998/namespace to <b>Automatic</b></li></ul><br />It should now work as in the VS 2005. I am investigating how to automatically set these options.<br /><br />Best regards,<br />Paul.<br />",
    "PostedDate": "2008-04-16T18:35:00.49-07:00",
    "UserRole": null,
    "MarkedAsAnswerDate": null
  },
  {
    "Id": "87262",
    "ThreadId": "26020",
    "Html": "\r\nThanks.  Nice work Paul.  :)<br /><br />The only problem is that it has to be done manually for every file, as I'm sure that you're already aware.  Also, the change doesn't seem to stick when the project's reloaded :(<br /><br />In the mean time I've just been adding an underscore character in front of <i>xmlns:xlink</i> when I need IntelliSense and then I remove the underscore before saving the file.  Annoying? Yep!  But it's quick and easy, and if I forget to remove the underscore then Build Assembler lets me know...<br /><br />Please post if you find another workaround and I'll do the same.<br /><br />Thanks, <br />Dave<br />",
    "PostedDate": "2008-04-16T20:27:56.65-07:00",
    "UserRole": null,
    "MarkedAsAnswerDate": null
  },
  {
    "Id": "87271",
    "ThreadId": "26020",
    "Html": "<div class=\"quote\" style=\"border: dotted .1em #aaa; border-left: none; border-right: none; font-style: italic; margin: 1em 0em 2.5em 3em;padding: .2em;\"><br />davedev wrote:<br />Also, the change doesn't seem to stick when the project's reloaded :(<br /><br /></div><br />Mine does. Otherwise, the whole idea of users adding their schema will be useless.<br /><br /><div class=\"quote\" style=\"border: dotted .1em #aaa; border-left: none; border-right: none; font-style: italic; margin: 1em 0em 2.5em 3em;padding: .2em;\"><br />davedev wrote:<br />Please post if you find another workaround and I'll do the same.<br /><br /></div>I will, just that there is nothing yet!<br /><br />I just to do understand why the MAML developers set their extension schema target <br />namespace to the standard namespace, http://www.w3.org/1999/xlink. Unlike the VS 2005,<br />the VS 2008 is loading both the standard and the MAML version, and it is finding it<br />difficult to decide which comes first - i.e. <b>currently, my understanding of the problem</b>.<br /><br />Best regards,<br />Paul.<br />",
    "PostedDate": "2008-04-16T21:33:47.803-07:00",
    "UserRole": null,
    "MarkedAsAnswerDate": null
  },
  {
    "Id": "87324",
    "ThreadId": "26020",
    "Html": "\r\nHi Paul, <br /><br />Yea, it would be useless then.  But I can assure you that when I tried it didn't work!<br /><br />I just tried again though, making sure that <i>all</i> instances of VS were closed, and then it did work.  I have a feeling that it didn't work the first time because I hadn't close the first instance of VS before opening another one, so VS never persisted my changes.<br /><br />- Dave<br />",
    "PostedDate": "2008-04-17T04:10:38.483-07:00",
    "UserRole": null,
    "MarkedAsAnswerDate": null
  },
  {
    "Id": "87463",
    "ThreadId": "26020",
    "Html": "<div class=\"quote\" style=\"border: dotted .1em #aaa; border-left: none; border-right: none; font-style: italic; margin: 1em 0em 2.5em 3em;padding: .2em;\"><br />davedev wrote:<br />Yea, it would be useless then.  But I can assure you that when I tried it didn't work!<br /><br /></div><br />Today, I have again open that project in VS.NET 2008, and the changes are still there.<br />There are two files in that project. For one file I have made change as stated earlier but<br />for the other file there is no change, and information was saved by the IDE.<br /><br />Did you forget to click <b>OK</b> in the XML Schema dialog? Sorry to ask. :)<br /><br />Best regards,<br />Paul.<br />",
    "PostedDate": "2008-04-17T17:23:15.647-07:00",
    "UserRole": null,
    "MarkedAsAnswerDate": null
  },
  {
    "Id": "87476",
    "ThreadId": "26020",
    "Html": "\r\nHi Paul, <br /><br />No, I'm sure that it was because of what I stated already - I hadn't closed the first instance of VS when I opened the second.  I was able to reproduce this behavior, so apparently the IDE doesn't save these types of changes until VS is shutdown.<br /><br />- Dave<br />",
    "PostedDate": "2008-04-17T19:06:42.997-07:00",
    "UserRole": null,
    "MarkedAsAnswerDate": null
  },
  {
    "Id": "95433",
    "ThreadId": "26020",
    "Html": "Hi everyone, <br>\r\n<br>\r\nTo fix this problem indefinitely, use the <a href=\"http://www.codeplex.com/Sandcastle/Thread/View.aspx?ThreadId=21840\">global schema cache</a> for all of the schemas, <em>excluding space.xsd</em>, and be sure to update the <strong>developerStructure.xsd</strong> file by changing the import for <strong>space.xsd</strong> to use Visual Studio's <strong>xml.xsd </strong>file instead.  (Note that <em>xlink.xsd</em> is still required and should be included in the schemas cache folder.  As long as the space.xsd problem has been fixed it seems to work, but without it IntelliSense doesn't work since <em>xlink:href</em> will be undefined.) <br>\r\n<br>\r\nI implemented this by copying all of the MAML schemas, except for <em>space.xsd</em>, into a subfolder named <strong>MAML</strong> under VS's schema cache, <strong>Xml\\Schemas</strong>.  I then updated <em>developerStructure.xsd</em> as noted above by using <strong>../xml.xsd</strong> as the path.  Then I updated the root <strong>catalog.xml</strong> file by including:  <span style=\"font-size:13px;color:#0000ff\">&lt;</span><span style=\"font-size:13px;color:#a31515\">Catalog</span><span style=\"font-size:13px;color:#0000ff\"> </span><span style=\"font-size:13px;color:#ff0000\">href</span><span style=\"font-size:13px;color:#0000ff\">=</span><span style=\"font-size:13px\">&quot;</span><span style=\"font-size:13px;color:#0000ff\">MAML\\catalog.xml</span><span style=\"font-size:13px\">&quot;</span><span style=\"font-size:13px;color:#0000ff\">/&gt;<br>\r\n<br>\r\n</span>Here's the contents of the <strong>catalog.xml</strong> file that I added to the MAML folder: <br>\r\n<br>\r\n<pre><span style=\"color:rgb(0,0,255)\">&lt;</span><span style=\"color:rgb(163,21,21)\">SchemaCatalog</span><span style=\"color:rgb(0,0,255)\"> </span><span style=\"color:rgb(255,0,0)\">xmlns</span><span style=\"color:rgb(0,0,255)\">=</span>&quot;<span style=\"color:rgb(0,0,255)\">http://schemas.microsoft.com/xsd/catalog</span>&quot;<span style=\"color:rgb(0,0,255)\">&gt;\r\n  &lt;!--</span><span style=\"color:rgb(0,128,0)\"> Schemas for MAML </span><span style=\"color:rgb(0,0,255)\">--&gt;\r\n  \r\n  &lt;!--</span><span style=\"color:rgb(0,128,0)\"> Place the MAML schemas and this file in a subfolder named MAML \r\n       in Visual Studio's Xml\\Schemas folder. </span><span style=\"color:rgb(0,0,255)\">--&gt;\r\n  &lt;!--</span><span style=\"color:rgb(0,128,0)\"> Do not include space.xsd </span><span style=\"color:rgb(0,0,255)\">--&gt;\r\n  &lt;!--</span><span style=\"color:rgb(0,128,0)\"> Make sure that the reference to space.xsd is changed to ../xml.xsd\r\n       in the developerStructure.xsd file </span><span style=\"color:rgb(0,0,255)\">--&gt;\r\n  &lt;!--</span><span style=\"color:rgb(0,128,0)\"> Update VS's root catalog.xml file by adding &lt;Catalog href=&quot;MAML\\catalog.xml&quot;/&gt; </span><span style=\"color:rgb(0,0,255)\">--&gt;\r\n  \r\n  &lt;</span><span style=\"color:rgb(163,21,21)\">Schema</span><span style=\"color:rgb(0,0,255)\"> </span><span style=\"color:rgb(255,0,0)\">href</span><span style=\"color:rgb(0,0,255)\">=</span>&quot;<span style=\"color:rgb(0,0,255)\">%InstallRoot%/xml/schemas/MAML/base.xsd</span>&quot;\r\n<span style=\"color:rgb(0,0,255)\">          </span><span style=\"color:rgb(255,0,0)\">targetNamespace</span><span style=\"color:rgb(0,0,255)\">=</span>&quot;<span style=\"color:rgb(0,0,255)\">http://ddue.schemas.microsoft.com/authoring/2003/5</span>&quot;<span style=\"color:rgb(0,0,255)\">/&gt;\r\n  &lt;</span><span style=\"color:rgb(163,21,21)\">Schema</span><span style=\"color:rgb(0,0,255)\"> </span><span style=\"color:rgb(255,0,0)\">href</span><span style=\"color:rgb(0,0,255)\">=</span>&quot;<span style=\"color:rgb(0,0,255)\">%InstallRoot%/xml/schemas/MAML/baseConditional.xsd</span>&quot;\r\n<span style=\"color:rgb(0,0,255)\">          </span><span style=\"color:rgb(255,0,0)\">targetNamespace</span><span style=\"color:rgb(0,0,255)\">=</span>&quot;<span style=\"color:rgb(0,0,255)\">http://ddue.schemas.microsoft.com/authoring/2003/5</span>&quot;<span style=\"color:rgb(0,0,255)\">/&gt;\r\n  &lt;</span><span style=\"color:rgb(163,21,21)\">Schema</span><span style=\"color:rgb(0,0,255)\"> </span><span style=\"color:rgb(255,0,0)\">href</span><span style=\"color:rgb(0,0,255)\">=</span>&quot;<span style=\"color:rgb(0,0,255)\">%InstallRoot%/xml/schemas/MAML/block.xsd</span>&quot;\r\n<span style=\"color:rgb(0,0,255)\">          </span><span style=\"color:rgb(255,0,0)\">targetNamespace</span><span style=\"color:rgb(0,0,255)\">=</span>&quot;<span style=\"color:rgb(0,0,255)\">http://ddue.schemas.microsoft.com/authoring/2003/5</span>&quot;<span style=\"color:rgb(0,0,255)\">/&gt;\r\n  &lt;</span><span style=\"color:rgb(163,21,21)\">Schema</span><span style=\"color:rgb(0,0,255)\"> </span><span style=\"color:rgb(255,0,0)\">href</span><span style=\"color:rgb(0,0,255)\">=</span>&quot;<span style=\"color:rgb(0,0,255)\">%InstallRoot%/xml/schemas/MAML/blockCommon.xsd</span>&quot;\r\n<span style=\"color:rgb(0,0,255)\">          </span><span style=\"color:rgb(255,0,0)\">targetNamespace</span><span style=\"color:rgb(0,0,255)\">=</span>&quot;<span style=\"color:rgb(0,0,255)\">http://ddue.schemas.microsoft.com/authoring/2003/5</span>&quot;<span style=\"color:rgb(0,0,255)\">/&gt;\r\n  &lt;</span><span style=\"color:rgb(163,21,21)\">Schema</span><span style=\"color:rgb(0,0,255)\"> </span><span style=\"color:rgb(255,0,0)\">href</span><span style=\"color:rgb(0,0,255)\">=</span>&quot;<span style=\"color:rgb(0,0,255)\">%InstallRoot%/xml/schemas/MAML/blockSoftware.xsd</span>&quot;\r\n<span style=\"color:rgb(0,0,255)\">          </span><span style=\"color:rgb(255,0,0)\">targetNamespace</span><span style=\"color:rgb(0,0,255)\">=</span>&quot;<span style=\"color:rgb(0,0,255)\">http://ddue.schemas.microsoft.com/authoring/2003/5</span>&quot;<span style=\"color:rgb(0,0,255)\">/&gt;\r\n  &lt;</span><span style=\"color:rgb(163,21,21)\">Schema</span><span style=\"color:rgb(0,0,255)\"> </span><span style=\"color:rgb(255,0,0)\">href</span><span style=\"color:rgb(0,0,255)\">=</span>&quot;<span style=\"color:rgb(0,0,255)\">%InstallRoot%/xml/schemas/MAML/conditionSet.xsd</span>&quot;\r\n<span style=\"color:rgb(0,0,255)\">          </span><span style=\"color:rgb(255,0,0)\">targetNamespace</span><span style=\"color:rgb(0,0,255)\">=</span>&quot;<span style=\"color:rgb(0,0,255)\">http://ddue.schemas.microsoft.com/authoring/2003/5</span>&quot;<span style=\"color:rgb(0,0,255)\">/&gt;\r\n  &lt;</span><span style=\"color:rgb(163,21,21)\">Schema</span><span style=\"color:rgb(0,0,255)\"> </span><span style=\"color:rgb(255,0,0)\">href</span><span style=\"color:rgb(0,0,255)\">=</span>&quot;<span style=\"color:rgb(0,0,255)\">%InstallRoot%/xml/schemas/MAML/developer.xsd</span>&quot;\r\n<span style=\"color:rgb(0,0,255)\">          </span><span style=\"color:rgb(255,0,0)\">targetNamespace</span><span style=\"color:rgb(0,0,255)\">=</span>&quot;<span style=\"color:rgb(0,0,255)\">http://ddue.schemas.microsoft.com/authoring/2003/5</span>&quot;<span style=\"color:rgb(0,0,255)\">/&gt;\r\n  &lt;</span><span style=\"color:rgb(163,21,21)\">Schema</span><span style=\"color:rgb(0,0,255)\"> </span><span style=\"color:rgb(255,0,0)\">href</span><span style=\"color:rgb(0,0,255)\">=</span>&quot;<span style=\"color:rgb(0,0,255)\">%InstallRoot%/xml/schemas/MAML/developerReference.xsd</span>&quot;\r\n<span style=\"color:rgb(0,0,255)\">          </span><span style=\"color:rgb(255,0,0)\">targetNamespace</span><span style=\"color:rgb(0,0,255)\">=</span>&quot;<span style=\"color:rgb(0,0,255)\">http://ddue.schemas.microsoft.com/authoring/2003/5</span>&quot;<span style=\"color:rgb(0,0,255)\">/&gt;\r\n  &lt;</span><span style=\"color:rgb(163,21,21)\">Schema</span><span style=\"color:rgb(0,0,255)\"> </span><span style=\"color:rgb(255,0,0)\">href</span><span style=\"color:rgb(0,0,255)\">=</span>&quot;<span style=\"color:rgb(0,0,255)\">%InstallRoot%/xml/schemas/MAML/developerStructure.xsd</span>&quot;\r\n<span style=\"color:rgb(0,0,255)\">          </span><span style=\"color:rgb(255,0,0)\">targetNamespace</span><span style=\"color:rgb(0,0,255)\">=</span>&quot;<span style=\"color:rgb(0,0,255)\">http://ddue.schemas.microsoft.com/authoring/2003/5</span>&quot;<span style=\"color:rgb(0,0,255)\">/&gt;\r\n  &lt;</span><span style=\"color:rgb(163,21,21)\">Schema</span><span style=\"color:rgb(0,0,255)\"> </span><span style=\"color:rgb(255,0,0)\">href</span><span style=\"color:rgb(0,0,255)\">=</span>&quot;<span style=\"color:rgb(0,0,255)\">%InstallRoot%/xml/schemas/MAML/glossary.xsd</span>&quot;\r\n<span style=\"color:rgb(0,0,255)\">          </span><span style=\"color:rgb(255,0,0)\">targetNamespace</span><span style=\"color:rgb(0,0,255)\">=</span>&quot;<span style=\"color:rgb(0,0,255)\">http://ddue.schemas.microsoft.com/authoring/2003/5</span>&quot;<span style=\"color:rgb(0,0,255)\">/&gt;\r\n  &lt;</span><span style=\"color:rgb(163,21,21)\">Schema</span><span style=\"color:rgb(0,0,255)\"> </span><span style=\"color:rgb(255,0,0)\">href</span><span style=\"color:rgb(0,0,255)\">=</span>&quot;<span style=\"color:rgb(0,0,255)\">%InstallRoot%/xml/schemas/MAML/hierarchy.xsd</span>&quot;\r\n<span style=\"color:rgb(0,0,255)\">          </span><span style=\"color:rgb(255,0,0)\">targetNamespace</span><span style=\"color:rgb(0,0,255)\">=</span>&quot;<span style=\"color:rgb(0,0,255)\">http://ddue.schemas.microsoft.com/authoring/2003/5</span>&quot;<span style=\"color:rgb(0,0,255)\">/&gt;\r\n  &lt;</span><span style=\"color:rgb(163,21,21)\">Schema</span><span style=\"color:rgb(0,0,255)\"> </span><span style=\"color:rgb(255,0,0)\">href</span><span style=\"color:rgb(0,0,255)\">=</span>&quot;<span style=\"color:rgb(0,0,255)\">%InstallRoot%/xml/schemas/MAML/inline.xsd</span>&quot;\r\n<span style=\"color:rgb(0,0,255)\">          </span><span style=\"color:rgb(255,0,0)\">targetNamespace</span><span style=\"color:rgb(0,0,255)\">=</span>&quot;<span style=\"color:rgb(0,0,255)\">http://ddue.schemas.microsoft.com/authoring/2003/5</span>&quot;<span style=\"color:rgb(0,0,255)\">/&gt;\r\n  &lt;</span><span style=\"color:rgb(163,21,21)\">Schema</span><span style=\"color:rgb(0,0,255)\"> </span><span style=\"color:rgb(255,0,0)\">href</span><span style=\"color:rgb(0,0,255)\">=</span>&quot;<span style=\"color:rgb(0,0,255)\">%InstallRoot%/xml/schemas/MAML/inlineCommon.xsd</span>&quot;\r\n<span style=\"color:rgb(0,0,255)\">          </span><span style=\"color:rgb(255,0,0)\">targetNamespace</span><span style=\"color:rgb(0,0,255)\">=</span>&quot;<span style=\"color:rgb(0,0,255)\">http://ddue.schemas.microsoft.com/authoring/2003/5</span>&quot;<span style=\"color:rgb(0,0,255)\">/&gt;\r\n  &lt;</span><span style=\"color:rgb(163,21,21)\">Schema</span><span style=\"color:rgb(0,0,255)\"> </span><span style=\"color:rgb(255,0,0)\">href</span><span style=\"color:rgb(0,0,255)\">=</span>&quot;<span style=\"color:rgb(0,0,255)\">%InstallRoot%/xml/schemas/MAML/inlineLinking.xsd</span>&quot;\r\n<span style=\"color:rgb(0,0,255)\">          </span><span style=\"color:rgb(255,0,0)\">targetNamespace</span><span style=\"color:rgb(0,0,255)\">=</span>&quot;<span style=\"color:rgb(0,0,255)\">http://ddue.schemas.microsoft.com/authoring/2003/5</span>&quot;<span style=\"color:rgb(0,0,255)\">/&gt;\r\n  &lt;</span><span style=\"color:rgb(163,21,21)\">Schema</span><span style=\"color:rgb(0,0,255)\"> </span><span style=\"color:rgb(255,0,0)\">href</span><span style=\"color:rgb(0,0,255)\">=</span>&quot;<span style=\"color:rgb(0,0,255)\">%InstallRoot%/xml/schemas/MAML/inlineSoftware.xsd</span>&quot;\r\n<span style=\"color:rgb(0,0,255)\">          </span><span style=\"color:rgb(255,0,0)\">targetNamespace</span><span style=\"color:rgb(0,0,255)\">=</span>&quot;<span style=\"color:rgb(0,0,255)\">http://ddue.schemas.microsoft.com/authoring/2003/5</span>&quot;<span style=\"color:rgb(0,0,255)\">/&gt;\r\n  &lt;</span><span style=\"color:rgb(163,21,21)\">Schema</span><span style=\"color:rgb(0,0,255)\"> </span><span style=\"color:rgb(255,0,0)\">href</span><span style=\"color:rgb(0,0,255)\">=</span>&quot;<span style=\"color:rgb(0,0,255)\">%InstallRoot%/xml/schemas/MAML/inlineUi.xsd</span>&quot;\r\n<span style=\"color:rgb(0,0,255)\">          </span><span style=\"color:rgb(255,0,0)\">targetNamespace</span><span style=\"color:rgb(0,0,255)\">=</span>&quot;<span style=\"color:rgb(0,0,255)\">http://ddue.schemas.microsoft.com/authoring/2003/5</span>&quot;<span style=\"color:rgb(0,0,255)\">/&gt;\r\n  &lt;</span><span style=\"color:rgb(163,21,21)\">Schema</span><span style=\"color:rgb(0,0,255)\"> </span><span style=\"color:rgb(255,0,0)\">href</span><span style=\"color:rgb(0,0,255)\">=</span>&quot;<span style=\"color:rgb(0,0,255)\">%InstallRoot%/xml/schemas/MAML/structure.xsd</span>&quot;\r\n<span style=\"color:rgb(0,0,255)\">          </span><span style=\"color:rgb(255,0,0)\">targetNamespace</span><span style=\"color:rgb(0,0,255)\">=</span>&quot;<span style=\"color:rgb(0,0,255)\">http://ddue.schemas.microsoft.com/authoring/2003/5</span>&quot;<span style=\"color:rgb(0,0,255)\">/&gt;\r\n  &lt;</span><span style=\"color:rgb(163,21,21)\">Schema</span><span style=\"color:rgb(0,0,255)\"> </span><span style=\"color:rgb(255,0,0)\">href</span><span style=\"color:rgb(0,0,255)\">=</span>&quot;<span style=\"color:rgb(0,0,255)\">%InstallRoot%/xml/schemas/MAML/structureList.xsd</span>&quot;\r\n<span style=\"color:rgb(0,0,255)\">          </span><span style=\"color:rgb(255,0,0)\">targetNamespace</span><span style=\"color:rgb(0,0,255)\">=</span>&quot;<span style=\"color:rgb(0,0,255)\">http://ddue.schemas.microsoft.com/authoring/2003/5</span>&quot;<span style=\"color:rgb(0,0,255)\">/&gt;\r\n  &lt;</span><span style=\"color:rgb(163,21,21)\">Schema</span><span style=\"color:rgb(0,0,255)\"> </span><span style=\"color:rgb(255,0,0)\">href</span><span style=\"color:rgb(0,0,255)\">=</span>&quot;<span style=\"color:rgb(0,0,255)\">%InstallRoot%/xml/schemas/MAML/structureMedia.xsd</span>&quot;\r\n<span style=\"color:rgb(0,0,255)\">          </span><span style=\"color:rgb(255,0,0)\">targetNamespace</span><span style=\"color:rgb(0,0,255)\">=</span>&quot;<span style=\"color:rgb(0,0,255)\">http://ddue.schemas.microsoft.com/authoring/2003/5</span>&quot;<span style=\"color:rgb(0,0,255)\">/&gt;\r\n  &lt;</span><span style=\"color:rgb(163,21,21)\">Schema</span><span style=\"color:rgb(0,0,255)\"> </span><span style=\"color:rgb(255,0,0)\">href</span><span style=\"color:rgb(0,0,255)\">=</span>&quot;<span style=\"color:rgb(0,0,255)\">%InstallRoot%/xml/schemas/MAML/structureProcedure.xsd</span>&quot;\r\n<span style=\"color:rgb(0,0,255)\">          </span><span style=\"color:rgb(255,0,0)\">targetNamespace</span><span style=\"color:rgb(0,0,255)\">=</span>&quot;<span style=\"color:rgb(0,0,255)\">http://ddue.schemas.microsoft.com/authoring/2003/5</span>&quot;<span style=\"color:rgb(0,0,255)\">/&gt;\r\n  &lt;</span><span style=\"color:rgb(163,21,21)\">Schema</span><span style=\"color:rgb(0,0,255)\"> </span><span style=\"color:rgb(255,0,0)\">href</span><span style=\"color:rgb(0,0,255)\">=</span>&quot;<span style=\"color:rgb(0,0,255)\">%InstallRoot%/xml/schemas/MAML/structureTable.xsd</span>&quot;\r\n<span style=\"color:rgb(0,0,255)\">          </span><span style=\"color:rgb(255,0,0)\">targetNamespace</span><span style=\"color:rgb(0,0,255)\">=</span>&quot;<span style=\"color:rgb(0,0,255)\">http://ddue.schemas.microsoft.com/authoring/2003/5</span>&quot;<span style=\"color:rgb(0,0,255)\">/&gt;\r\n&lt;/</span><span style=\"color:rgb(163,21,21)\">SchemaCatalog</span><span style=\"color:rgb(0,0,255)\">&gt;</span></pre>\r\n- Dave \r\n",
    "PostedDate": "2008-05-29T03:09:44.41-07:00",
    "UserRole": null,
    "MarkedAsAnswerDate": null
  }
]