[
  {
    "Id": "609549",
    "ThreadId": "256904",
    "Html": "<p>Another one of these I'm afraid. I've tried all the previously recommended solutions, including the Assembly Binding Redirection plug-in.&nbsp;</p>\n<p>Here is the error:</p>\n<div style=\"color: black; background-color: white;\">\n<pre>-------------------------------\nGenerating reflection information...\n[C:\\Windows\\Microsoft.NET\\Framework\\v4.0.30319\\MSBuild.exe]\n  MrefBuilder (v2.6.10621.1)\n  Copyright , Microsoft 2006\n  Info: Loaded 69 assemblies for reflection and 49 dependency assemblies.\nMREFBUILDER : error : Unresolved assembly reference:&nbsp;</pre>\n<pre>MindFusion.Diagramming&nbsp;(MindFusion.Diagramming, Version=5.4.0.18100, Culture=neutral, PublicKeyToken=a0d18338041985ba)&nbsp;</pre>\n<pre>required by MindFusion.Diagramming.WinForms [F:\\Published documentation\\Working\\GenerateRefInfo.proj]</pre>\n<pre>    Last step completed in 00:00:14.7858\n-------------------------------\n\nSHFB: Error BE0043: Unexpected error detected in last build step.  See output above for details.</pre>\n</div>\n<p>Only this version (5.4.0.18100) is used in the project. Here (I think) is the reference being found earlier in the log:</p>\n<div style=\"color: black; background-color: white;\">\n<pre>References to use:\n    MindFusion.Common\n    MindFusion.Diagramming\n    MindFusion.Diagramming.WinForms</pre>\nAnd here is the HintPaths (which are correct, in a roundabout way, what with the absolute/relative path mix) from the GenerateRefInfo.proj file:\n<pre><div style=\"color: black; background-color: white;\"><pre>&lt;Reference Include=<span style=\"color: #a31515;\">\"MindFusion.Common\"</span>&gt;      \n\t&lt;HintPath&gt;F:\\Visual Studio 2010\\Projects\\trunc\\src\\Desktop\\GUI\\..\\..\\..\\libraries\\MindFusionEvaluation\\MindFusion.Common.dll&lt;/HintPath&gt;    \n&lt;/Reference&gt;    \n&lt;Reference Include=<span style=\"color: #a31515;\">\"MindFusion.Diagramming\"</span>&gt;      \n\t&lt;HintPath&gt;F:\\Visual Studio 2010\\Projects\\trunc\\src\\Desktop\\GUI\\..\\..\\..\\libraries\\MindFusionEvaluation\\MindFusion.Diagramming.dll&lt;/HintPath&gt;    \n&lt;/Reference&gt;    \n&lt;Reference Include=<span style=\"color: #a31515;\">\"MindFusion.Diagramming.WinForms\"</span>&gt;      \n\t&lt;HintPath&gt;F:\\Visual Studio 2010\\Projects\\trunc\\src\\Desktop\\GUI\\..\\..\\..\\libraries\\MindFusionEvaluation\\MindFusion.Diagramming.WinForms.dll&lt;/HintPath&gt;    \n&lt;/Reference&gt;</pre>\n</div>\n</pre>\n<p>Cheers, Matt</p>\n</div>",
    "PostedDate": "2011-05-09T07:13:00.053-07:00",
    "UserRole": null,
    "MarkedAsAnswerDate": null
  },
  {
    "Id": "611173",
    "ThreadId": "256904",
    "Html": "<p>It's most likely related to the problem in this SHFB work item: <a href=\"http://shfb.codeplex.com/workitem/30656\">http://shfb.codeplex.com/workitem/30656</a></p>\r\n<p>I've never been able to duplicate the problem and haven't been sent a failing example&nbsp;so haven't found a fix.&nbsp; According to the above work item, using the ReferencePath property may fix the issue.&nbsp; I'll see about adding support for it to the next release to see if that fixes it.</p>\r\n<p>Eric</p>\r\n<p>&nbsp;</p>",
    "PostedDate": "2011-05-11T12:28:51.407-07:00",
    "UserRole": null,
    "MarkedAsAnswerDate": null
  },
  {
    "Id": "720694",
    "ThreadId": "256904",
    "Html": "<p>Try using Wildcard References Plug-In. Configure it to find problematic references. It worked out for me.</p>",
    "PostedDate": "2012-01-05T01:29:27.66-08:00",
    "UserRole": null,
    "MarkedAsAnswerDate": null
  }
]