[
  {
    "Id": "846640",
    "ThreadId": "358883",
    "Html": "\r\n<p>I've finally gotten around to running Sandcastle (I'm pretty sure its version 2.7).&nbsp; I selected my .DLL; it then created a .scproj file.&nbsp; But now I have to ask, where's the output?&nbsp; Besides the .scproj file, there isn't anything else I can\r\n see as documentation.&nbsp; Certainly not a .chm file; or if there is one, I have no idea where it is.&nbsp; I tried to find help on running Sandcastle, but got nothing.&nbsp; So, what now?</p>\r\n",
    "PostedDate": "2012-06-08T08:37:56.32-07:00",
    "UserRole": null,
    "MarkedAsAnswerDate": null
  },
  {
    "Id": "846744",
    "ThreadId": "358883",
    "Html": "<p>The GUI included with Sandcastle itself is rather basic and not very user friendly.&nbsp; As I recall, it dumps the output in the C:\\Program Files (x86)\\Sandcastle\\Examples folder in a sub-folder named after the project you created.&nbsp; Try the <a title=\"SHFB\" href=\"http://SHFB.CodePlex.com\" target=\"_blank\">Sandcastle Help File Builder</a>.&nbsp; It provides a much better standalone front end and Visual Studio integration for Sandcastle and provides more features.&nbsp; It also comes with a help file containing Getting Started topics that will help get you going.</p>\r\n<p>Eric</p>\r\n<p>&nbsp;</p>",
    "PostedDate": "2012-06-08T12:20:52.937-07:00",
    "UserRole": null,
    "MarkedAsAnswerDate": null
  }
]