[
  {
    "Id": "132239",
    "ThreadId": "39837",
    "Html": "Can someone tell me which version of Sandcastle was the first version that supports .NET Framework 3.5?\r\n",
    "PostedDate": "2008-11-13T01:55:06.937-08:00",
    "UserRole": null,
    "MarkedAsAnswerDate": null
  },
  {
    "Id": "132251",
    "ThreadId": "39837",
    "Html": "Hi, <br>\r\n<br>\r\nI believe it was <a href=\"http://www.codeplex.com/Sandcastle/Release/ProjectReleases.aspx?ReleaseId=9921\">version 2.4.10115 (January 15, 2008)</a>, which was the first RTW on CodePlex.<br>\r\n<br>\r\n- Dave\r\n",
    "PostedDate": "2008-11-13T02:55:26-08:00",
    "UserRole": null,
    "MarkedAsAnswerDate": null
  },
  {
    "Id": "132252",
    "ThreadId": "39837",
    "Html": "Techincally Sandcastle has always <em>supported </em>3.5 since it was built on top of the 2.0 Framework.<br>\r\n<br>\r\nBut I was wrong about the 2008 release being the first to include the 3.5 reflection files.  It was actually the October 2007 release (the previous one).<br>\r\n<br>\r\n<a href=\"http://blogs.msdn.com/sandcastle/archive/2007/10/30/announcing-october-2007-sandcastle-ctp-release.aspx\">http://blogs.msdn.com/sandcastle/archive/2007/10/30/announcing-october-2007-sandcastle-ctp-release.aspx</a><br>\r\n<br>\r\n- Dave\r\n",
    "PostedDate": "2008-11-13T03:11:32.697-08:00",
    "UserRole": null,
    "MarkedAsAnswerDate": null
  }
]