[
  {
    "Id": "94519",
    "ThreadId": "28333",
    "Html": "Hello All,<br>\r\nI have finally published a new project, the Sandcastle Assist, <a href=\"http://www.codeplex.com/SandAssist\">http://www.codeplex.com/SandAssist</a>.<br>\r\n<br>\r\nThis project aims to provide libraries and components to help simply the help building process<br>\r\nusing the Sandcastle, and available under the flexible <span id=\"ctl00_ctl00_Content_TabContentPanel_Content_licenseType\">Microsoft Public License (Ms-PL) so there<br>\r\nis no restrictions on its use.<br>\r\n<br>\r\nThe custom build components can be used in your own projects or in existing GUI tools, like the<br>\r\nSHFB and the DocProject.<br>\r\n<br>\r\nI will be making details of the project available when the next Sandcastle is released. The source<br>\r\ncodes will also be available in the CodePlex Source Code system for all to download. Any developer<br>\r\ncould join and contribute codes.<br>\r\n<br>\r\nUnfortunately, the 30 days period required for the CodePlex project to be published is about to <br>\r\nexpire, so I have decided to publish it and make the details available later - sorry.<br>\r\n<br>\r\nBest regards,<br>\r\nPaul.</span> \r\n",
    "PostedDate": "2008-05-23T23:09:03.75-07:00",
    "UserRole": null,
    "MarkedAsAnswerDate": null
  }
]