[
  {
    "Id": "105984",
    "ThreadId": "31905",
    "Html": "Hi, <br>\r\nIs possible to change the footer using command line parameters to Assembly Name, Module and Version (ex: Assembly: <span>AsName</span> (Module: AsModule) Version: 123 (1.0.0.0) ) instead of&nbsp; &quot;2008 Microsoft Corporation. All rights reserved.&quot;?<br>\r\nAlso,&nbsp; i want to remove the &quot;This is experimental documentation.&quot; that is placed after the topic name and i don't know what arguments to use. <br>\r\n<br>\r\nThanks<br>\r\n",
    "PostedDate": "2008-07-21T06:44:26.807-07:00",
    "UserRole": null,
    "MarkedAsAnswerDate": null
  },
  {
    "Id": "106000",
    "ThreadId": "31905",
    "Html": "Hi, <br>\r\n<br>\r\nYou can change these content items, among others, by modifying the XML files in your chosen presentation style's <strong>Content</strong> folder.&nbsp; For the header and footer in particular, check out the <strong>shared_content.xml</strong> file.<br>\r\n<br>\r\nHowever,&nbsp;I'm not sure if there are any&nbsp;content items that you can use to include assembly information dynamically.&nbsp; In that case you must either hard-code the values (which would cause all builds to use the same values even when building help for other projects) or&nbsp;create a custom shared content file that overrides&nbsp;various items and supply it to your help builds on a per-project basis.&nbsp; To add a custom shared content file you must open the Build Assembler configuration file (e.g.,&nbsp;<strong>Configuration\\sandcastle.config</strong>), locate&nbsp;the&nbsp;<strong>SharedContentComponent </strong>component element that includes the other content files and append a new include for your own file to the end of the list.&nbsp; The items in your own file will then override any existing items.<br>\r\n<br>\r\n- Dave\r\n",
    "PostedDate": "2008-07-21T07:33:12.857-07:00",
    "UserRole": null,
    "MarkedAsAnswerDate": null
  },
  {
    "Id": "106019",
    "ThreadId": "31905",
    "Html": "For version information, you can use the custom build components found in the <a href=\"http://www.codeplex.com/SHFB\">Sandcastle Help File Builder</a>.&nbsp; The components can be used in your own build scripts and configuration files (the standalone download).&nbsp; Note that assembly information appears in the topic based on the presentation style.&nbsp; In the VS2005 and Hana styles, it appears towards the top of the topic and the Prototype style places it towards the bottom.&nbsp; The build component mentioned above just adds the version number, it won't change the location.&nbsp; A post-transform component included with the custom build components will move the assembly information to the footer in the Prototype style.&nbsp; The location in the Hana and VS2005 styles can't be changed without modifying the actual Sandcastle transformations.&nbsp; Also, SHFB itself provides the ability to override the standard footer and header text items without modifying the Sandcastle content files.<br>\r\n<br>\r\nEric<br>\r\n",
    "PostedDate": "2008-07-21T09:12:48.73-07:00",
    "UserRole": null,
    "MarkedAsAnswerDate": null
  },
  {
    "Id": "106162",
    "ThreadId": "31905",
    "Html": "Thanks for your responses!<br>\r\n<br>\r\nFlavia<br>\r\n",
    "PostedDate": "2008-07-21T22:30:03.63-07:00",
    "UserRole": null,
    "MarkedAsAnswerDate": null
  }
]