[
  {
    "Id": "596105",
    "ThreadId": "253611",
    "Html": "<p>Hi, I'd like to tweak the way Sandcastle deals with overloads, because I'd prefer not to manage duplicate copies of the same documentation, or even manage &lt;inheritdoc/&gt; tags manually.</p>\n<p>I want to be able to share one documentation page with all overloads. So the following code:</p>\n<div style=\"color: black; background-color: white;\">\n<pre><span style=\"color: gray;\">///</span> <span style=\"color: gray;\">&lt;summary&gt;</span>\n<span style=\"color: gray;\">///</span><span style=\"color: green;\"> Launches the freakin' space shuttle.</span>\n<span style=\"color: gray;\">///</span> <span style=\"color: gray;\">&lt;/summary&gt;</span>\n<span style=\"color: gray;\">///</span> <span style=\"color: gray;\">&lt;param name=\"destination\"&gt;</span><span style=\"color: green;\">Destination expressed as documented in RFC 3514.&lt;/param&gt;</span>\n<span style=\"color: gray;\">///</span> <span style=\"color: gray;\">&lt;param name=\"launchTime\"&gt;</span><span style=\"color: green;\">When to launch.&lt;/param&gt;</span>\n<span style=\"color: gray;\">///</span> <span style=\"color: gray;\">&lt;param name=\"countDown\"&gt;</span><span style=\"color: green;\">Time to launch expressed as an offset from the</span>\n<span style=\"color: gray;\">///</span><span style=\"color: green;\"> current time.&lt;/param&gt;</span>\n<span style=\"color: gray;\">///</span> <span style=\"color: gray;\">&lt;exception cref=\"NotSupportedException\"&gt;</span><span style=\"color: green;\">Space shuttle is no longer in service.&lt;/exception&gt;</span>\n<span style=\"color: gray;\">///</span> <span style=\"color: gray;\">&lt;remarks&gt;</span>\n<span style=\"color: gray;\">///</span><span style=\"color: green;\"> This method may cease to function after June 28, 2011.</span>\n<span style=\"color: gray;\">///</span><span style=\"color: green;\"> If launchTime or countDown parameters are omitted, </span>\n<span style=\"color: gray;\">///</span><span style=\"color: green;\"> the shuttle launches immediately.</span>\n<span style=\"color: gray;\">///</span> <span style=\"color: gray;\">&lt;/remarks&gt;</span>\n<span style=\"color: blue;\">void</span> LaunchShuttle(Uri destination, DateTime launchTime) { ... }\n<span style=\"color: blue;\">void</span> LaunchShuttle(Uri destination, TimeSpan countDown) { ... }\n<span style=\"color: blue;\">void</span> LaunchShuttle(Uri destination) { ... }\n</pre>\n</div>\n<p>Should produce the same page for each overload except that parameters that do not apply are left out.</p>\n<p>Naturally, I want &lt;see cref=\"LaunchShuttle\"/&gt; to create a link to all overloads, not just a random overload. I know that the C# compiler randomly picks an overload for some reason, but maybe an extra attribute (e.g. &lt;see cref=\"LaunchShuttle\" mode=\"specific\"/&gt;)  could express whether a specific overload or all overloads is desired. (To make life easier, the default should be \"all\").</p>\n<p>How could I modify Sandcastle to make this happen (or even use one identical page for all overloads)? Keeping in mind that I'm a noob.</p>\n<p>Bonus points if you know how to make the overload page only state the summary once, not pointlessly repeated for every overload.</p>",
    "PostedDate": "2011-04-12T11:52:08.907-07:00",
    "UserRole": null,
    "MarkedAsAnswerDate": null
  },
  {
    "Id": "596116",
    "ThreadId": "253611",
    "Html": "<p>P.S. For inherited members in the \"class members\" list, I'd like to use a light gray background color for inherited methods and light yellow for protected methods. Listing the protected and inherited members last would also be nice. How hard would that be?</p>",
    "PostedDate": "2011-04-12T12:02:38.117-07:00",
    "UserRole": null,
    "MarkedAsAnswerDate": null
  },
  {
    "Id": "596131",
    "ThreadId": "253611",
    "Html": "<blockquote style=\"border: solid .1em #ccc; font-style: italic; margin: .25em 1em 0 1em; padding: 0 .25em 0 .25em;\"><strong>qwertie wrote:</strong><br />\r\n<p>P.S. For inherited members in the \"class members\" list, I'd like to use a light gray background color for inherited methods and light yellow for protected methods. Listing the protected and inherited members last would also be nice. How hard would that be?</p>\r\n</blockquote>\r\n<p>The current way is to use icons as in the MSDN, and if that is not sufficient for your needs, <br />you will have to modify the Sandcastle presentation styles to have this.</p>\r\n<p>Best regards,<br />Paul.&nbsp;</p>",
    "PostedDate": "2011-04-12T12:27:58.05-07:00",
    "UserRole": null,
    "MarkedAsAnswerDate": null
  },
  {
    "Id": "596145",
    "ThreadId": "253611",
    "Html": "<p>&gt;&gt;<strong>qwertie</strong>:&nbsp;<em>Should produce the same page for each overload except that parameters that do not apply are left out</em>.</p>\r\n<p>I do not know why you will prefer that to simply adding &lt;inheridoc/&gt; to each overloads. <br />The compilation time it will take to achieve that is hardly worth the effort. A quick start is to look at the Sandcastle<br />configuration file, you will see the point where the comments are copied into the build template (it is well commented).<br />The copying is done with copy component (class name CopyComponent, an implementation of which does the <br />inheridoc copy for you). See this...</p>\r\n<p><a href=\"http://sandcastle.codeplex.com/SourceControl/changeset/view/54478#397170\">http://sandcastle.codeplex.com/SourceControl/changeset/view/54478#397170</a></p>\r\n<p>On the link to the overload page, it is unresolved issue because of the C# compiler bug introduced in 2005.<br />Using a syntax like &lt;see cref=\"O:Namespace.Class.Method\"/&gt; will pass through without any compiler warning,<br />you can then either modify the sandcastle transformation or write a custom component to correct it before the link<br />resolver picks it (or rework the link resolver). See the following thread for further information on the transformation...</p>\r\n<p><a href=\"http://social.msdn.microsoft.com/Forums/en/devdocs/thread/3906970c-4825-492b-8536-8bf644b46648\">http://social.msdn.microsoft.com/Forums/en/devdocs/thread/3906970c-4825-492b-8536-8bf644b46648</a></p>\r\n<p>Best regards,<br />Paul.&nbsp;</p>",
    "PostedDate": "2011-04-12T12:55:00.677-07:00",
    "UserRole": null,
    "MarkedAsAnswerDate": null
  },
  {
    "Id": "596152",
    "ThreadId": "253611",
    "Html": "<p>I replied to your message in the SHFB forum regarding these issues in this thread: <a href=\"http://shfb.codeplex.com/discussions/59382\">http://shfb.codeplex.com/discussions/59382</a></p>\n<p>The thread noted above also contains links to possible&nbsp;changes to get &lt;see&gt; overload references working but they may have had issues as I recall and were for older versions of Sandcastle so I'm not sure if they'll still work.</p>\n<p>Eric</p>\n<p>&nbsp;</p>",
    "PostedDate": "2011-04-12T13:13:28.36-07:00",
    "UserRole": null,
    "MarkedAsAnswerDate": null
  },
  {
    "Id": "596655",
    "ThreadId": "253611",
    "Html": "<p>I got sharing to work like this:</p>\r\n<p>\r\n<div style=\"color: black; background-color: white;\">\r\n<pre><span style=\"color: gray;\">///</span><span style=\"color: green;\"> &lt;inheritdoc cref=\"LaunchShuttle(Uri, DateTime)\"/&gt;</span>\r\n<span style=\"color: blue;\">public</span> <span style=\"color: blue;\">void</span> LaunchShuttle(Uri destination, TimeSpan countDown) { }\r\n<span style=\"color: gray;\">///</span><span style=\"color: green;\"> &lt;inheritdoc cref=\"LaunchShuttle(Uri, DateTime)\"/&gt;</span>\r\n<span style=\"color: blue;\">public</span> <span style=\"color: blue;\">void</span> LaunchShuttle(Uri destination) { }\r\n</pre>\r\n</div>\r\n</p>\r\n<p>Under SHFB, each documentation page, luckily, does select the correct subset of &lt;param&gt; tags to display, although the compiler will complain with CS1572 about parameters not present in the current overload. I guess Sandcastle can't do anything about that.</p>\r\n<p>Regarding the difficulty linking to an overload list, I got it to work with a script I posted in <a href=\"http://shfb.codeplex.com/discussions/59382\">this thread</a>. Like previous solutions, my solution requires a fully qualified name like &lt;see cref=\"O:Complete.Namespace.ClassName.MethodName\"/&gt;, but on the plus side it doesn't require modifications to Sandcastle itself. If I were a script monkey I could probably make it work the way I want, but I'm not, so that script alone took me hours on Google to develop.</p>\r\n<p>@SelormeyPaul, I'm not sure why you even ask why I don't want to type out these inheritdoc tags manually. Repetitive mechanical work should be the computer's job. Also, inheritdoc is not in the VS autocompletion list, and some of my parameter lists are long and I don't enjoy typing them out.</p>\r\n<p>As for the icons, there is no icon for repeated base-class members, and the icon for protected members is only subtly different from public members. IMO, a change to the entire row (and the sort order) would make it easier for users to find what they're looking for. So these presentation styles... where can I find them?</p>",
    "PostedDate": "2011-04-13T08:30:00.57-07:00",
    "UserRole": null,
    "MarkedAsAnswerDate": null
  },
  {
    "Id": "596771",
    "ThreadId": "253611",
    "Html": "<p>You can find the presentation style folders in the \\Program Files (x86)\\Sandcastle\\Presentation folder.&nbsp; Under each one is a set of subfolders containing the scripts, stylesheets, resources, XSL transformations, etc.&nbsp; The Prototype and Hana styles have been deprecated so you only really need to look at the VS2005 style files.&nbsp; If you want to pursue changing the row color and sort order, you'll most likely have to add a style to the stylesheet and update one or more of the XSL transformations to use it in the right places and adjust the sort in the same places in the transformations.</p>\r\n<p>Eric</p>\r\n<p>&nbsp;</p>",
    "PostedDate": "2011-04-13T12:27:07.71-07:00",
    "UserRole": null,
    "MarkedAsAnswerDate": null
  },
  {
    "Id": "596884",
    "ThreadId": "253611",
    "Html": "<p>&gt;&gt;qwertie: /// &lt;inheritdoc cref=\"LaunchShuttle(Uri, DateTime)\"/&gt;<br />Unless launchTime and countDown are the same, the above is why I opposed the support of even the inheritdoc.</p>\r\n<p>&gt;&gt;qwertie: Repetitive mechanical work should be the computer's job.<br />I think VS supports macros and add-ins for a reason :)</p>\r\n<p>&gt;&gt;qwertie: &nbsp;...but I'm not, so that script alone took me hours on Google to develop.<br />Planning to add a support to my build library as part of fixing the comments before the documentations to save time.</p>\r\n<p>Best regards,<br />Paul.&nbsp;</p>",
    "PostedDate": "2011-04-13T15:54:30.147-07:00",
    "UserRole": null,
    "MarkedAsAnswerDate": null
  },
  {
    "Id": "597286",
    "ThreadId": "253611",
    "Html": "<p>&gt;&gt; Unless launchTime and countDown are the same, the above is why I opposed the support of even the inheritdoc.</p>\r\n<p>So you thought it was better that users copy-paste the same documentation manually to each overload? Here's a thought... if the user provides documentation for only the first overload, why not put all overloads on a single page with that documentation instead of having separate pages for each one? Different overloads usually do the same thing, just expressing equivalent inputs in different ways, or have fewer parameters (the only way to \"support\" default parameters before C# 4). Am I the only one that thinks documenting each one independently is a waste of programmer time (and space in the help file)?</p>\r\n<p>&gt;&gt; I think VS supports macros and add-ins for a reason :)</p>\r\n<p>Are you suggesting each user should separately write their own VS macro or add-in that can figure out which overload has documentation and add &lt;inheritdoc&gt; to the other overloads? Even if more than 1 in 20 developers knew how, don't forget, we don't all have VS Professional Edition.</p>",
    "PostedDate": "2011-04-14T09:18:58.547-07:00",
    "UserRole": null,
    "MarkedAsAnswerDate": null
  },
  {
    "Id": "597539",
    "ThreadId": "253611",
    "Html": "<p>&gt;&gt;<strong>qwertie</strong>:&nbsp;<em>So you thought it was better that users copy-paste the same documentation manually to each overload</em>?</p>\r\n<p>Inherit what is common, (in this case the summary, remarks, parameter:destination),&nbsp;and then provide the difference.<br />In reality, each overloaded method does something special; providing default value for \"missing\" parameters for instance,<br />and there is no way this can be automated. The countDown in your sample could mean there is a startTime; may be the<br />time of calling the LaunchShuttle or there is a delay time after calling the LaunchShuttle. So the point is do you really <br />want to provide the user with a useful documentation&nbsp;or anything goes?</p>\r\n<p>&gt;&gt;<strong>qwertie</strong>: <em>Am I the only one that thinks documenting each one independently is a waste of programmer time</em>...</p>\r\n<p>That you do not want to use even the inheritdoc, as in your first post is what look strange.&nbsp;</p>\r\n<p>&gt;&gt;<strong>qwertie</strong>: Are you suggesting each user should separately write their own VS macro or add-in...</p>\r\n<p>No, since personally I do not see the need for this, and it is not like every method in a every class is overloaded. <br />Adding inheritdoc is not a work I will wish to automate.<br />The point here is, the commenting part of the documentation process is done in the VS, and this is where you<br />automate if needed. &nbsp;</p>\r\n<p>&gt;&gt;<strong>qwertie</strong>:&nbsp;<em>Even if more than 1 in 20 developers knew how, don't forget, we don't all have VS Professional Edition</em>.</p>\r\n<p>Is not like a facility is not provided. And already, VS adds the template if you type ///, and you never have to type <br />a parameter list&nbsp;as you claimed in your earlier post. &nbsp;</p>\r\n<p>Only the Express edition meant for&nbsp;hobbyists and students does not support macros and addins.</p>\r\n<p>There is more work still needed in the Sandcastle, that is why in my first post, I still went ahead and showed you<br />where to start, if you think this is a useful feature that deserves time and resources, then please contribute this to<br />the community.</p>\r\n<p>Best regards,<br />Paul.&nbsp;</p>",
    "PostedDate": "2011-04-14T15:46:11.313-07:00",
    "UserRole": null,
    "MarkedAsAnswerDate": null
  }
]