[
  {
    "Id": "464056",
    "ThreadId": "218541",
    "Html": "<p>The release is available from <a href=\"http://shfb.codeplex.com/releases/view/48434\">http://shfb.codeplex.com/releases/view/48434</a>.</p>\r\n<p>This release supports the Sandcastle June 2010 Release (v2.6.10621.1). It includes several custom build components for use with Sandcastle and other community build tools, a utility to generate inherited documentation, and a utility to install and remove MS Help Viewer files. See the included help file for more information.</p>\r\n<p>Eric</p>",
    "PostedDate": "2010-07-06T21:10:08.613-07:00",
    "UserRole": null,
    "MarkedAsAnswerDate": null
  }
]