[
  {
    "Id": "127778",
    "ThreadId": "38518",
    "Html": "An update to the Sandcastle MAML Guide is now available at the <a href=\"http://www.codeplex.com/SandcastleStyles\">Sandcastle Styles</a> project site on CodePlex.  This update corrects some information and includes topics for some additional elements and attributes that were overlooked in the first release.<br>\r\n<br>\r\nIn addition, a new <a href=\"http://www.codeplex.com/SandcastleStyles/Release/ProjectReleases.aspx?ReleaseId=18782\">HTML to MAML converter</a> utility has been added to the project site.  The purpose of this utility is to quickly convert a batch of HTML files into MAML topics along with some supporting files to save you from having to do it manually. See the help file included with the utility for information on how to use it and, optionally, how to adjust the rules file.<br>\r\n<br>\r\nEric<br>\r\n",
    "PostedDate": "2008-10-25T17:02:09.733-07:00",
    "UserRole": null,
    "MarkedAsAnswerDate": null
  }
]