[
  {
    "Id": "94813",
    "ThreadId": "28426",
    "Html": "Hi<br>\r\nIs it possible to run Sandcastle across XML documentation files only, which no assemblies?<br>\r\nThanks in advance<br>\r\nMark H<br>\r\n",
    "PostedDate": "2008-05-26T14:41:29.133-07:00",
    "UserRole": null,
    "MarkedAsAnswerDate": null
  },
  {
    "Id": "94818",
    "ThreadId": "28426",
    "Html": "<p>No, in order to produce API documentation, Sandcastle needs a reflection information file so that it knows what the types and members are, their visibility, etc.  If you are trying to produce a help file that isn't related to an API, you should take a look at Sandcastle's support for conceptual content.  It uses XML files containing Microsoft Assistance Markup Language (MAML) to build topics for non-API help.</p>\r\n<p>Eric</p>\r\n<p>&nbsp;</p>\r\n",
    "PostedDate": "2008-05-26T16:20:38.537-07:00",
    "UserRole": null,
    "MarkedAsAnswerDate": null
  }
]