[
  {
    "Id": "1015867",
    "ThreadId": "436756",
    "Html": "Hi,\r<br />\n<br />\nI am new to SandCastle and not able to use this tool. Can anyone help me how to use this tool or any documentation present to use the same.\r<br />\n<br />\nThanks,\r<br />\nPradeep<br />\n",
    "PostedDate": "2013-03-15T05:21:15.57-07:00",
    "UserRole": null,
    "MarkedAsAnswerDate": null
  },
  {
    "Id": "1015888",
    "ThreadId": "436756",
    "Html": "Please note that this project has been discontinued and may not be monitored all that frequently. For documentation and other information concerning Sandcastle or SHFB, check out the  <a href=\"http://shfb.codeplex.com/\" rel=\"nofollow\">Sandcastle Help File Builder</a> project.<br />\n",
    "PostedDate": "2013-03-15T06:09:14.083-07:00",
    "UserRole": null,
    "MarkedAsAnswerDate": null
  }
]