[
  {
    "Id": "96900",
    "ThreadId": "29085",
    "Html": "Hi Guys,<br>\r\n<br>\r\nI'm a long-time .NET developer (I've been developing primary in .NET since 1.0 days) and have over the years developed a very strong preference towards using OSS tools like NUnit, NUnitForms, NDoc, NBehave, NXmlSerializer etc.&nbsp; In my experience, I have <em>never</em> been on a project that has not had the need to modify or extend a dev tool.&nbsp; My last employer was happy to let employees release any non-core tool developed in-house as OSS, and to contribute freely to OSS tools we used.<br>\r\n<br>\r\nAs a result of this experience - and some singularly negative experiences with closed-source tools not doing what I wanted -&nbsp; I'm biased <em>very </em>strongly towards OSS dev tools as a way of mitigating technical risk, even when developing on a closed-source framework like .NET.&nbsp; I'd be much happier recommending Sandcastle for my current project if the source was available under a permissive license.<br>\r\n<br>\r\nFurthermore, the CodePlex home page clearly states (my emphasis):<br>\r\n<br>\r\n&nbsp;&nbsp;&nbsp; &quot;CodePlex is Microsoft's <strong>open source project </strong>hosting web site. Start a\r\nnew project, join an existing one, or download software created by the\r\ncommunity.&quot;<br>\r\n<br>\r\nSo ... how do interested members of 'the community' get our hands on the Sandcastle source?&nbsp; If we can't, can you tell us why, &amp; why it's on CodePlex in the first place if it's not open source?<br>\r\n<br>\r\nYours,<br>\r\nDuncan Bayne<br>\r\n<a href=\"http://www.fluidscape.co.nz/\">http://www.fluidscape.co.nz/</a>\r\n",
    "PostedDate": "2008-06-04T22:51:57.203-07:00",
    "UserRole": null,
    "MarkedAsAnswerDate": null
  },
  {
    "Id": "96957",
    "ThreadId": "29085",
    "Html": "Hi Duncan/SandCastle project coordinators<br>\r\n<br>\r\nThis came to my attention yesterday, and we had a big discussion on CodeProject about it. I have notified the listed project contact without response.<br>\r\n<br>\r\nI believe, Sandcastle has 2 options, either they relicense, or release the source.<br>\r\n<br>\r\nSomeone did bring up the fact that the MS PL does not explicitly state source code must be available [1], but as it is an OSI approved license, it has to conform strictly to the OSI definition [2].<br>\r\n<br>\r\nHere are some quoted parts (emphasis for effect):<br>\r\n<h2>Open Source Licenses</h2>\r\nMicrosoft maintains two licenses that have been certified by the <a href=\"http://www.opensource.org/\">Open Source Initiative</a>  (OSI). Certification by the OSI means that <strong>developers can be confident that the licenses meet the terms</strong> of the <a href=\"http://www.opensource.org/docs/osd\">Open Source Definition</a>.<br>\r\n<h2>Introduction</h2>\r\n<p>\r\n<strong>Open source doesn't just mean access to the source code.</strong> The\r\ndistribution terms of open-source software must comply with\r\nthe following criteria:\r\n</p>\r\n<a name=1>\r\n<h3>1. Free Redistribution</h3>\r\n</a>\r\n<p>\r\nThe license shall not restrict any party from selling or\r\ngiving away the software as a component of an aggregate\r\nsoftware distribution containing programs from several\r\ndifferent sources. The license shall not require a\r\nroyalty or other fee for such sale.\r\n</p>\r\n<a name=2>\r\n<h3>2. Source Code</h3>\r\n</a>\r\n<p>\r\n<strong>The program must include source code, and must allow distribution\r\nin source code as well as compiled form. </strong>Where some form of a\r\nproduct is not distributed with source code, there must be a\r\nwell-publicized means of obtaining the source code for no more\r\nthan a reasonable reproduction cost preferably, downloading via\r\nthe Internet without charge.  The source code must be the\r\npreferred form in which a programmer would modify the program.\r\nDeliberately obfuscated source code is not allowed. Intermediate\r\nforms such as the output of a preprocessor or translator are not\r\nallowed. </p>\r\n<p>Now the authors can claim this is just a mix up, but this project has been hosted here for at least 6 months.</p>\r\n<p>What is further worse is that the 'author' of MS PL is clearly undermining the validity and conformance of the license as a true open source license. </p>\r\n<p>What impact will this have on the legal ground I can stand on for my own projects licensed under the MS PL? </p>\r\n<p>So please Microsoft, rectify this situation immediately.</p>\r\nRegards<br>\r\n<br>\r\nLlewellyn Pritchard (aka leppie)<br>\r\n<br>\r\nReferences:<br>\r\n<br>\r\n[1] http://www.microsoft.com/opensource/licenses.mspx#Ms-PL<br>\r\n[2] http://www.opensource.org/docs/osd<br>\r\n",
    "PostedDate": "2008-06-05T03:44:03.707-07:00",
    "UserRole": null,
    "MarkedAsAnswerDate": null
  },
  {
    "Id": "96970",
    "ThreadId": "29085",
    "Html": "This situation is going to end up on Slashdot with a dramatic name like &quot;Codeplex fails; Microsoft doesn't understand Open Source&quot; unless it gets fixed. Worst part is that they would be right.<br>\r\n<br>\r\nJust release it elsewhere if no source is going to be made available. This is really bad PR. \r\n",
    "PostedDate": "2008-06-05T05:07:01.59-07:00",
    "UserRole": null,
    "MarkedAsAnswerDate": null
  },
  {
    "Id": "96975",
    "ThreadId": "29085",
    "Html": "Well said reinux :)<br>\r\n",
    "PostedDate": "2008-06-05T05:18:49.307-07:00",
    "UserRole": null,
    "MarkedAsAnswerDate": null
  },
  {
    "Id": "96983",
    "ThreadId": "29085",
    "Html": "<p>I do not know what all this is about. Did any of you see Ms-PL when installing the Sandcastle?</p>\r\n<p>Assuming you do not know, the CodePlex license allows you to host samples of commercial product here.<br>\r\nMS could simply release a style here and it is still complete, or just even the generic sample.<br>\r\nNDoc sources are still around, how many of us are contributing to it?</p>\r\n<p>The home page of this site ends with &quot;stay tuned...&quot; which means they are in the process of getting this<br>\r\nacts together, so what is all these about? That we understand license more than MS or what?</p>\r\n<p>Best regards,<br>\r\nPaul.</p>\r\n",
    "PostedDate": "2008-06-05T05:42:15.747-07:00",
    "UserRole": null,
    "MarkedAsAnswerDate": null
  },
  {
    "Id": "96985",
    "ThreadId": "29085",
    "Html": "Paul<br>\r\n<br>\r\nThat was in January (8th). If MS was a government owned operation, sure, I guess 6 months would be acceptable. This however is not. This is a misrepresentation. They should have chosen another license if they could not comply, as they have legally bound themselves now, by choosing the incorrect license.<br>\r\n<br>\r\nThey are hosting a closed sourced product here. I see not open samples either. Neither is there any license in the binary distribution (do not confuse an installer EULA with a license please). They have that Code dump/sample thing on MSDN, why not use that?<br>\r\n<br>\r\nRegards <br>\r\n<br>\r\nleppie\r\n",
    "PostedDate": "2008-06-05T05:50:58.997-07:00",
    "UserRole": null,
    "MarkedAsAnswerDate": null
  },
  {
    "Id": "96986",
    "ThreadId": "29085",
    "Html": "<br>\r\n<div style=\"border-style:dotted none;border-color:rgb(170, 170, 170) -moz-use-text-color;border-width:0.1em medium;margin:1em 0em 2.5em 3em;padding:0.2em;font-style:italic\">SelormeyPaul wrote:<br>\r\n<p>NDoc sources are still around, how many of us are contributing to it?</p>\r\n</div>\r\nNot sure I follow what NDoc has to do with this.<br>\r\n",
    "PostedDate": "2008-06-05T05:52:27.323-07:00",
    "UserRole": null,
    "MarkedAsAnswerDate": null
  },
  {
    "Id": "96990",
    "ThreadId": "29085",
    "Html": "<br>\r\n<div style=\"border-style:dotted none;border-color:rgb(170, 170, 170) -moz-use-text-color;border-width:0.1em medium;margin:1em 0em 2.5em 3em;padding:0.2em;font-style:italic\">SelormeyPaul wrote:<br>\r\n<p>Assuming you do not know, the CodePlex license&nbsp;allows you to host samples of commercial product here.</p>\r\n</div>\r\nDefinitely not what the Hosting requirements states:<br>\r\n<div>\r\n<span id=\"ctl00_ctl00_Content_TabContentPanel_Content_wikiSourceLabel\">\r\n<div>\r\n<h5>\r\nWhat are the requirements for hosting a project on CodePlex?\r\n</h5>\r\nYour project must meet the following criteria: <br>\r\n<br>\r\n<ol>\r\n    <li>You must choose a license for your project (license resources: <a href=\"http://en.wikipedia.org/wiki/Open_source_licenses\">Open Source License page on Wikipedia<span></span></a>)</li>\r\n    <li>It must be an ongoing project (no &quot;abandoned&quot; projects)</li>\r\n    <li>It must have source code (no non-software projects)</li>\r\n</ol>\r\n</div>\r\n</span>\r\n</div>\r\n<br>\r\n<br>\r\n",
    "PostedDate": "2008-06-05T06:04:14.02-07:00",
    "UserRole": null,
    "MarkedAsAnswerDate": null
  },
  {
    "Id": "96991",
    "ThreadId": "29085",
    "Html": "Great question... where is the source MS?<br>\r\n",
    "PostedDate": "2008-06-05T06:08:00.833-07:00",
    "UserRole": null,
    "MarkedAsAnswerDate": null
  },
  {
    "Id": "96998",
    "ThreadId": "29085",
    "Html": "Finally I would like to add, upon attempting to download the mislabeled MSI installer, it prompts you to accept the license (MS PL). <br>\r\n",
    "PostedDate": "2008-06-05T06:31:23.173-07:00",
    "UserRole": null,
    "MarkedAsAnswerDate": null
  },
  {
    "Id": "96999",
    "ThreadId": "29085",
    "Html": "&gt;&gt;leppie: <em>That was in January (17th). If MS was a government owned operation, sure, I guess 6 months would be acceptable</em>.<br>\r\nPlease you are not paying for those working on this, so you do not have a right here.<br>\r\nThe second release was to be in February, but we got it in May. If you are here for long or care to read the other threads<br>\r\nyou will know why.<br>\r\n<br>\r\n&gt;&gt;leppie: <em>They are hosting a closed sourced product here</em>. I see not open samples either<br>\r\nWe do not know what they are hosting here yet. They have placed a binary release, which is allowed.<br>\r\nAgain, CodePlex allows even documentations or articles only. It has nothing to mean source codes.<br>\r\n<br>\r\n&gt;&gt;leppie: Neither is there any license in the binary distribution (do not confuse an installer EULA with a license please). <br>\r\nEULA is <strong>End User License Agreement</strong>.. I do not know if you needed anything more. If you need more information,<br>\r\nplease see the Wikipedia <a href=\"http://en.wikipedia.org/wiki/Software_license_agreement\">http://en.wikipedia.org/wiki/Software_license_agreement</a><br>\r\n<br>\r\n&gt;&gt;leppie: <em>They have that Code dump/sample thing on MSDN, why not use that</em>?<br>\r\nThey own this place and can do whatever they like with it. They are paying others to develop this place, which<br>\r\nwe are freely using. The Sandcastle is a tool they develop for their documentations and decided to share it with<br>\r\nus for free. Can't we be grateful for all these services and give them room to work?<br>\r\n<br>\r\n&gt;&gt;leppie: They should have chosen another license if they could not comply..<br>\r\nBefore coming here, in the MSDN forum, they were proposing to release the Prototype style. It is very clear the delay<br>\r\nin stating the direction of this project is due to licensing issues, and that is no secret.<br>\r\n<br>\r\nAnd we know MS developer will not response to legal issues, without directing it to their legal department, so if<br>\r\nyou have time to debate legal issues instead of grabbing the stuff and making a living, you will get a quicker<br>\r\nresponse if you contact the legal department.<br>\r\n<br>\r\nWe have had more than four threads on this already, please let's use this forum to help those having real problems.<br>\r\n<br>\r\nBest regards,<br>\r\nPaul. \r\n",
    "PostedDate": "2008-06-05T06:31:54.517-07:00",
    "UserRole": null,
    "MarkedAsAnswerDate": null
  },
  {
    "Id": "97005",
    "ThreadId": "29085",
    "Html": "&gt;&gt;leppie: <em>Definitely not what the Hosting requirements states</em>:<br>\r\nMonths ago I also asked this, you find it here<br>\r\n<br>\r\n<a href=\"http://www.codeplex.com/CodePlex/Thread/View.aspx?ThreadId=13396\">http://www.codeplex.com/CodePlex/Thread/View.aspx?ThreadId=13396</a><br>\r\n<br>\r\nand if you need to see a project without sources under Ms-PL, here is one of them<br>\r\n<br>\r\n<a href=\"http://www.codeplex.com/BIArchAndDesignGuide\">http://www.codeplex.com/BIArchAndDesignGuide</a><br>\r\n<br>\r\nBest regards,<br>\r\nPaul. \r\n",
    "PostedDate": "2008-06-05T06:44:12.083-07:00",
    "UserRole": null,
    "MarkedAsAnswerDate": null
  },
  {
    "Id": "97007",
    "ThreadId": "29085",
    "Html": "&gt;&gt;leppie: <em>Definitely not what the Hosting requirements states</em>:<br>\r\nMonths ago I also asked this, you find it here<br>\r\n<br>\r\n<a href=\"http://www.codeplex.com/CodePlex/Thread/View.aspx?ThreadId=13396\">http://www.codeplex.com/CodePlex/Thread/View.aspx?ThreadId=13396</a><br>\r\n<br>\r\nBest regards,<br>\r\nPaul.\r\n",
    "PostedDate": "2008-06-05T06:49:44.5-07:00",
    "UserRole": null,
    "MarkedAsAnswerDate": null
  },
  {
    "Id": "97011",
    "ThreadId": "29085",
    "Html": "<br>\r\n<div style=\"border-style:dotted none;border-color:rgb(170, 170, 170) -moz-use-text-color;border-width:0.1em medium;margin:1em 0em 2.5em 3em;padding:0.2em;font-style:italic\"><br>\r\nSelormeyPaul wrote:<br>\r\na) Please you are not paying for those working on this, so you do not have a right here.<br>\r\n<br>\r\nb) Again, CodePlex allows even documentations or articles&nbsp;only. It has nothing to mean source codes.<br>\r\n<br>\r\nc) EULA is&nbsp;<strong>End User License Agreement</strong>.. I do not know if you needed anything more. If you need more information,<br>\r\nplease see the Wikipedia&nbsp;<a href=\"http://en.wikipedia.org/wiki/Software_license_agreement\">http://en.wikipedia.org/wiki/Software_license_agreement</a><br>\r\n<br>\r\nd) They own this place and can do whatever they like with it. They are paying others to develop this place, which<br>\r\nwe are freely using. <br>\r\n<br>\r\ne) And we know MS developer will not response to legal issues, without directing it to their legal department, so if<br>\r\nyou have time to debate legal issues instead of grabbing the stuff and making a living, you will get a quicker<br>\r\nresponse if you contact the legal department.<br>\r\n<br>\r\n</div>\r\na) I did accept the license (MS PL) when I downloaded it, I expect to be granted those rights.<br>\r\nb) Look again. I replied with the hosting conditions.<br>\r\nc) I am not a end user. I am a developer, the EULA does not apply for derivative works.<br>\r\nd) So they have one set of rules and the rest have their limited set of rules. That's rich!<br>\r\ne) I realize they cannot reply, but given the seriousness of the situation, I really think they should get a legally authoritative person to clarify this.<br>\r\n<br>\r\nTo be honest I dont care what project it is, the point is I have a lot of source code under this license (MS PL), and it is hosted here on CodePlex. I would like this license to be fair and valid, and I need to be able to count on it in legal terms.<br>\r\n<br>\r\n",
    "PostedDate": "2008-06-05T07:17:45.243-07:00",
    "UserRole": null,
    "MarkedAsAnswerDate": null
  },
  {
    "Id": "97012",
    "ThreadId": "29085",
    "Html": "<br>\r\n<div style=\"border-style:dotted none;border-color:rgb(170, 170, 170) -moz-use-text-color;border-width:0.1em medium;margin:1em 0em 2.5em 3em;padding:0.2em;font-style:italic\"><br>\r\nSelormeyPaul wrote:<br>\r\n<br>\r\nand if you need to see a project without sources under Ms-PL, here is one of them<br>\r\n<br>\r\n<a href=\"http://www.codeplex.com/BIArchAndDesignGuide\">http://www.codeplex.com/BIArchAndDesignGuide</a><br>\r\n<br>\r\n</div>\r\nThanks for pointing out yet another MS license violation by MS!<br>\r\n",
    "PostedDate": "2008-06-05T07:21:23.013-07:00",
    "UserRole": null,
    "MarkedAsAnswerDate": null
  },
  {
    "Id": "97020",
    "ThreadId": "29085",
    "Html": "&gt;&gt;leppie: <em>To be honest I dont care what project it is</em>,<br>\r\nMany of us  here too, and will least want to deal with noise.<br>\r\n<br>\r\n&gt;&gt;leppie: <em>the point is I have a lot of source code under this license (MS PL), and it is hosted here on CodePlex</em>.<br>\r\nThere is a forum for CodePlex, and I think that is best suited for these issues. You can use the Sandcastle<br>\r\nas an example to them.<br>\r\n<br>\r\n&gt;&gt;leppie: <em>I would like this license to be fair and valid, and I need to be able to count on it in legal terms</em>.<br>\r\nYou've already agreed this is not the place to resolve the license issues or get clarifications, so if you want<br>\r\nresults look for the best place.<br>\r\n<br>\r\nBest regards,<br>\r\nPaul. \r\n",
    "PostedDate": "2008-06-05T07:58:01.783-07:00",
    "UserRole": null,
    "MarkedAsAnswerDate": null
  },
  {
    "Id": "97024",
    "ThreadId": "29085",
    "Html": "I'd like to see the source code for Sandcastle released, but if it's not I'd still like to see Sandcastle remain on CodePlex - with a different license.  We can't deny the features of CodePlex and the fact that a few popular tools and extensions to Sandcastle can be found here already; keeping Sandcastle within the user-established Sandcastle community on CodePlex is a plus.<br>\r\n<br>\r\nAlthough I guess moving it to the <a href=\"http://code.msdn.microsoft.com/\">Code Gallery</a> wouldn't be so bad as an alternative; I think Microsoft is using their own internal TFS for project management so it's possible that the CodePlex project is not being used to its fullest extent anyway.<br>\r\n<br>\r\n- Dave \r\n",
    "PostedDate": "2008-06-05T08:12:38.91-07:00",
    "UserRole": null,
    "MarkedAsAnswerDate": null
  },
  {
    "Id": "97036",
    "ThreadId": "29085",
    "Html": "Wow... don't we have enough legal issues already without making a mountain out of a molehill?  I understand the complaints raised, but have to side with Paul's call to just be grateful and leave it alone.  If you're not satisfied with something a commercial company releases freely (even if it has to do with license terms and nothing else), don't use it.  Don't complain so much that you ruin it for the rest of us who are appreciative.  If you're not satisfied with a commercial company making a platform available for you to share source/binaries, there's always SourceForge.<br>\r\n<br>\r\nGive it a rest.<br>\r\n<br>\r\nMark\r\n",
    "PostedDate": "2008-06-05T08:41:51.877-07:00",
    "UserRole": null,
    "MarkedAsAnswerDate": null
  },
  {
    "Id": "97091",
    "ThreadId": "29085",
    "Html": "Mark, I'm not sure you understand the issue well enough to dismiss it.&nbsp; Without source, binaries are just freeware.&nbsp; They aren't Open Source.&nbsp; So when Microsoft uses an Open Source Initiative approved license without providing source, they risk de-approval of their license.&nbsp; Not a step we would take lightly, of course!&nbsp; But possible.<br>\r\n",
    "PostedDate": "2008-06-05T12:32:01.947-07:00",
    "UserRole": null,
    "MarkedAsAnswerDate": null
  },
  {
    "Id": "97099",
    "ThreadId": "29085",
    "Html": "This discussion has been linked on reddit by Llewellyn. <br>\r\n<br>\r\n<strong>Please do publicly release the source for this; otherwise there's no point in hosting it on CodePlex.</strong><br>\r\n<br>\r\nRuss, the Ms-PL isn't the problem; Llewellyn and you are misrepresenting the terms of the license by claiming it requires release of source. It doesn't. However, again, we all agree that there's no point in hosting it on CodePlex if they're not releasing the source. Might as well submit it to download.com with the rest of the world's closed-source freeware.<br>\r\n<br>\r\nMark, while I'm happy MS is releasing more software in whatever form, if they're going to host it on their SourceForge-equivalent site, by doing so they set expectations that those projects will be open source, or at the least source available. CodePlex needs to guarantee source availability in some way.<br>\r\n<br>\r\n<br>\r\nPeter<br>\r\n",
    "PostedDate": "2008-06-05T13:26:25.56-07:00",
    "UserRole": null,
    "MarkedAsAnswerDate": null
  },
  {
    "Id": "97123",
    "ThreadId": "29085",
    "Html": "It's probably worth noting that this is not an all or nothing situation.  Much of Sandcastle is already open source - it's just the binaries that aren't.  I guess you can say that Sandcastle is a partially-open source project as it stands now.  Moving it to <em>download.com</em> is therefore completely inappropriate, especially because we'll lose the familiar discussions and issue tracking features of CodePlex.<br>\r\n<br>\r\nCheck out the recently published <a href=\"http://www.codeplex.com/SandcastleStyles\">Sandcastle Styles</a> project to see how Sandcastle has been modified and extended in various ways.  If it wasn't at least partially open source this couldn't have been done and published under the Ms-PL license.<br>\r\n<br>\r\nTo be a bit more specific, there's not much reason to publish the source for <strong>BuildAssembler.exe</strong> since it's a very simple tool.  It's <strong>MRefBuilder.exe</strong> and the individual <strong>build components</strong> that are special; however, since build components are just plug-ins you can write your own as well.  You can even rewrite the existing components to add new functionality if they don't meet your needs.  That's not <em>open source</em>, but it's an open architecture at least.<br>\r\n<br>\r\nWhat's apparently open source now are the many various XSL transformations, configuration files and resources such as icons and shared content, which all play big parts in making Sandcastle's architecture open and flexible.  I'm no lawyer, but it seems that we can do what we want with these files in our own projects (just don't quote me on that :) so this conversation is a bit futile.  (Don't get me wrong though, I'd like to see the binary source opened as well if possible.)<br>\r\n<br>\r\n- Dave \r\n",
    "PostedDate": "2008-06-05T14:46:28.34-07:00",
    "UserRole": null,
    "MarkedAsAnswerDate": null
  },
  {
    "Id": "97145",
    "ThreadId": "29085",
    "Html": "Russ,<br>\r\n<br>\r\nYou are thinking of the Microsoft Reciprocal License (<a href=\"http://www.microsoft.com/resources/sharedsource/licensingbasics/reciprocallicense.mspx\">Ms-RL</a>).&nbsp; Releasing under the <a href=\"http://www.microsoft.com/resources/sharedsource/licensingbasics/publiclicense.mspx\">Ms-PL</a> does <em>not </em>oblige MS to release the source.&nbsp; It merely says that (my emphasis):<br>\r\n<br>\r\n&quot;<strong>If</strong> you distribute any portion of the software in source code form,\r\nyou may do so only under this license by including a complete copy of\r\nthis license with your distribution.&quot;<br>\r\n<br>\r\nPaul,<br>\r\n<br>\r\nWhat they <em>are</em> doing is violating their own hosting terms &amp; conditions.&nbsp; Imagine how Microsoft would take it if <em>I</em> started breaking <em>their</em> terms &amp; conditions (say, by distributing unauthorized copies of their software) &amp; informed them that everything was okay, because I was planning to abide by their T&amp;C at some unspecified date in the future.&nbsp; You &amp; I both know that approach wouldn't wash ... so why are they taking it? <br>\r\n",
    "PostedDate": "2008-06-05T16:41:43.467-07:00",
    "UserRole": null,
    "MarkedAsAnswerDate": null
  },
  {
    "Id": "97148",
    "ThreadId": "29085",
    "Html": "Duncan, if the MS-PL does not require someone to release the source code, then it cannot meet the <a href=\"http://www.opensource.org/docs/osd\">requirements of an OSI license</a>. If it does not meet those requirements, then it will be removed from OSI's list of approved licenses. Now, this issue is separate from the issue of Microsoft <a href=\"http://www.codeplex.com/CodePlex/Wiki/View.aspx?title=Project hosting requirements&referringTitle=CodePlex FAQ\">violating their own hosting requirements</a>... it could be argued that they can violate their hosting requirements on their own site. But it undermines the purpose of the site, and reduces developer confidence in Microsoft if they can't even follow their own 3 simple rules.<br>\r\n<br>\r\nSo there are two separate things that Sandcastle is violating... the requirements of any OSI approved license, and Codeplex's hosting requirements.<br>\r\nThis should be rectified, and sooner rather than later. The simplest thing to do would be to take it off of Codeplex; let the OSI fundies worry about whether MS-PL is a valid OSI license. But as a closed-source project, it has no purpose being on an open-source forum.&nbsp;&nbsp;  <br>\r\n",
    "PostedDate": "2008-06-05T17:24:22.343-07:00",
    "UserRole": null,
    "MarkedAsAnswerDate": null
  },
  {
    "Id": "97167",
    "ThreadId": "29085",
    "Html": "<p>Russ, <br>\r\n<br>\r\nI do understand the issue and will still dismiss it because even if the discrepancy were huge, it is still in our favor: Microsoft is releasing a tool that I can use, freely.  It's a tool that they consider solid enough to compile the documentation for VS.  The thing that bothers me (and probably many other business/corporate techies) the most, bar none, about open source is perfectly embodied in this thread: it seems as if it's permanently bogged down in legal quagmires.  The reason I said to give it a rest is because no one here is going to bully Microsoft into releasing source.   Either they will or they won't.  If they won't, the best case scenario for most people in this thread is that they'll pull down the binaries and/or change the license for Sandcastle.  Worst case scenario for Microsoft, you get the OSI to revoke their license.  But what exactly have you achieved at that point?  Have you stuck it to the man?  Will you go to bed at night thinking, &quot;Yeah, I really showed them!&quot;</p>\r\n<p>Peter, </p>\r\n<p>I totally understand that expectations have been set, and I agree in principle with the fact that software on an open source-branded site should be open source.  Where I diverge from the crowd here is in thinking that it's worth it to fight Microsoft on this.  I'd cite the same rationale from the prior paragraph.  It just seems like there are significantly more serious issues we could be going after.  I truly believe the only possible appeasement for some people on this thread would be for Microsoft to pull down the binaries.  (I'd restate that no one here can bully Microsoft into releasing source.)  But Microsoft pulling down the binaries is just a headache for people like me for two reasons: first, it means that people like me have to move bookmarks, second, it means that Microsoft (who obviously puts a lot of money into Sandcastle but thought it might be useful to some of us smaller-company types) will be even more reticent in the future to release anything to benefit the community.  If it costs them x in the first place to put this out (a cost they wouldn't have incurred if they hadn't released it at all), it will cost them x+1 or maybe even more to move it.  As those costs mount, the likelihood of future freebies from Microsoft diminishes.</p>\r\n<p>Most of all, I just get so frustrated when I read Slashdot/Engadget/Gizmodo and the most vocal people always seem to be anti-Microsoft.  I have appreciated and continue to appreciate what I use from Microsoft and I don't want to see things like Sandcastle, or FxCop, or Source Analysis disappear.  That's my rationale.</p>\r\n<p>Mark</p>\r\n",
    "PostedDate": "2008-06-05T19:41:29.007-07:00",
    "UserRole": null,
    "MarkedAsAnswerDate": null
  },
  {
    "Id": "97170",
    "ThreadId": "29085",
    "Html": "<p>Russ, <br>\r\n<br>\r\nI do understand the issue and will still dismiss it because even if the discrepancy were huge, it is still in our favor: Microsoft is releasing a tool that I can use, freely.  It's a tool that they consider solid enough to compile the documentation for VS.  The thing that bothers me (and probably many other business/corporate techies) the most, bar none, about open source is perfectly embodied in this thread: it seems as if it's permanently bogged down in legal quagmires.  The reason I said to give it a rest is because no one here is going to bully Microsoft into releasing source.   Either they will or they won't.  If they won't, the best case scenario for most people in this thread is that they'll pull down the binaries and/or change the license for Sandcastle.  Worst case scenario for Microsoft, you get the OSI to revoke their license.  But what exactly have you achieved at that point?  Have you stuck it to the man?  Will you go to bed at night thinking, &quot;Yeah, I really showed them!&quot;</p>\r\n<p>Peter, </p>\r\n<p>I totally understand that expectations have been set, and I agree in principle with the fact that software on an open source-branded site should be open source.  Where I diverge from the crowd here is in thinking that it's worth it to fight Microsoft on this.  I'd cite the same rationale from the prior paragraph.  It just seems like there are significantly more serious issues we could be going after.  I truly believe the only possible appeasement for some people on this thread would be for Microsoft to pull down the binaries.  (I'd restate that no one here can bully Microsoft into releasing source.)  But Microsoft pulling down the binaries is just a headache for people like me for two reasons: first, it means that people like me have to move bookmarks, second, it means that Microsoft (who obviously puts a lot of money into Sandcastle but thought it might be useful to some of us smaller-company types) will be even more reticent in the future to release anything to benefit the community.  If it costs them x in the first place to put this out (a cost they wouldn't have incurred if they hadn't released it at all), it will cost them x+1 or maybe even more to move it.  As those costs mount, the likelihood of future freebies from Microsoft diminishes.</p>\r\n<p>Most of all, I just get so frustrated when I read Slashdot/Engadget/Gizmodo and the most vocal people always seem to be anti-Microsoft.  I have appreciated and continue to appreciate what I use from Microsoft and I don't want to see things like Sandcastle, or FxCop, or Source Analysis disappear.  That's my rationale.</p>\r\n<p>Mark</p>\r\n",
    "PostedDate": "2008-06-05T20:07:40.89-07:00",
    "UserRole": null,
    "MarkedAsAnswerDate": null
  },
  {
    "Id": "97173",
    "ThreadId": "29085",
    "Html": "<p>Russ, <br>\r\n<br>\r\nI do understand the issue and will still dismiss it because even if the discrepancy were huge, it is still in our favor: Microsoft is releasing a tool that I can use, freely.  It's a tool that they consider solid enough to compile the documentation for VS.  The thing that bothers me (and probably many other business/corporate techies) the most, bar none, about open source is perfectly embodied in this thread: it seems as if it's permanently bogged down in legal quagmires.  The reason I said to give it a rest is because no one here is going to bully Microsoft into releasing source.   Either they will or they won't.  If they won't, the best case scenario for most people in this thread is that they'll pull down the binaries and/or change the license for Sandcastle.  Worst case scenario for Microsoft, you get the OSI to revoke their license.  But what exactly have you achieved at that point?  Have you stuck it to the man?  Will you go to bed at night thinking, &quot;Yeah, I really showed them!&quot;</p>\r\n<p>Peter, </p>\r\n<p>I totally understand that expectations have been set, and I agree in principle with the fact that software on an open source-branded site should be open source.  Where I diverge from the crowd here is in thinking that it's worth it to fight Microsoft on this.  I'd cite the same rationale from the prior paragraph.  It just seems like there are significantly more serious issues we could be going after.  I truly believe the only possible appeasement for some people on this thread would be for Microsoft to pull down the binaries.  (I'd restate that no one here can bully Microsoft into releasing source.)  But Microsoft pulling down the binaries is just a headache for people like me for two reasons: first, it means that people like me have to move bookmarks, second, it means that Microsoft (who obviously puts a lot of money into Sandcastle but thought it might be useful to some of us smaller-company types) will be even more reticent in the future to release anything to benefit the community.  If it costs them x in the first place to put this out (a cost they wouldn't have incurred if they hadn't released it at all), it will cost them x+1 or maybe even more to move it.  As those costs mount, the likelihood of future freebies from Microsoft diminishes.</p>\r\n<p>Most of all, I just get so frustrated when I read Slashdot/Engadget/Gizmodo and the most vocal people always seem to be anti-Microsoft.  I have appreciated and continue to appreciate what I use from Microsoft and I don't want to see things like Sandcastle, or FxCop, or Source Analysis disappear.  That's my rationale.</p>\r\n<p>Mark</p>\r\n",
    "PostedDate": "2008-06-05T20:35:40.98-07:00",
    "UserRole": null,
    "MarkedAsAnswerDate": null
  },
  {
    "Id": "97179",
    "ThreadId": "29085",
    "Html": "Russ,<br>\r\n<br>\r\nYou're right, &amp; I stand corrected - the Ms-PL as it stands is not compatible with the <a href=\"http://www.opensource.org/docs/osd\">Open Source Definition</a>, because it does not mandate the release of source code.&nbsp; You can't get any clearer than this (my emphasis):<br>\r\n<a name=2></a><br>\r\n&nbsp;&nbsp;&nbsp;\r\nThe program <strong>must </strong>include source code, and must allow distribution\r\nin source code as well as compiled form. Where some form of a\r\nproduct is not distributed with source code, there must be a\r\nwell-publicized means of obtaining the source code for no more\r\nthan a reasonable reproduction cost preferably, downloading via\r\nthe Internet without charge.  <br>\r\n<br>\r\nMark,<br>\r\n<br>\r\nPersonally, I think it's great that Microsoft has released Sandcastle.&nbsp; I'll probably use it for my project anyway given there is no OSS alternative, and do so gratefully.&nbsp; You are conflating three entirely separate issues:<br>\r\n<br>\r\n<ol>\r\n    <li>Microsoft has done the development community a great favor by releasing a nifty tool for generating documentation.</li>\r\n    <li>Microsoft has done the development community a great disservice by diluting the value of OSI approval, and open source licensing in general.</li>\r\n    <li>Microsoft isn't playing by their own rules w.r.t. CodePlex.</li>\r\n</ol>\r\nWe should all be praising Microsoft over point 1; since the\r\nwell-publicized and frankly shameful death of NDoc there was no good\r\nsolution for this problem and Microsoft has stepped up to the plate\r\nwith a solution that's working for a lot of people.&nbsp; It's very clever\r\nfrom a business perspective too as it's closed a major gap between\r\ntheir platforms and others.<br>\r\n<br>\r\nPersonally, I don't care terribly much about point 3.&nbsp; Microsoft built CodePlex, they paid for it, and it's theirs to do with what they will if they're prepared to wear the potential PR costs of not playing by their own rules.&nbsp; It irks me, but not more than I'd be irked by not having access to Sandcastle.&nbsp; <br>\r\n<br>\r\n<em>However</em> none of the above has any bearing on point 2.&nbsp; That is, Microsoft is attempting to muddy the waters with respect to what constitutes an open source license.&nbsp; I'm simply not inclined to believe that this is accidental; they perceive open source to be a threat to their business model, and have for a decade been developing &amp; implementing strategies to combat it.&nbsp; Having a clearly non-OSS license approved by the OSI, and then releasing software under it to a nominally OSS site like CodePlex is an attempt to dilute the principles of OSS in a manner akin to trademark dilution.&nbsp; That may not bother you but it bothers the hell out of me - much more than the idea of not having Sandcastle bothers me.<br>\r\n<br>\r\nThat said, this isn't a terribly difficult issue to fix.&nbsp; All Microsoft needs to do is renounce their own OSI approval, or revise the Ms-PL license to require source release and re-license Sandcastle under some other license so that they can keep the source to themselves.<br>\r\n",
    "PostedDate": "2008-06-05T21:34:58.387-07:00",
    "UserRole": null,
    "MarkedAsAnswerDate": null
  },
  {
    "Id": "97182",
    "ThreadId": "29085",
    "Html": "The &quot;molehill&quot; is the Sandcastle issue. The &quot;mountain&quot; is Codeplex's perceived integrity. I don't think Microsoft is doing anything <em>too </em>&quot;bad&quot; here either legally or morally; that's not the problem. The problem is that Microsoft doesn't give a damn about its own reputation. And you know what? Sociologically speaking, it's becoming a big problem. Don't believe me? Check out the newest way to protect yourself from SQL injection attacks: <a href=\"http://news.cnet.com/8301-10784_3-9929861-7.html\">just blame Microsoft</a>! Can you imagine how many underqualified developers are evading responsibility with this trick?<br>\r\n<br>\r\nNeither the people for or against leaving Sandcastle on Codeplex without source can deny that at the very least it's a decision that's raising eyebrows.<br>\r\n<br>\r\nIt's been made absolutely clear perhaps hundreds of times by now that one of Microsoft's biggest problems is its tendency to make itself misunderstood.<br>\r\n<br>\r\nAnd it's absolutely appalling that Microsoft makes no effort to fix that.\r\n",
    "PostedDate": "2008-06-05T21:58:57.107-07:00",
    "UserRole": null,
    "MarkedAsAnswerDate": null
  },
  {
    "Id": "97189",
    "ThreadId": "29085",
    "Html": "Thank you Duncan for starting this thread, Leppie for personally writing to me and the rest of the community for providing valuable feedback. I am greatful for all the great community efforts, support around Sandcastle and the adoption rate. As I have mentioned in the past I will be happy to release the source of various presentation transforms, MAML schema, reflecton schema. They are already available to customers downloading Sandcastle. I am evaluating the options presented here carefully about the source code of the Production tools.<br>\r\n<br>\r\nI ask your patience while I make every effort to address the options presented in this thread. I will get back to this thread with answers. Cheers.<br>\r\n<br>\r\nAnand..<br>\r\nhttp://blogs.msdn.com/sandcastle<br>\r\n",
    "PostedDate": "2008-06-05T22:52:21.72-07:00",
    "UserRole": null,
    "MarkedAsAnswerDate": null
  },
  {
    "Id": "97193",
    "ThreadId": "29085",
    "Html": "Thanks for replying Anand.<br>\r\n<br>\r\na) The issue is not with SandCastle. It can relicensed.<br>\r\nb) The issue is not with CodePlex. The terms can be adjusted.<br>\r\nc) The issue is with MS-PL possibly not being a valid OSI license.<br>\r\n<br>\r\nI have no concerns with a &amp; b. Howver point c does affect me directly, and this needs to be sorted out.<br>\r\n<br>\r\nAn OSI license requires everything to be open source (else it cannot be licensed as OSS). <br>\r\n<br>\r\nCheers<br>\r\n<br>\r\nleppie\r\n",
    "PostedDate": "2008-06-05T23:18:42.923-07:00",
    "UserRole": null,
    "MarkedAsAnswerDate": null
  },
  {
    "Id": "97194",
    "ThreadId": "29085",
    "Html": "leppie, <br>\r\n<br>\r\n+1 to that.&nbsp; Maybe we should consider moving this - more important - aspect of the thread to a more appropriate forum?&nbsp; Otherwise the big picture (Ms-PL &amp; OSI) is going to be obscured by the Sandcastle-on-CodePlex issue.<br>\r\n",
    "PostedDate": "2008-06-05T23:27:31.44-07:00",
    "UserRole": null,
    "MarkedAsAnswerDate": null
  },
  {
    "Id": "97250",
    "ThreadId": "29085",
    "Html": "<p>Russ, <br>\r\n<br>\r\nI do understand the issue and will still dismiss it because even if the discrepancy were huge, it is still in our favor: Microsoft is releasing a tool that I can use, freely.  It's a tool that they consider solid enough to compile the documentation for VS.  The thing that bothers me (and probably many other business/corporate techies) the most, bar none, about open source is perfectly embodied in this thread: it seems as if it's permanently bogged down in legal quagmires.  The reason I said to give it a rest is because no one here is going to bully Microsoft into releasing source.   Either they will or they won't.  If they won't, the best case scenario for most people in this thread is that they'll pull down the binaries and/or change the license for Sandcastle.  Worst case scenario for Microsoft, you get the OSI to revoke their license.  But what exactly have you achieved at that point?  Have you stuck it to the man?  Will you go to bed at night thinking, &quot;Yeah, I really showed them!&quot;</p>\r\n<p>Peter, </p>\r\n<p>I totally understand that expectations have been set, and I agree in principle with the fact that software on an open source-branded site should be open source.  Where I diverge from the crowd here is in thinking that it's worth it to fight Microsoft on this.  I'd cite the same rationale from the prior paragraph.  It just seems like there are significantly more serious issues we could be going after.  I truly believe the only possible appeasement for some people on this thread would be for Microsoft to pull down the binaries.  (I'd restate that no one here can bully Microsoft into releasing source.)  But Microsoft pulling down the binaries is just a headache for people like me for two reasons: first, it means that people like me have to move bookmarks, second, it means that Microsoft (who obviously puts a lot of money into Sandcastle but thought it might be useful to some of us smaller-company types) will be even more reticent in the future to release anything to benefit the community.  If it costs them x in the first place to put this out (a cost they wouldn't have incurred if they hadn't released it at all), it will cost them x+1 or maybe even more to move it.  As those costs mount, the likelihood of future freebies from Microsoft diminishes.</p>\r\n<p>Most of all, I just get so frustrated when I read Slashdot/Engadget/Gizmodo and the most vocal people always seem to be anti-Microsoft.  I have appreciated and continue to appreciate what I use from Microsoft and I don't want to see things like Sandcastle, or FxCop, or Source Analysis disappear.  That's my rationale.</p>\r\n<p>Mark</p>\r\n",
    "PostedDate": "2008-06-06T05:01:08.06-07:00",
    "UserRole": null,
    "MarkedAsAnswerDate": null
  },
  {
    "Id": "97251",
    "ThreadId": "29085",
    "Html": "[Apparently, refreshing the page reposts whatever I posted last.  My apologies for the repeats.]\r\n",
    "PostedDate": "2008-06-06T05:04:43.507-07:00",
    "UserRole": null,
    "MarkedAsAnswerDate": null
  },
  {
    "Id": "97267",
    "ThreadId": "29085",
    "Html": "Leppie, you're misinterpreting OSI requirements. Or if you're not, then they're going to have to remove a great deal more licenses than just the Ms-PL.<br>\r\n<br>\r\nAnyway, since you've said that you don't have an issue with Sandcastle or CodePlex, we can all now drop this discussion, excellent. <br>\r\n<br>\r\nFinal note: Reddit discussion is here: http://www.reddit.com/r/programming/info/6m64u/comments/ -Peter<br>\r\n",
    "PostedDate": "2008-06-06T06:28:02.713-07:00",
    "UserRole": null,
    "MarkedAsAnswerDate": null
  },
  {
    "Id": "97278",
    "ThreadId": "29085",
    "Html": "<br>\r\n<div style=\"border-style:dotted none;border-color:rgb(170, 170, 170) -moz-use-text-color;border-width:0.1em medium;margin:1em 0em 2.5em 3em;padding:0.2em;font-style:italic\"><br>\r\npseale wrote:<br>\r\nLeppie, you're misinterpreting OSI requirements. Or if you're not, then they're going to have to remove a great deal more licenses than just the Ms-PL.<br>\r\n<br>\r\nAnyway, since you've said that you don't have an issue with Sandcastle or CodePlex, we can all now drop this discussion, excellent. <br>\r\n<br>\r\nFinal note: Reddit discussion is here: http://www.reddit.com/r/programming/info/6m64u/comments/ -Peter<br>\r\n<br>\r\n<br>\r\n</div>\r\nI dont think so. The MsPL and MsRL (or MsLPL) are listed as open source licenses and certified by OSI (iow it adheres to the terms of the OSI definition). What is there not to understand about it? If they didnt want MsPL to be for OSS use alone, they should have never gotten it certified in the first place.<br>\r\n<br>\r\nIf you are referring to BSD-style licenses that does not explicitly specifiy source needs to be made available, show me a BSD licensed closed source project. In fact it seems you are confusing it with derivative works, which does vary greatly (the requirements) between licenses, but all are still open source.<br>\r\n<br>\r\nRegards<br>\r\n<br>\r\nleppie<br>\r\n<br>\r\n<br>\r\n<br>\r\n<br>\r\n<br>\r\n<br>\r\n<br>\r\n",
    "PostedDate": "2008-06-06T07:12:50.363-07:00",
    "UserRole": null,
    "MarkedAsAnswerDate": null
  },
  {
    "Id": "97283",
    "ThreadId": "29085",
    "Html": "The Sandcastle project is &quot;open&quot; to the Sandcastle team, not to the public. They could be doing the exact same thing they're doing now with a BSD or MIT license, both of which are approved OSI licenses.<br>\r\n<br>\r\nSo it does come back to CodePlex project source availability, even if you claim it's some sort of OSI thing. No project would be able to get away with this sort of thing on SourceForge, which has more stringent requirements.<br>\r\n<br>\r\nAnyway, sorry for bloating up the discussion guys, I promise I'll stop; this discussion is clearly beyond the scope of a single CodePlex project. -Peter<br>\r\n",
    "PostedDate": "2008-06-06T07:26:37.513-07:00",
    "UserRole": null,
    "MarkedAsAnswerDate": null
  },
  {
    "Id": "290757",
    "ThreadId": "29085",
    "Html": "<p>&gt;&gt;kevinhill:&nbsp;<span style=\"color:#30332d\">I completely agree with leppie here.</span></p>\r\n<p><span style=\"color:#30332d\">kevinhill!&nbsp;Can you stop the spam?&nbsp;</span></p>\r\n<p><span style=\"color:#30332d\">Anyone knows the CodePlex facilities to handle these spammers? It seems there is no moderation features provided.</span></p>\r\n<p><span style=\"color:#30332d\">Best regards,<br>Paul.&nbsp;</span></p>",
    "PostedDate": "2010-02-15T01:13:32.097-08:00",
    "UserRole": null,
    "MarkedAsAnswerDate": null
  }
]