[
  {
    "Id": "77601",
    "ThreadId": "23181",
    "Html": "\r\nI'm pretty new to this and am using Doc Project 1.10.1 RC. As far as I can tell, this is a Sandcastle question.<br /><br />in Conceptual.Help1x.config I have<br />{        &lt;component type=\"Microsoft.Ddue.Tools.ResolveArtLinksComponent\" assembly=\"%DXROOT%\\ProductionTools\\BuildComponents.dll\"&gt;<br />          &lt;targets input=\"..\\..\\Help\\Art\" output=\"Output\\media\" link=\"../Art\" map=\"..\\..\\Help\\Settings\\conceptual_art.xml\" /&gt;<br />        &lt;/component&gt;}<br /><br />in conceptual_art.xml I have <br />{ \t&lt;item id=\"BusinessObjects\"&gt;<br />\t\t&lt;image file=\"BusinessObjects.gif\"&gt;<br />\t\t\t&lt;altText&gt;Business Objects&lt;/altText&gt;<br />\t\t&lt;/image&gt;<br />\t&lt;/item&gt;}<br /><br />in the Help\\Art folder I have my BusinessObjects.gif<br /><br />and in once of my conceptual topic files I have<br /><br />{    &lt;section&gt;<br />      &lt;title&gt;Business Objects&lt;/title&gt;<br />      &lt;content&gt;<br />\t\t  &lt;mediaLink&gt;<br />\t\t\t  &lt;image xlink:href=\"BusinessObjects\" /&gt;<br />\t\t  &lt;/mediaLink&gt;<br />\t  &lt;/content&gt;<br />  &lt;/section&gt;}<br /><br />When I compile the help file (and DocSite) I don't see the image. Am I doing something wrong here ?<br /><br />Daniel.<br />",
    "PostedDate": "2008-03-01T13:21:44.277-08:00",
    "UserRole": null,
    "MarkedAsAnswerDate": null
  },
  {
    "Id": "77629",
    "ThreadId": "23181",
    "Html": "\r\nHi Daniel, <br /><br />There doesn't appear to be anything wrong with your configuration and XML.<br /><br />I just ran a test using the <i>Conceptual</i> template and a root <i>section</i> element that contained markup much like your example.  The test worked, so I suspect that maybe you were either using a different template or that your <i>section</i> element is located elsewhere (e.g., nested under some other structured formatting).<br /><br />You can check the working directory for the image to verify that at least the <b>ResolveArtLinksComponent</b> executed successfully.  It will be in a folder that's not part of the project so click <i>Show All Files</i> and browse to <i>buildhelp\\assembler\\Output\\media</i>.<br /><br />If the image exists then you may have discovered a bug in Sandcastle's conceptual transformations.<br /><br />- Dave<br />",
    "PostedDate": "2008-03-01T18:53:04.16-08:00",
    "UserRole": null,
    "MarkedAsAnswerDate": null
  },
  {
    "Id": "77682",
    "ThreadId": "23181",
    "Html": "<i>buildhelp\\assembler\\Output\\media</i> is empty. What does this mean ?<br /><br />Daniel.<br />",
    "PostedDate": "2008-03-02T11:46:45.94-08:00",
    "UserRole": null,
    "MarkedAsAnswerDate": null
  },
  {
    "Id": "77720",
    "ThreadId": "23181",
    "Html": "\r\nI changed the content of my conceptual topic file to read<br /><br />{<br />    &lt;section&gt;<br />      &lt;title&gt;Business Objects&lt;/title&gt;<br />      &lt;content&gt;<br />\t\t  &lt;para&gt;The figure below shows the business object stack.&lt;/para&gt;<br />\t\t  &lt;mediaLink&gt;<br />\t\t\t  &lt;image xlink:href=\"BusinessObjects\" /&gt;<br />\t\t  &lt;/mediaLink&gt;<br />\t  &lt;/content&gt;<br />  &lt;/section&gt;<br />}<br /><br />i.e. I added the bit in the &lt;para&gt; tags. I now see the BusinessObjects.gif file in <i>buildhelp\\assembler\\Output\\media</i> and I see the image in the docsite output.<br /><br />I have other images in my <i>conceptual</i>art.xml_ file which do not show up in <i>buildhelp\\assembler\\Output\\media</i>. I'm hoping that a similar approach will fix the problem for these as well.<br /><br />Testing is pretty slow going, because it take about 1.5 hours to recompile the solution. On my machine I get out of memory errors about half way through (I only have 2gigs of physcial memory), so I use nant on my build server instead.<br /><br />Daniel.<br />",
    "PostedDate": "2008-03-02T17:48:06.66-08:00",
    "UserRole": null,
    "MarkedAsAnswerDate": null
  },
  {
    "Id": "77727",
    "ThreadId": "23181",
    "Html": "\r\nHi Daniel, <br /><br />That might be a bug in Sandcastle's transformations since the schemas seem to allow it.  You may want to report it in the Issue Tracker.<br /><br />(Note that I was wrong in my assumption that a transformation bug existed if the image <i>is</i> present in the <i>media</i> folder; it's the other way around since the transformation executes first in the build component stack.  Things make sense now :)<br /><br />In case you're unaware, you may be able to increase performance for testing by changing the <span class=\"codeInline\" style=\"font-family:Consolas, Courier New, Courier, Monospace;\">Reference links</span> component's <b>.NET Framework</b> property to <b>None</b>, instead of the default value of <b>MSDN</b>.  Your topics won't have any hyperlinks to MSDN documentation though.  Alternatively, you might want to try one of Eric Woodruff's <a href=\"http://www.codeplex.com/SHFB/Release/ProjectReleases.aspx?ReleaseId=9848\" class=\"externalLink\">Sandcastle Standalone Build Components<span class=\"externalLinkIcon\" style=\"font-family:Consolas, Courier New, Courier, Monospace;\"></span></a> that cache MSDN urls so that upon subsequent builds links are resolved locally instead of using the MSDN web service.<br /><br />- Dave<br />",
    "PostedDate": "2008-03-02T19:25:25.31-08:00",
    "UserRole": null,
    "MarkedAsAnswerDate": null
  }
]