[
  {
    "Id": "96831",
    "ThreadId": "29066",
    "Html": "<span style=\"font-family:tahoma\">The </span><a href=\"http://www.codeplex.com/SandcastleStyles\"><span style=\"font-family:tahoma\">Sandcastle Styles</span></a><span style=\"font-family:tahoma\"> project is now available at CodePlex.  The goal of this project is to improve Sandcastle by providing a rolled-up solution to various presentation style issues in a manner that is highly visible to the Sandcastle community and also involves community feedback.<br>\r\n<br>\r\n<b>What's Available</b><br>\r\n</span>\r\n<ul>\r\n    <li><a href=\"http://www.codeplex.com/SandcastleStyles/Release/ProjectReleases.aspx\"><span style=\"font-family:tahoma\">Sandcastle May 2008 Patch<span></span></span></a><span style=\"font-family:tahoma\"> - This is a patch for the Sandcastle presentation style files that fixes most of the known bugs. It also includes enhancements to existing features. </span></li>\r\n    <li><a href=\"https://www.codeplex.com/Release/ProjectReleases.aspx?ProjectName=SandcastleStyles&ReleaseId=13517\"><span style=\"font-family:tahoma\">Documenting Web Projects 1.0.0.0<span></span></span></a><span style=\"font-family:tahoma\"> - This contains information on producing XML comments for web application and website projects. For website projects, custom code providers are included that make it much easier to obtain the XML comments files needed to create a help file using Sandcastle </span></li>\r\n    <li><a href=\"https://www.codeplex.com/Release/ProjectReleases.aspx?ProjectName=SandcastleStyles&ReleaseId=14068\"><span style=\"font-family:tahoma\">Sandcastle MAML Guide 1.0.0.0<span></span></span></a><span style=\"font-family:tahoma\"> - This is intended to be a reference that you can use to find out all that you need to know about Microsoft Assistance Markup Language (MAML) as used with Sandcastle to produce help files containing conceptual content. </span></li>\r\n</ul>\r\n<p><span style=\"font-family:tahoma\">Eric<br>\r\n</span></p>\r\n",
    "PostedDate": "2008-06-04T12:58:45.9-07:00",
    "UserRole": null,
    "MarkedAsAnswerDate": null
  }
]