[
  {
    "Id": "1261854",
    "ThreadId": "550318",
    "Html": "Dear all\r<br />\n<br />\nI have the problem that I am using an external library which is defining base classed from which some of my classes inherit. Now, in my documentation, the inherited (but NOT overridden) members show up with a blank documentation, only stating &quot;(inherited from Foo)&quot;. Strangely, for members inherited from standard .NET types, such as System.Object.ToString(), the documentation string is included as &quot;Returns a string that represents the current object.\r<br />\n(Inherited from Object.)&quot; which is what I want.\r<br />\n<br />\nHow do I get SCHFB to do this? I am referencing the external library in the project file and next to the DLL there is also the XML file with the documentation comments.\r<br />\n<br />\nThanks for any pointers, and excuse me if this is a FAQ. My Google skills didn't turn up anything useful, however.\r<br />\n<br />\nMichael<br />\n",
    "PostedDate": "2014-07-02T02:14:22.747-07:00",
    "UserRole": null,
    "MarkedAsAnswerDate": null
  },
  {
    "Id": "1262056",
    "ThreadId": "550318",
    "Html": "Only the type information is included from reference assemblies.  Add the XML comments files from the reference assemblies as documentation sources and it will add the comments information to the list pages.  That's how the comments are included for the base framework although it's done automatically.  Don't add the reference assemblies themselves as documentation sources or it will include them as part of the documented API which is probably not what you want.\r<br />\n<br />\nPlease note that this project site has been discontinued and may not be monitored as frequently. For future questions or issues concerning Sandcastle or SHFB, post them over on the <a href=\"http://SHFB.CodePlex.com\" rel=\"nofollow\">Sandcastle Help File Builder</a> project's discussion page. Thanks. \r<br />\n<br />\n<br />\nEric<br />\n",
    "PostedDate": "2014-07-02T10:21:10.57-07:00",
    "UserRole": null,
    "MarkedAsAnswerDate": null
  },
  {
    "Id": "1262322",
    "ThreadId": "550318",
    "Html": "Eric,\r<br />\n<br />\nMany thanks for the prompt help. What got me confused was that when I add the XML file using the GUI, the DLL gets also added automatically. So I didn't even consider trying to remove the DLL again. After doing so, things are working as advertised.\r<br />\n<br />\nSorry if I posted on the wrong forum, Google led me here ;-)\r<br />\n<br />\nMichael<br />\n",
    "PostedDate": "2014-07-03T04:19:53.583-07:00",
    "UserRole": null,
    "MarkedAsAnswerDate": null
  }
]