[
  {
    "Id": "96301",
    "ThreadId": "28881",
    "Html": "I'm using C++/CLI and have a method that takes an &quot;interior_ptr&lt;double&gt;&quot; as a parameter. When this type is used, the Sandcastle chm output for that method does not contain the XML comments from my source file. The method prototype is also listed as having a &quot;double%&quot; parameter, which is not really correct. If I change the type to something more normal, like double, the output of Sandcastle is as it should be. This tells me that there is some problem in dealing with an interior_ptr type, most likely because C++/CLI is the only language with such a concept.<br>\r\n<br>\r\nI was wondering if anyone knew of any kind of workaround for this problem? I figured out a way to manipulate the source code so that I can get valid documentation and working code, but I don't think it's good practice to hack your source code in order to get the documentation compiler to work right.<br>\r\n",
    "PostedDate": "2008-06-02T12:06:19.707-07:00",
    "UserRole": null,
    "MarkedAsAnswerDate": null
  },
  {
    "Id": "96311",
    "ThreadId": "28881",
    "Html": "Hi, <br>\r\n<br>\r\nYou could try updating the reflection.org file after it's generated by MRefBuilder and your XML documentation file after it's generated by the compiler so that you don't have to change your source code.<br>\r\n<br>\r\nIf it's a bug you should report it in the <a href=\"http://www.codeplex.com/Sandcastle/WorkItem/AdvancedList.aspx\">Issue Tracker</a>.<br>\r\n<br>\r\n- Dave\r\n",
    "PostedDate": "2008-06-02T13:03:43.71-07:00",
    "UserRole": null,
    "MarkedAsAnswerDate": null
  }
]