[
  {
    "Id": "242878",
    "ThreadId": "71221",
    "Html": "<p>Hello!</p>\r\n<p>I write the conceptual topics for the .chm help file using MAML; the automation tool - Sandcastle Help File Builder.</p>\r\n<p>I cannot find out how to add content to the Index (one of the tabs of the left navigation panel). &nbsp; &nbsp;</p>\r\n<p>Thank you in advance!!</p>\r\n<p>&nbsp;</p>",
    "PostedDate": "2009-10-07T02:22:12.76-07:00",
    "UserRole": null,
    "MarkedAsAnswerDate": null
  },
  {
    "Id": "242986",
    "ThreadId": "71221",
    "Html": "<p>With MAML conceptual topics, the index keywords go in the entry for the topic in the content layout file.&nbsp; Select&nbsp;the topic's entry&nbsp;in the content layout file editor and look at its properties.&nbsp; You'll see a&nbsp;<strong>Keywords</strong> property where you can add index keywords.&nbsp; See the <a title=\"Topic Files\" href=\"http://www.ewoodruff.us/shfbdocs/Index.aspx?topic=html/4b8ab701-2321-4d24-a287-8848de086f68.htm\">Topic Files</a> help topic for more information.</p>\r\n<p>Eric</p>\r\n<p>&nbsp;</p>",
    "PostedDate": "2009-10-07T08:13:51.773-07:00",
    "UserRole": null,
    "MarkedAsAnswerDate": null
  }
]