[
  {
    "Id": "224452",
    "ThreadId": "66106",
    "Html": "<p>I typed in:</p>\r\n<p>msbuild build.proj /property:ProjectStyle=vs2005</p>\r\n<p>And got the error:</p>\r\n<p>Error: BuildAssembler: An error occured while initializing the build componen<br>&nbsp; t 'Microsoft.Ddue.Tools.ResolveReferenceLinksComponent2' in the component ass<br>&nbsp; embly 'C:\\Program Files\\Sandcastle\\\\ProductionTools\\BuildComponents.dll'. The<br>&nbsp;&nbsp; error message and stack trace follows: System.FormatException: Input string<br>&nbsp; was not in a correct format.</p>",
    "PostedDate": "2009-08-17T07:05:53.34-07:00",
    "UserRole": null,
    "MarkedAsAnswerDate": null
  },
  {
    "Id": "224490",
    "ThreadId": "66106",
    "Html": "<p>Hi,</p>\r\n<p>Have you installed the Visual Studio SDK?</p>\r\n<p>Please check your <strong>DXROOT </strong>environment variable (check&nbsp;<em>user </em>and <em>system</em>)&nbsp;and make sure that they're pointing to the installation of the latest release of Sandcastle; typically, <em>C:\\Program Files\\Sandcastle\\</em>.</p>\r\n<p>- Dave</p>",
    "PostedDate": "2009-08-17T08:35:16.37-07:00",
    "UserRole": null,
    "MarkedAsAnswerDate": null
  },
  {
    "Id": "224548",
    "ThreadId": "66106",
    "Html": "<p>I have VS 2008 installed? Do I really need to install the SDK?</p>\r\n<p>My system env. variable DXROOT is set to <em>C:\\Program Files\\Sandcastle\\</em>.</p>",
    "PostedDate": "2009-08-17T10:37:55.03-07:00",
    "UserRole": null,
    "MarkedAsAnswerDate": null
  },
  {
    "Id": "224561",
    "ThreadId": "66106",
    "Html": "<p>Hi,</p>\r\n<p>No, you don't need to have the VS SDK installed.&nbsp; But when it's installed it modifies DXROOT to point to an older version of Sandcastle.</p>\r\n<p>- Dave</p>",
    "PostedDate": "2009-08-17T11:09:49.533-07:00",
    "UserRole": null,
    "MarkedAsAnswerDate": null
  },
  {
    "Id": "224562",
    "ThreadId": "66106",
    "Html": "<p>Installed SDK and I am still getting the error</p>",
    "PostedDate": "2009-08-17T11:10:15.963-07:00",
    "UserRole": null,
    "MarkedAsAnswerDate": null
  },
  {
    "Id": "224573",
    "ThreadId": "66106",
    "Html": "<p>Hi,</p>\r\n<p>Sorry I&nbsp;wasn't clear the first time: The issue appears to be an old one.&nbsp; You don't need the VS SDK installed, but if you did install it, or if you've ever installed an older version of Sandcastle, then the DXROOT environment variable may be pointing to an older version of Sandcastle.&nbsp; Alternatively, perhaps, the Data directory contains old files.</p>\r\n<p>Please try uninstalling and reinstalling&nbsp;the latest version of Sandcastle.&nbsp; After uninstalling Sandcastle, but before reinstalling it, delete the C:\\Program Files\\Sandcastle directory entirely if it still exists.</p>\r\n<p>- Dave</p>",
    "PostedDate": "2009-08-17T11:32:37.74-07:00",
    "UserRole": null,
    "MarkedAsAnswerDate": null
  },
  {
    "Id": "224596",
    "ThreadId": "66106",
    "Html": "<p>Ok. I uninstalled and deleted the Sandcastle folder&nbsp;and installed Sandcastle again. Made sure the DXROOT variable was correct and I am still having the same problem</p>",
    "PostedDate": "2009-08-17T12:29:17.65-07:00",
    "UserRole": null,
    "MarkedAsAnswerDate": null
  },
  {
    "Id": "224842",
    "ThreadId": "66106",
    "Html": "<p>Hi,</p>\r\n<p>A quick search reveals that someone else has experienced this issue due to a particular type of&nbsp;user code breaking BuildAssembler:</p>\r\n<p><a href=\"http://shfb.codeplex.com/Thread/View.aspx?ThreadId=3957\">http://shfb.codeplex.com/Thread/View.aspx?ThreadId=3957</a></p>\r\n<p>Can you build documentation for even a simple test class library?</p>\r\n<p>If so, then I suspect you may have found a new bug related to the particular user code that's breaking your documentation build.&nbsp; In that case, the best thing you can do is to use the API filter and systematically narrow down the&nbsp;offending API by the process of elimination.&nbsp; Then, you may want to report this bug in the <em>Issue Tracker</em>.</p>\r\n<p>- Dave</p>",
    "PostedDate": "2009-08-18T03:00:26.753-07:00",
    "UserRole": null,
    "MarkedAsAnswerDate": null
  },
  {
    "Id": "224846",
    "ThreadId": "66106",
    "Html": "<p>Hi,</p>\r\n<p>On second thought, I see which API is failing from the stack trace of your original post (<a href=\"http://social.msdn.microsoft.com/Forums/en-US/devdocs/thread/5a600234-5c29-43df-8701-cfbc19793de9\">http://social.msdn.microsoft.com/Forums/en-US/devdocs/thread/5a600234-5c29-43df-8701-cfbc19793de9</a>):</p>\r\n<div style=\"color:Black;background-color:White\">\r\n<pre>at System.Number.StringToNumber(String str, NumberStyles options, NumberBuffer&amp; number, NumberFormatInfo info, Boolean parseDecimal)\r\n</pre>\r\n</div>\r\n<p>A quick search for <strong>FormatException</strong> and <strong>System.Number&nbsp;</strong>found the following thread:</p>\r\n<p><a href=\"http://social.msdn.microsoft.com/Forums/en-US/windowsworkflowfoundation/thread/5a03984a-a4b1-462c-be99-3c10ab0ab9d2\">http://social.msdn.microsoft.com/Forums/en-US/windowsworkflowfoundation/thread/5a03984a-a4b1-462c-be99-3c10ab0ab9d2</a></p>\r\n<p>Do you have SP1 installed?</p>\r\n<p>- Dave</p>",
    "PostedDate": "2009-08-18T03:16:45.67-07:00",
    "UserRole": null,
    "MarkedAsAnswerDate": null
  },
  {
    "Id": "224976",
    "ThreadId": "66106",
    "Html": "<p>I have .NET 3.5 SP1 installed</p>",
    "PostedDate": "2009-08-18T08:48:06.92-07:00",
    "UserRole": null,
    "MarkedAsAnswerDate": null
  },
  {
    "Id": "225969",
    "ThreadId": "66106",
    "Html": "<p>I uninstalled and reinstalled and I'm still getting this crazy error. Please Help</p>",
    "PostedDate": "2009-08-20T11:20:50.427-07:00",
    "UserRole": null,
    "MarkedAsAnswerDate": null
  },
  {
    "Id": "226020",
    "ThreadId": "66106",
    "Html": "<p>Hi,</p>\r\n<p>It's hard to say what the problem can be without being able to reproduce it.</p>\r\n<p>What version of Windows are you using?&nbsp; What other specs are you willing to share about your computer?</p>\r\n<p>- Dave</p>",
    "PostedDate": "2009-08-20T13:17:35.673-07:00",
    "UserRole": null,
    "MarkedAsAnswerDate": null
  },
  {
    "Id": "226058",
    "ThreadId": "66106",
    "Html": "\r\nWindows XP Pro (SP 3 I believe, whatever is the latest one)<br> <br>\r\n<hr id=stopSpelling>\r\nFrom: [email removed]<br>To: [email removed]<br>Date: Thu, 20 Aug 2009 13:17:47 -0700<br>Subject: Re: Error when building Example Project [Sandcastle:66106]<br><br>\r\n\r\n\r\nFrom: davedev<br>\r\n<div id=\"EC_ThreadNotificationPostBody\">\r\nHi,<br>\r\nIt's hard to say what the problem can be without being able to reproduce it.<br>\r\nWhat version of Windows are you using?  What other specs are you willing to share about your computer?<br>\r\n- Dave<br></div>\r\n",
    "PostedDate": "2009-08-20T14:51:26.457-07:00",
    "UserRole": null,
    "MarkedAsAnswerDate": null
  },
  {
    "Id": "226070",
    "ThreadId": "66106",
    "Html": "<p>Hi,</p>\r\n<p>I'm probably reaching here, but if you have any anti-virus&nbsp;software try disabling it.</p>\r\n<p>- Dave</p>",
    "PostedDate": "2009-08-20T15:35:10.437-07:00",
    "UserRole": null,
    "MarkedAsAnswerDate": null
  },
  {
    "Id": "227183",
    "ThreadId": "66106",
    "Html": "<p>I figured out the problem. When I ran into another problem with another application, the fix for that also fixed Sandcastle.</p>\r\n<p>Look at the last reply here:</p>\r\n<p><a href=\"http://bytes.com/groups/net-asp/441235-2-0-dataset-issues-again\">http://bytes.com/groups/net-asp/441235-2-0-dataset-issues-again</a></p>\r\n<p>&nbsp;</p>\r\n<p>I hope this helps someone like it helped me.</p>",
    "PostedDate": "2009-08-24T11:55:44.567-07:00",
    "UserRole": null,
    "MarkedAsAnswerDate": null
  }
]