[
  {
    "Id": "103638",
    "ThreadId": "31177",
    "Html": "Has there been any work on allowing Sandcastle to create .pdf files or even Word files instead of .chm files? Is this even possible with a plugin perhaps?<br>\r\n<br>\r\nI'm sure there must be interest in the community; and I can see so many reasons to do so: <br>\r\n<br>\r\n1. Printing a hard copy of a chm file is a little dicey at best.<br>\r\n2. I will be handing off my documentation to two different translators (French and Spanish) and translating a chm will be darn near impossible. A Word file would be ideal.<br>\r\n3. Distribution. Much easier to circulate a pdf to peers.<br>\r\n4. After-the-fact tweaking. Customizing the final product with additional graphic elements would be much easier.<br>\r\n<br>\r\nAny comments?<br>\r\nRoger<br>\r\n<br>\r\n",
    "PostedDate": "2008-07-09T09:20:23.9-07:00",
    "UserRole": null,
    "MarkedAsAnswerDate": null
  },
  {
    "Id": "103715",
    "ThreadId": "31177",
    "Html": "Hi Roger,&nbsp;<br>\r\n<br>\r\nI haven't heard of any work being done to produce .pdf or .doc(x) output using Sandcastle as of yet.&nbsp; I was planning to investigate this in the future (at least for docx) but haven't had the time.&nbsp; You may want to submit this as a feature request on the <strong>Issue Tracker</strong>.<br>\r\n<br>\r\n<em>2. I will be handing off my documentation to two different translators (French and Spanish) and translating a chm will be darn near impossible. A Word file would be ideal.<br>\r\n<br>\r\n</em>If you're authoring MAML and XML documentation&nbsp;then you can give that&nbsp;to translators&nbsp;and simply&nbsp;rebuild the HTML help using the translated documentation as input.<br>\r\n<br>\r\n<em>3. Distribution. Much easier to circulate a pdf to peers.<br>\r\n<br>\r\n</em>How is .pdf easier than .chm?<br>\r\n<br>\r\n<em>4. After-the-fact tweaking. Customizing the final product with additional graphic elements would be much easier.</em><br>\r\n<br>\r\nThat may be true, but then you can't easily reproduce that ouptut with a single build - you'd have to perform the manual tweaking again.<br>\r\n<br>\r\n- Dave\r\n",
    "PostedDate": "2008-07-09T14:23:45.727-07:00",
    "UserRole": null,
    "MarkedAsAnswerDate": null
  },
  {
    "Id": "104658",
    "ThreadId": "31177",
    "Html": "Hi Dave, sorry for the delay. I was away for a couple of days enjoying the summer!&nbsp; :)<br>\r\n<br>\r\nThe problem I have with .chm files (not me personally) is that most of my clients (in government) don't have the chm viewer and in some cases their IT guys have blocked the installation of it. The documentation I'm creating is quite conceptual and will have lots of walk-throughs, white-papers and tutorials, making it better suited to be read as a pdf. <br>\r\n<br>\r\nI think what I'll end up doing is splitting the Maml and Xml up into two seperate deliverables. The first, a pdf, created from converting a website containing only the Maml topics. The second, a chm that contains the Xml code comments from each translator. A bit onerous... but the only way I can see to accomplish this. :(<br>\r\n<div style=\"border-style:dotted none;border-color:rgb(170, 170, 170) -moz-use-text-color;border-width:0.1em medium;margin:1em 0em 2.5em 3em;padding:0.2em;font-style:italic\"><br>\r\ndavedev wrote:<br>\r\nHi Roger,&nbsp;<br>\r\n<br>\r\nI haven't heard of any work being done to produce .pdf or .doc(x) output using Sandcastle as of yet.&nbsp; I was planning to investigate this in the future (at least for docx) but haven't had the time.&nbsp; You may want to submit this as a feature request on the <strong>Issue Tracker</strong>.<br>\r\n<br>\r\n<em>2. I will be handing off my documentation to two different translators (French and Spanish) and translating a chm will be darn near impossible. A Word file would be ideal.<br>\r\n<br>\r\n</em>If you're authoring MAML and XML documentation&nbsp;then you can give that&nbsp;to translators&nbsp;and simply&nbsp;rebuild the HTML help using the translated documentation as input.<br>\r\n<br>\r\n<em>3. Distribution. Much easier to circulate a pdf to peers.<br>\r\n<br>\r\n</em>How is .pdf easier than .chm?<br>\r\n<br>\r\n<em>4. After-the-fact tweaking. Customizing the final product with additional graphic elements would be much easier.</em><br>\r\n<br>\r\nThat may be true, but then you can't easily reproduce that ouptut with a single build - you'd have to perform the manual tweaking again.<br>\r\n<br>\r\n- Dave\r\n<br>\r\n<br>\r\n</div>\r\n<br>\r\n",
    "PostedDate": "2008-07-14T16:42:51.617-07:00",
    "UserRole": null,
    "MarkedAsAnswerDate": null
  }
]