[
  {
    "Id": "77988",
    "ThreadId": "23303",
    "Html": "\r\nHey,<br /><br />I seem to remember reading somewhere that I could use an &lt;include&gt; statement in my C# XML doc comments to pull in a #region from live (sample) code. I want to have my sample code in the build / test tree and then &lt;include&gt; appropriate code #regions for the XML classes / methods comments.<br /><br />Did I imagine this, or is there a way to specify a code region rather than an use XPath with the &lt;include&gt; tag?<br /><br />Thanks in advance,<br />Keith<br />",
    "PostedDate": "2008-03-03T23:22:41.993-08:00",
    "UserRole": null,
    "MarkedAsAnswerDate": null
  },
  {
    "Id": "77990",
    "ThreadId": "23303",
    "Html": "\r\nThat's a feature of the Code Block Component available at <a href=\"http://www.codeplex.com/SHFB\" class=\"externalLink\">http://www.codeplex.com/SHFB<span class=\"externalLinkIcon\" style=\"font-family:Consolas, Courier New, Courier, Monospace;\"></span></a>.  It's already integrated into SHFB and is used by default.  If you are using something else, you can download the Standalone Build Components.  See the SHFB help file or the included docs for info on how to use the new attributes on the <span class=\"codeInline\" style=\"font-family:Consolas, Courier New, Courier, Monospace;\">&lt;code&gt;</span> tag.<br /><br />Eric<br />",
    "PostedDate": "2008-03-03T23:37:06.867-08:00",
    "UserRole": null,
    "MarkedAsAnswerDate": null
  },
  {
    "Id": "78194",
    "ThreadId": "23303",
    "Html": "<br />Eric, <br /><br />Thanks - I'm looking over the CodeBlockComponent now. Hopefully I can figure out how to implement it. Frankly, I'm more from the writing side of the street, and Sandcastle is more challenging than some systems I've used.<br /><br />However, SHFB is <b>great</b>! I'd really be up a creek without it. Thanks for the excellent work.<br /><br />Keith<br />",
    "PostedDate": "2008-03-04T13:48:42.143-08:00",
    "UserRole": null,
    "MarkedAsAnswerDate": null
  }
]