[
  {
    "Id": "149655",
    "ThreadId": "44913",
    "Html": "When you develop software that implement interfaces/overrides methods a lot of the time there is nothing more to say about the method than the original documentation.<br>\r\n<br>\r\nWhat I would like is a way of using something like &lt;include&gt; and have it figure out where to copy the documentation from e.g.<br>\r\n<br>\r\npublic interface IFred<br>\r\n{<br>\r\n     /// &lt;summary&gt;<br>\r\n     /// This is the documentation for method.<br>\r\n     /// &lt;summary&gt;<br>\r\n     void Method();<br>\r\n}<br>\r\n<br>\r\npublic class FredImpl<br>\r\n{<br>\r\n     /// &lt;include cref=&quot;IFred&quot; section=&quot;all&quot; /&gt;<br>\r\n     void Method();<br>\r\n}<br>\r\n<br>\r\nThe tricky bit of this I think is when IFred is in another assembly and/or project.<br>\r\n<br>\r\nThis will cut down on the ~2000 documentation failings I currently have :-)\r\n",
    "PostedDate": "2009-01-22T02:49:36.053-08:00",
    "UserRole": null,
    "MarkedAsAnswerDate": null
  },
  {
    "Id": "149662",
    "ThreadId": "44913",
    "Html": "Hi, <br>\r\n<br>\r\nYou case use &lt;include file=&quot;{relative path}&quot; path=&quot;{xpath}&quot; /&gt; and the C# compiler will pull information from the specified XML file and include it into the XML documentation file that it creates.  This has nothing to do with Sandcastle.<br>\r\n<br>\r\n<a href=\"http://msdn.microsoft.com/en-us/library/9h8dy30z.aspx\">http://msdn.microsoft.com/en-us/library/9h8dy30z.aspx</a><br>\r\n<br>\r\nThe MSDN documentation appears to be messed up.  Here's another source of information about the <em>include </em>tag, with some examples: <br>\r\n<br>\r\n<a href=\"http://social.msdn.microsoft.com/forums/en-US/devdocs/thread/9425dec9-55fd-40aa-be93-e6933f802322/\">http://social.msdn.microsoft.com/forums/en-US/devdocs/thread/9425dec9-55fd-40aa-be93-e6933f802322/</a> <br>\r\n<br>\r\n- Dave\r\n",
    "PostedDate": "2009-01-22T03:06:10.773-08:00",
    "UserRole": null,
    "MarkedAsAnswerDate": null
  },
  {
    "Id": "149665",
    "ThreadId": "44913",
    "Html": "Hi, <br>\r\n<br>\r\nAlso of possible interest, Sandcastle supports &lt;inheritdoc/&gt;.<br>\r\n<br>\r\n- Dave\r\n",
    "PostedDate": "2009-01-22T03:11:34.907-08:00",
    "UserRole": null,
    "MarkedAsAnswerDate": null
  },
  {
    "Id": "149897",
    "ThreadId": "44913",
    "Html": "As Dave noted, &lt;inheritdoc /&gt; is probably what you want.  The implementation supplied by Sandcastle doesn't support any attributes to filter the inherited comments.  The GenerateInheritedDocs tool supplied with the Sandcastle Help File Builder does support filtering.  It's built into the help file builder by default.  If you are using another community tool or your own build scripts, you can get it by downloading the Standalone Build Components from the <a href=\"http://shfb.codeplex.com\">project site</a>.<br>\r\n<br>\r\nEric<br>\r\n",
    "PostedDate": "2009-01-22T12:31:14.507-08:00",
    "UserRole": null,
    "MarkedAsAnswerDate": null
  }
]