{
  "WorkItem": {
    "AffectedComponent": {
      "Name": "",
      "DisplayName": ""
    },
    "ClosedComment": "",
    "ClosedDate": null,
    "CommentCount": 0,
    "Custom": null,
    "Description": "Current the media images are resolved as\n \n<span class=\"media\"><img alt=\"...\" src=\"../media\\MyImage.jpg\" /></span>\n \nFor a better html, it should be\n \n<span class=\"media\"><img alt=\"...\" src=\"../media/MyImage.jpg\" /></span>",
    "LastUpdatedDate": "2013-02-21T17:40:17.243-08:00",
    "PlannedForRelease": "",
    "ReleaseVisibleToPublic": false,
    "Priority": {
      "Name": "Low",
      "Severity": 50,
      "Id": 1
    },
    "ProjectName": "Sandcastle",
    "ReportedDate": "2008-04-01T22:34:14.517-07:00",
    "Status": {
      "Name": "Proposed",
      "Id": 1
    },
    "ReasonClosed": {
      "Name": "Unassigned"
    },
    "Summary": "Conceptual Help: A better media art links",
    "Type": {
      "Name": "Issue",
      "Id": 3
    },
    "VoteCount": 1,
    "Id": 1943
  },
  "FileAttachments": [],
  "Comments": [
    {
      "Message": "You can workaround this by including a trailing \"/\" in the path in the \"link\" attribute of the component configuration: link=\"../media/\"\r\n",
      "PostedDate": "2008-05-01T19:27:01.54-07:00",
      "Id": -2147483648
    },
    {
      "Message": "Thanks for the information.",
      "PostedDate": "2008-05-03T06:32:03.99-07:00",
      "Id": -2147483648
    },
    {
      "Message": "This has been fixed in the May 2008 release.  However, note that the config samples are wrong.  The outputPath attribute should be:\r\noutputPath=\"string('media')\".  If not, it tries to create a folder based on the XPath iterator type name.\r\n",
      "PostedDate": "2008-05-31T20:59:41.513-07:00",
      "Id": -2147483648
    },
    {
      "Message": "I am checking the output config files and will fix them.",
      "PostedDate": "2008-06-01T07:34:52.38-07:00",
      "Id": -2147483648
    },
    {
      "Message": "",
      "PostedDate": "2013-02-21T17:40:17.243-08:00",
      "Id": -2147483648
    }
  ]
}