{
  "WorkItem": {
    "AffectedComponent": {
      "Name": "",
      "DisplayName": ""
    },
    "ClosedComment": "",
    "ClosedDate": null,
    "CommentCount": 0,
    "Custom": null,
    "Description": "According to the following article there is (or used to be) a FAQ document type schema for MAML: \n \nhttp://www.help-info.de/en/Help_Info_AP_Help/longhorn_maml_example.htm\n \nThis isn't a requirement since FAQs are typically used as a lazy way to write poor documentation, however, they can be useful as a quick reference guide when they are short and they may provide the lazy reader a starting point.",
    "LastUpdatedDate": "2013-02-21T17:40:17.087-08:00",
    "PlannedForRelease": "",
    "ReleaseVisibleToPublic": false,
    "Priority": {
      "Name": "Low",
      "Severity": 50,
      "Id": 1
    },
    "ProjectName": "Sandcastle",
    "ReportedDate": "2008-04-02T09:36:17.257-07:00",
    "Status": {
      "Name": "Proposed",
      "Id": 1
    },
    "ReasonClosed": {
      "Name": "Unassigned"
    },
    "Summary": "Conceptual: FAQ",
    "Type": {
      "Name": "Issue",
      "Id": 3
    },
    "VoteCount": 1,
    "Id": 1949
  },
  "FileAttachments": [],
  "Comments": []
}