{
  "WorkItem": {
    "AffectedComponent": {
      "Name": "",
      "DisplayName": ""
    },
    "ClosedComment": "",
    "ClosedDate": null,
    "CommentCount": 0,
    "Custom": null,
    "Description": "I have following Xml document code, I could not see anything in my compied document\n \n/// <remarks>\n/// My description here....\n/// <list type=\"table\">\n/// <listheader><term>Key Name</term><description>Descriptions</description></listheader>\n/// <item><term>SMTP Server</term><description>Smtp server to send email to.</description></item>\n/// <item><term>Email</term><description>Email address.</description></item>\n/// </list>\n/// </remarks>",
    "LastUpdatedDate": "2014-11-24T00:53:04.39-08:00",
    "PlannedForRelease": "",
    "ReleaseVisibleToPublic": false,
    "Priority": {
      "Name": "Low",
      "Severity": 50,
      "Id": 1
    },
    "ProjectName": "Sandcastle",
    "ReportedDate": "2008-04-01T11:56:25.037-07:00",
    "Status": {
      "Name": "Proposed",
      "Id": 1
    },
    "ReasonClosed": {
      "Name": "Unassigned"
    },
    "Summary": "<list type=\"table\"> <remarks> not shown",
    "Type": {
      "Name": "Issue",
      "Id": 3
    },
    "VoteCount": 2,
    "Id": 1939
  },
  "FileAttachments": [],
  "Comments": [
    {
      "Message": "1. Do you see any of your other comments?\r\n2. Have you enabled XML documentation output for your project?  (http://msdn2.microsoft.com/en-us/library/x4sa0ak0.aspx)\r\n3. Are you using a tool that automates Sandcastle?  Which one?\r\n4. Are you documenting a public member?  If not, make sure that you enable output for internal members (how exactly depends upon the tool).",
      "PostedDate": "2008-04-01T13:06:19.93-07:00",
      "Id": -2147483648
    },
    {
      "Message": "Have the same problem, for all listtype. Added test abowe list to solve the issue.\r\n/Jonas",
      "PostedDate": "2010-09-27T09:21:05.15-07:00",
      "Id": -2147483648
    },
    {
      "Message": "",
      "PostedDate": "2013-02-21T17:40:17.39-08:00",
      "Id": -2147483648
    },
    {
      "Message": "",
      "PostedDate": "2014-11-24T00:53:04.39-08:00",
      "Id": -2147483648
    }
  ]
}