{
  "WorkItem": {
    "AffectedComponent": {
      "Name": "",
      "DisplayName": ""
    },
    "ClosedComment": "",
    "ClosedDate": null,
    "CommentCount": 0,
    "Custom": null,
    "Description": "Certain System.Runtime.InteropServices attributes will not show up in the reflection information even when the attribute filter is completely removed.  Examples include DllImportAttribute, StructLayoutAttribute, FieldOffsetAttribute, ComImportAttribute, and PreserveSigAttribute.  Others such as GuidAttribute and InterfaceTypeAttribute do show up.  The attached example demonstrates the problem.  The attached config file removes the attribute filter so that it doesn't affect the example.",
    "LastUpdatedDate": "2013-02-21T17:40:19.267-08:00",
    "PlannedForRelease": "",
    "ReleaseVisibleToPublic": false,
    "Priority": {
      "Name": "Low",
      "Severity": 50,
      "Id": 1
    },
    "ProjectName": "Sandcastle",
    "ReportedDate": "2008-03-15T14:52:41.237-07:00",
    "Status": {
      "Name": "Proposed",
      "Id": 1
    },
    "ReasonClosed": {
      "Name": "Unassigned"
    },
    "Summary": "MRefBuilder fails to include certain interop attributes",
    "Type": {
      "Name": "Issue",
      "Id": 3
    },
    "VoteCount": 2,
    "Id": 1756
  },
  "FileAttachments": [
    {
      "FileId": 532,
      "FileName": "InteropAttributeTest.cs",
      "DownloadUrl": ".\\532"
    },
    {
      "FileId": 533,
      "FileName": "MRefBuilder.config",
      "DownloadUrl": ".\\533"
    }
  ],
  "Comments": [
    {
      "Message": "Added demo config",
      "PostedDate": "2008-03-15T14:53:24.94-07:00",
      "Id": -2147483648
    },
    {
      "Message": "",
      "PostedDate": "2008-03-15T14:53:26.017-07:00",
      "Id": -2147483648
    },
    {
      "Message": "",
      "PostedDate": "2008-03-15T20:15:09.563-07:00",
      "Id": -2147483648
    },
    {
      "Message": "",
      "PostedDate": "2013-02-21T17:40:19.267-08:00",
      "Id": -2147483648
    }
  ]
}