{
  "WorkItem": {
    "AffectedComponent": {
      "Name": "",
      "DisplayName": ""
    },
    "ClosedComment": "",
    "ClosedDate": null,
    "CommentCount": 0,
    "Custom": null,
    "Description": "We have a nested class with a public constructor. It is marked as deprecated, but is still public and preset. NDoc generated the documentation for it, but Sandcastle 2.7.0.0 apparently does not.",
    "LastUpdatedDate": "2013-02-21T17:39:51.803-08:00",
    "PlannedForRelease": "",
    "ReleaseVisibleToPublic": false,
    "Priority": {
      "Name": "Low",
      "Severity": 50,
      "Id": 1
    },
    "ProjectName": "Sandcastle",
    "ReportedDate": "2012-04-27T12:11:31.047-07:00",
    "Status": {
      "Name": "Proposed",
      "Id": 1
    },
    "ReasonClosed": {
      "Name": "Unassigned"
    },
    "Summary": "Nested Class Constructor Does Not Show Up",
    "Type": {
      "Name": "Issue",
      "Id": 3
    },
    "VoteCount": 1,
    "Id": 12074
  },
  "FileAttachments": [
    {
      "FileId": 4963,
      "FileName": "sandcastle-contructor-loss.zip",
      "DownloadUrl": ".\\4963"
    },
    {
      "FileId": 4964,
      "FileName": "SchemaCtorVS2010Intellisense.png",
      "DownloadUrl": ".\\4964"
    }
  ],
  "Comments": [
    {
      "Message": "Please attach an example that fails.  I have test cases with nested classes with public constructors that are working as expected.  Marking it obsolete should have no effect other than adding an \"Obsolete\" note to the topic for it.\r\n",
      "PostedDate": "2012-04-27T12:32:32.777-07:00",
      "Id": -2147483648
    },
    {
      "Message": "",
      "PostedDate": "2012-04-30T10:56:36.01-07:00",
      "Id": -2147483648
    },
    {
      "Message": "Here you go. Note that the sbclient.xml has been processed to remove some members that refer to internal times, but it is still legal XML doc – VS 2010 Intellisense picks up the constructors from there.\r\n",
      "PostedDate": "2012-04-30T10:56:38.073-07:00",
      "Id": -2147483648
    },
    {
      "Message": "",
      "PostedDate": "2012-04-30T10:59:05.74-07:00",
      "Id": -2147483648
    },
    {
      "Message": "Screenshot showing Schema ctor tip in VS2010 – this is also not showing up in the output.",
      "PostedDate": "2012-04-30T10:59:07.45-07:00",
      "Id": -2147483648
    },
    {
      "Message": "The problem here is that you are using <exclude /> XML comment tags which are converted by SHFB to API Filter entries.  Since MRefBuilder's API filter will rip all members with the given name and does not distinguish by parameter list, if one overload is removed, they all are.  Since you don't appear to be documenting internals, remove the <exclude /> tag from the internal constructor and the public one will show up.  It would probably be best to remove all <exclude /> tags and use the API filter property within the project to remove any unwanted members so that it's more obvious what is being removed.\r\n",
      "PostedDate": "2012-08-07T12:31:51.93-07:00",
      "Id": -2147483648
    },
    {
      "Message": "With regard to processing the XML comments file to remove unwanted members, SHFB provides an IntelliSense build component that you can add to the project which will produce a filtered XML comments file containing only the documented members.\r\n",
      "PostedDate": "2012-08-07T12:33:59.377-07:00",
      "Id": -2147483648
    },
    {
      "Message": "Thanks!",
      "PostedDate": "2012-08-07T13:02:25.63-07:00",
      "Id": -2147483648
    },
    {
      "Message": "",
      "PostedDate": "2013-02-21T17:39:51.803-08:00",
      "Id": -2147483648
    }
  ]
}