{
  "WorkItem": {
    "AffectedComponent": {
      "Name": "",
      "DisplayName": ""
    },
    "ClosedComment": "",
    "ClosedDate": null,
    "CommentCount": 0,
    "Custom": null,
    "Description": "I use the NIDaq software from national intruments and it comes with some .net 2.0 assemblies.  Every time I try to compile my help using SandcastleGUI, I get the following error:\n \n         \"Error: Unresolved assembly reference: NationalInstruments.Common (NationalInstruments.Common, Version=8.1.20.168, Culture=neutral, PublicKeyToken=4544464cdeaab541) required by\n          NationalInstruments.DAQmx\"\n \nI have checked that all the necessary assemblies are there.  The problem is that the onlyi available NationalInstruments.Common assembly is version 8.1.20.237.  However, my program and NIDAQ work fine.  I think what is happening is that NationalInstruments.DAQmx does not specifically require version .168 (specific version = false) and that sandcastle is not checking this?\n \nAttached are the files in question...",
    "LastUpdatedDate": "2013-02-21T17:40:22.047-08:00",
    "PlannedForRelease": "",
    "ReleaseVisibleToPublic": false,
    "Priority": {
      "Name": "Low",
      "Severity": 50,
      "Id": 1
    },
    "ProjectName": "Sandcastle",
    "ReportedDate": "2008-01-31T04:28:11.37-08:00",
    "Status": {
      "Name": "Proposed",
      "Id": 1
    },
    "ReasonClosed": {
      "Name": "Unassigned"
    },
    "Summary": "SandcastleGUI unable to resolve assmebly reference although it should.",
    "Type": {
      "Name": "Issue",
      "Id": 3
    },
    "VoteCount": 7,
    "Id": 1014
  },
  "FileAttachments": [
    {
      "FileId": 259,
      "FileName": "nidaq.zip",
      "DownloadUrl": ".\\259"
    },
    {
      "FileId": 908,
      "FileName": "CustomResolver.zip",
      "DownloadUrl": ".\\908"
    }
  ],
  "Comments": [
    {
      "Message": "I found your original discussion here: \r\n\r\nhttp://forums.ni.com/ni/board/message?board.id=232&message.id=6431\r\n\r\nAnd this discussion in the Developer Documentation and Help System forum: \r\n\r\nhttp://forums.microsoft.com/MSDN/ShowPost.aspx?PostID=2550724&SiteID=1\r\n\r\nFrom the latter discussion it seems that you'll need the older assembly since it contains the reflection information that DAQmx was built against.\r\n\r\nLogically though, it would seem that a publisher policy file should cause MRefBuilder to just use the newer version as if it was the older version, like the runtime does, but apparently that's not the case.  It seems really strange to me that software which merely inspects an assembly cannot use a later version but software that actually executes the assembly (the runtime) can.\r\n\r\nI wonder is it because of a potential loss of information?  Isn't it better to actually be able to generate help with as much information that is available then not being able to generate any help at all?",
      "PostedDate": "2008-02-17T19:49:25.52-08:00",
      "Id": -2147483648
    },
    {
      "Message": "",
      "PostedDate": "2008-03-06T07:43:21.633-08:00",
      "Id": -2147483648
    },
    {
      "Message": "",
      "PostedDate": "2008-05-22T05:32:04.56-07:00",
      "Id": -2147483648
    },
    {
      "Message": "I'm having exactly the same issue.  ",
      "PostedDate": "2008-05-23T12:28:08.42-07:00",
      "Id": -2147483648
    },
    {
      "Message": "",
      "PostedDate": "2008-05-29T09:10:08.26-07:00",
      "Id": -2147483648
    },
    {
      "Message": "",
      "PostedDate": "2008-08-06T13:29:45.387-07:00",
      "Id": -2147483648
    },
    {
      "Message": "Since the assemblies in question are usually second cousins (i.e. a dependency that my dependency has), it wont' affect my generated documentation anyway, so I wish there was a way to overcome this.",
      "PostedDate": "2008-08-06T13:30:36.92-07:00",
      "Id": -2147483648
    },
    {
      "Message": "",
      "PostedDate": "2008-08-13T21:40:40.883-07:00",
      "Id": -2147483648
    },
    {
      "Message": "I have problem building documentation because of minor difference in referenced and installed assembly name too. And it does not look like a \"Low Impact\" issue to me. \r\n\r\nThe impact is actually high. In my project (as well as many others project, I believe) I use 3rd party components that were compiled against the earlier versions of some other 3rd party libraries or earlier versions of MS .NET Framework. The application itself run smoothly because the newer, updated version of dependency libraries are compatible with the earlier version. However, I'm still unable to build documentation with Sandcastle because the lib versions do not match exactly. \r\n\r\nSandCastle is a nice tool.  And I really thankful to the team that created and shared it. Thank you guys!  However, with this bug it just breaks the whole component-based development concept. I cannot update a 3rd party component because it may cause documentation fail to build.\r\n\r\nI hope you can fix this soon. Thanks again for a nice tool!",
      "PostedDate": "2008-08-13T21:55:31.253-07:00",
      "Id": -2147483648
    },
    {
      "Message": "I have the same problem, Sancastle cannot redirect using the publishers policy.\r\nBTW I need NationalInstruments.Common.dll version 8.1.20.168,",
      "PostedDate": "2008-09-23T09:20:27.873-07:00",
      "Id": -2147483648
    },
    {
      "Message": "",
      "PostedDate": "2008-09-23T09:21:07.42-07:00",
      "Id": -2147483648
    },
    {
      "Message": "I've come up with a solution for this using a custom assembly resolver.  The code and binaries are attached.  I'll post a message in the discussion area with the details soon.\r\n",
      "PostedDate": "2008-09-23T19:12:30.883-07:00",
      "Id": -2147483648
    },
    {
      "Message": "",
      "PostedDate": "2008-09-23T19:12:32.57-07:00",
      "Id": -2147483648
    },
    {
      "Message": "Solution discussion (CustomResolver.zip): http://www.codeplex.com/Sandcastle/Thread/View.aspx?ThreadId=36323\r\n",
      "PostedDate": "2008-09-23T19:29:38.153-07:00",
      "Id": -2147483648
    },
    {
      "Message": "This is four years old but still I dare posting: Is there any workaround for such a situation? I am struggling with this, albeit with a new NI release.\r\n\r\nregards,\nFlorian",
      "PostedDate": "2012-11-21T04:41:35.55-08:00",
      "Id": -2147483648
    },
    {
      "Message": "Assembly binding redirection support is built into the latest release of MRefBuilder (Sandcastle 2.7.1.0).  If using the Sandcastle Help File Builder, add the assembly binding redirection plug-in to your SHFB project and configure it to redirect the older versions to the latest release or the one one you are using.  If you run into any issues, please post a message in the discussion group of the Sandcastle Help File Builder project (http://shfb.codeplex.com) as all future development of the Sandcastle tools will be handled there.  Thanks.\r\n\r\n",
      "PostedDate": "2012-11-21T09:53:43.657-08:00",
      "Id": -2147483648
    },
    {
      "Message": "",
      "PostedDate": "2013-02-21T17:40:22.047-08:00",
      "Id": -2147483648
    }
  ]
}