{
  "WorkItem": {
    "AffectedComponent": {
      "Name": "",
      "DisplayName": ""
    },
    "ClosedComment": "",
    "ClosedDate": null,
    "CommentCount": 0,
    "Custom": null,
    "Description": "I have attached a template for the <note> tag that I think is a much better implementation.  It uses all of the included \"note\" items in the content files and uses only the included images, and provides a table layout that stands out better.  Well, I think so, anyway.",
    "LastUpdatedDate": "2013-02-21T17:40:18.787-08:00",
    "PlannedForRelease": "",
    "ReleaseVisibleToPublic": false,
    "Priority": {
      "Name": "Low",
      "Severity": 50,
      "Id": 1
    },
    "ProjectName": "Sandcastle",
    "ReportedDate": "2008-03-19T23:07:11.493-07:00",
    "Status": {
      "Name": "Proposed",
      "Id": 1
    },
    "ReasonClosed": {
      "Name": "Unassigned"
    },
    "Summary": "Better implementation of the <note type=\"\"> tag",
    "Type": {
      "Name": "Issue",
      "Id": 3
    },
    "VoteCount": 1,
    "Id": 1795
  },
  "FileAttachments": [
    {
      "FileId": 544,
      "FileName": "XSLTFile1.xslt",
      "DownloadUrl": ".\\544"
    },
    {
      "FileId": 773,
      "FileName": "May2008Fix.txt",
      "DownloadUrl": ".\\773"
    }
  ],
  "Comments": [
    {
      "Message": "Not implemented by the May 2008 release.  Please ignore the prior attachment and see the May2008Fix.txt file for the patch to implement it.",
      "PostedDate": "2008-05-31T23:13:33.83-07:00",
      "Id": -2147483648
    },
    {
      "Message": "",
      "PostedDate": "2008-05-31T23:13:34.517-07:00",
      "Id": -2147483648
    },
    {
      "Message": "",
      "PostedDate": "2013-02-21T17:40:18.787-08:00",
      "Id": -2147483648
    }
  ]
}