{
  "WorkItem": {
    "AffectedComponent": {
      "Name": "",
      "DisplayName": ""
    },
    "ClosedComment": "",
    "ClosedDate": null,
    "CommentCount": 0,
    "Custom": null,
    "Description": "Given the following code:\n \npublic abstract class GenericClassBase<T>\n{\n \n\t/// <summary>\n\t/// Summary\n\t/// </summary>\n\t/// <param name=\"arg1\">arg1</param>\n\tprotected abstract void Method1(T arg1);\n \n}\n \npublic abstract class Derived2<T> : GenericClassBase<T>\n{\n \n\t/// <summary>\n\t/// Derived2 Summary\n\t/// </summary>\n\t/// <param name=\"arg1\">Derived2 arg1</param>\n\tprotected override sealed void Method1(T arg1)\n\t{\n\t}\n \n}\n \npublic abstract class Derived1<T> : GenericClassBase<T>\n{\n \n\t/// <summary>\n\t/// Derived1 Summary\n\t/// </summary>\n\t/// <param name=\"arg1\">Derived1 arg1</param>\n\tprotected override sealed void Method1(T arg1)\n\t{\n\t}\n \n}\n \nThe documentation for Derived1 contains 2 entries for 'Method1' where it should only contain 1:\n \nMethod1(T) - Derived1 Summary\n \nMethod1(T) - Summary (Inherited from GenericClassBase(T))\n \nThe documentation for Derived2 is as follows:\n \nMethod1 - Derived2 Summary (Overrides GenericClassBase(T).Method1(T))\n \n(Note, the ommission of the (T) parm on the Method1 is not my mistake. I'm not sure if that is correct or not).\n \nI've made the following observations regarding the problem:\n \n    The arg1 type must be of type T\n    Which ever method appears second in the source (Derived1 or Derived2) is the one with 2 Method1 entries in the documentation.\n    It makes no difference if I remove all documentation from the members.\n    It makes no difference if I explicitly document the base class member and then use inheritdoc for the two overrides.\n    It makes no difference If I rename the arguments in the overriden methods to arg2 and arg3.\n    It makes no difference if I remove 'abstract' from the derived classes, or 'sealed' from the derived methods.",
    "LastUpdatedDate": "2013-02-21T17:39:53.46-08:00",
    "PlannedForRelease": "",
    "ReleaseVisibleToPublic": false,
    "Priority": {
      "Name": "Low",
      "Severity": 50,
      "Id": 1
    },
    "ProjectName": "Sandcastle",
    "ReportedDate": "2011-09-25T05:18:30.503-07:00",
    "Status": {
      "Name": "Proposed",
      "Id": 1
    },
    "ReasonClosed": {
      "Name": "Unassigned"
    },
    "Summary": "Method with generic argument appears twice in derived class docs.",
    "Type": {
      "Name": "Issue",
      "Id": 3
    },
    "VoteCount": 1,
    "Id": 11303
  },
  "FileAttachments": [],
  "Comments": []
}