{
  "WorkItem": {
    "AffectedComponent": {
      "Name": "",
      "DisplayName": ""
    },
    "ClosedComment": "",
    "ClosedDate": null,
    "CommentCount": 0,
    "Custom": null,
    "Description": "The glossary document type in MAML requires an attribute named, \"termClass\" to appear on all term elements.  However, \"termClass\" does not appear to be used in any XSL transformations or build components.\n \nIt doesn't appear to be necessary though.  Maybe it would be better to simply adjust the schema.",
    "LastUpdatedDate": "2013-02-21T17:40:16.93-08:00",
    "PlannedForRelease": "",
    "ReleaseVisibleToPublic": false,
    "Priority": {
      "Name": "Low",
      "Severity": 50,
      "Id": 1
    },
    "ProjectName": "Sandcastle",
    "ReportedDate": "2008-04-02T09:44:43.74-07:00",
    "Status": {
      "Name": "Proposed",
      "Id": 1
    },
    "ReasonClosed": {
      "Name": "Unassigned"
    },
    "Summary": "Conceptual: Glossary term requires termClass attribute",
    "Type": {
      "Name": "Issue",
      "Id": 3
    },
    "VoteCount": 1,
    "Id": 1950
  },
  "FileAttachments": [],
  "Comments": []
}