{
  "WorkItem": {
    "AffectedComponent": {
      "Name": "",
      "DisplayName": ""
    },
    "ClosedComment": "",
    "ClosedDate": null,
    "CommentCount": 0,
    "Custom": null,
    "Description": "Multiple <example> elements in XML documentation are added to separate example sections, which is nice, however they are not collapsible even though they appear to be.\n \nFor the VS 2005 presentation style, and possibly others, this can be accomplished by applying these updates: \n \nFind the example template (<xsl:template match=\"example\">) in the main_sandcastle.xsl file and replace the toggleSwitch parameter with the following so that each example will use a unique HTML id: \n \n<xsl:with-param name=\"toggleSwitch\" select=\"concat('example',position())\"/> \n \nSearch for exampleToggle in the htmlBody.xsl file and replace its HTML anchor element with the following so that the Example link that appears in the topic header will jump to the first example: \n \n<a href=\"#example1Toggle\" onclick=\"OpenSection(example1Toggle)\">\n \n(i.e., add a 1 between example and Toggle in the href and onclick attributes.  This works even if only one example is provided in XML documentation.)\n \nChange the value of the examplesTitle item in reference_content.xml to Example.  (It's currently pluralized: Examples)",
    "LastUpdatedDate": "2013-02-21T17:40:17.55-08:00",
    "PlannedForRelease": "",
    "ReleaseVisibleToPublic": false,
    "Priority": {
      "Name": "Low",
      "Severity": 50,
      "Id": 1
    },
    "ProjectName": "Sandcastle",
    "ReportedDate": "2008-03-31T11:43:25.03-07:00",
    "Status": {
      "Name": "Proposed",
      "Id": 1
    },
    "ReasonClosed": {
      "Name": "Unassigned"
    },
    "Summary": "API Reference: Multiple Collapsible Examples",
    "Type": {
      "Name": "Issue",
      "Id": 3
    },
    "VoteCount": 1,
    "Id": 1911
  },
  "FileAttachments": [],
  "Comments": []
}