{
  "WorkItem": {
    "AffectedComponent": {
      "Name": "",
      "DisplayName": ""
    },
    "ClosedComment": "",
    "ClosedDate": null,
    "CommentCount": 0,
    "Custom": null,
    "Description": "Copied from http://www.codeplex.com/SHFB/WorkItem/View.aspx?WorkItemId=15820 upon Eric's response\n \nI have a class that has overloads, for example:\n \n/// <overloads>\n/// <summary>\n/// Some overload information\n/// </summary>\n/// </overloads>\n/// <summary>\n/// Tests this instance.\n/// </summary>\npublic void Test()\n{\nTest(String.Empty);\n}\n \n/// <summary>\n/// Tests the specified message.\n/// </summary>\n/// <param name=\"message\">The message.</param>\npublic void Test(String message)\n{\nDebug.WriteLine(message);\n}\n \nA page for the overloaded methods gets created, but it is not linked from the class page. The class page contains the following lines:\n \nTest() Tests this instance. \n \nTest(String) Tests the specified message. \n \nThese lines link to the specific functions. How do I get the MSDN documentation behaviour where there is just one line that links to the overloads documentation page? I was expecting that the class page would contain:\n \nTest Some overload information \n \nI am using SHFB with the Prototype presentation style.",
    "LastUpdatedDate": "2013-02-21T17:40:18.633-08:00",
    "PlannedForRelease": "",
    "ReleaseVisibleToPublic": false,
    "Priority": {
      "Name": "Low",
      "Severity": 50,
      "Id": 1
    },
    "ProjectName": "Sandcastle",
    "ReportedDate": "2008-03-26T22:32:40.9-07:00",
    "Status": {
      "Name": "Proposed",
      "Id": 1
    },
    "ReasonClosed": {
      "Name": "Unassigned"
    },
    "Summary": "Overloads page not linked from class page",
    "Type": {
      "Name": "Issue",
      "Id": 3
    },
    "VoteCount": 3,
    "Id": 1832
  },
  "FileAttachments": [],
  "Comments": [
    {
      "Message": "It is still not fixed in the May release.",
      "PostedDate": "2008-06-03T18:46:07.927-07:00",
      "Id": -2147483648
    },
    {
      "Message": "",
      "PostedDate": "2010-07-08T00:08:09.347-07:00",
      "Id": -2147483648
    },
    {
      "Message": "",
      "PostedDate": "2013-02-21T17:40:18.633-08:00",
      "Id": -2147483648
    }
  ]
}