{
  "WorkItem": {
    "AffectedComponent": {
      "Name": "",
      "DisplayName": ""
    },
    "ClosedComment": "Fixed in May 2008 release.",
    "ClosedDate": "2008-06-01T07:31:50.303-07:00",
    "CommentCount": 0,
    "Custom": null,
    "Description": "Hi all.\n \nI have a code doc which contains a <see> tag within a <c> tag:\n \n/// <remarks>\n/// blah blah <c>typeof(<see cref=\"IEnumerable&amp;lt;T&amp;gt;\"/>)</c> blah blah\n/// </remarks>\n \nIn the XML created by the compiler I see:\n \nblah blah <c>typeof(<see cref=\"T:System.Collections.Generic.IEnumerable`1\" />)</c> blah blah\n \nSo far it looks good. But in the resulting .chm file the <see> tag is dropped:\n \nblah blah typeof() blah blah\n \nIt is no real problem if there is no link but the text should imho not be dropped.\n \n \nLuki",
    "LastUpdatedDate": "2013-05-16T04:53:24.963-07:00",
    "PlannedForRelease": "",
    "ReleaseVisibleToPublic": false,
    "Priority": {
      "Name": "Low",
      "Severity": 50,
      "Id": 1
    },
    "ProjectName": "Sandcastle",
    "ReportedDate": "2008-02-18T23:01:59.913-08:00",
    "Status": {
      "Name": "Closed",
      "Id": 4
    },
    "ReasonClosed": {
      "Name": "Unassigned"
    },
    "Summary": "<see> within <c> not shown",
    "Type": {
      "Name": "Issue",
      "Id": 3
    },
    "VoteCount": 2,
    "Id": 1452
  },
  "FileAttachments": [],
  "Comments": [
    {
      "Message": "Hi Luki, \r\n\r\nA simple change to the main_sandcastle.xsl file will do the trick (I only tested the VS2005 presentation style though).  Open the file from the presentation style's transforms folder and search for match=\"c\".  Change the template so it looks like this: \r\n\r\n<xsl:template match=\"c\">\r\n  <span class=\"code\">\r\n    <xsl:apply-templates />\r\n  </span>\r\n</xsl:template>\r\n\r\nCalling <xsl:apply-templates /> allows other tags, such as <see> to be processed.\r\n\r\nAlthough, there may be unwanted side effects with other types of tag processing using this workaround, so be warned if you try to nest other tags.\r\n\r\n- Dave",
      "PostedDate": "2008-02-19T00:36:45.653-08:00",
      "Id": -2147483648
    },
    {
      "Message": "Dave,\r\n\r\nThanks for your answer. I'll try it this way.\r\n\r\nIs this something that will be added to template for everyone? I don't like the idea of producing code comments that work only with my own settings. This limits spreading of code in some way.\r\n\r\n\r\nLuki\r\n",
      "PostedDate": "2008-02-20T04:27:55.917-08:00",
      "Id": -2147483648
    },
    {
      "Message": "Hi Luki, \r\n\r\nI don't know because I don't work for Microsoft.  But I agree with your sentiments.\r\n\r\n- Dave",
      "PostedDate": "2008-02-20T06:02:35.78-08:00",
      "Id": -2147483648
    },
    {
      "Message": "",
      "PostedDate": "2008-03-11T17:19:09.113-07:00",
      "Id": -2147483648
    },
    {
      "Message": "This has been fixed in the May 2008 release.\r\n",
      "PostedDate": "2008-05-31T20:40:05.333-07:00",
      "Id": -2147483648
    },
    {
      "Message": "",
      "PostedDate": "2008-06-01T07:31:50.303-07:00",
      "Id": -2147483648
    },
    {
      "Message": "",
      "PostedDate": "2013-02-21T17:40:20.507-08:00",
      "Id": -2147483648
    },
    {
      "Message": "",
      "PostedDate": "2013-05-16T04:53:24.963-07:00",
      "Id": -2147483648
    }
  ]
}