{
  "WorkItem": {
    "AffectedComponent": {
      "Name": "",
      "DisplayName": ""
    },
    "ClosedComment": "",
    "ClosedDate": null,
    "CommentCount": 0,
    "Custom": null,
    "Description": "I ran into the issue located here (http://stackoverflow.com/questions/8703642/mysteriously-failing-sandcastle-build-only-when-built-by-teamcity) after upgrading our build server from a previous version (mid 2011) to the current release.\n \nThe build works when manually building the project via the GUI but fails when building from teamcity.",
    "LastUpdatedDate": "2014-09-22T03:22:42.13-07:00",
    "PlannedForRelease": "",
    "ReleaseVisibleToPublic": false,
    "Priority": {
      "Name": "Low",
      "Severity": 50,
      "Id": 1
    },
    "ProjectName": "Sandcastle",
    "ReportedDate": "2012-04-24T12:06:31.477-07:00",
    "Status": {
      "Name": "Proposed",
      "Id": 1
    },
    "ReasonClosed": {
      "Name": "Unassigned"
    },
    "Summary": "Upgrading to the latest version breaks building via MSBuild.",
    "Type": {
      "Name": "Issue",
      "Id": 3
    },
    "VoteCount": 2,
    "Id": 12067
  },
  "FileAttachments": [],
  "Comments": [
    {
      "Message": "As noted in the StackOverflow thread, you've probably got an old cache file that's out of date and needs to be purged.  You'll need to find out where it's at and delete it.  See the sandcastle.config file in the working folder after the build fails.  Search for the CachedCopyFromIndexComponent element.  The sub-elements specifying the files to index will contain the names of the related cache files and their locations.\r\n",
      "PostedDate": "2012-04-24T12:29:44.167-07:00",
      "Id": -2147483648
    },
    {
      "Message": "Thanks, I'm trying that now.",
      "PostedDate": "2012-04-24T12:52:39.12-07:00",
      "Id": -2147483648
    },
    {
      "Message": "That seemed to fix the issue. Can this happen automatically on upgrade (set a flag or something in the registry) as it is a pain to do this on a build server...",
      "PostedDate": "2012-04-24T13:55:08.43-07:00",
      "Id": -2147483648
    },
    {
      "Message": "",
      "PostedDate": "2013-02-21T17:39:52.393-08:00",
      "Id": -2147483648
    },
    {
      "Message": "",
      "PostedDate": "2014-09-22T03:22:42.13-07:00",
      "Id": -2147483648
    }
  ]
}