[
  {
    "Id": 918,
    "Title": "Build Assembler Error When Root Topic Is Included"
  },
  {
    "Id": 919,
    "Title": "ChmBuilder /config switch"
  },
  {
    "Id": 920,
    "Title": "ChmBuilder Output Directory"
  },
  {
    "Id": 922,
    "Title": "Failed on localised classes/methods names"
  },
  {
    "Id": 932,
    "Title": "Build Assembler Progress Notification"
  },
  {
    "Id": 933,
    "Title": "Conceptual Documentation: Pass-through HTML"
  },
  {
    "Id": 934,
    "Title": "Problem with overridden methods in sealed classes"
  },
  {
    "Id": 935,
    "Title": "Public events are documented as protected in certain C++ classes"
  },
  {
    "Id": 936,
    "Title": "MRefBuilder fails to find referenced type under certain conditions"
  },
  {
    "Id": 937,
    "Title": "Presentation Style Issues"
  },
  {
    "Id": 938,
    "Title": "Hana and VS2005 styles generate unnecessary Overloads pages and TOC entries"
  },
  {
    "Id": 939,
    "Title": "Version Builder Transformation Issues"
  },
  {
    "Id": 958,
    "Title": "Script# Presentation Style Issues"
  },
  {
    "Id": 973,
    "Title": "Bug: MRefBuilder ignores attributes on property getter/setter methods"
  },
  {
    "Id": 974,
    "Title": "Support External Hyperlink Target with Appropriate Default"
  },
  {
    "Id": 994,
    "Title": "ChmBuilder Container-Only Topics"
  },
  {
    "Id": 998,
    "Title": "Hana and Prototype styles need to add CHARSET attribute to topics"
  },
  {
    "Id": 1014,
    "Title": "SandcastleGUI unable to resolve assmebly reference although it should."
  },
  {
    "Id": 1017,
    "Title": "MRefBuilder Generates Incorrect Member Signatures"
  },
  {
    "Id": 1046,
    "Title": "Presentation issue list-tag as child of param-tag"
  },
  {
    "Id": 1072,
    "Title": "DBCSFix Bugs"
  },
  {
    "Id": 1076,
    "Title": "ChmBuilder: Separate base file name from project argument"
  },
  {
    "Id": 1249,
    "Title": "Conceptual: codeEntityReference is sensitive to space"
  },
  {
    "Id": 1293,
    "Title": "Abstract classes help pages have constructor"
  },
  {
    "Id": 1375,
    "Title": "Build Components Use Console.WriteLine"
  },
  {
    "Id": 1443,
    "Title": "Problems with KeyWords in large projects (Error HXC3031)"
  },
  {
    "Id": 1452,
    "Title": "<see> within <c> not shown"
  },
  {
    "Id": 1459,
    "Title": "Presentation metadata transform bug - generates bogus type names"
  },
  {
    "Id": 1595,
    "Title": "Support <inheritdoc/> tag"
  },
  {
    "Id": 1613,
    "Title": "seealso tags within an overloads tag  not listed"
  },
  {
    "Id": 1620,
    "Title": "Sandcastle breaks: chm file never created"
  },
  {
    "Id": 1637,
    "Title": "inline seealso tag not working"
  },
  {
    "Id": 1664,
    "Title": "SandCastle version out of date"
  },
  {
    "Id": 1715,
    "Title": "Managed C++ generic ICollection<> argument breaks link from code to doc"
  },
  {
    "Id": 1756,
    "Title": "MRefBuilder fails to include certain interop attributes"
  },
  {
    "Id": 1791,
    "Title": "The MSDN URLs generated by ResolveReferenceLinks2 are incorrect"
  },
  {
    "Id": 1794,
    "Title": "Separate member tables based on visibility"
  },
  {
    "Id": 1795,
    "Title": "Better implementation of the <note type=\"\"> tag"
  },
  {
    "Id": 1832,
    "Title": "Overloads page not linked from class page"
  },
  {
    "Id": 1833,
    "Title": "ExampleComponent Wildcards"
  },
  {
    "Id": 1835,
    "Title": "Conceptual: Glossary Improvements"
  },
  {
    "Id": 1854,
    "Title": "Conceptual: Don't Display Summary in Topic"
  },
  {
    "Id": 1868,
    "Title": "Remarks and seealso do not work for the project topic"
  },
  {
    "Id": 1908,
    "Title": "Bug in Members page when overloaded member uses generic parameter"
  },
  {
    "Id": 1911,
    "Title": "API Reference: Multiple Collapsible Examples"
  },
  {
    "Id": 1939,
    "Title": "<list type=\"table\"> <remarks> not shown"
  },
  {
    "Id": 1943,
    "Title": "Conceptual Help: A better media art links"
  },
  {
    "Id": 1949,
    "Title": "Conceptual: FAQ"
  },
  {
    "Id": 1950,
    "Title": "Conceptual: Glossary term requires termClass attribute"
  },
  {
    "Id": 1965,
    "Title": "XAML code samples cannot be hidden (VS2005 style)"
  },
  {
    "Id": 1978,
    "Title": "APIName Attributes Incorrect (Hana and Prototype)"
  },
  {
    "Id": 1983,
    "Title": "Methods inherited from a specialization of a generic class show generic parameter types"
  },
  {
    "Id": 1987,
    "Title": "referenced fields appear as methods, and are not linked"
  },
  {
    "Id": 1993,
    "Title": "ApplyVSDocModel.xsl loses library information"
  },
  {
    "Id": 1999,
    "Title": "JavaScript Syntax Generator Changes"
  },
  {
    "Id": 2021,
    "Title": "Conceptual: codeSection template ignores valid code languages"
  },
  {
    "Id": 2034,
    "Title": "Conceptual: XLinks in relatedTopics section requires explicit text"
  },
  {
    "Id": 2060,
    "Title": "Conceptual: Formatting is not applied to some in-line MAML elements"
  },
  {
    "Id": 2061,
    "Title": "Conceptual: Define in-line MAML element for email semantics"
  },
  {
    "Id": 2072,
    "Title": "Invalid K Index entry for constructor APIs"
  },
  {
    "Id": 2082,
    "Title": "Auto-generated Bibliography"
  },
  {
    "Id": 2111,
    "Title": "AssemblyFileVersion attribute is displayed incorrectly"
  },
  {
    "Id": 2136,
    "Title": "Using scbuild.ps1 processes \"Temporary ASP.NET Files\" folder"
  },
  {
    "Id": 2137,
    "Title": "Installer should create registry setting of install directory"
  },
  {
    "Id": 2139,
    "Title": "Conceptual: Make use of <link> inner text if specified"
  },
  {
    "Id": 2142,
    "Title": "Conceptual: autoOutline Changes"
  },
  {
    "Id": 2158,
    "Title": "sitemap element has multiple siteMapNode elements in the web.sitemap file generated"
  },
  {
    "Id": 2174,
    "Title": "Conceptual: Pass-through HTML"
  },
  {
    "Id": 2180,
    "Title": "Insert the feedback recipient and change default name of Compiles files in hhp"
  },
  {
    "Id": 2181,
    "Title": "Conceptual Help: code language=\"xaml\">"
  },
  {
    "Id": 2189,
    "Title": "Conceptual Help: Valid html output for mediaLink"
  },
  {
    "Id": 2190,
    "Title": "CHMBuilder Fails on DTD"
  },
  {
    "Id": 2221,
    "Title": "Invalid MSDN Links for Enum Constants"
  },
  {
    "Id": 2239,
    "Title": "Conceptual: ExampleComponent not coloring multi-snippet IDs"
  },
  {
    "Id": 2243,
    "Title": "Unhandled NullReferenceException in BuildAssembler"
  },
  {
    "Id": 2247,
    "Title": "Conflicting Licenses"
  },
  {
    "Id": 2253,
    "Title": "StackOverflowException in MrefBuilder"
  },
  {
    "Id": 2255,
    "Title": "VS2005 div.code pre style contains word-wrap option"
  },
  {
    "Id": 2256,
    "Title": "Better implementation of the ddue:alert element"
  },
  {
    "Id": 2257,
    "Title": "Conceptual: Hana does not wrap code blocks in <div class=\"code\">"
  },
  {
    "Id": 2258,
    "Title": "Conceptual: ddue:copyright processing is broken"
  },
  {
    "Id": 2259,
    "Title": "Conceptual: Hana and Prototype are missing some namespace declarations"
  },
  {
    "Id": 2260,
    "Title": "Anchor tag styles need to be fixed"
  },
  {
    "Id": 2261,
    "Title": "Conceptual: All three styles, normalize the space on the abstract"
  },
  {
    "Id": 2264,
    "Title": "ddue:list should support the \"nobullet\" style"
  },
  {
    "Id": 2265,
    "Title": "ddue:table handling needs fixing"
  },
  {
    "Id": 2266,
    "Title": "Rendering of ddue:definitionTable isn't consistent in presentation styles"
  },
  {
    "Id": 2267,
    "Title": "\"ddue:schemaHierarchy\" and related \"indent\" templates are missing from Prototype"
  },
  {
    "Id": 2268,
    "Title": "The sub-section toggles do not work in Hana and VS2005"
  },
  {
    "Id": 2269,
    "Title": "Prototype doesn't render most of the section headers as collapsible sections"
  },
  {
    "Id": 2270,
    "Title": "Conceptual: Support NamedUrlIndex keywords in metadata"
  },
  {
    "Id": 2271,
    "Title": "List formatting doesn't look good (all three styles)"
  },
  {
    "Id": 2272,
    "Title": "The Prototype See Also section doesn't have a #seeAlsoSection anchor"
  },
  {
    "Id": 2273,
    "Title": "Support linkAlternateText and linkTarget in externalLink"
  },
  {
    "Id": 2274,
    "Title": "Conceptual: Hana style, External link in a token not rendered in relatedTopics"
  },
  {
    "Id": 2275,
    "Title": "Conceptual: ddue:math should apply templates to its inner text"
  },
  {
    "Id": 2276,
    "Title": "Conceptual: VS2005 ddue:span handler breaks code snippets"
  },
  {
    "Id": 2277,
    "Title": "Prototype root namespaces page does not display at all"
  },
  {
    "Id": 2282,
    "Title": "Prototype syntax sections have unnecessary leading whitspace"
  },
  {
    "Id": 2285,
    "Title": "BuildComponent: Provide standard IDisposable implementation"
  },
  {
    "Id": 2286,
    "Title": "Generic Tool: Web output"
  },
  {
    "Id": 2293,
    "Title": "Prototype conceptual.config invalid XML"
  },
  {
    "Id": 2294,
    "Title": "Namespace type list not sorted properly"
  },
  {
    "Id": 2299,
    "Title": "Using an interior_ptr<> argument causes no documentation output for method"
  },
  {
    "Id": 2302,
    "Title": "Source Code missing"
  },
  {
    "Id": 2416,
    "Title": "vs2005: summary from outer class ends up on inner class member page"
  },
  {
    "Id": 2417,
    "Title": "HTML Help Compiler Stops Working"
  },
  {
    "Id": 2418,
    "Title": "Documentation is randomly missing from one or more libraries"
  },
  {
    "Id": 2421,
    "Title": "presentation.css not found"
  },
  {
    "Id": 2435,
    "Title": "Filenames in website output"
  },
  {
    "Id": 2441,
    "Title": "\"Static\" not translated for VB in <threadsafety> text"
  },
  {
    "Id": 2442,
    "Title": "\"Static\" not translated for VB in <threadsafety> text"
  },
  {
    "Id": 2499,
    "Title": "Allow collapsing of sub-sections, too"
  },
  {
    "Id": 2505,
    "Title": "ChmBuilder produces an hhp file with BOM, causes hhc.exe error HHC4003"
  },
  {
    "Id": 2603,
    "Title": "\"this\" argument modifier not shown for extension methods"
  },
  {
    "Id": 2665,
    "Title": "Installer should automatically uninstall previous version"
  },
  {
    "Id": 2696,
    "Title": "Generic keyword is missing in the class documentation"
  },
  {
    "Id": 2898,
    "Title": "Start topic is broken in Prototype model"
  },
  {
    "Id": 2903,
    "Title": "Spurious references to parametrized class with inner class"
  },
  {
    "Id": 2947,
    "Title": "Stylesheet updates needed to correct spacing and alignment"
  },
  {
    "Id": 2948,
    "Title": "Add address attribute support to several elements"
  },
  {
    "Id": 2949,
    "Title": "Sections without text but with other elements are not rendered"
  },
  {
    "Id": 2950,
    "Title": "autoOutline displays \"Related Topics\" instead of \"See Also\""
  },
  {
    "Id": 2951,
    "Title": "JavaScript syntax section is not shown in the Hana style"
  },
  {
    "Id": 2967,
    "Title": "MrefBuilder /internal+ crashes on DundasWinGauge.dll"
  },
  {
    "Id": 2969,
    "Title": "Run MrefBuilder /internals+ only if target needs documentation"
  },
  {
    "Id": 2970,
    "Title": "Would like to include constant values in documentation"
  },
  {
    "Id": 3214,
    "Title": "Unable to view Conceptual Content topics"
  },
  {
    "Id": 3415,
    "Title": "Resolve link fails"
  },
  {
    "Id": 3652,
    "Title": "MAML - XSLT Generates Self-Closing Tag for Bookmarks (Firefox Issue)"
  },
  {
    "Id": 3780,
    "Title": "Cannot use a hyphen in the title"
  },
  {
    "Id": 3854,
    "Title": "Generate Word or PDF formats"
  },
  {
    "Id": 3855,
    "Title": "Provide support for unmanaged C++"
  },
  {
    "Id": 3980,
    "Title": "Generate Wiki compatible content"
  },
  {
    "Id": 4085,
    "Title": "Public Inner Classes Sorted Based On Inner Class Name Not Fully Qualified Class Name (Prototype Style)"
  },
  {
    "Id": 4366,
    "Title": "Bug in conceptualExample\\conceptual.config"
  },
  {
    "Id": 4476,
    "Title": "Cannot link to Overload page"
  },
  {
    "Id": 4531,
    "Title": "Hierarchical Table of Content PlugIn Issue"
  },
  {
    "Id": 4532,
    "Title": "Missing Page in Website (404 error)"
  },
  {
    "Id": 4553,
    "Title": "Overridden method considered overload if signature differs only by generic constraint"
  },
  {
    "Id": 4571,
    "Title": "EULA/License expired"
  },
  {
    "Id": 5466,
    "Title": "Can not generate xaml syntax for a \"Brush\" dependency property"
  },
  {
    "Id": 5550,
    "Title": "copycode.gif should be CopyCode.gif"
  },
  {
    "Id": 5593,
    "Title": "Cannot exclude explicitly implemented generic interface members from MrefBuilder"
  },
  {
    "Id": 5594,
    "Title": "Explicitly implemented generic interface member signatures differ between VS.NET compiler and MrefBuilder"
  },
  {
    "Id": 6779,
    "Title": "Syntax Generation Ignores Numeric Values in Attributes"
  },
  {
    "Id": 6785,
    "Title": "Enumerated type members no longer contain a description in VS2005 style"
  },
  {
    "Id": 6786,
    "Title": "Enumeration topics should show the value of each enumeration member"
  },
  {
    "Id": 6787,
    "Title": "Add missing resource items to Hana and Prototype styles"
  },
  {
    "Id": 6788,
    "Title": "Support for definition list type is missing"
  },
  {
    "Id": 6789,
    "Title": "Support starting number on numbered lists"
  },
  {
    "Id": 6790,
    "Title": "Add code contract support for VS2005 style"
  },
  {
    "Id": 6803,
    "Title": "Support term element in bullet and number list types"
  },
  {
    "Id": 6858,
    "Title": "omitVersionInformation variable declaration is missing in VS2005 style"
  },
  {
    "Id": 7803,
    "Title": "Generic descendant of a generic base class misses overloaded methods from documentation"
  },
  {
    "Id": 7999,
    "Title": "hana presentation cannot collapse OVERLOAD FUNCTIONS into only ONE row ?"
  },
  {
    "Id": 8237,
    "Title": "After install DXROOT always C:"
  },
  {
    "Id": 8407,
    "Title": "Sandcastle doesn't reflectes some classes in FW 4.0 RTM"
  },
  {
    "Id": 8409,
    "Title": "MRefBuilder does not document type members"
  },
  {
    "Id": 8846,
    "Title": "Sandcastle GUI Document Builder in Examples directory"
  },
  {
    "Id": 8852,
    "Title": "Several issues for extension methods when the 'this' parameter is of type Object"
  },
  {
    "Id": 8879,
    "Title": "Some pre elements are missing xml:space=\"preserve\""
  },
  {
    "Id": 8961,
    "Title": "VS 2010 & .NET 4"
  },
  {
    "Id": 8970,
    "Title": "TFS 2010 Sandcastle Build Activity"
  },
  {
    "Id": 9080,
    "Title": "<inheritdoc> to handle a concrete class with a generic base class that implements an interface"
  },
  {
    "Id": 9125,
    "Title": "MRefBuilder and overloaded Constructors / methods"
  },
  {
    "Id": 9627,
    "Title": "Add support for optional arguments"
  },
  {
    "Id": 10043,
    "Title": "HHC.exe: Not enough memory error."
  },
  {
    "Id": 10107,
    "Title": "Members using the 'fixed' keyword are documented incorrectly"
  },
  {
    "Id": 10165,
    "Title": "Support for .NET 4.0"
  },
  {
    "Id": 10232,
    "Title": "BuildAssembler is taking too much memory"
  },
  {
    "Id": 10251,
    "Title": "Suppress Usage Note for Type Parameter"
  },
  {
    "Id": 10857,
    "Title": "Links in <summary> are lost in mshelp abstract and meta description"
  },
  {
    "Id": 11066,
    "Title": "Mrefbuilder.exe v2.6.10621.1 crash"
  },
  {
    "Id": 11110,
    "Title": "Inherited members are missing"
  },
  {
    "Id": 11283,
    "Title": "Issue with Inheritance Hierarchy: does not show all descendants"
  },
  {
    "Id": 11303,
    "Title": "Method with generic argument appears twice in derived class docs."
  },
  {
    "Id": 11747,
    "Title": "MREFBUILDER : error : Unresolved assembly reference"
  },
  {
    "Id": 11844,
    "Title": "Many warnings when using the .NET 4.0 Framework"
  },
  {
    "Id": 11865,
    "Title": "Support Silverlight 5 with WCF RIA Services out of the box"
  },
  {
    "Id": 11949,
    "Title": "Provide a zip-only download option and\\or a nuget-enabled  package"
  },
  {
    "Id": 12067,
    "Title": "Upgrading to the latest version breaks building via MSBuild."
  },
  {
    "Id": 12071,
    "Title": "Cannot resolve assembly reference: Windows"
  },
  {
    "Id": 12073,
    "Title": "Right-Hand Pane Content Not Visible In IE 10, Windows CP 8"
  },
  {
    "Id": 12074,
    "Title": "Nested Class Constructor Does Not Show Up"
  },
  {
    "Id": 12159,
    "Title": "SandCastle only generates 1 HTML file"
  },
  {
    "Id": 12270,
    "Title": "My generic class gets StackOverflowException by MRefBuilder (v2.7.0.0)"
  },
  {
    "Id": 12273,
    "Title": "The right side content is not visible anymore in IE 10 from Windows Release Preview"
  },
  {
    "Id": 12304,
    "Title": "VS2010 Presentation Style misses line breaks in code examples using Firefox"
  },
  {
    "Id": 12310,
    "Title": "32/64 bit OS Check Bug"
  },
  {
    "Id": 12480,
    "Title": "VS 2010 styles not working in VisualStudio 2012 help system"
  },
  {
    "Id": 12493,
    "Title": "Help file doesn't contain members"
  },
  {
    "Id": 12494,
    "Title": "Help file doesn't contain members"
  },
  {
    "Id": 12784,
    "Title": "Generation of API documentation for inherited members when DocumentInheritedMembers is false"
  },
  {
    "Id": 13042,
    "Title": "SHFB doesn't handle GenerateProjectSpecificOutputFolder=true"
  },
  {
    "Id": 13225,
    "Title": "Add support for Markdown.md output"
  },
  {
    "Id": 13227,
    "Title": "ShowMissingComponent issue"
  },
  {
    "Id": 13237,
    "Title": "Add the ability to play videos (.mp4, .wmv, .avi) in CHM files"
  },
  {
    "Id": 13239,
    "Title": "Issue with portable class library as refrence"
  },
  {
    "Id": 13285,
    "Title": "Visual Studio 2013 crashes when typing XML doc"
  },
  {
    "Id": 13292,
    "Title": "Unable to resolve reference UnityEngine.dll"
  },
  {
    "Id": 13295,
    "Title": "BUG: Build error when building two methods with same signature but different use of capitals"
  }
]