{
  "WorkItem": {
    "AffectedComponent": {
      "Name": "",
      "DisplayName": ""
    },
    "ClosedComment": "Fixed in May 2008 release.\n\nAnand..",
    "ClosedDate": "2008-05-31T23:42:58.437-07:00",
    "CommentCount": 0,
    "Custom": null,
    "Description": "The MSDN links that it generates redirect to pages that contain bugs (there is no navigation menu on the left side of the page and member names are messed up due to the lack of the language filter).  For example, here's what it generates for System.Object.GetHashCode:\n \nhttp://msdn2.microsoft.com/en-us/zdee4b3y.\n \nThis redirects to a page with the URL http://msdn2.microsoft.com/en-us/system.object.gethashcode.aspx.  Note that the page is missing the menu and that the title of the member is \"Object..::.GetHashCode\" rather than just \"Object.GetHashcode\".\n \nIf you Google for System.Object.GetHashCode, it goes to http://msdn2.microsoft.com/en-us/library/system.object.gethashcode.aspx which has the menu and the title is okay.  The only difference is the \"/library/\" path in the URL.",
    "LastUpdatedDate": "2013-05-16T04:53:24.05-07:00",
    "PlannedForRelease": "",
    "ReleaseVisibleToPublic": false,
    "Priority": {
      "Name": "Low",
      "Severity": 50,
      "Id": 1
    },
    "ProjectName": "Sandcastle",
    "ReportedDate": "2008-03-18T16:35:52.173-07:00",
    "Status": {
      "Name": "Closed",
      "Id": 4
    },
    "ReasonClosed": {
      "Name": "Unassigned"
    },
    "Summary": "The MSDN URLs generated by ResolveReferenceLinks2 are incorrect",
    "Type": {
      "Name": "Issue",
      "Id": 3
    },
    "VoteCount": 1,
    "Id": 1791
  },
  "FileAttachments": [],
  "Comments": [
    {
      "Message": "NOTE: Remove the period on the end of the example URL.\r\n",
      "PostedDate": "2008-03-18T16:36:49.52-07:00",
      "Id": -2147483648
    },
    {
      "Message": "This has been fixed in the May 2008 release.\r\n",
      "PostedDate": "2008-05-31T20:43:46.163-07:00",
      "Id": -2147483648
    },
    {
      "Message": "",
      "PostedDate": "2008-05-31T23:42:58.437-07:00",
      "Id": -2147483648
    },
    {
      "Message": "",
      "PostedDate": "2013-02-21T17:40:19.11-08:00",
      "Id": -2147483648
    },
    {
      "Message": "",
      "PostedDate": "2013-05-16T04:53:24.05-07:00",
      "Id": -2147483648
    }
  ]
}