{
  "WorkItem": {
    "AffectedComponent": {
      "Name": "",
      "DisplayName": ""
    },
    "ClosedComment": "",
    "ClosedDate": null,
    "CommentCount": 0,
    "Custom": null,
    "Description": "It would be amazing if, in addition to HTML, you could output github .md markdown files. This would enable you to upload the entire library reference directly to the github project's wiki.\n\nSorry logged this in the 'dead' project (very confusing). Moved issue to here: https://shfb.codeplex.com/workitem/35255",
    "LastUpdatedDate": "2014-05-27T14:12:17.037-07:00",
    "PlannedForRelease": "",
    "ReleaseVisibleToPublic": false,
    "Priority": {
      "Name": "Unassigned",
      "Severity": 0,
      "Id": 0
    },
    "ProjectName": "Sandcastle",
    "ReportedDate": "2014-05-27T14:05:25.057-07:00",
    "Status": {
      "Name": "Proposed",
      "Id": 1
    },
    "ReasonClosed": {
      "Name": "Unassigned"
    },
    "Summary": "Add support for Markdown.md output",
    "Type": {
      "Name": "Unassigned",
      "Id": 5
    },
    "VoteCount": 1,
    "Id": 13225
  },
  "FileAttachments": [],
  "Comments": [
    {
      "Message": "Sorry logged this in the 'dead' project (very confusing). Move issue to here: https://shfb.codeplex.com/workitem/35255",
      "PostedDate": "2014-05-27T14:11:59.54-07:00",
      "Id": -2147483648
    },
    {
      "Message": "",
      "PostedDate": "2014-05-27T14:12:17.037-07:00",
      "Id": -2147483648
    }
  ]
}