{
  "WorkItem": {
    "AffectedComponent": {
      "Name": "",
      "DisplayName": ""
    },
    "ClosedComment": "Fixed in May 2008 release.",
    "ClosedDate": "2008-06-01T07:33:36.787-07:00",
    "CommentCount": 0,
    "Custom": null,
    "Description": "A seealso tag nested within a summary tag is rendered incorrectly in all of the styles (prototype, hana, vs2005), in both of the last two CTP releases (Nov '07 and January '08). So a structure like this:\n<summary>\n            TEXT\n            <seealso cref=\"M:Acme.Api.Query.SearchSQL.SetQueryString(System.String)\"></seealso>\n </summary>\n \n...results in the seealso hypertext link getting rendered in two places: 1) within the See Also section as it should be, and 2) at the end of the summary text where it should not be (only the link appears, not a second \"See Also\" string).\n \nThe problem appears to be in Main_sandcastle.xsl.",
    "LastUpdatedDate": "2013-05-16T04:53:24.527-07:00",
    "PlannedForRelease": "",
    "ReleaseVisibleToPublic": false,
    "Priority": {
      "Name": "Low",
      "Severity": 50,
      "Id": 1
    },
    "ProjectName": "Sandcastle",
    "ReportedDate": "2008-03-04T12:47:45.29-08:00",
    "Status": {
      "Name": "Closed",
      "Id": 4
    },
    "ReasonClosed": {
      "Name": "Unassigned"
    },
    "Summary": "inline seealso tag not working",
    "Type": {
      "Name": "Issue",
      "Id": 3
    },
    "VoteCount": 1,
    "Id": 1637
  },
  "FileAttachments": [
    {
      "FileId": 504,
      "FileName": "main_sandcastle.xsl",
      "DownloadUrl": ".\\504"
    }
  ],
  "Comments": [
    {
      "Message": "Modified script to address problem, and, with minimum testing, appears to work. Added lines 63, 93, 94, 95, 376, 377, 388.\r\nThis script is for the prototype style.",
      "PostedDate": "2008-03-07T14:48:01.233-08:00",
      "Id": -2147483648
    },
    {
      "Message": "",
      "PostedDate": "2008-03-07T14:48:07.327-08:00",
      "Id": -2147483648
    },
    {
      "Message": "This has been fixed in the May 2008 release",
      "PostedDate": "2008-05-31T20:28:05.907-07:00",
      "Id": -2147483648
    },
    {
      "Message": "",
      "PostedDate": "2008-06-01T07:33:36.787-07:00",
      "Id": -2147483648
    },
    {
      "Message": "",
      "PostedDate": "2013-02-21T17:40:19.737-08:00",
      "Id": -2147483648
    },
    {
      "Message": "",
      "PostedDate": "2013-05-16T04:53:24.527-07:00",
      "Id": -2147483648
    }
  ]
}