{
  "WorkItem": {
    "AffectedComponent": {
      "Name": "",
      "DisplayName": ""
    },
    "ClosedComment": "",
    "ClosedDate": null,
    "CommentCount": 0,
    "Custom": null,
    "Description": "I am enabling the documentprivates option of Sandcastle Help File Builder which I believe is required in order to automatically inherit documentation for explicit interface implementations.  I am getting an unhandled exception in mrefbuilder.exe  The reflection.org file is generated and is a complete well formed xml document so I am having trouble determining what the crash might be related to.  The referenced assemblies are not obfuscated in any way to the best of my knowledge.  I am referencing my own assemblies, .NET framework, Enterprise Library, Ajax Control Toolkit and CSLA.\n \nAttached is the complete working directory from shfb as it stands at the time of the crash, that might provide some clues.\n \nThe stack trace is:\n MrefBuilder (v2.6.10621.1)\n  Copyright c Microsoft 2006\n  Info: Loaded 9 assemblies for reflection and 30 dependency assemblies.\n  \n  Unhandled Exception: System.NullReferenceException: Object reference not set to an instance of an object.\n     at Microsoft.Ddue.Tools.Reflection.ReflectionUtilities.GetNamespace(TypeNode type)\n     at Microsoft.Ddue.Tools.Reflection.NamespaceFilter.IsExposedMember(Member member)\n     at Microsoft.Ddue.Tools.Reflection.RootFilter.IsExposedMember(Member member)\n     at Microsoft.Ddue.Tools.Reflection.ApiFilter.IsExposedMember(Member member)\n     at Microsoft.Ddue.Tools.Reflection.AllDocumentedFilter.IsExposedMember(Member member)\n     at Microsoft.Ddue.Tools.ExtensionMethodAddIn.RecordExtensionMethods(XmlWriter writer, Object info)\n     at Microsoft.Ddue.Tools.ManagedReflectionWriter.StartElementCallbacks(String name, Object info)\n     at Microsoft.Ddue.Tools.ManagedReflectionWriter.VisitNamespaces(NamespaceList spaces)\n     at Microsoft.Ddue.Tools.Reflection.ApiVisitor.VisitApis()\n     at Microsoft.Ddue.Tools.MRefBuilder.Main(String[] args)\nC:\\Code\\Shared Projects\\vs2010\\Hsb\\Hsb .NET  Libraries - Sandcastle Documentation\\Src\\output\\Working\\GenerateRefInfo.proj(119,5): error MSB6006: \"MRefBuilder.exe\" exited with code -1073741819.\n    Last step completed in 00:00:10.1720",
    "LastUpdatedDate": "2013-02-21T17:39:53.983-08:00",
    "PlannedForRelease": "",
    "ReleaseVisibleToPublic": false,
    "Priority": {
      "Name": "Low",
      "Severity": 50,
      "Id": 1
    },
    "ProjectName": "Sandcastle",
    "ReportedDate": "2011-06-27T12:52:09.083-07:00",
    "Status": {
      "Name": "Proposed",
      "Id": 1
    },
    "ReasonClosed": {
      "Name": "Unassigned"
    },
    "Summary": "Mrefbuilder.exe v2.6.10621.1 crash",
    "Type": {
      "Name": "Issue",
      "Id": 3
    },
    "VoteCount": 4,
    "Id": 11066
  },
  "FileAttachments": [
    {
      "FileId": 4308,
      "FileName": "Working.zip",
      "DownloadUrl": ".\\4308"
    }
  ],
  "Comments": [
    {
      "Message": "Hi,\r\nI have a similar problem.\r\nBelow the call stack\r\n============================\r\nGenerating reflection information...\r\n[C:\\Windows\\Microsoft.NET\\Framework64\\v4.0.30319\\MSBuild.exe]\r\n  MrefBuilder (v2.6.10621.1)\r\n  Copyright ¸ Microsoft 2006\r\n  Info: Loaded 11 assemblies for reflection and 41 dependency assemblies.\r\n  \r\n  Unhandled Exception: System.ArgumentException: An item with the same key has already been added.\r\n     at System.Collections.Generic.Dictionary`2.Insert(TKey key, TValue value, Boolean add)\r\n     at Microsoft.Ddue.Tools.ManagedReflectionWriter.VisitNamespaces(NamespaceList spaces)\r\n     at Microsoft.Ddue.Tools.Reflection.ApiVisitor.VisitApis()\r\n     at Microsoft.Ddue.Tools.MRefBuilder.Main(String[] args)\r\nC:\\Users\\Public\\Documents\\EZD.Documentation\\Help\\Working\\GenerateRefInfo.proj(169,5): error MSB6006: \"MRefBuilder.exe\" exited with code -532462766.\r\n    Last step completed in 00:01:00.7015",
      "PostedDate": "2011-10-14T00:51:58.163-07:00",
      "Id": -2147483648
    },
    {
      "Message": "arcodevos: Your problem is most likely a duplicate assembly passed in for processing or as a reference assembly and isn't related to this work item.  If you are using SHFB, v1.9.3.2 had code added to prevent duplicate assemblies getting passed to MRefBuilder.\r\n",
      "PostedDate": "2011-10-15T12:43:09.87-07:00",
      "Id": -2147483648
    },
    {
      "Message": "",
      "PostedDate": "2013-02-21T17:39:53.983-08:00",
      "Id": -2147483648
    }
  ]
}