{
  "WorkItem": {
    "AffectedComponent": {
      "Name": "",
      "DisplayName": ""
    },
    "ClosedComment": "",
    "ClosedDate": null,
    "CommentCount": 0,
    "Custom": null,
    "Description": "When HtmlHelp2 is the destination of the project these errors occurs during the last part of the build:\nError HXC3031: A group of keywords for a single Help link or KTable exceeds 4,096 bytes.\nError HXC3031: A group of keywords for a single Help link or KTable exceeds 4,096 bytes.\n \nThe reason of this error is the KeyWord generation from SandCastle. The simple keyword of each method is duplicated and when the system is growing the size limit is reached.\n \nOne solution to the problem is to change the simple KeyWord from: Load method -> Load on MyClass method (or: Load method on MyClass). This prevent the keywords to be duplicated, but is it the right solution?\n \nI haven´t thought a lot about a solution to this - but I´ve got three sugestions:\n1. Always change the keyword generation as described above\n2. Add a setting to SandCastle when the keyword generation should be changed as described above\n3. Ignore the probelm\n \nLinks within CodePlex where this issue is dicussed:\nhttp://www.codeplex.com/Thread/View.aspx?ProjectName=Sandcastle&ThreadId=22049\nhttp://www.codeplex.com/SHFB/Thread/View.aspx?ThreadId=21906\nhttp://www.codeplex.com/SHFB/WorkItem/View.aspx?WorkItemId=15128\n \nI am using the January 2008 release of Sandcastle and the latest version of SHFB.",
    "LastUpdatedDate": "2013-02-21T17:40:20.67-08:00",
    "PlannedForRelease": "",
    "ReleaseVisibleToPublic": false,
    "Priority": {
      "Name": "Low",
      "Severity": 50,
      "Id": 1
    },
    "ProjectName": "Sandcastle",
    "ReportedDate": "2008-02-18T00:35:51.663-08:00",
    "Status": {
      "Name": "Proposed",
      "Id": 1
    },
    "ReasonClosed": {
      "Name": "Unassigned"
    },
    "Summary": "Problems with KeyWords in large projects (Error HXC3031)",
    "Type": {
      "Name": "Issue",
      "Id": 3
    },
    "VoteCount": 2,
    "Id": 1443
  },
  "FileAttachments": [],
  "Comments": []
}