{
  "WorkItem": {
    "AffectedComponent": {
      "Name": "",
      "DisplayName": ""
    },
    "ClosedComment": "",
    "ClosedDate": null,
    "CommentCount": 0,
    "Custom": null,
    "Description": "I have this for a class property in C#\n        /// <value>\n        /// If the value is <see cref=\"String.Empty\"/>, blah blah blah.\n        /// </value>\n \nWhen I view the generated documentation, it appears as: \"If the value is Empty(), blah blah blah.\" (and Empty() is in bold).\n \nExpected Results:\n1) There should be no parentheses after Empty, since it is a field - not a method\n2) Just as with types (e.g. String), Empty should be a link to MSDN documentation for the field, instead of just being displayed in bold.",
    "LastUpdatedDate": "2013-02-21T17:40:16.273-08:00",
    "PlannedForRelease": "",
    "ReleaseVisibleToPublic": false,
    "Priority": {
      "Name": "Low",
      "Severity": 50,
      "Id": 1
    },
    "ProjectName": "Sandcastle",
    "ReportedDate": "2008-04-09T07:49:07.21-07:00",
    "Status": {
      "Name": "Proposed",
      "Id": 1
    },
    "ReasonClosed": {
      "Name": "Unassigned"
    },
    "Summary": "referenced fields appear as methods, and are not linked",
    "Type": {
      "Name": "Issue",
      "Id": 3
    },
    "VoteCount": 1,
    "Id": 1987
  },
  "FileAttachments": [],
  "Comments": [
    {
      "Message": "The parentheses are usually caused by an stylesheet that's missing some styles.  If you are using a custom stylesheet, compare it to the style sheet in Sandcastle to make sure you've updated it to include the latest style changes.  You might also try downloading the Presentation Style Patch from http://www.codeplex.com/SHFB as it fixes some issues.\r\n\r\nThe reason String.Empty is showing up in bold is that the MSDN web service is failing to recognize it as a valid reference link.  You can see that by checking the build log output for BuildAssembler.  You'll probably have to report this in the MSDN Documentation forum or contact Anand to have him report it.\r\n",
      "PostedDate": "2008-04-09T08:20:54.7-07:00",
      "Id": -2147483648
    },
    {
      "Message": "Ignore the first part about the parentheses.  It is a bug in the transformations in all three styles.  They are applying the specialization template to field links and they shouldn't.  The second part about the MSDN web service is still valid.\r\n",
      "PostedDate": "2008-04-09T08:56:09.87-07:00",
      "Id": -2147483648
    },
    {
      "Message": "It turns out it's the ResolveReferenceLinks2 component that's adding the extra parentheses.  It's seems to be treating all targets as members when it renders the link text.  It would appear the display options for fields and perhaps other stuff aren't getting set correctly when the link information is loaded.",
      "PostedDate": "2008-04-09T12:11:02.247-07:00",
      "Id": -2147483648
    },
    {
      "Message": "",
      "PostedDate": "2013-02-21T17:40:16.273-08:00",
      "Id": -2147483648
    }
  ]
}