{
  "WorkItem": {
    "AffectedComponent": {
      "Name": "",
      "DisplayName": ""
    },
    "ClosedComment": "",
    "ClosedDate": null,
    "CommentCount": 0,
    "Custom": null,
    "Description": "The project topic (e.g., Namespaces) ignores XML documentation such as the <remarks> element and seems to add a See Also section when there is at least one <seealso> element, but no links are displayed.\n \nI only tested this in the VS 2005 presentation style.",
    "LastUpdatedDate": "2013-02-21T17:40:17.963-08:00",
    "PlannedForRelease": "",
    "ReleaseVisibleToPublic": false,
    "Priority": {
      "Name": "Low",
      "Severity": 50,
      "Id": 1
    },
    "ProjectName": "Sandcastle",
    "ReportedDate": "2008-03-29T21:01:29.97-07:00",
    "Status": {
      "Name": "Proposed",
      "Id": 1
    },
    "ReasonClosed": {
      "Name": "Unassigned"
    },
    "Summary": "Remarks and seealso do not work for the project topic",
    "Type": {
      "Name": "Issue",
      "Id": 3
    },
    "VoteCount": 1,
    "Id": 1868
  },
  "FileAttachments": [],
  "Comments": [
    {
      "Message": "I was mistaken about seealso not working - it was my own fault.   However, remarks really don't work.",
      "PostedDate": "2008-03-31T12:05:44-07:00",
      "Id": -2147483648
    },
    {
      "Message": "OK, so remarks work too.  I made the same stupid typo, twice.\r\n\r\nSorry for bothering you, this issue can be closed.",
      "PostedDate": "2008-03-31T12:22:50.5-07:00",
      "Id": -2147483648
    },
    {
      "Message": "",
      "PostedDate": "2013-02-21T17:40:17.963-08:00",
      "Id": -2147483648
    }
  ]
}