{
  "WorkItem": {
    "AffectedComponent": {
      "Name": "",
      "DisplayName": ""
    },
    "ClosedComment": "",
    "ClosedDate": null,
    "CommentCount": 0,
    "Custom": null,
    "Description": "When targeting the .NET 4.0 framework, the CopyFromIndexComponent gives a lot of warnings.\n \nIn .NET 4.0 the same type is implemented in multiple assemblies and namespaces are spread over multiple assemblies.  The result is that the CopyFromIndexComponent gives a lot of duplicate warnings.  You can turn these warnings off in the configuration, but it would be nice to filter out the spurious warnings and only give relevant warnings.\n \nNote - I regenerated the reflection data using .NET 4.0.",
    "LastUpdatedDate": "2013-02-21T17:39:53.043-08:00",
    "PlannedForRelease": "",
    "ReleaseVisibleToPublic": false,
    "Priority": {
      "Name": "Low",
      "Severity": 50,
      "Id": 1
    },
    "ProjectName": "Sandcastle",
    "ReportedDate": "2012-03-05T19:50:56.097-08:00",
    "Status": {
      "Name": "Proposed",
      "Id": 1
    },
    "ReasonClosed": {
      "Name": "Unassigned"
    },
    "Summary": "Many warnings when using the .NET 4.0 Framework",
    "Type": {
      "Name": "Issue",
      "Id": 3
    },
    "VoteCount": 2,
    "Id": 11844
  },
  "FileAttachments": [
    {
      "FileId": 4777,
      "FileName": "BuildReflectionData.bat",
      "DownloadUrl": ".\\4777"
    },
    {
      "FileId": 4778,
      "FileName": "BuildReflectionData.proj",
      "DownloadUrl": ".\\4778"
    }
  ],
  "Comments": [
    {
      "Message": "The problem is figuring out if a warning is spurious or relevant.  I suppose you could filter out anything from the base framework classes (System.* and Microsoft.*) and only show the warning if it's not in one of those namespaces.\r\n",
      "PostedDate": "2012-03-06T08:04:48.423-08:00",
      "Id": -2147483648
    },
    {
      "Message": "That's a good idea.  Question - the CopyFromIndexComponent seems to choose one of the assemblies as the \"real\" one and ignores duplicates.  How would that affect the results?\r\n\r\nIt might be relevant to add a filter by target environment (i.e. WPF, Silverlight etc.) because that's the source of most of the duplication.  I haven't looked at this in any detailed way.",
      "PostedDate": "2012-03-08T01:54:49.967-08:00",
      "Id": -2147483648
    },
    {
      "Message": "As I recall, the way works now is the last one seen wins.  As such, it depends on the order in which the elements are defined in the configuration and in which file it finds the last duplicate entry.  It probably should use a separate set of reflection data and comments files for each framework.  It's something I plan on looking into later.\r\n\r\n",
      "PostedDate": "2012-03-08T08:27:15.067-08:00",
      "Id": -2147483648
    },
    {
      "Message": "",
      "PostedDate": "2012-03-09T16:27:52.1-08:00",
      "Id": -2147483648
    },
    {
      "Message": "I took a look at this.  The warnings you are referring to are actually not suppressable.  The ones that are are defaulted to Ignore so we're not seeing them anyway.  I think you're only seeing them now from the reflection files because you rebuilt them.  If you used the project file from the Sandcastle Examples folder (as the script included with SHFB does), I don't feel that it does it correctly and that actually causes the issue.\r\n\r\nAs it is given, it processes each assembly separately so it will miss some details about classes that are implemented by others across assemblies.  What it should do is process all assemblies in one pass and use the SegregateByAssemblies.exe tool to split the resulting reflection.xml file into separate files by namespace.  Doing it this way, you end up with a set of files just like the ones distributed with the Sandcastle release that don't generate all the warnings.\r\n\r\nYou will see the warnings from the XML comments files though and for that, it would be worth adding an option to suppress them so I will.  I've also already added a verbosity option to BuildAssembler so that you can suppress all the unwanted info which helps a lot too.\r\n\r\nI've attached new BuildReflectionData.bat and BuildReflectionData.proj files here that can be used to rebuild the reflection data as described above.  I'll be including them in the Sandcastle update as well in case anyone needs them.\r\n",
      "PostedDate": "2012-03-09T16:27:54.2-08:00",
      "Id": -2147483648
    },
    {
      "Message": "",
      "PostedDate": "2012-03-09T16:28:45.027-08:00",
      "Id": -2147483648
    },
    {
      "Message": "Attached project file",
      "PostedDate": "2012-03-09T16:28:46.793-08:00",
      "Id": -2147483648
    },
    {
      "Message": "Correction: That should be SegregateByNamespace.exe",
      "PostedDate": "2012-03-09T16:31:16.557-08:00",
      "Id": -2147483648
    },
    {
      "Message": "",
      "PostedDate": "2013-02-21T17:39:53.043-08:00",
      "Id": -2147483648
    }
  ]
}