{
  "WorkItem": {
    "AffectedComponent": {
      "Name": "",
      "DisplayName": ""
    },
    "ClosedComment": "",
    "ClosedDate": null,
    "CommentCount": 0,
    "Custom": null,
    "Description": "The VS 2010 styles wont work at all, only blank pages will be displayed when clicking in the help topics.\nThe VS 2005 styles do work but these are a little boring!\n \nMaybe a new 2012 style is needed to make it work!",
    "LastUpdatedDate": "2013-02-21T17:39:50.673-08:00",
    "PlannedForRelease": "",
    "ReleaseVisibleToPublic": false,
    "Priority": {
      "Name": "Low",
      "Severity": 50,
      "Id": 1
    },
    "ProjectName": "Sandcastle",
    "ReportedDate": "2012-09-12T08:11:19.127-07:00",
    "Status": {
      "Name": "Proposed",
      "Id": 1
    },
    "ReasonClosed": {
      "Name": "Unassigned"
    },
    "Summary": "VS 2010 styles not working in VisualStudio 2012 help system",
    "Type": {
      "Name": "Issue",
      "Id": 3
    },
    "VoteCount": 1,
    "Id": 12480
  },
  "FileAttachments": [],
  "Comments": [
    {
      "Message": "Try to set \"NamingMethod\" (node Help File) to \"MemberName\".\r\n",
      "PostedDate": "2012-09-21T13:46:49.677-07:00",
      "Id": -2147483648
    },
    {
      "Message": "Naming method doesn't have anything to do with it as far as I know.  There were a couple of fixes that needed to be made to the branding component and a branding transformation and a couple of fixes to the resolve link components.  With those changes in place, the content shows up and the links work.  There are a few quirks with the topic display but I think it'll do for the time being until a closer look can be taken at it to fix up those issues and get rid of the dependence on the dev10.mshc file which is no longer part of the MS Help Viewer stuff that comes with VS 2012.\r\n",
      "PostedDate": "2012-09-22T17:04:38.067-07:00",
      "Id": -2147483648
    },
    {
      "Message": "Supporting Help Viewer 2.0 turned out to be quite hard as it has a number of behavioral differences compared to Help Viewer 1.0.  However, I've finally got all of the issue worked out.  In the process I got rid of the dev10.mshc dependency.  I ended up creating a file by that name containing a minimal set of transformations to get it to produce output for the time being.  It will go away in a future release.\r\n",
      "PostedDate": "2012-09-30T18:26:03.997-07:00",
      "Id": -2147483648
    },
    {
      "Message": "",
      "PostedDate": "2013-02-21T17:39:50.673-08:00",
      "Id": -2147483648
    }
  ]
}