{
  "WorkItem": {
    "AffectedComponent": {
      "Name": "",
      "DisplayName": ""
    },
    "ClosedComment": "",
    "ClosedDate": null,
    "CommentCount": 0,
    "Custom": null,
    "Description": "Sandcastle generates an automatic \"Usage Note\" for each type parameter block, like this:\n \n\"Usage Note\"\n\"In Visual Basic and C#, you can call this method as an instance method on any object of type IList<T>. When you use instance method syntax to call this method, omit the first parameter. For more information, see or .\"\n \nThe two links that apparently should appear at the end (\"see ... or ...\") are missing in my help file.  They are specific to the vs2005 style; hana and Prototype omit the \"For more information\" part.\n \nThat doesn't really matter to me, though, since I'd like to suppress this usage note altogether.  Is there some switch I overlooked?  If not I'd ask to either add one, or simply remove this rather redundant note.\n \nFor now I've simply deleted the xsl:if blocks following the comment \"<!-- usage note for extension methods -->\" in all three main_sandcastle.xsl files, and in the main_reference.xsl file for vs2005.",
    "LastUpdatedDate": "2013-02-21T17:39:54.337-08:00",
    "PlannedForRelease": "",
    "ReleaseVisibleToPublic": false,
    "Priority": {
      "Name": "Low",
      "Severity": 50,
      "Id": 1
    },
    "ProjectName": "Sandcastle",
    "ReportedDate": "2011-02-26T01:24:19.763-08:00",
    "Status": {
      "Name": "Proposed",
      "Id": 1
    },
    "ReasonClosed": {
      "Name": "Unassigned"
    },
    "Summary": "Suppress Usage Note for Type Parameter",
    "Type": {
      "Name": "Issue",
      "Id": 3
    },
    "VoteCount": 2,
    "Id": 10251
  },
  "FileAttachments": [],
  "Comments": [
    {
      "Message": "There is no switch that I'm aware of.  Modifying the XSL transformations works for now.  The two links are in the form of references to conceptual topics that correspond to the related MSDN topics.  Since we don't get those topics and conceptual links are not handled in reference builds, I think they end up being removed and thus the blanks in the sentence.  There are a few others throughout the resource items too for other elements (framework notes, variance, covariance, etc.).  I think at one point in the past I removed the links.  Since those resource items weren't in Hana and Prototype, there were added as part of the Sandcastle Styles patch in the modified form.  They could be removed again although I was thinking of replacing them with regular URLs to the related MSDN topics but haven't gotten around to it.\r\n",
      "PostedDate": "2011-02-26T13:03:25.497-08:00",
      "Id": -2147483648
    },
    {
      "Message": "I have same issue.\r\nUsing Sandcastle HFB v1.9.3.0 on a Win7 machine.\r\n\r\nI am building for Framework 3.5, help file format of HtmlHelp1 and presentation style of vs2005.\r\n\r\nCan someone tell me exactly which file(s) to modify and where they might be located?\r\n\r\nThanks.",
      "PostedDate": "2011-11-14T08:35:10.357-08:00",
      "Id": -2147483648
    },
    {
      "Message": "Found the files in Win7 located at\r\nC:\\Program Files (x86)\\Sandcastle\\Presentation\\vs2005\\transforms\r\nmain_reference.xsl\r\nmain_sandcastle.xsl\r\n",
      "PostedDate": "2011-11-14T10:39:20.54-08:00",
      "Id": -2147483648
    },
    {
      "Message": "",
      "PostedDate": "2011-11-28T10:26:56.46-08:00",
      "Id": -2147483648
    },
    {
      "Message": "",
      "PostedDate": "2013-02-21T17:39:54.337-08:00",
      "Id": -2147483648
    }
  ]
}