{
  "WorkItem": {
    "AffectedComponent": {
      "Name": "",
      "DisplayName": ""
    },
    "ClosedComment": "",
    "ClosedDate": null,
    "CommentCount": 0,
    "Custom": null,
    "Description": "Using the new beta presentation style VS2010 the code examples are displayed in a signle, very long line when using Firefox v6 and v12. Line breaks are correctly displayed when viewing the same documentation using the Internet Explorer v8.\nThe Presentation Style VS2005 works as expected in both browers.",
    "LastUpdatedDate": "2013-02-21T17:39:51.093-08:00",
    "PlannedForRelease": "",
    "ReleaseVisibleToPublic": false,
    "Priority": {
      "Name": "Low",
      "Severity": 50,
      "Id": 1
    },
    "ProjectName": "Sandcastle",
    "ReportedDate": "2012-07-03T00:54:09.533-07:00",
    "Status": {
      "Name": "Proposed",
      "Id": 1
    },
    "ReasonClosed": {
      "Name": "Unassigned"
    },
    "Summary": "VS2010 Presentation Style misses line breaks in code examples using Firefox",
    "Type": {
      "Name": "Issue",
      "Id": 3
    },
    "VoteCount": 4,
    "Id": 12304
  },
  "FileAttachments": [],
  "Comments": [
    {
      "Message": "The issue is caused by an additional inline style definition of the corresponding `pre`-Element. The inherited style from the branding css works correctly, so just removing the `style` attribute from the element fixes this problem for me.",
      "PostedDate": "2012-07-03T02:33:52.447-07:00",
      "Id": -2147483648
    },
    {
      "Message": "",
      "PostedDate": "2012-07-15T14:59:28.697-07:00",
      "Id": -2147483648
    },
    {
      "Message": "@jbaehr I am experiencing the same problem under Chrome and Firefox, but oddly, not under IE. It seems IE is the only one which renders the page correctly.\r\n\r\nBy the way, I am not sure I completely understood the suggested workaround. Could you explain it further?\r\n\r\n",
      "PostedDate": "2012-07-15T15:01:58.577-07:00",
      "Id": -2147483648
    },
    {
      "Message": "There is no workaround (unless you consider manual post-processing as such). I've just hacked the resulting html to find the source of the problem. For a solution the implementation of the presentation style needs to be changed to omit the additional inline style information of the html `pre` that holds the code example.",
      "PostedDate": "2012-07-16T07:24:55.157-07:00",
      "Id": -2147483648
    },
    {
      "Message": "Atrejoe proposes a different solution to this problem here: http://shfb.codeplex.com/workitem/32733. It worked well for me.",
      "PostedDate": "2012-07-23T05:23:39.203-07:00",
      "Id": -2147483648
    },
    {
      "Message": "",
      "PostedDate": "2012-07-23T05:25:16.92-07:00",
      "Id": -2147483648
    },
    {
      "Message": "",
      "PostedDate": "2012-08-16T06:30:41.58-07:00",
      "Id": -2147483648
    },
    {
      "Message": "I removed the style element from the branding transformation as it didn't seem to serve any purpose and the code is formatted correctly without it as JBaehr noted in the related SHFB work item.",
      "PostedDate": "2012-08-16T12:32:24.81-07:00",
      "Id": -2147483648
    },
    {
      "Message": "",
      "PostedDate": "2013-02-21T17:39:51.093-08:00",
      "Id": -2147483648
    }
  ]
}