{
  "WorkItem": {
    "AffectedComponent": {
      "Name": "",
      "DisplayName": ""
    },
    "ClosedComment": "",
    "ClosedDate": null,
    "CommentCount": 0,
    "Custom": null,
    "Description": "In a solution containing a C# project and a sandcastle project, if you enable GenerateProjectSpecificOutputFolder during build, SHFB is not able to find the assembly.\nIt's looking for assemblies Inside SHFB's output folder instead of looking Inside C# project's output folder\n\nhttp://blog.stangroome.com/2012/05/10/override-the-tfs-team-build-outdir-property-net-4-5/",
    "LastUpdatedDate": "2013-09-11T08:05:25.8-07:00",
    "PlannedForRelease": "",
    "ReleaseVisibleToPublic": false,
    "Priority": {
      "Name": "Unassigned",
      "Severity": 0,
      "Id": 0
    },
    "ProjectName": "Sandcastle",
    "ReportedDate": "2013-09-11T02:21:43.96-07:00",
    "Status": {
      "Name": "Proposed",
      "Id": 1
    },
    "ReasonClosed": {
      "Name": "Unassigned"
    },
    "Summary": "SHFB doesn't handle GenerateProjectSpecificOutputFolder=true",
    "Type": {
      "Name": "Unassigned",
      "Id": 5
    },
    "VoteCount": 1,
    "Id": 13042
  },
  "FileAttachments": [],
  "Comments": [
    {
      "Message": "This project is no longer active.  Please post the issue over in the SHFB project: http://SHFB.CodePlex.com.\n",
      "PostedDate": "2013-09-11T08:05:25.8-07:00",
      "Id": -2147483648
    }
  ]
}