{
  "WorkItem": {
    "AffectedComponent": {
      "Name": "",
      "DisplayName": ""
    },
    "ClosedComment": "",
    "ClosedDate": null,
    "CommentCount": 0,
    "Custom": null,
    "Description": "The output format of the glossary MAML document type in the VS 2005 style could be better.\n \nSee the following topic for a really nice example: \n \nMicrosoft Robotics Studio, Glossary\nhttp://msdn2.microsoft.com/en-us/library/bb483022.aspx",
    "LastUpdatedDate": "2015-03-16T09:05:00.843-07:00",
    "PlannedForRelease": "",
    "ReleaseVisibleToPublic": false,
    "Priority": {
      "Name": "Low",
      "Severity": 50,
      "Id": 1
    },
    "ProjectName": "Sandcastle",
    "ReportedDate": "2008-03-27T03:13:03.99-07:00",
    "Status": {
      "Name": "Proposed",
      "Id": 1
    },
    "ReasonClosed": {
      "Name": "Unassigned"
    },
    "Summary": "Conceptual: Glossary Improvements",
    "Type": {
      "Name": "Issue",
      "Id": 3
    },
    "VoteCount": 1,
    "Id": 1835
  },
  "FileAttachments": [
    {
      "FileId": 778,
      "FileName": "May2008Fix.txt",
      "DownloadUrl": ".\\778"
    }
  ],
  "Comments": [
    {
      "Message": "Some more things to consider: \r\n\r\n1. I noticed that when two <term> elements are used within a single <terms> element, the output is not distinguishable from a single <term> with two words since they are simply separated by a space.  Two distinct terms that have the same definition should probably be separated by a comma or appear on different lines altogether.  Actually, I think I'd prefer to see the individual terms added at the root level with the definition duplicated as many times as necessary so that they are easier to find.  I'm not sure how the relationship between the two terms could be established then, but I'm not sure that it's even necessary.\r\n\r\n2. The text in the <title> element is not being used.\r\n\r\n3. Alphabetical ordering should be automatic.  Currently, the exact ordering of the <glossaryEntry> elements in the MAML file is used.",
      "PostedDate": "2008-03-27T03:26:26.893-07:00",
      "Id": -2147483648
    },
    {
      "Message": "Not implemented by the May 2008 release.  See the May2008Fix.txt attachment for the patch to implement this.",
      "PostedDate": "2008-05-31T23:35:35.23-07:00",
      "Id": -2147483648
    },
    {
      "Message": "",
      "PostedDate": "2008-05-31T23:35:35.95-07:00",
      "Id": -2147483648
    },
    {
      "Message": "",
      "PostedDate": "2013-02-21T17:40:18.27-08:00",
      "Id": -2147483648
    },
    {
      "Message": "I know this is super old, but I felt inclined to comment. \nI always hesitate to make anything automatic. You should never assume that everybody uses the program exactly the same. For example, in my Terms for my glossary I want to show the official or correct term first, then any unofficial or slang terms afterwards. Because of the automatic sorting of the terms I cannot do what I intended inside of my glossary. With that being said, I think by default terms and definitions should be ordered alphabetically but ultimately the user should have an option to opt out of auto sorting.",
      "PostedDate": "2015-03-16T09:05:00.843-07:00",
      "Id": -2147483648
    }
  ]
}