{
  "WorkItem": {
    "AffectedComponent": {
      "Name": "",
      "DisplayName": ""
    },
    "ClosedComment": "",
    "ClosedDate": null,
    "CommentCount": 0,
    "Custom": null,
    "Description": "The Inheritance section of the generated documentation does not document all descendants of a class it would appear to stop at the first fork in the hierarchy\n \nFrom the included projects I would have expected something like the following \n \nSystem..::..Object\n  BaseDLL..::..BaseClass\n    DllOne..::..DllOneClassBase\n      DllOne..::..DllOneClass2\n      DllTwo..::..DllTwoClassBase\n        DllThree..::..DllThreeBase\n          DllThree..::..DllThreeClass3\n        DllTwo..::..DllTwoClass2\n    DllOne..::..DllOneClassFromBase\n    DllThree..::..DllThreeClassFromBase\n    DllTwo..::..DllTwoClassFromBase\n \nBut I get the following\n \nSystem..::..Object\n  BaseDLL..::..BaseClass\n    DllOne..::..DllOneClassBase\n    DllOne..::..DllOneClassFromBase\n    DllThree..::..DllThreeClassFromBase\n    DllTwo..::..DllTwoClassFromBase\n \nIs there a way round this ?\n \nI have included 4 projects\n \nBaseDLL : the base classes\nDllOne: has classes that  inherit form base\nDllTwo:  has classes that  inherit form DllOne and base\nDllThree:  has classes that  inherit form DllThree and base\n \nSingleDLL: uses the same source but has file links to produce a single dll to confirm there is no difference between the help files generated\n \nI have included the projects I used to build the help files\n \nDoc\\Single\\DocsSingleDLL.shfbproj and Doc\\Multiple\\MultipleDlls.shfbproj",
    "LastUpdatedDate": "2013-02-21T17:39:53.633-08:00",
    "PlannedForRelease": "",
    "ReleaseVisibleToPublic": false,
    "Priority": {
      "Name": "Low",
      "Severity": 50,
      "Id": 1
    },
    "ProjectName": "Sandcastle",
    "ReportedDate": "2011-09-20T02:23:16.777-07:00",
    "Status": {
      "Name": "Proposed",
      "Id": 1
    },
    "ReasonClosed": {
      "Name": "Unassigned"
    },
    "Summary": "Issue with Inheritance Hierarchy: does not show all descendants",
    "Type": {
      "Name": "Issue",
      "Id": 3
    },
    "VoteCount": 1,
    "Id": 11283
  },
  "FileAttachments": [
    {
      "FileId": 4456,
      "FileName": "DocumentIssue.zip",
      "DownloadUrl": ".\\4456"
    }
  ],
  "Comments": [
    {
      "Message": "It lost my tabs after posting\r\n\r\nSystem..::..Object\r\n----BaseDLL..::..BaseClass\r\n--------DllOne..::..DllOneClassBase\r\n------------DllOne..::..DllOneClass2\r\n------------DllTwo..::..DllTwoClassBase\r\n----------------DllThree..::..DllThreeBase\r\n--------------------DllThree..::..DllThreeClass3\r\n----------------DllTwo..::..DllTwoClass2\r\n--------DllOne..::..DllOneClassFromBase\r\n--------DllThree..::..DllThreeClassFromBase\r\n--------DllTwo..::..DllTwoClassFromBase\r\n\r\n-----\r\n\r\n\r\nSystem..::..Object\r\n----BaseDLL..::..BaseClass\r\n--------DllOne..::..DllOneClassBase\r\n--------DllOne..::..DllOneClassFromBase\r\n--------DllThree..::..DllThreeClassFromBase\r\n--------DllTwo..::..DllTwoClassFromBase\r\n\r\n",
      "PostedDate": "2011-09-20T02:28:54.02-07:00",
      "Id": -2147483648
    },
    {
      "Message": "",
      "PostedDate": "2013-02-21T17:39:53.633-08:00",
      "Id": -2147483648
    }
  ]
}