{
  "WorkItem": {
    "AffectedComponent": {
      "Name": "",
      "DisplayName": ""
    },
    "ClosedComment": "",
    "ClosedDate": null,
    "CommentCount": 0,
    "Custom": null,
    "Description": "My project's documentation does not compile. It is a standard (not portable) class library which has a portable class library as one of its references.\n\nThis is the error:\n```\nMRefBuilder : error : Unresolved assembly reference: System.ComponentModel.Composition (System.ComponentModel.Composition, Version=2.0.5.0, Culture=neutral, PublicKeyToken=31bf3856ad364e35, Retargetable=Yes) required by MuffinFramework [C:\\Users\\Sepehr\\Documents\\GitHub\\CupCake\\CupCake.Docs\\Help\\Working\\GenerateRefInfo.proj]\n    Last step completed in 00:00:00.6746\n```\n\nThe PublicKeyToken of the portable framework is different than the one of the main framework. Sandcastle also doesn't seem to respect the Retargetable attribute (http://dailydotnettips.com/2013/09/10/using-retargetable-assemblies-to-port/). It might also be that my actual library also targets the MEF assembly...\n\nI have tried adding the portable version of MEF as a reference in my docs project, but that did not fix my issue. Any workarounds or fixes for this? (Switching back from portable subset to full is rather hard at this point)",
    "LastUpdatedDate": "2014-07-03T13:11:35.337-07:00",
    "PlannedForRelease": "",
    "ReleaseVisibleToPublic": false,
    "Priority": {
      "Name": "Unassigned",
      "Severity": 0,
      "Id": 0
    },
    "ProjectName": "Sandcastle",
    "ReportedDate": "2014-07-03T13:03:45.7-07:00",
    "Status": {
      "Name": "Proposed",
      "Id": 1
    },
    "ReasonClosed": {
      "Name": "Unassigned"
    },
    "Summary": "Issue with portable class library as refrence",
    "Type": {
      "Name": "Unassigned",
      "Id": 5
    },
    "VoteCount": 1,
    "Id": 13239
  },
  "FileAttachments": [],
  "Comments": [
    {
      "Message": "Nevermind, posted on https://shfb.codeplex.com/",
      "PostedDate": "2014-07-03T13:11:35.337-07:00",
      "Id": -2147483648
    }
  ]
}