{
  "WorkItem": {
    "AffectedComponent": {
      "Name": "",
      "DisplayName": ""
    },
    "ClosedComment": "",
    "ClosedDate": null,
    "CommentCount": 0,
    "Custom": null,
    "Description": "Generating Docs from an assembly that uses SAP BusinessObjects Crystal Reports ends up in a missing reference.\nIn fact, the mentioned assembly \"BusinessObjects.Licensing.KeycodeDecoder\" cannot be found anywhere on my machine.\n \nCan anyone explain, why loading and executing my assembly is not a problem for the .NET runtime but for MRefBuilder?\n \n \nSee my output:\n \nGenerating reflection information...\n[C:\\WINDOWS\\Microsoft.NET\\Framework\\v4.0.30319\\MSBuild.exe]\n  MrefBuilder (v2.6.10621.1)\n  Copyright ¸ Microsoft 2006\n  Info: Loaded 1 assemblies for reflection and 0 dependency assemblies.\nMREFBUILDER : error : Unresolved assembly reference: BusinessObjects.Licensing.KeycodeDecoder (BusinessObjects.Licensing.KeycodeDecoder, Version=13.0.2000.0, Culture=neutral, PublicKeyToken=692fbea5521e1304) required by CrystalDecisions.CrystalReports.Engine",
    "LastUpdatedDate": "2013-02-21T17:39:53.26-08:00",
    "PlannedForRelease": "",
    "ReleaseVisibleToPublic": false,
    "Priority": {
      "Name": "Low",
      "Severity": 50,
      "Id": 1
    },
    "ProjectName": "Sandcastle",
    "ReportedDate": "2012-02-10T02:41:14.19-08:00",
    "Status": {
      "Name": "Proposed",
      "Id": 1
    },
    "ReasonClosed": {
      "Name": "Unassigned"
    },
    "Summary": "MREFBUILDER : error : Unresolved assembly reference",
    "Type": {
      "Name": "Issue",
      "Id": 3
    },
    "VoteCount": 1,
    "Id": 11747
  },
  "FileAttachments": [],
  "Comments": [
    {
      "Message": "It should be in the GAC.  If using SHFB, use your solution or project file as the documentation source and it should resolve it automatically.  You can also add a GAC reference in SHFB using the References project node.  If not using SHFB, you'll need to track the file down in the system GAC folders and refer directly to it.\r\n",
      "PostedDate": "2012-02-10T08:00:34.24-08:00",
      "Id": -2147483648
    },
    {
      "Message": "There is a fix for Unresolved assembly reference: BusinessObjects.Licensing.KeycodeDecoder discussed at http://sandcastlestyles.codeplex.com/discussions/360116 and there will be a permanent fix done in the Sandcastle build due to be released in Oct 2012!",
      "PostedDate": "2012-08-23T04:32:46.747-07:00",
      "Id": -2147483648
    },
    {
      "Message": "",
      "PostedDate": "2013-02-21T17:39:53.26-08:00",
      "Id": -2147483648
    }
  ]
}