{
  "WorkItem": {
    "AffectedComponent": {
      "Name": "",
      "DisplayName": ""
    },
    "ClosedComment": "",
    "ClosedDate": null,
    "CommentCount": 0,
    "Custom": null,
    "Description": "DBCSFix contains the following bugs:\n \n1. Wherever \"*.htm\" is used, it should be changed to \"*.htm?\" so that it also picks up and converts .html files.\n \n2. In the substituteAsciiEquivalents() method, the first if() statement reads:  if (chmDirectory != \"1041\").  The \"chmDirectory\" reference should be changed to \"lcid\" so that it's looking at the correct variable.\n \n3. In the substituteAsciiEquivalents() method, the \"else\" part of the final if() statement that compares the headerName to \"Windows-1252\" does not call the substituteInFiles() method so it won't actually do anything if the header name is Windows-1252.\n \nEric",
    "LastUpdatedDate": "2013-02-21T17:40:21.537-08:00",
    "PlannedForRelease": "",
    "ReleaseVisibleToPublic": false,
    "Priority": {
      "Name": "Low",
      "Severity": 50,
      "Id": 1
    },
    "ProjectName": "Sandcastle",
    "ReportedDate": "2008-02-04T18:22:40.093-08:00",
    "Status": {
      "Name": "Proposed",
      "Id": 1
    },
    "ReasonClosed": {
      "Name": "Unassigned"
    },
    "Summary": "DBCSFix Bugs",
    "Type": {
      "Name": "Issue",
      "Id": 3
    },
    "VoteCount": 1,
    "Id": 1072
  },
  "FileAttachments": [],
  "Comments": []
}