{
  "WorkItem": {
    "AffectedComponent": {
      "Name": "",
      "DisplayName": ""
    },
    "ClosedComment": "",
    "ClosedDate": null,
    "CommentCount": 0,
    "Custom": null,
    "Description": "Hi,\n\nI got this error when building my documentation project:\nUnexpected error while executing plug-in 'Lightweight Website Style': System.UnauthorizedAccessException: Access to the path 'path' is denied.\n\nThe log shows this:\n```\n<buildStep step=\"GenerateFullTextIndex\">\nGenerating full-text index for the website...\n\n<plugIn name=\"Lightweight Website Style\" behavior=\"After\" priority=\"1000\">\nAdding lightweight search and TOC elements to each topic...\n</plugIn>\n    Last step completed in 00:00:00.0780\n</buildStep>\n<buildStep step=\"Failed\">\n\nSHFB: Error BE0029: Unexpected error while executing plug-in 'Lightweight Website Style': System.UnauthorizedAccessException: Access to the path 'D:\\Sandcastle Build\\Working\\Output\\Website' is denied.\n   at System.IO.__Error.WinIOError(Int32 errorCode, String maybeFullPath)\n   at System.IO.FileStream.Init(String path, FileMode mode, FileAccess access, Int32 rights, Boolean useRights, FileShare share, Int32 bufferSize, FileOptions options, SECURITY_ATTRIBUTES secAttrs, String msgPath, Boolean bFromProxy, Boolean useLongPath, Boolean checkHost)\n   at System.IO.FileStream..ctor(String path, FileMode mode, FileAccess access, FileShare share, Int32 bufferSize, FileOptions options, String msgPath, Boolean bFromProxy, Boolean useLongPath, Boolean checkHost)\n   at System.IO.StreamReader..ctor(String path, Encoding encoding, Boolean detectEncodingFromByteOrderMarks, Int32 bufferSize, Boolean checkHost)\n   at System.IO.File.InternalReadAllText(String path, Encoding encoding, Boolean checkHost)\n   at System.IO.File.ReadAllText(String path, Encoding encoding)\n   at SandcastleBuilder.PlugIns.LightweightWebsiteStylePlugIn.Execute(ExecutionContext context)\n   at SandcastleBuilder.Utils.BuildEngine.BuildProcess.ExecutePlugIns(ExecutionBehaviors behavior)\n   at SandcastleBuilder.Utils.BuildEngine.BuildProcess.ExecutePlugIns(ExecutionBehaviors behavior)\n   at SandcastleBuilder.Utils.BuildEngine.BuildProcess.GenerateWebsite()\n   at SandcastleBuilder.Utils.BuildEngine.BuildProcess.Build()\nAccess to the path 'D:\\Sandcastle Build\\Working\\Output\\Website' is denied.\n   at System.IO.__Error.WinIOError(Int32 errorCode, String maybeFullPath)\n   at System.IO.FileStream.Init(String path, FileMode mode, FileAccess access, Int32 rights, Boolean useRights, FileShare share, Int32 bufferSize, FileOptions options, SECURITY_ATTRIBUTES secAttrs, String msgPath, Boolean bFromProxy, Boolean useLongPath, Boolean checkHost)\n   at System.IO.FileStream..ctor(String path, FileMode mode, FileAccess access, FileShare share, Int32 bufferSize, FileOptions options, String msgPath, Boolean bFromProxy, Boolean useLongPath, Boolean checkHost)\n   at System.IO.StreamReader..ctor(String path, Encoding encoding, Boolean detectEncodingFromByteOrderMarks, Int32 bufferSize, Boolean checkHost)\n   at System.IO.File.InternalReadAllText(String path, Encoding encoding, Boolean checkHost)\n   at System.IO.File.ReadAllText(String path, Encoding encoding)\n   at SandcastleBuilder.PlugIns.LightweightWebsiteStylePlugIn.Execute(ExecutionContext context)\n   at SandcastleBuilder.Utils.BuildEngine.BuildProcess.ExecutePlugIns(ExecutionBehaviors behavior)\n\n</buildStep>\n```\n\nAfter searching for a while I couldn't find an answer for my problem, so I decided to find the problem by excluding some projects.\nI found the project that was triggering this error, so I started excluding some classes.\nI found the class that was triggering this error and after excluding some methods I realised the problem. \nIt had something to do with the naming of my methods.\n\nThis was the problem:\n```\n/// <summary>\n/// Documentation test class\n/// </summary>\npublic class DocumentationClass\n{\n    //private\n    // This method breaks the documentation project build\n    private string doSomething(string action)\n    {\n        return action;\n    }\n\n    /// <summary>\n    /// Do something\n    /// </summary>\n    /// <param name=\"action\">action to do</param>\n    /// <returns>Did something</returns>\n    public string DoSomething(string action)\n    {\n        return doSomething(action);\n    }\n}\n```\nApparently when I have two methods with the same signature but with the only difference in the use of lower- or uppercamelcase, the documentation project will fail building.\n\nI suppose that this is a bug, because Visual Studio allows this.\n\nI hope this will help someone else with the same problem.",
    "LastUpdatedDate": "2014-12-17T18:48:45.04-08:00",
    "PlannedForRelease": "",
    "ReleaseVisibleToPublic": false,
    "Priority": {
      "Name": "Unassigned",
      "Severity": 0,
      "Id": 0
    },
    "ProjectName": "Sandcastle",
    "ReportedDate": "2014-10-20T01:06:28.027-07:00",
    "Status": {
      "Name": "Proposed",
      "Id": 1
    },
    "ReasonClosed": {
      "Name": "Unassigned"
    },
    "Summary": "BUG: Build error when building two methods with same signature but different use of capitals",
    "Type": {
      "Name": "Unassigned",
      "Id": 5
    },
    "VoteCount": 1,
    "Id": 13295
  },
  "FileAttachments": [],
  "Comments": [
    {
      "Message": "I'm unable to duplicate this problem.  Using a test case with the code above, it works fine.  Note that the error you got was an \"Access denied\" error on the folder.  Perhaps a virus scanner was scanning the files as that has been known to cause similar issues.\r\n\r\nAnd finally, for future questions or issues concerning Sandcastle or SHFB, post them over on the [Sandcastle Help File Builder](http://SHFB.CodePlex.com) project's discussion page. You'll get a quicker response there.  Thanks.\n",
      "PostedDate": "2014-10-26T11:02:05.437-07:00",
      "Id": -2147483648
    },
    {
      "Message": "I got the same \"Access Denied\" error, and it only happens when you set the Topic File Naming Method = \"Member Name\". If you use \"GUID\", it works fine. So, I'm assuming this has some error when translating  method names into filenames.",
      "PostedDate": "2014-12-17T11:52:07.793-08:00",
      "Id": -2147483648
    },
    {
      "Message": "Yes, that makes sense.  \"Member name\" names the file just like it says.  So, two members with the same name but differing case will cause a conflict since the OS doesn't care about case in filenames.\n",
      "PostedDate": "2014-12-17T18:48:45.04-08:00",
      "Id": -2147483648
    }
  ]
}