{
  "WorkItem": {
    "AffectedComponent": {
      "Name": "",
      "DisplayName": ""
    },
    "ClosedComment": "",
    "ClosedDate": null,
    "CommentCount": 0,
    "Custom": null,
    "Description": "The HTML help generated by Sandcastle Help File Builder is broken in IE 10 from Windows 8 Release Preview. The right side content is not visible anymore. Could you please check this and provide a workaround or a fix? This will be a critical issue as soon as the Windows 8 is released in 1-2 months.",
    "LastUpdatedDate": "2014-08-12T23:37:00.443-07:00",
    "PlannedForRelease": "",
    "ReleaseVisibleToPublic": false,
    "Priority": {
      "Name": "Low",
      "Severity": 50,
      "Id": 1
    },
    "ProjectName": "Sandcastle",
    "ReportedDate": "2012-06-20T22:24:38.127-07:00",
    "Status": {
      "Name": "Proposed",
      "Id": 1
    },
    "ReasonClosed": {
      "Name": "Unassigned"
    },
    "Summary": "The right side content is not visible anymore in IE 10 from Windows Release Preview",
    "Type": {
      "Name": "Issue",
      "Id": 3
    },
    "VoteCount": 4,
    "Id": 12273
  },
  "FileAttachments": [],
  "Comments": [
    {
      "Message": "I haven't had a chance to install the latest release candidate yet.  I will get to it within a few weeks.",
      "PostedDate": "2012-06-21T12:36:28.037-07:00",
      "Id": -2147483648
    },
    {
      "Message": "See http://sandcastle.codeplex.com/workitem/12073.  Related issue, same fix.\r\n",
      "PostedDate": "2012-07-25T16:28:58.567-07:00",
      "Id": -2147483648
    },
    {
      "Message": "Thank you so much for looking into this. When should we expect a new build to adress these IE 10 related issues?",
      "PostedDate": "2012-07-31T23:54:14.57-07:00",
      "Id": -2147483648
    },
    {
      "Message": "The changes are to SHFB and I'll probably have the changes checked in to the SHFB project source tree some time this weekend.  Once checked in, you can download and build the source to get the updated files and tools.",
      "PostedDate": "2012-08-06T12:10:47.2-07:00",
      "Id": -2147483648
    },
    {
      "Message": "",
      "PostedDate": "2012-08-20T19:32:32.307-07:00",
      "Id": -2147483648
    },
    {
      "Message": "",
      "PostedDate": "2013-02-21T17:39:51.27-08:00",
      "Id": -2147483648
    },
    {
      "Message": "",
      "PostedDate": "2014-08-12T23:37:00.443-07:00",
      "Id": -2147483648
    }
  ]
}