{
  "WorkItem": {
    "AffectedComponent": {
      "Name": "",
      "DisplayName": ""
    },
    "ClosedComment": "Fixed in May 2008 release.",
    "ClosedDate": "2008-06-01T07:32:19.427-07:00",
    "CommentCount": 0,
    "Custom": null,
    "Description": "Presentation\\Utilities_metadata.xsl contains the following problem:\n \n\t\t\t\t<xsl:when test=\"$group='type'\">\n\t\t\t\t\t<xsl:variable name=\"apiTypeName\">\n\t\t\t\t\t\t<xsl:value-of select=\"concat(/document/reference/containers/container[@namespace]/apidata/@name,'.',/document/reference/apidata/@name)\" />\n\t\t\t\t\t\t<xsl:if test=\"count(/document/reference/templates/template) > 0\">\n\t\t\t\t\t\t\t<xsl:value-of select=\"concat('`',count(/document/reference/templates/template))\" />\n\t\t\t\t\t\t</xsl:if>\n\t\t\t\t\t</xsl:variable>\n \nshould be\n \n\t\t\t\t<xsl:when test=\"$group='type'\">\n\t\t\t\t\t<xsl:variable name=\"apiTypeName\">\n\t\t\t\t\t\t<xsl:value-of select=\"concat(/document/reference/containers/namespace/apidata/@name,'.',/document/reference/apidata/@name)\" />\n\t\t\t\t\t\t<xsl:if test=\"count(/document/reference/templates/template) > 0\">\n\t\t\t\t\t\t\t<xsl:value-of select=\"concat('`',count(/document/reference/templates/template))\" />\n\t\t\t\t\t\t</xsl:if>\n\t\t\t\t\t</xsl:variable>",
    "LastUpdatedDate": "2013-05-16T04:53:24.797-07:00",
    "PlannedForRelease": "",
    "ReleaseVisibleToPublic": false,
    "Priority": {
      "Name": "Low",
      "Severity": 50,
      "Id": 1
    },
    "ProjectName": "Sandcastle",
    "ReportedDate": "2008-02-19T08:12:51.763-08:00",
    "Status": {
      "Name": "Closed",
      "Id": 4
    },
    "ReasonClosed": {
      "Name": "Unassigned"
    },
    "Summary": "Presentation metadata transform bug - generates bogus type names",
    "Type": {
      "Name": "Issue",
      "Id": 3
    },
    "VoteCount": 1,
    "Id": 1459
  },
  "FileAttachments": [
    {
      "FileId": 402,
      "FileName": "utilities_metadata.xsl",
      "DownloadUrl": ".\\402"
    }
  ],
  "Comments": [
    {
      "Message": "This has been fixed in the May 2008 release.\r\n",
      "PostedDate": "2008-05-31T20:17:11.903-07:00",
      "Id": -2147483648
    },
    {
      "Message": "",
      "PostedDate": "2008-06-01T07:32:19.427-07:00",
      "Id": -2147483648
    },
    {
      "Message": "",
      "PostedDate": "2013-02-21T17:40:20.36-08:00",
      "Id": -2147483648
    },
    {
      "Message": "",
      "PostedDate": "2013-05-16T04:53:24.797-07:00",
      "Id": -2147483648
    }
  ]
}