{
  "WorkItem": {
    "AffectedComponent": {
      "Name": "",
      "DisplayName": ""
    },
    "ClosedComment": "",
    "ClosedDate": null,
    "CommentCount": 0,
    "Custom": null,
    "Description": "When a list-tag with type set to table is a child of a param-tag, the generated list is slightly bigger than the window of the CHM-viewer. As a result, an extra scrollbar is shown at the bottom of the viewer while this is not necessary. It is as if the width of the table is miscalculated by not taking the offset of the param tag into account.\n \nThe following code is an example of this:\n \n    /// <summary>\n    /// Testing Sandcastle.\n    /// </summary>\n    /// <param name=\"x\">\n    /// <list type=\"table\">\n    /// <item><term>1</term><description>2</description></item>\n    /// <item><term>2</term><description>3</description></item>\n    /// <item><term>3</term><description>4</description></item>\n    /// </list>\n    /// </param>\n    /// <returns>An integer.</returns>\n    public static int Test(int x)\n    {\n      return x + 1;\n    }\n \nYves",
    "LastUpdatedDate": "2013-02-21T17:40:21.69-08:00",
    "PlannedForRelease": "",
    "ReleaseVisibleToPublic": false,
    "Priority": {
      "Name": "Low",
      "Severity": 50,
      "Id": 1
    },
    "ProjectName": "Sandcastle",
    "ReportedDate": "2008-02-02T14:03:25.283-08:00",
    "Status": {
      "Name": "Proposed",
      "Id": 1
    },
    "ReasonClosed": {
      "Name": "Unassigned"
    },
    "Summary": "Presentation issue list-tag as child of param-tag",
    "Type": {
      "Name": "Issue",
      "Id": 3
    },
    "VoteCount": 1,
    "Id": 1046
  },
  "FileAttachments": [],
  "Comments": [
    {
      "Message": "I don't think it's common to see tables in the parameters section of MSDN documentation.  You're probably better off adding the table in the remarks section.  For one thing, Intellisense isn't going to use the table anyway so you're better off writing a simple one-line description of the parameter and possibly adding something like, \"See the remarks section for more information.\".",
      "PostedDate": "2008-02-02T17:48:13.3-08:00",
      "Id": -2147483648
    },
    {
      "Message": "",
      "PostedDate": "2013-02-21T17:40:21.69-08:00",
      "Id": -2147483648
    }
  ]
}