{
  "WorkItem": {
    "AffectedComponent": {
      "Name": "",
      "DisplayName": ""
    },
    "ClosedComment": "",
    "ClosedDate": null,
    "CommentCount": 0,
    "Custom": null,
    "Description": "My public generic class gets an unexpected error during build step in SHFB stating \"Process is terminated due to StackOverflowException\". I have attached the sample Visual Studio project in the attachment section below. Given the following code, whether MyClass is abstract or partial creates the error.\n \nnamespace MyClassLibrary\n{\n    /// <summary>\n    /// MyClass Summary\n    /// </summary>\n    /// <typeparam name=\"TD\"></typeparam>\n    /// <typeparam name=\"TT\"></typeparam>\n    public abstract partial class MyClass<TD, TT>\n    {\n        /// <summary>\n        /// IBase Summary\n        /// </summary>\n        public interface IBase\n        {\n            NestedClass<T> RequestElementsTyped<T>();\n        }\n \n        /// <summary>\n        /// NestedClass Summary\n        /// </summary>\n        /// <typeparam name=\"T\"></typeparam>\n        public class NestedClass<T> : IEquatable<NestedClass<T>>\n        {\n            public bool Equals(NestedClass<T> other)\n            {\n                throw new NotImplementedException();\n            }\n        }\n \n        /// <summary>\n        /// IAnother Summary\n        /// </summary>\n        public interface IAnother : IBase { }\n    }\n}\n \nGiven build output:\n \n-------------------------------\n[Sandcastle Help File Builder, version 1.9.4.0]\nCreating output and working folders...\n-------------------------------\nClearing working folder...\n-------------------------------\nFinding tools...\nFound Sandcastle tools in 'C:\\Program Files (x86)\\Sandcastle\\'\nSearching for HTML Help 1 compiler...\nFound HTML Help 1 compiler in 'C:\\Program Files (x86)\\HTML Help Workshop\\'\n-------------------------------\nValidating and copying documentation source information\nSource: C:\\Users\\rdewan\\Documents\\Visual Studio 2010\\Projects\\ClassLibrary1\\MyClassLibrary\\bin\\Debug\\MyClassLibrary.dll\n    Found assembly 'C:\\Users\\rdewan\\Documents\\Visual Studio 2010\\Projects\\ClassLibrary1\\MyClassLibrary\\bin\\Debug\\MyClassLibrary.dll'\nSHFB: Warning BE0062: No XML comments files found.  The help file will not contain any member comments.\n-------------------------------\nGenerating shared content files (en-US, English (United States))...\n    Last step completed in 00:00:00.0040\n-------------------------------\nGenerating API filter for MRefBuilder...\n    Last step completed in 00:00:00.0010\n-------------------------------\nGenerating reflection information...\n[C:\\Windows\\Microsoft.NET\\Framework64\\v4.0.30319\\MSBuild.exe]\n  MRefBuilder (v2.7.0.0)\n  Copyright ¸ 2006-2012, Microsoft Corporation, All Rights Reserved\n  Info: Loaded 1 assemblies for reflection and 0 dependency assemblies.\n  \n  Process is terminated due to StackOverflowException.\nC:\\Users\\rdewan\\Documents\\Help\\Working\\GenerateRefInfo.proj(53,5): error MSB6006: \"MRefBuilder.exe\" exited with code -1073741571.\n    Last step completed in 00:00:25.2013\n-------------------------------\n \nSHFB: Error BE0043: Unexpected error detected in last build step.  See output above for details.",
    "LastUpdatedDate": "2013-02-21T17:39:51.437-08:00",
    "PlannedForRelease": "",
    "ReleaseVisibleToPublic": false,
    "Priority": {
      "Name": "Low",
      "Severity": 50,
      "Id": 1
    },
    "ProjectName": "Sandcastle",
    "ReportedDate": "2012-06-19T03:33:47.82-07:00",
    "Status": {
      "Name": "Proposed",
      "Id": 1
    },
    "ReasonClosed": {
      "Name": "Unassigned"
    },
    "Summary": "My generic class gets StackOverflowException by MRefBuilder (v2.7.0.0)",
    "Type": {
      "Name": "Issue",
      "Id": 3
    },
    "VoteCount": 2,
    "Id": 12270
  },
  "FileAttachments": [
    {
      "FileId": 5209,
      "FileName": "MyClassLibrary.zip",
      "DownloadUrl": ".\\5209"
    }
  ],
  "Comments": [
    {
      "Message": "I fixed one case where nested classes that reference other nested classes cause an endless loop.  This is probably similar.",
      "PostedDate": "2012-06-19T12:51:06.59-07:00",
      "Id": -2147483648
    },
    {
      "Message": "",
      "PostedDate": "2012-07-24T01:33:45.24-07:00",
      "Id": -2147483648
    },
    {
      "Message": "As I suspected, it was a similar issue to a case I'd already fixed.  The nested type referencing itself was causing a stack overflow.  I applied a similar fix to prevent it going too far and it will be in the next release.\r\n",
      "PostedDate": "2012-08-07T12:19:42.15-07:00",
      "Id": -2147483648
    },
    {
      "Message": "",
      "PostedDate": "2013-02-21T17:39:51.437-08:00",
      "Id": -2147483648
    }
  ]
}