{
  "WorkItem": {
    "AffectedComponent": {
      "Name": "",
      "DisplayName": ""
    },
    "ClosedComment": "",
    "ClosedDate": null,
    "CommentCount": 0,
    "Custom": null,
    "Description": "I have a fairly large dll (~100 classes) which chugs along nicely in Sandcastle (January 2008 build) until the final step of combining the 100s of individual htm files into one chm file - at which point it fails \"silently\" - I get the message the chm file can't be opened (because it was never created)  To add insult to injury, attempts to re-run the help project don't clean up after the previous run leaving at least on temp file locked - so I have to reboot to restart Sandcastle",
    "LastUpdatedDate": "2013-02-21T17:40:19.9-08:00",
    "PlannedForRelease": "",
    "ReleaseVisibleToPublic": false,
    "Priority": {
      "Name": "Low",
      "Severity": 50,
      "Id": 1
    },
    "ProjectName": "Sandcastle",
    "ReportedDate": "2008-02-29T06:45:11.307-08:00",
    "Status": {
      "Name": "Proposed",
      "Id": 1
    },
    "ReasonClosed": {
      "Name": "Unassigned"
    },
    "Summary": "Sandcastle breaks: chm file never created",
    "Type": {
      "Name": "Issue",
      "Id": 3
    },
    "VoteCount": 2,
    "Id": 1620
  },
  "FileAttachments": [
    {
      "FileId": 474,
      "FileName": "Wheels.Communication.LetterManagement.dll",
      "DownloadUrl": ".\\474"
    }
  ],
  "Comments": [
    {
      "Message": "This project was set to create a Help1X file\r\nWhen I redo the project as a WebSite it works - but still leaves one locked file in the Working directory",
      "PostedDate": "2008-02-29T14:25:59.06-08:00",
      "Id": -2147483648
    },
    {
      "Message": "Are you using a tool that automates Sandcastle or the command-line?\r\n\r\nNote that sometimes Windows Vista's search indexer will lock a file or folder for several minutes and you won't be able to rebuild without waiting for it to be released by Windows.  This seems to occur for me on occasion and it's really annoying.",
      "PostedDate": "2008-02-29T17:22:59.67-08:00",
      "Id": -2147483648
    },
    {
      "Message": "You might check back further in the log file.  It's possible that something is failing but not in a way to causes the build to abort.  It doesn't happen often but can occur in rare cases.  When it does, it can get to the help compilation step but because the right files are present or in the correct format, it causes it to fail.\r\n\r\nEric\r\n",
      "PostedDate": "2008-03-01T12:17:16.667-08:00",
      "Id": -2147483648
    },
    {
      "Message": "I'm using the Sandcastle Help File Builder GUI  1.6.0.4 (and Windows XP SP2)",
      "PostedDate": "2008-03-03T06:45:53.83-08:00",
      "Id": -2147483648
    },
    {
      "Message": "You should follow Eric's suggestion and check earlier in the log file for errors.",
      "PostedDate": "2008-03-03T08:22:45.253-08:00",
      "Id": -2147483648
    },
    {
      "Message": "",
      "PostedDate": "2008-03-03T14:00:52.95-08:00",
      "Id": -2147483648
    },
    {
      "Message": "If I run the Sandcastle Help File Builder directly off of the dll - versus inderictly through the VS project, everything work fine",
      "PostedDate": "2008-03-07T12:24:40.81-08:00",
      "Id": -2147483648
    },
    {
      "Message": "Any way I (or you) can delete the attached dll since it has nothing to do with the problem?  Thanks",
      "PostedDate": "2008-03-07T12:26:27.67-08:00",
      "Id": -2147483648
    },
    {
      "Message": "Only admins can delete attachments.  You can contact Anand using the \"aram\" link on the People tab and use the Contact option to send him an e-mail asking to have the attachment deleted and the work item closed.\r\n",
      "PostedDate": "2008-03-07T16:42:27.473-08:00",
      "Id": -2147483648
    },
    {
      "Message": "",
      "PostedDate": "2013-02-21T17:40:19.9-08:00",
      "Id": -2147483648
    }
  ]
}