{
  "WorkItem": {
    "AffectedComponent": {
      "Name": "",
      "DisplayName": ""
    },
    "ClosedComment": "Fixed in May 2008 release.",
    "ClosedDate": "2008-06-01T07:31:10.38-07:00",
    "CommentCount": 0,
    "Custom": null,
    "Description": "This was originally reported to me by Mike Poulsen and his example is attached.  The problem is that MRefBuilder is generating the method names for explicitly implemented interfaces that contain generic type parameters differently than the C# and VB.NET compilers do in the XML comments.  This causes the members to go undocumented in the help file.  MRefBuilder uses the apostrophe + digit syntax but the compilers output the actual type parameter name:\n \nreflection.org\n<element api=\"M:MyTest.MyTest`1.MyTest#IMyTestControlContainer{`0}#AddControl(`0)\" />\n \nXML comments:\n<member name=\"M:MyTest.MyTest`1.MyTest#IMyTestControlContainer{T}#AddControl(`0)\">\n \nAdding a second generic type parameter further changes the signature.  MRefBuilder separates them with a comma.  The names in the XML comments are separated with an '@'.\n \nreflection.org\n<element api=\"M:MyTest.MyTest`2.MyTest#IMyTestControlContainer{`0,`1}#AddControl(`0)\" />\n \nXML comments:\n<member name=\"M:MyTest.MyTest`2.MyTest#IMyTestControlContainer{T@TKey}#AddControl(`0)\">\n \nMRefBuilder should be fixed so that its member names in the reflection file match the output of the compilers in the XML comments files so that the members are documented.",
    "LastUpdatedDate": "2013-05-16T04:53:25.097-07:00",
    "PlannedForRelease": "",
    "ReleaseVisibleToPublic": false,
    "Priority": {
      "Name": "Low",
      "Severity": 50,
      "Id": 1
    },
    "ProjectName": "Sandcastle",
    "ReportedDate": "2008-01-31T14:39:55.423-08:00",
    "Status": {
      "Name": "Closed",
      "Id": 4
    },
    "ReasonClosed": {
      "Name": "Unassigned"
    },
    "Summary": "MRefBuilder Generates Incorrect Member Signatures",
    "Type": {
      "Name": "Issue",
      "Id": 3
    },
    "VoteCount": 1,
    "Id": 1017
  },
  "FileAttachments": [
    {
      "FileId": 260,
      "FileName": "MPoulsen.zip",
      "DownloadUrl": ".\\260"
    }
  ],
  "Comments": [
    {
      "Message": "This has been fixed by the May 2008 release.\r\n",
      "PostedDate": "2008-05-31T20:05:04.6-07:00",
      "Id": -2147483648
    },
    {
      "Message": "",
      "PostedDate": "2008-06-01T07:31:10.38-07:00",
      "Id": -2147483648
    },
    {
      "Message": "",
      "PostedDate": "2013-02-21T17:40:21.867-08:00",
      "Id": -2147483648
    },
    {
      "Message": "",
      "PostedDate": "2013-05-16T04:53:25.097-07:00",
      "Id": -2147483648
    }
  ]
}