{
  "WorkItem": {
    "AffectedComponent": {
      "Name": "",
      "DisplayName": ""
    },
    "ClosedComment": "",
    "ClosedDate": null,
    "CommentCount": 0,
    "Custom": null,
    "Description": "Thank you for Sandcastle June 2010 Release (Version 2.6.1062.1).\n \nI would like to request a zip-only download option and\\or a nuget-enabled package.\n \nIn this way, if there are two help projects using different versions of the Sandcastle compiler, I can compile both help projects on the command line without having to uninstall\\reinstall the specific version of Sandcastle for the particular project currently being built.\n \nA possible work-around is to install the specific version of Sandcastle and reference a copy of the contents of the installation directory from the project, but I have not tried to do this yet.\n \nThank you.",
    "LastUpdatedDate": "2013-06-19T00:34:04.183-07:00",
    "PlannedForRelease": "",
    "ReleaseVisibleToPublic": false,
    "Priority": {
      "Name": "Low",
      "Severity": 50,
      "Id": 1
    },
    "ProjectName": "Sandcastle",
    "ReportedDate": "2012-03-28T18:24:33.14-07:00",
    "Status": {
      "Name": "Proposed",
      "Id": 1
    },
    "ReasonClosed": {
      "Name": "Unassigned"
    },
    "Summary": "Provide a zip-only download option and\\or a nuget-enabled  package",
    "Type": {
      "Name": "Issue",
      "Id": 3
    },
    "VoteCount": 4,
    "Id": 11949
  },
  "FileAttachments": [],
  "Comments": [
    {
      "Message": "The zip-only option will be easy once I'm able to get my changes checked in.  I've rearranged the source tree to match the installed folder layout.  With that, you can download the latest source release, unzip it, build the code and reflection data (scripts are included to do that), point the DXROOT environment variable at the source version of the .\\ProductionTools folder and you're ready to go.  Pointing DXROOT back at the production release in Program Files lets you use that version instead.  I've been doing that while testing and comparing the output.  It works quite well.\r\n",
      "PostedDate": "2012-03-28T19:10:33.647-07:00",
      "Id": -2147483648
    },
    {
      "Message": "",
      "PostedDate": "2012-03-29T05:28:14.96-07:00",
      "Id": -2147483648
    },
    {
      "Message": "",
      "PostedDate": "2012-04-27T11:55:15.447-07:00",
      "Id": -2147483648
    },
    {
      "Message": "I second this. I currently copy existing installations and put them in other places on our build machine, and by setting SHFBROOT and passing in /p:SandcastlePath=, it works great in our build process (the build machine itself has never run a Sandcastle-related installer). So not having to actually do an install would be nice, although we can certainly live with the current arrangement.",
      "PostedDate": "2012-04-27T11:59:05.773-07:00",
      "Id": -2147483648
    },
    {
      "Message": "",
      "PostedDate": "2013-02-21T17:39:52.603-08:00",
      "Id": -2147483648
    },
    {
      "Message": "",
      "PostedDate": "2013-06-19T00:34:04.183-07:00",
      "Id": -2147483648
    }
  ]
}