{
  "WorkItem": {
    "AffectedComponent": {
      "Name": "",
      "DisplayName": ""
    },
    "ClosedComment": "",
    "ClosedDate": null,
    "CommentCount": 0,
    "Custom": null,
    "Description": "Since installing the latest SCHFB, when I type:\n__<se__\nthe visual studio crashes. Note that the crash happens just at the moment i type the letter e (I'm actually trying to type <see etc).",
    "LastUpdatedDate": "2014-10-06T02:25:12.363-07:00",
    "PlannedForRelease": "",
    "ReleaseVisibleToPublic": false,
    "Priority": {
      "Name": "Unassigned",
      "Severity": 0,
      "Id": 0
    },
    "ProjectName": "Sandcastle",
    "ReportedDate": "2014-09-22T02:09:23.367-07:00",
    "Status": {
      "Name": "Proposed",
      "Id": 1
    },
    "ReasonClosed": {
      "Name": "Unassigned"
    },
    "Summary": "Visual Studio 2013 crashes when typing XML doc",
    "Type": {
      "Name": "Unassigned",
      "Id": 5
    },
    "VoteCount": 2,
    "Id": 13285
  },
  "FileAttachments": [],
  "Comments": [
    {
      "Message": "This is most likely caused by having the Roslyn preview installed which modifies the underlying IntelliSense presentation model and break the IntelliSense extension in the SHFB package.  The workaround for the time being is to remove the Roslyn preview.  The issues has been fixed and will be in the next release of SHFB due out in a few weeks.[0A][0A]Also, please note that this project site has been discontinued and may not be monitored as frequently. For future questions or issues concerning Sandcastle or SHFB, post them over on the [Sandcastle Help File Builder](http://shfb.codeplex.com) project's discussion page. Thanks. [0A]",
      "PostedDate": "2014-09-26T12:23:17.123-07:00",
      "Id": -2147483648
    },
    {
      "Message": "",
      "PostedDate": "2014-10-06T02:25:12.363-07:00",
      "Id": -2147483648
    }
  ]
}