{
  "WorkItem": {
    "AffectedComponent": {
      "Name": "",
      "DisplayName": ""
    },
    "ClosedComment": "",
    "ClosedDate": null,
    "CommentCount": 0,
    "Custom": null,
    "Description": "I am using the latest Sancastle (2.6.1062.1) and SCFB (1.9.3.0).  I apologize in advance if this is a SCFB issue, I am not 100% clear on which components are responsible for this functionality.\n \nWe have a library implemented in C++/CLI, which mostly exposes its API via interfaces.  The generated docs for each interface only seem to contain the members for that interface, plus the interface it is immediately derived from, but no interfaces that the derived interface itself derives from.  For example:\n \npublic interface class A\n{\n  void FooA();\n};\n \npublic interface class B : public A\n{\n  void FooB();\n}\n \npublic interface class C : public B\n{\n  void FooC();\n}\n \nThe generated docs for C contains FooC and FooB, but not FooA.  Is this expected behaviour?\n \nThank you.",
    "LastUpdatedDate": "2013-02-21T17:39:53.8-08:00",
    "PlannedForRelease": "",
    "ReleaseVisibleToPublic": false,
    "Priority": {
      "Name": "Low",
      "Severity": 50,
      "Id": 1
    },
    "ProjectName": "Sandcastle",
    "ReportedDate": "2011-07-21T10:31:00.42-07:00",
    "Status": {
      "Name": "Proposed",
      "Id": 1
    },
    "ReasonClosed": {
      "Name": "Unassigned"
    },
    "Summary": "Inherited members are missing",
    "Type": {
      "Name": "Issue",
      "Id": 3
    },
    "VoteCount": 1,
    "Id": 11110
  },
  "FileAttachments": [],
  "Comments": [
    {
      "Message": "This appears to be caused by a difference in the way the C++ compiler generates the metadata for the interfaces.  If you look at the equivalent C# code and the C++ code for the interface definitions with Reflector you will see that the C++ code for interface C doesn't report the A interface as a base type where as the C# code for interface C does.  Drilling down into the base types does show the expected hierarchy though.  It's not possible to workaround this issue in SHFB.  It would most likely require modifying MRefBuilder in some way to compensate for this if that's at all possible.\r\n\r\n",
      "PostedDate": "2011-08-03T10:35:43.34-07:00",
      "Id": -2147483648
    },
    {
      "Message": "",
      "PostedDate": "2013-02-21T17:39:53.8-08:00",
      "Id": -2147483648
    }
  ]
}