{
  "WorkItem": {
    "AffectedComponent": {
      "Name": "",
      "DisplayName": ""
    },
    "ClosedComment": "",
    "ClosedDate": null,
    "CommentCount": 0,
    "Custom": null,
    "Description": "I've encountered an issue with ShowMissingComponent. \n\nHere's my case:\nVisual Studio 2012 for Windows 8\n```\n        /// <summary>\n        /// Byte List To Byte Array.\n        /// </summary>\n        /// <param name=\"inBytes\">Byte List</param>\n        /// <returns>Byte Array</returns>\n        public static byte[] ToByteArray(IList<byte> inBytes)\n        {\n            return new List<byte>(inBytes).ToArray();\n        }\n```\n\nSHFB output log:\n```\nBuildAssembler : warning : ShowMissingComponent: [M:WindowsRuntimeComponent.ByteUtil.ToByteArray(Windows.Foundation.Collections.IVector{System.Byte})] Missing <summary> documentation [C:\\Users\\k\\Documents\\Help\\Working\\BuildReferenceTopics.proj]\nBuildAssembler : warning : ShowMissingComponent: [M:WindowsRuntimeComponent.ByteUtil.ToByteArray(Windows.Foundation.Collections.IVector{System.Byte})] Missing <returns> documentation [C:\\Users\\k\\Documents\\Help\\Working\\BuildReferenceTopics.proj]\nBuildAssembler : warning : ShowMissingComponent: [M:WindowsRuntimeComponent.ByteUtil.ToByteArray(Windows.Foundation.Collections.IVector{System.Byte})] Missing <param name=\"inBytes\"/> documentation [C:\\Users\\k\\Documents\\Help\\Working\\BuildReferenceTopics.proj]\n\n```",
    "LastUpdatedDate": "2014-05-29T12:24:12.99-07:00",
    "PlannedForRelease": "",
    "ReleaseVisibleToPublic": false,
    "Priority": {
      "Name": "Unassigned",
      "Severity": 0,
      "Id": 0
    },
    "ProjectName": "Sandcastle",
    "ReportedDate": "2014-05-28T18:23:45.523-07:00",
    "Status": {
      "Name": "Proposed",
      "Id": 1
    },
    "ReasonClosed": {
      "Name": "Unassigned"
    },
    "Summary": "ShowMissingComponent issue",
    "Type": {
      "Name": "Unassigned",
      "Id": 5
    },
    "VoteCount": 1,
    "Id": 13227
  },
  "FileAttachments": [],
  "Comments": [
    {
      "Message": "I tried your example and it worked fine.  This usually means either you haven't got an up to date XML comments file or you have the incorrect configuration selected (Debug vs. Release).  Check the log and see which XML comments file it is using and make sure it is up to date.  Also, if you've added the assembly directly as the documentation source, make sure you've included the XML comments file too and that the Framework Version is set correctly for the version used by the assembly.\r\n\r\nPlease note that this project site has been discontinued and may not be monitored as frequently. For future questions or issues concerning Sandcastle or SHFB, post them over on the [Sandcastle Help File Builder](http://SHFB.CodePlex.com) project's site. Thanks.\r\n\r\n",
      "PostedDate": "2014-05-29T12:24:12.99-07:00",
      "Id": -2147483648
    }
  ]
}