{
  "WorkItem": {
    "AffectedComponent": {
      "Name": "",
      "DisplayName": ""
    },
    "ClosedComment": "",
    "ClosedDate": null,
    "CommentCount": 0,
    "Custom": null,
    "Description": "When using the reserved word 'fixed' on a class member, that member is documented incorrectly in the syntax section.  It appears to be a combination of problems in MRefBuilder and the syntax components.  The following example demonstrates the problem:\n \n/// <summary>\n/// Win32 structure for device\n/// </summary>\n[StructLayout(LayoutKind.Sequential)]\nprivate unsafe struct WinDeviceInfo\n{\n/// <summary>\n/// Profile name\n/// </summary>\npublic fixed char Profile[32];\n}",
    "LastUpdatedDate": "2013-02-21T17:39:54.863-08:00",
    "PlannedForRelease": "",
    "ReleaseVisibleToPublic": false,
    "Priority": {
      "Name": "Low",
      "Severity": 50,
      "Id": 1
    },
    "ProjectName": "Sandcastle",
    "ReportedDate": "2011-01-09T11:29:44.953-08:00",
    "Status": {
      "Name": "Proposed",
      "Id": 1
    },
    "ReasonClosed": {
      "Name": "Unassigned"
    },
    "Summary": "Members using the 'fixed' keyword are documented incorrectly",
    "Type": {
      "Name": "Issue",
      "Id": 3
    },
    "VoteCount": 2,
    "Id": 10107
  },
  "FileAttachments": [],
  "Comments": []
}