{
  "WorkItem": {
    "AffectedComponent": {
      "Name": "",
      "DisplayName": ""
    },
    "ClosedComment": "",
    "ClosedDate": null,
    "CommentCount": 0,
    "Custom": null,
    "Description": "Reported by David Hearn (example attached):\n \nThe following problem occurs when a class inherits from a generic base class that contains overloaded methods. One of the overloaded methods has the generic type as a parameter.\n \nHana and Prototype style: The generated documentation for the base class looks correct, but the derived class (Class2) shows the overloaded method with the generic parameter twice in the list of members, one time without an icon and one with an icon. The description for the one without an icon is messed up. The description for the one with the icon lists the summary twice. The second overloaded method without the generic parameter is not shown.\n \nVS2005 style: The overloaded methods are not listed at all in the derived class but are listed correctly in the base class.",
    "LastUpdatedDate": "2013-02-21T17:40:17.793-08:00",
    "PlannedForRelease": "",
    "ReleaseVisibleToPublic": false,
    "Priority": {
      "Name": "Low",
      "Severity": 50,
      "Id": 1
    },
    "ProjectName": "Sandcastle",
    "ReportedDate": "2008-03-31T09:30:09.547-07:00",
    "Status": {
      "Name": "Proposed",
      "Id": 1
    },
    "ReasonClosed": {
      "Name": "Unassigned"
    },
    "Summary": "Bug in Members page when overloaded member uses generic parameter",
    "Type": {
      "Name": "Issue",
      "Id": 3
    },
    "VoteCount": 1,
    "Id": 1908
  },
  "FileAttachments": [
    {
      "FileId": 564,
      "FileName": "GenericOverloadBug.cs",
      "DownloadUrl": ".\\564"
    }
  ],
  "Comments": []
}