{
  "WorkItem": {
    "AffectedComponent": {
      "Name": "",
      "DisplayName": ""
    },
    "ClosedComment": "",
    "ClosedDate": null,
    "CommentCount": 0,
    "Custom": null,
    "Description": "Let's say you have:\n      public class Derived : Dictionary<string, int> { }\n \nThe generated documentation for \"Derived\" will have the Add method (inherited from Dictionary<TKey, TValue>) shown as:\n     Add(TKey, TValue)\nbut I would expect it to show\n     Add(String, Int32)\n \nsince the class inherits from a specific specialization of the parent generic type.\n \nIntelliSense shows Add(String, Int32), so I should expect the documentation to show this as well.",
    "LastUpdatedDate": "2013-02-21T17:40:16.477-08:00",
    "PlannedForRelease": "",
    "ReleaseVisibleToPublic": false,
    "Priority": {
      "Name": "Low",
      "Severity": 50,
      "Id": 1
    },
    "ProjectName": "Sandcastle",
    "ReportedDate": "2008-04-08T08:15:58.607-07:00",
    "Status": {
      "Name": "Proposed",
      "Id": 1
    },
    "ReasonClosed": {
      "Name": "Unassigned"
    },
    "Summary": "Methods inherited from a specialization of a generic class show generic parameter types",
    "Type": {
      "Name": "Issue",
      "Id": 3
    },
    "VoteCount": 2,
    "Id": 1983
  },
  "FileAttachments": [
    {
      "FileId": 594,
      "FileName": "Program.cs",
      "DownloadUrl": ".\\594"
    }
  ],
  "Comments": []
}