{
  "WorkItem": {
    "AffectedComponent": {
      "Name": "",
      "DisplayName": ""
    },
    "ClosedComment": "This features has been added to May 2008 release.",
    "ClosedDate": "2008-06-01T07:33:06.88-07:00",
    "CommentCount": 0,
    "Custom": null,
    "Description": "This tag has been available in NDoc2(alpha) and in JavaDoc (for years):\n[url:http://java.sun.com/j2se/1.4.2/docs/tooldocs/windows/javadoc.html#inheritingcomments].\n \nIt would obviously be quite useful for generating .NET documentation as well.\n \nKarl",
    "LastUpdatedDate": "2013-05-16T04:53:24.663-07:00",
    "PlannedForRelease": "",
    "ReleaseVisibleToPublic": false,
    "Priority": {
      "Name": "Low",
      "Severity": 50,
      "Id": 1
    },
    "ProjectName": "Sandcastle",
    "ReportedDate": "2008-02-26T16:01:50.553-08:00",
    "Status": {
      "Name": "Closed",
      "Id": 4
    },
    "ReasonClosed": {
      "Name": "Unassigned"
    },
    "Summary": "Support <inheritdoc/> tag",
    "Type": {
      "Name": "Issue",
      "Id": 3
    },
    "VoteCount": 4,
    "Id": 1595
  },
  "FileAttachments": [],
  "Comments": [
    {
      "Message": "Related discussion: \r\nhttp://www.codeplex.com/Sandcastle/Thread/View.aspx?ThreadId=22873",
      "PostedDate": "2008-02-28T03:46:44.63-08:00",
      "Id": -2147483648
    },
    {
      "Message": "I've released a standalone tool that can produce documentation for the <inheritdoc /> tag.  For details, see: http://www.codeplex.com/Sandcastle/Thread/View.aspx?ThreadId=23306\r\n",
      "PostedDate": "2008-03-03T23:58:26.973-08:00",
      "Id": -2147483648
    },
    {
      "Message": "",
      "PostedDate": "2008-03-10T07:24:29.24-07:00",
      "Id": -2147483648
    },
    {
      "Message": "",
      "PostedDate": "2008-06-01T07:33:06.88-07:00",
      "Id": -2147483648
    },
    {
      "Message": "",
      "PostedDate": "2013-02-21T17:40:20.213-08:00",
      "Id": -2147483648
    },
    {
      "Message": "",
      "PostedDate": "2013-05-16T04:53:24.663-07:00",
      "Id": -2147483648
    }
  ]
}