{
  "WorkItem": {
    "AffectedComponent": {
      "Name": "",
      "DisplayName": ""
    },
    "ClosedComment": "",
    "ClosedDate": null,
    "CommentCount": 0,
    "Custom": null,
    "Description": "Please delete this item. It's a duplicate by accident. Thanks.",
    "LastUpdatedDate": "2013-02-21T17:39:50.133-08:00",
    "PlannedForRelease": "",
    "ReleaseVisibleToPublic": false,
    "Priority": {
      "Name": "Low",
      "Severity": 50,
      "Id": 1
    },
    "ProjectName": "Sandcastle",
    "ReportedDate": "2012-09-21T15:27:47.12-07:00",
    "Status": {
      "Name": "Proposed",
      "Id": 1
    },
    "ReasonClosed": {
      "Name": "Unassigned"
    },
    "Summary": "Help file doesn't contain members",
    "Type": {
      "Name": "Issue",
      "Id": 3
    },
    "VoteCount": 1,
    "Id": 12494
  },
  "FileAttachments": [
    {
      "FileId": 5336,
      "FileName": "Reactive Extensions project.zip",
      "DownloadUrl": ".\\5336"
    }
  ],
  "Comments": []
}