{
  "WorkItem": {
    "AffectedComponent": {
      "Name": "",
      "DisplayName": ""
    },
    "ClosedComment": "",
    "ClosedDate": null,
    "CommentCount": 0,
    "Custom": null,
    "Description": "I'm using it ot generate documentation for NopCommerce. While building docs at some stages it takes more 1 GB RAM (max I see is 1.6GB). If I enable DocumentPrivate it give outOfMemory exception, so I have to run it with DocumentPrivate set to false.  I found out that  BuildAssembler is taking too much memory. I'm not able do any other work it is generating docs as there is no enough memory left.",
    "LastUpdatedDate": "2013-02-21T17:39:54.507-08:00",
    "PlannedForRelease": "",
    "ReleaseVisibleToPublic": false,
    "Priority": {
      "Name": "Low",
      "Severity": 50,
      "Id": 1
    },
    "ProjectName": "Sandcastle",
    "ReportedDate": "2011-02-20T23:31:28.223-08:00",
    "Status": {
      "Name": "Proposed",
      "Id": 1
    },
    "ReasonClosed": {
      "Name": "Unassigned"
    },
    "Summary": "BuildAssembler is taking too much memory",
    "Type": {
      "Name": "Issue",
      "Id": 3
    },
    "VoteCount": 4,
    "Id": 10232
  },
  "FileAttachments": [],
  "Comments": []
}