{
  "WorkItem": {
    "AffectedComponent": {
      "Name": "",
      "DisplayName": ""
    },
    "ClosedComment": "",
    "ClosedDate": null,
    "CommentCount": 0,
    "Custom": null,
    "Description": "It appears that <seealso> tags that occur within an <overloads> section do not appear on the overload help page generated that contains the “Overload List” and “Remarks” sections. There is a “See Also” section on the page, but it will not contain any items explicitly identified by <seealso> tags. It only contains the default “See Also” values (i.e. <Class Name> Class, <Class Name> Members, and <Class’s Namespace> Namespace).\n \nIn the example below, the “AnotherMethod” reference will be included in the “See Also” section of the specific method being defined, but the “AnotherMethod” reference will not appear on the overload help page generated for this method, even though a seealso tag exists in the overloads section.\n \n''' <summary>\n''' Method specific summary.\n''' </summary>\n''' <overloads>\n''' <summary>\n''' Overload page summary.\n''' </summary>\n''' <seealso cref=\"M:SampleNamespace.SampleClass.AnotherMethod\" />\n''' <remarks>\n''' Overload page remarks.\n''' </remarks>\n''' </overloads>\n''' <seealso cref=\" M:SampleNamespace.SampleClass.AnotherMethod \" />\n''' <remarks>\n''' Method specific remarks.\n''' </remarks>",
    "LastUpdatedDate": "2013-02-21T17:40:20.057-08:00",
    "PlannedForRelease": "",
    "ReleaseVisibleToPublic": false,
    "Priority": {
      "Name": "Low",
      "Severity": 50,
      "Id": 1
    },
    "ProjectName": "Sandcastle",
    "ReportedDate": "2008-02-28T11:40:35.573-08:00",
    "Status": {
      "Name": "Proposed",
      "Id": 1
    },
    "ReasonClosed": {
      "Name": "Unassigned"
    },
    "Summary": "seealso tags within an overloads tag  not listed",
    "Type": {
      "Name": "Issue",
      "Id": 3
    },
    "VoteCount": 4,
    "Id": 1613
  },
  "FileAttachments": [],
  "Comments": [
    {
      "Message": "In the May 2008 release, the method does appear in the Overloads page.  However, it is now listed twice on the method page in all three styles.\r\n\r\n",
      "PostedDate": "2008-05-31T22:21:18.857-07:00",
      "Id": -2147483648
    },
    {
      "Message": "",
      "PostedDate": "2013-02-21T17:40:20.057-08:00",
      "Id": -2147483648
    }
  ]
}