{
  "WorkItem": {
    "AffectedComponent": {
      "Name": "",
      "DisplayName": ""
    },
    "ClosedComment": "",
    "ClosedDate": null,
    "CommentCount": 0,
    "Custom": null,
    "Description": "The <codeEntityReference/> so sensitive to space that any of the following will not work:\n# <codeEntityReference> T:System.Int32</codeEntityReference>\n# <codeEntityReference>T:System.Int32 </codeEntityReference>\n# <codeEntityReference>T:System.Int32\n   </codeEntityReference>\n# <codeEntityReference>\nT:System.Int32</codeEntityReference> \n# <codeEntityReference>\nT:System.Int32\n</codeEntityReference>",
    "LastUpdatedDate": "2013-02-21T17:40:21.213-08:00",
    "PlannedForRelease": "",
    "ReleaseVisibleToPublic": false,
    "Priority": {
      "Name": "Low",
      "Severity": 50,
      "Id": 1
    },
    "ProjectName": "Sandcastle",
    "ReportedDate": "2008-02-11T20:29:30.43-08:00",
    "Status": {
      "Name": "Proposed",
      "Id": 1
    },
    "ReasonClosed": {
      "Name": "Unassigned"
    },
    "Summary": "Conceptual: codeEntityReference is sensitive to space",
    "Type": {
      "Name": "Issue",
      "Id": 3
    },
    "VoteCount": 2,
    "Id": 1249
  },
  "FileAttachments": [],
  "Comments": [
    {
      "Message": "Not fixed by the May 2008 release.  Apply the following patch to fix it:\r\n\r\nIn the codeEntityReference template in Presentation\\shared\\utilities_ddue.xml, add a call to normalize-space() around the two occurrences of \"string(.)\":\r\n\r\n      <xsl:template match=\"ddue:codeEntityReference\">\r\n        <span sdata=\"cer\" target=\"{normalize-space(string(.))}\">\r\n        <referenceLink target=\"{normalize-space(string(.))}\">\r\n        ... the rest is the same ...\r\n",
      "PostedDate": "2008-05-31T23:26:20.197-07:00",
      "Id": -2147483648
    },
    {
      "Message": "",
      "PostedDate": "2013-02-21T17:40:21.213-08:00",
      "Id": -2147483648
    }
  ]
}