{
  "WorkItem": {
    "AffectedComponent": {
      "Name": "",
      "DisplayName": ""
    },
    "ClosedComment": "",
    "ClosedDate": null,
    "CommentCount": 0,
    "Custom": null,
    "Description": "Warning: If you are using SandCastle with the \"SandCastle Hepl File Builder\" and then for some reason install the Visual Studio 2005 SDK the \"SHFB\" will throw a message saying that SandCastle is out of date and it must be upgrade to the version v2.4.10111.0. \n \nTo solve this problem you have to override the old SandCastle version provided by VS2005 SDK whith the version that you had got from CodePlex. To do it you only have to remove all files and folders in  \"C:\\Program Files\\Visual Studio 2005 SDK\\2007.02\\VisualStudioIntegration\\Tools\\Sandcastle\" and copy \"C:\\Program Files\\Sandcastle\". That's all.",
    "LastUpdatedDate": "2013-02-21T17:40:19.587-08:00",
    "PlannedForRelease": "",
    "ReleaseVisibleToPublic": false,
    "Priority": {
      "Name": "Low",
      "Severity": 50,
      "Id": 1
    },
    "ProjectName": "Sandcastle",
    "ReportedDate": "2008-03-06T03:30:23.313-08:00",
    "Status": {
      "Name": "Proposed",
      "Id": 1
    },
    "ReasonClosed": {
      "Name": "Unassigned"
    },
    "Summary": "SandCastle version out of date",
    "Type": {
      "Name": "Issue",
      "Id": 3
    },
    "VoteCount": 1,
    "Id": 1664
  },
  "FileAttachments": [],
  "Comments": [
    {
      "Message": "This is a known issue and it's not specific to SHFB.\r\n\r\nThe solution is to delete the DXROOT _user_ environment variable after installing an SDK.  The latest release of Sandcastle installs a DXROOT _system_ environment variable; commonly, C:\\Program Files\\Sandcastle\\.\r\n\r\nAutomation tools may need to be restarted.  Sometimes the computer needs to be restarted as well for the changes to take affect.",
      "PostedDate": "2008-03-06T05:25:42.87-08:00",
      "Id": -2147483648
    },
    {
      "Message": "",
      "PostedDate": "2013-02-21T17:40:19.587-08:00",
      "Id": -2147483648
    }
  ]
}