{
  "WorkItem": {
    "AffectedComponent": {
      "Name": "",
      "DisplayName": ""
    },
    "ClosedComment": "",
    "ClosedDate": null,
    "CommentCount": 0,
    "Custom": null,
    "Description": "Allow a files attribute that accepts wildcards in <examples> elements of an ExampleComponent configuration: \n \n<examples files=\"..\\..\\Help\\Snippets\\*.xml\" />",
    "LastUpdatedDate": "2013-02-21T17:40:18.453-08:00",
    "PlannedForRelease": "",
    "ReleaseVisibleToPublic": false,
    "Priority": {
      "Name": "Low",
      "Severity": 50,
      "Id": 1
    },
    "ProjectName": "Sandcastle",
    "ReportedDate": "2008-03-26T23:39:47.417-07:00",
    "Status": {
      "Name": "Proposed",
      "Id": 1
    },
    "ReasonClosed": {
      "Name": "Unassigned"
    },
    "Summary": "ExampleComponent Wildcards",
    "Type": {
      "Name": "Issue",
      "Id": 3
    },
    "VoteCount": 1,
    "Id": 1833
  },
  "FileAttachments": [],
  "Comments": []
}