{
  "WorkItem": {
    "AffectedComponent": {
      "Name": "",
      "DisplayName": ""
    },
    "ClosedComment": "",
    "ClosedDate": null,
    "CommentCount": 0,
    "Custom": null,
    "Description": "I had a legacy system on which a 32 bit Win XP was installed. Previously it had a 64 bit Win7 installed on the same machine. As a consequence the old Program Files (x86) folder still existed. I couldn't get through with the HTML Help 1 Compiler step, although i previously installed it.\n \nI found out that the problem lies in BuildProcess.cs (line 2057)\n \n            // Check for 64-bit Windows.  The tools will be in the x86 folder.\n            if(Directory.Exists(sb.ToString() + \" (x86)\"))\n \nTo resolve this bug one could either\n- Use Environment.Is64BitOperatingSystem (http://msdn.microsoft.com/en-us/library/system.environment.is64bitoperatingsystem(VS.100).aspx), or\n- Search in both folders: program files (x86) and program files\n \nI worked around this issue by deleting the unused x86 folder, but an existence of such a (possibly empty) folder on a 32 bit OS shouldn't cause a problem.\n \nIt would also be great for debugging purposes if the builder exceptions (e.g. BE0037)  would contain the path that was searched.",
    "LastUpdatedDate": "2013-02-21T17:39:50.893-08:00",
    "PlannedForRelease": "",
    "ReleaseVisibleToPublic": false,
    "Priority": {
      "Name": "Low",
      "Severity": 50,
      "Id": 1
    },
    "ProjectName": "Sandcastle",
    "ReportedDate": "2012-07-04T01:39:34.677-07:00",
    "Status": {
      "Name": "Proposed",
      "Id": 1
    },
    "ReasonClosed": {
      "Name": "Unassigned"
    },
    "Summary": "32/64 bit OS Check Bug",
    "Type": {
      "Name": "Issue",
      "Id": 3
    },
    "VoteCount": 1,
    "Id": 12310
  },
  "FileAttachments": [],
  "Comments": []
}