{
  "WorkItem": {
    "AffectedComponent": {
      "Name": "",
      "DisplayName": ""
    },
    "ClosedComment": "",
    "ClosedDate": null,
    "CommentCount": 0,
    "Custom": null,
    "Description": "I have a managed c++ assembly that has a ref class like this one\npublic ref class ExampleClass\n{\n    /// <summary>this is a method with a generic argument.</summary>\n    /// <param name='picture'>a picture.</param>\n    /// <param name='things'><see cref='ICollection'/> of <see\tcref='AnotherClass'/>.</param>\n    public : void Method (BitmapSource^ picture, ICollection<AnotherClass> things);\n}\n \nWhen it is built it generates this XML section\n        <member name=\"M:MyNamespace.ExampleClass.Method\n(System.Windows.Media.Imaging.BitmapSource,System.Collections.Generic.ICollection`1{MyNamespace.AnotherClass})\">\n            <summary>this is a method with a generic argument.</summary>\n            <param name=\"picture\">a picture.</param>\n            <param name=\"things\"><see cref=\"T:System.Collections.Generic.ICollection`1\" /> of <see cref=\"T:MyNamespace.AnotherClass\" />.</param>\n        </member>\n \n \nYet - when I build the help file (using the example GUI in this case), the log file it generates says \n \nInfo: BuildAssembler: Building topic M:MyNamespace.ExampleClass.Method(System.Windows.Media.Imaging.BitmapSource,System.Collections.Generic.ICollection{MyNamespace.AnotherClass})\n \nNote that the [System.Collections.Generic.ICollection{MyNamespace.AnotherClass}] that it is looking for is not the same as [System.Collections.Generic.ICollection`1{MyNamespace.AnotherClass}] that is in the XML file.",
    "LastUpdatedDate": "2013-02-21T17:40:19.42-08:00",
    "PlannedForRelease": "",
    "ReleaseVisibleToPublic": false,
    "Priority": {
      "Name": "Low",
      "Severity": 50,
      "Id": 1
    },
    "ProjectName": "Sandcastle",
    "ReportedDate": "2008-03-13T09:06:46.463-07:00",
    "Status": {
      "Name": "Proposed",
      "Id": 1
    },
    "ReasonClosed": {
      "Name": "Unassigned"
    },
    "Summary": "Managed C++ generic ICollection<> argument breaks link from code to doc",
    "Type": {
      "Name": "Issue",
      "Id": 3
    },
    "VoteCount": 1,
    "Id": 1715
  },
  "FileAttachments": [],
  "Comments": [
    {
      "Message": "The C++ compiler generates different method signatures in certain cases involving generics that do not match the signatures generated by other compilers such as the C# and VB.NET compilers.  MRefBuilder outputs signatures that match the C# and VB.NET compilers so the C++ XML comment IDs won't match up with the reflection information and they are not included.\r\n\r\nThe Sandcastle Help File Builder (http://www.codeplex.com/SHFB) contains a property (CppCommentsFixup) that can be set to True to correct the signatures in the XML comments files prior to generating the help topics to work around the issue and that gets the comments included in the generated help topics.\r\n",
      "PostedDate": "2008-03-13T10:17:27.42-07:00",
      "Id": -2147483648
    },
    {
      "Message": "Hi, \r\n\r\nI think your XML documentation file might be wrong.  (A bug in the C++ compiler perhaps, or whatever you're using to generate the XML file.)\r\n\r\nThe second argument shouldn't have _`1_.  It's redundant since the bound type is already specified.  For example, *System.Collections.Generic.ICollection{MyNamespace.AnotherClass}* is probably correct; at least that's what the C# compiler produces.\r\n\r\n- Dave",
      "PostedDate": "2008-03-13T10:21:53.86-07:00",
      "Id": -2147483648
    },
    {
      "Message": "Dave, see my comments below yours.  It's a C++ compiler issue.\r\n",
      "PostedDate": "2008-03-13T12:22:36.83-07:00",
      "Id": -2147483648
    },
    {
      "Message": "I see, thanks (we must have posted simultaneously :)",
      "PostedDate": "2008-03-13T14:06:52.78-07:00",
      "Id": -2147483648
    },
    {
      "Message": "",
      "PostedDate": "2013-02-21T17:40:19.42-08:00",
      "Id": -2147483648
    }
  ]
}