{
  "WorkItem": {
    "AffectedComponent": {
      "Name": "",
      "DisplayName": ""
    },
    "ClosedComment": "",
    "ClosedDate": null,
    "CommentCount": 0,
    "Custom": null,
    "Description": "Using Sandcastle v2.6.10621.1, and the vs2005 style.\n \nI have the following summary:\n<summary>Frees any resources associated with the <see cref=\"T:Some.Namespace.SomeClass\" />.</summary>\n \nThis produces the summary content on the page correctly:\n<div class=\"summary\">Frees any resources associated with the  <a href=\"T_Some_Namespace_SomeClass.htm\">SomeClass</a>.</div>\n \nBut the MSHelp abstract and meta description lose the link text:\n<meta name=\"Description\" content=\"Frees any resources associated with the .\" />\n<MSHelp:Attr Name=\"Abstract\" Value=\"Frees any resources associated with the .\" />\n \n(This is just an example, I have hundreds of summaries affected by this problem).\n \nI have customized some of the transforms, so would appreciate if someone could point out what modifications I need to make in order to fix this issue, rather than waiting for a future Sandcastle release.\nThanks.",
    "LastUpdatedDate": "2013-02-21T17:39:54.15-08:00",
    "PlannedForRelease": "",
    "ReleaseVisibleToPublic": false,
    "Priority": {
      "Name": "Low",
      "Severity": 50,
      "Id": 1
    },
    "ProjectName": "Sandcastle",
    "ReportedDate": "2011-05-03T03:04:48.43-07:00",
    "Status": {
      "Name": "Proposed",
      "Id": 1
    },
    "ReasonClosed": {
      "Name": "Unassigned"
    },
    "Summary": "Links in <summary> are lost in mshelp abstract and meta description",
    "Type": {
      "Name": "Issue",
      "Id": 3
    },
    "VoteCount": 2,
    "Id": 10857
  },
  "FileAttachments": [],
  "Comments": [
    {
      "Message": "The help attributes are rendered in the conceptualMetadataHelp20.xsl (Help 2) and conceptualMetadataHelp30.xsl (MS Help Viewer) transformations.  Search for \"abstract\" and \"description\" to find the affected section in each.\r\n",
      "PostedDate": "2011-05-03T08:28:54.303-07:00",
      "Id": -2147483648
    },
    {
      "Message": "I've narrowed down the setting of this variable to line 10 of main_sandcastle.xsl which is:\r\n\r\n<xsl:variable name=\"abstractSummary\" select=\"/document/comments/summary\" />\r\n\r\nI've tried a few things to fix the abstractSummary variable, but without success, for example:\r\n\r\n<xsl:variable name=\"abstractSummary\" select=\"/document/comments/summary/text()\" />\r\n\r\n<xsl:variable name=\"abstractSummary\">\r\n   <xsl:value-of select=\"/document/comments/summary\" />\r\n</xsl:variable>\r\n\r\n<xsl:variable name=\"abstractSummary\">\r\n  <xsl:apply-templates select=\"/document/comments/summary\"/>\r\n</xsl:variable>\r\n\r\nBut these all result in the same behaviour, the summary ends up as \"Frees any resources associated with the .\"\r\nOther things I tried resulted in blank strings.\r\n\r\nCan you give some advice as to how I can change this variable to contain *all* of the text within <summary>, including inside nested <see> tags?\r\nI've seen other transforms use ddue:dduexml/ddue:summary, but I'm not sure of the difference and when I tried that instead, it resulted in blank strings.\r\n\r\nOne of the problems I'm having is that I've no idea where the XML structure document/comments/summary comes from. Both the reflection XML and the documentation XML have an entirely different structure, so I don't know what sort of things I need to put into the XPath to get them to appear. For example, I added a template to match the 'see' node, but nothing was output, suggesting that the 'see' nodes are not part of the document tree.\r\n\r\nAny help would be most appreciated.\r\nThanks",
      "PostedDate": "2011-06-15T02:50:46.17-07:00",
      "Id": -2147483648
    },
    {
      "Message": "",
      "PostedDate": "2012-01-28T06:09:44.487-08:00",
      "Id": -2147483648
    },
    {
      "Message": "",
      "PostedDate": "2013-02-21T17:39:54.15-08:00",
      "Id": -2147483648
    }
  ]
}