{
  "WorkItem": {
    "AffectedComponent": {
      "Name": "",
      "DisplayName": ""
    },
    "ClosedComment": "",
    "ClosedDate": null,
    "CommentCount": 0,
    "Custom": null,
    "Description": "Some of the built-in Sandcastle Build Components, found in BuildComponents.dll, use Console.WriteLine when they should be calling base.WriteMessage instead.  When build assembler is executed programmatically, such as with tools that don't run on the command-line, the output is lost.  For example, when DocProject automates Sandcastle inside of Visual Studio all console output is ignored because Build Assembler is executed programmatically, in-proc.\n \nComponents that use Console.WriteLine during construction or in the Apply method: \n- DisplayComponent\n- SyntaxComponent\n- ExampleComponent\n- TaskGrabberComponent",
    "LastUpdatedDate": "2013-02-21T17:40:20.823-08:00",
    "PlannedForRelease": "",
    "ReleaseVisibleToPublic": false,
    "Priority": {
      "Name": "Low",
      "Severity": 50,
      "Id": 1
    },
    "ProjectName": "Sandcastle",
    "ReportedDate": "2008-02-16T13:54:00.753-08:00",
    "Status": {
      "Name": "Proposed",
      "Id": 1
    },
    "ReasonClosed": {
      "Name": "Unassigned"
    },
    "Summary": "Build Components Use Console.WriteLine",
    "Type": {
      "Name": "Issue",
      "Id": 3
    },
    "VoteCount": 1,
    "Id": 1375
  },
  "FileAttachments": [],
  "Comments": []
}