{
  "WorkItem": {
    "AffectedComponent": {
      "Name": "",
      "DisplayName": ""
    },
    "ClosedComment": "",
    "ClosedDate": null,
    "CommentCount": 0,
    "Custom": null,
    "Description": "We are using Sandcastle to generate our API Reference, but we do not want to include inherited members. That's why we have set the DocumentInheritedMembers to false. But for some of our classes we still get inherited members in the documentation. After some testing we found that the issue occurs when the child class and the parent class have similar names. And by similar I mean that the parent class has the same name as the child, but with some more letters at the end. For example:\n```\npublic abstract class ChildClassBase\n{\n    public int PublicProp1 { get; set; }\n    public string PublicProp2 { get; set; }\n    private int privateProp1 { get; set; }\n    private string privateProp2 { get; set; }\n}\n\npublic class ChildClass : ChildClassBase\n{\n    public string ChildProp1 { get; set; }      \n}\n```\nIn the documentation of ChildClass you will see descriptions for ChildProp1, PublicProp1 and PublicProp2. The same is valid if the parent class is named ChildClassTest, ChildClassT, etc. But if I rename the parent or the child, for example ChildSubClass and ChildClassBase, the documentation for ChildSubClass will hold only information about ChildProp1.\nJust one more thing to add - all visibility properties in our project are set to false. \n\nThe issue is reproduced with Sandcastle 1.9.5 and 1.9.6 (I haven't tested it in older version.",
    "LastUpdatedDate": "2013-02-21T17:39:49.557-08:00",
    "PlannedForRelease": "",
    "ReleaseVisibleToPublic": false,
    "Priority": {
      "Name": "Low",
      "Severity": 50,
      "Id": 1
    },
    "ProjectName": "Sandcastle",
    "ReportedDate": "2013-01-30T01:28:14.183-08:00",
    "Status": {
      "Name": "Proposed",
      "Id": 1
    },
    "ReasonClosed": {
      "Name": "Unassigned"
    },
    "Summary": "Generation of API documentation for inherited members when DocumentInheritedMembers is false",
    "Type": {
      "Name": "Issue",
      "Id": 3
    },
    "VoteCount": 1,
    "Id": 12784
  },
  "FileAttachments": [],
  "Comments": [
    {
      "Message": "The code that strips out inherited members does an XPath starts-with() comparison to find them.  I added a period to the end of the type name to limit what it finds to just those members belonging to the specific type rather than those matching the prefix which was too inclusive.  It's fixed for the next release of SHFB.\r\n\r\nAlso, please note that this project has been discontinued and may not be monitored as frequently and I can't close work items here. For future questions or issues concerning Sandcastle or SHFB, post them over in the [Sandcastle Help File Builder](http://shfb.codeplex.com) project. Thanks.",
      "PostedDate": "2013-02-01T12:33:05.587-08:00",
      "Id": -2147483648
    },
    {
      "Message": "",
      "PostedDate": "2013-02-21T17:39:49.557-08:00",
      "Id": -2147483648
    }
  ]
}