{
  "WorkItem": {
    "AffectedComponent": {
      "Name": "",
      "DisplayName": ""
    },
    "ClosedComment": "",
    "ClosedDate": null,
    "CommentCount": 0,
    "Custom": null,
    "Description": "ChmBuilder.exe accepts a \"project\" argument that is used to provide a base file name for .chm files and the text that appears in the .chm title bar.\n \nAccepting two arguments instead, such as \"project\" and \"filebase\", would allow for invalid file name characters to be used in the .chm title and not the names of files.  For ease of use, \"filebase\" could inherit the value of \"project\" if it's not specified.",
    "LastUpdatedDate": "2013-02-21T17:40:21.363-08:00",
    "PlannedForRelease": "",
    "ReleaseVisibleToPublic": false,
    "Priority": {
      "Name": "Low",
      "Severity": 50,
      "Id": 1
    },
    "ProjectName": "Sandcastle",
    "ReportedDate": "2008-02-05T09:52:54.09-08:00",
    "Status": {
      "Name": "Proposed",
      "Id": 1
    },
    "ReasonClosed": {
      "Name": "Unassigned"
    },
    "Summary": "ChmBuilder: Separate base file name from project argument",
    "Type": {
      "Name": "Issue",
      "Id": 3
    },
    "VoteCount": 1,
    "Id": 1076
  },
  "FileAttachments": [],
  "Comments": []
}