{
  "WorkItem": {
    "AffectedComponent": {
      "Name": "",
      "DisplayName": ""
    },
    "ClosedComment": "",
    "ClosedDate": null,
    "CommentCount": 0,
    "Custom": null,
    "Description": "The APIName MSHelp:Attr attribute values are incorrect.  In the Prototype style, the values are wrong as they are missing the type name and enum values have leading colons.  Both the Hana and the Prototype styles are missing some additional entries for property and event members.  The utilities_metadata.xsl transformations should be fixed to match the output of the VS2005 style.  My fixed files for both styles are attached.",
    "LastUpdatedDate": "2013-02-21T17:40:16.63-08:00",
    "PlannedForRelease": "",
    "ReleaseVisibleToPublic": false,
    "Priority": {
      "Name": "Low",
      "Severity": 50,
      "Id": 1
    },
    "ProjectName": "Sandcastle",
    "ReportedDate": "2008-04-07T12:32:53.24-07:00",
    "Status": {
      "Name": "Proposed",
      "Id": 1
    },
    "ReasonClosed": {
      "Name": "Unassigned"
    },
    "Summary": "APIName Attributes Incorrect (Hana and Prototype)",
    "Type": {
      "Name": "Issue",
      "Id": 3
    },
    "VoteCount": 1,
    "Id": 1978
  },
  "FileAttachments": [
    {
      "FileId": 591,
      "FileName": "Hana_utilities_metadata.xsl",
      "DownloadUrl": ".\\591"
    },
    {
      "FileId": 592,
      "FileName": "Prototype_utilities_metadata.xsl",
      "DownloadUrl": ".\\592"
    },
    {
      "FileId": 771,
      "FileName": "May2008Fix.txt",
      "DownloadUrl": ".\\771"
    }
  ],
  "Comments": [
    {
      "Message": "Attached fixed prototype file.",
      "PostedDate": "2008-04-07T12:33:30.613-07:00",
      "Id": -2147483648
    },
    {
      "Message": "",
      "PostedDate": "2008-04-07T12:33:31.317-07:00",
      "Id": -2147483648
    },
    {
      "Message": "Not fixed by the May 2008 release.  Please ignore the prior attachments and see the May2008Fix.txt file for the patch to fix this issue.\r\n",
      "PostedDate": "2008-05-31T23:07:46.767-07:00",
      "Id": -2147483648
    },
    {
      "Message": "",
      "PostedDate": "2008-05-31T23:07:48.83-07:00",
      "Id": -2147483648
    },
    {
      "Message": "",
      "PostedDate": "2013-02-21T17:40:16.63-08:00",
      "Id": -2147483648
    }
  ]
}