{
  "WorkItem": {
    "AffectedComponent": {
      "Name": "",
      "DisplayName": ""
    },
    "ClosedComment": "",
    "ClosedDate": null,
    "CommentCount": 0,
    "Custom": null,
    "Description": "I am using Sandcastle January 2008 Release and having multiple abstract classes to document. \n \npublic abstract class MyClass : MyInterface\n{ \n       public abstract bool Enabled { get; }\n}\n \nThe reflection.xml blocks of apis representing MyClass are (I removed some elements inherited from Object class to clear my point ):\n \n<api id=\"T:MyNamespace.MyClass\">\n      <topicdata group=\"api\" allMembersTopicId=\"AllMembers.T:MyNamespace.MyClass\" />\n      <apidata name=\"MyClass\" group=\"type\" subgroup=\"class\" />\n      <typedata visibility=\"public\" abstract=\"true\" serializable=\"false\" layout=\"auto\" format=\"ansi\" />\n      <family>\n        <ancestors>\n          <type api=\"T:System.Object\" ref=\"true\" />\n        </ancestors>\n      </family>\n      <implements>\n        <type api=\"T:T:MyNamespace.MyInterface\" ref=\"true\" />\n        <type api=\"T:System.ComponentModel.INotifyPropertyChanged\" ref=\"true\" />\n      </implements>\n      <containers>\n        <library assembly=\"MyNamespace\" module=\"MyNamespace\" kind=\"DynamicallyLinkedLibrary\" />\n        <namespace api=\"N:MyNamespace\" />\n      </containers>\n      <file name=\"T_MyNamespace_MyClass\" />\n    </api>\n    <api id=\"AllMembers.T:MyNamespace.MyClass\">\n      <topicdata name=\"MyClass\" group=\"list\" subgroup=\"members\" typeTopicId=\"T:MyNamespace.MyClass\" />\n      <apidata name=\"MyClass\" group=\"type\" subgroup=\"class\" />\n      <typedata visibility=\"public\" abstract=\"true\" serializable=\"false\" layout=\"auto\" format=\"ansi\" />\n      <elements>\n         <element api=\"M:MyNamespace.MyClass.#ctor\" />\n        <element api=\"P:MyNamespace.MyClass.Enabled\" />\n     </elements>\n      <api id=\"M:MyNamespace.MyClass.#ctor\">\n      <topicdata group=\"api\" />\n      <apidata name=\".ctor\" group=\"member\" subgroup=\"constructor\" />\n      <memberdata visibility=\"family\" special=\"true\" />\n      <containers>\n        <library assembly=\"MyNamespace\" module=\"MyNamespace\" kind=\"DynamicallyLinkedLibrary\">\n          <noAptca />\n        </library>\n        <namespace api=\"N:MyNamespace\" />\n        <type api=\"T:MyNamespace.MyClass\" ref=\"true\" />\n      </containers>\n      <file name=\"C_MyNamespace_MyClass_ctor\" />\n    </api>\n \nThere is a constructor api added to this abstract class and as a result there is a Constructors section within the html page of MyClass. I did not changed neither MRefBuilder.config nor sandcastle.config files. How to eliminate this behavior or is it a bug in the new release of Sandcastle?",
    "LastUpdatedDate": "2013-02-21T17:40:21.057-08:00",
    "PlannedForRelease": "",
    "ReleaseVisibleToPublic": false,
    "Priority": {
      "Name": "Low",
      "Severity": 50,
      "Id": 1
    },
    "ProjectName": "Sandcastle",
    "ReportedDate": "2008-02-13T00:50:55.18-08:00",
    "Status": {
      "Name": "Proposed",
      "Id": 1
    },
    "ReasonClosed": {
      "Name": "Unassigned"
    },
    "Summary": "Abstract classes help pages have constructor",
    "Type": {
      "Name": "Issue",
      "Id": 3
    },
    "VoteCount": 1,
    "Id": 1293
  },
  "FileAttachments": [],
  "Comments": [
    {
      "Message": "There isn't a problem.  All you're seeing is the default constructor added by the compiler.  You can use MRefBuilder's API filter to get rid of it if you don't want to see it.  See the default MRefBuilder.config file for an example API filter.  If you're using SHFB or DocProject, they have built-in properties that let you manage the API filter.\r\n\r\nEric\r\n",
      "PostedDate": "2008-02-13T08:39:13.24-08:00",
      "Id": -2147483648
    },
    {
      "Message": "",
      "PostedDate": "2013-02-21T17:40:21.057-08:00",
      "Id": -2147483648
    }
  ]
}